{
    "os": "Linux-6.1.58+-x86_64-with-glibc2.35",
    "python": "3.10.12",
    "heartbeatAt": "2024-05-07T22:56:27.466786",
    "startedAt": "2024-05-07T22:56:26.653866",
    "docker": null,
    "cuda": null,
    "args": [
        "--batch",
        "12",
        "--epochs",
        "5",
        "--data",
        "configs/data.yaml",
        "--cfg",
        "configs/model_efficientnet.yaml"
    ],
    "state": "running",
    "program": "/content/flexible-yolov5/scripts/train.py",
    "codePathLocal": "scripts/train.py",
    "codePath": "scripts/train.py",
    "git": {
        "remote": "https://github.com/quangminh031126/flexible-yolov5.git",
        "commit": "e4fc1c5439cb56aca196327c1996993240d69153"
    },
    "email": null,
    "root": "/content/flexible-yolov5",
    "host": "e42b7e27d183",
    "username": "root",
    "executable": "/usr/bin/python3",
    "cpu_count": 1,
    "cpu_count_logical": 2,
    "cpu_freq": {
        "current": 2000.146,
        "min": 0.0,
        "max": 0.0
    },
    "cpu_freq_per_core": [
        {
            "current": 2000.146,
            "min": 0.0,
            "max": 0.0
        },
        {
            "current": 2000.146,
            "min": 0.0,
            "max": 0.0
        }
    ],
    "disk": {
        "/": {
            "total": 78.1898422241211,
            "used": 32.21360397338867
        }
    },
    "gpu": "Tesla T4",
    "gpu_count": 1,
    "gpu_devices": [
        {
            "name": "Tesla T4",
            "memory_total": 16106127360
        }
    ],
    "memory": {
        "total": 12.674789428710938
    }
}
