{"best/epoch": 4, "best/precision": 0.8348848371035724, "best/recall": 0.49751648701945905, "best/mAP_0.5": 0.6356917240882246, "best/mAP_0.5:0.95": 0.2380563583618917, "Labels": {"_type": "images/separated", "width": 2000, "height": 2000, "format": "jpg", "count": 2, "filenames": ["media/images/Labels_0_91582069464ebe65afd3.jpg", "media/images/Labels_0_8e4e28a49d39ca13a740.jpg"], "captions": ["labels_correlogram.jpg", "labels.jpg"]}, "Mosaics": {"_type": "images/separated", "width": 1920, "height": 1920, "format": "jpg", "count": 3, "filenames": ["media/images/Mosaics_0_e61b941efad7d0d708d4.jpg", "media/images/Mosaics_0_65cfb244d2e8996513a8.jpg", "media/images/Mosaics_0_9733749b5a907b4042aa.jpg"], "captions": ["train_batch0.jpg", "train_batch1.jpg", "train_batch2.jpg"]}, "train/box_loss": 0.052972353994846344, "train/obj_loss": 0.0342942476272583, "train/cls_loss": 0.0, "metrics/precision": 0.8348848371035724, "metrics/recall": 0.49751648701945905, "metrics/mAP_0.5": 0.6356917240882246, "metrics/mAP_0.5:0.95": 0.2380563583618917, "val/box_loss": 0.05191180482506752, "val/obj_loss": 0.017817793413996696, "val/cls_loss": 0.0, "x/lr0": 0.00406, "x/lr1": 0.00406, "x/lr2": 0.00406, "BoundingBoxDebugger": {"_type": "images/separated", "width": 672, "height": 672, "format": "png", "count": 16, "filenames": ["media/images/BoundingBoxDebugger_4_9e09dd0ee3c3e5fbe262.png", "media/images/BoundingBoxDebugger_4_e2321ec46ec8fdb57bb9.png", "media/images/BoundingBoxDebugger_4_de90a50ff7bd4b016d1d.png", "media/images/BoundingBoxDebugger_4_36e91da1e250588047e9.png", "media/images/BoundingBoxDebugger_4_ad8bc8a7e758b57c0a33.png", "media/images/BoundingBoxDebugger_4_f49a2fca1292cdbf2fc4.png", "media/images/BoundingBoxDebugger_4_09e1e4fba1517bff2b9c.png", "media/images/BoundingBoxDebugger_4_cd79944206b2a8c2969c.png", "media/images/BoundingBoxDebugger_4_db2446074624f811fb6c.png", "media/images/BoundingBoxDebugger_4_a44207bfce489a820955.png", "media/images/BoundingBoxDebugger_4_586af8848be72020a41e.png", "media/images/BoundingBoxDebugger_4_af78e3cb5f6d2f17c275.png", "media/images/BoundingBoxDebugger_4_9bb75821670bcb1ba7ce.png", "media/images/BoundingBoxDebugger_4_aa8a29a15fe0e23fe70a.png", "media/images/BoundingBoxDebugger_4_d1d1db66af8e099fd4a3.png", "media/images/BoundingBoxDebugger_4_c524f0b025ba54c3f3ff.png"], "captions": ["UTVJ31GLFSIL_jpg.rf.78ac22fbae4ca7bf64c2ef5b145545bd.jpg", "V75EBJ0AG2HV_jpg.rf.b058fe9580b1ad63a442a3aa70f2abb7.jpg", "W97R70V5B2EQ_jpg.rf.db4df0936fb986bcc58967cd7e374269.jpg", "WT14FEL9UK6Y_jpg.rf.10f202a575a39507286eacb24f762d33.jpg", "XFLJ73OJVJ9V_jpg.rf.8f036f5ace71e72af947a8015b4c61d0.jpg", "XPXXM1MK288A_jpg.rf.677b339485a3fd4500d3efa7f7619c5d.jpg", "XSJC4PTYLV5M_jpg.rf.0b3e54e69c661baf494d20a817d60046.jpg", "XVMZ924NFFU3_jpg.rf.705aefbf28885b8acd929b55d16a1e47.jpg", "MUD086GKIG6L_jpg.rf.8f0ff4126e064585bfc96f5433b812f0.jpg", "NN2ZFZ6CEOWY_jpg.rf.9462e0126fba1d8f37c1c2b207e02a93.jpg", "Q810W5M5UIW5_jpg.rf.f38e046a3c7aa0251b8797e82a610a0c.jpg", "S7RNXN1YBLX4_jpg.rf.aa31fa970c031957d50d800b619eb409.jpg", "SB6ASCWIVXUN_jpg.rf.d23aba63bcbd5a7a1e0006a41e25e00c.jpg", "UAB46L0YGXON_jpg.rf.4f42d797506324b218474039017e30ac.jpg", "UAPO7LV1O434_jpg.rf.e9a5e917ee7b47ccea2e2d870fd2cb48.jpg", "URH4HHQBTXAX_jpg.rf.af3adcd761684ff5e3b4399227ea13d7.jpg"], "all_boxes": [{"predictions": {"_type": "boxes2D", "sha256": "4634a1ce5e3e6d0954345b2b6048d4df28651a5422787f330d09566f847c59e0", "size": 57411, "path": "media/metadata/boxes2D/BoundingBoxDebugger_4_4634a1ce5e3e6d095434.boxes2D.json"}}, {"predictions": {"_type": "boxes2D", "sha256": "590fb7f62d165928de32ad910ee46df41ddfc17498b17f84fd72b55f97d72ab4", "size": 57524, "path": "media/metadata/boxes2D/BoundingBoxDebugger_4_590fb7f62d165928de32.boxes2D.json"}}, {"predictions": {"_type": "boxes2D", "sha256": "434917ed6e38643522e320af24d22d124d05fb0b0f0dad4968489e5b96e8b1f2", "size": 57324, "path": "media/metadata/boxes2D/BoundingBoxDebugger_4_434917ed6e38643522e3.boxes2D.json"}}, {"predictions": {"_type": "boxes2D", "sha256": "96d8d8993498b0d44341cc280cadb1c21c62be136fcdb360bafcb3aac039d344", "size": 57150, "path": "media/metadata/boxes2D/BoundingBoxDebugger_4_96d8d8993498b0d44341.boxes2D.json"}}, {"predictions": {"_type": "boxes2D", "sha256": "e5a4addc7c7711a8aa19a0b5fbb9afcc2ac49e378c5dde30724c35b49e11d99c", "size": 57535, "path": "media/metadata/boxes2D/BoundingBoxDebugger_4_e5a4addc7c7711a8aa19.boxes2D.json"}}, {"predictions": {"_type": "boxes2D", "sha256": "878374d3f61648b7e6bf73239c69c575816f39860ff2af6441bac56295a1f0b2", "size": 57409, "path": "media/metadata/boxes2D/BoundingBoxDebugger_4_878374d3f61648b7e6bf.boxes2D.json"}}, {"predictions": {"_type": "boxes2D", "sha256": "7a77b48a208be231cb4ba5547ed6ab196e9d37da7fc4d1d8f8ff38209714902b", "size": 57187, "path": "media/metadata/boxes2D/BoundingBoxDebugger_4_7a77b48a208be231cb4b.boxes2D.json"}}, {"predictions": {"_type": "boxes2D", "sha256": "88e76745c8be3cbb3175a2d2fcf78407cb4a0a44191969598bc05a3a918612d5", "size": 57492, "path": "media/metadata/boxes2D/BoundingBoxDebugger_4_88e76745c8be3cbb3175.boxes2D.json"}}, {"predictions": {"_type": "boxes2D", "sha256": "c8afe932e4fbebf7da8df4ff98d283738ae7cc36421763447c6ad249e9bd19d6", "size": 57366, "path": "media/metadata/boxes2D/BoundingBoxDebugger_4_c8afe932e4fbebf7da8d.boxes2D.json"}}, {"predictions": {"_type": "boxes2D", "sha256": "8346ab4be147f918184e1971fd9c0d46cb0fe1ef7a8afcd97638e424463d47c8", "size": 57136, "path": "media/metadata/boxes2D/BoundingBoxDebugger_4_8346ab4be147f918184e.boxes2D.json"}}, {"predictions": {"_type": "boxes2D", "sha256": "5ba1abb7d2fdf59cf427ca6ec9c67164ee0a008f4455abb23018e1deedfdf9d1", "size": 57305, "path": "media/metadata/boxes2D/BoundingBoxDebugger_4_5ba1abb7d2fdf59cf427.boxes2D.json"}}, {"predictions": {"_type": "boxes2D", "sha256": "6f1b9ce1d54d1cb0037f34756af4403ddbb31bcc441988d5eec08d20a9588e04", "size": 57491, "path": "media/metadata/boxes2D/BoundingBoxDebugger_4_6f1b9ce1d54d1cb0037f.boxes2D.json"}}, {"predictions": {"_type": "boxes2D", "sha256": "1d382dcb504d29dd392a6df00f60c4dd7982b2c0d4c55053a9a2646039fe12a4", "size": 57484, "path": "media/metadata/boxes2D/BoundingBoxDebugger_4_1d382dcb504d29dd392a.boxes2D.json"}}, {"predictions": {"_type": "boxes2D", "sha256": "9209f8454c58c39f805b510a8f61cc0f33e9865c1a90ad17c38de963fceb2a04", "size": 57366, "path": "media/metadata/boxes2D/BoundingBoxDebugger_4_9209f8454c58c39f805b.boxes2D.json"}}, {"predictions": {"_type": "boxes2D", "sha256": "04d5efb1f50b8e2ffebcd44879b66312dfef2b42bf009513f78147599db3e8f7", "size": 57417, "path": "media/metadata/boxes2D/BoundingBoxDebugger_4_04d5efb1f50b8e2ffebc.boxes2D.json"}}, {"predictions": {"_type": "boxes2D", "sha256": "0c3b988bae8b9d4687b454f0811c7ab063060e1ed066774c6a18ab69b4b99917", "size": 57498, "path": "media/metadata/boxes2D/BoundingBoxDebugger_4_0c3b988bae8b9d4687b4.boxes2D.json"}}]}, "_timestamp": 1715129560.877091, "_runtime": 6974.218291044235, "_step": 5, "Validation": {"_type": "images/separated", "width": 1920, "height": 1920, "format": "jpg", "count": 6, "filenames": ["media/images/Validation_5_362c921a0a38e5c10265.jpg", "media/images/Validation_5_717718119a54e48f90a7.jpg", "media/images/Validation_5_64f3cc42f20f7f34625b.jpg", "media/images/Validation_5_574aa3f48c01697f73f9.jpg", "media/images/Validation_5_5ade814884a635761843.jpg", "media/images/Validation_5_9d294eb0acba7156aa7e.jpg"], "captions": ["val_batch0_labels.jpg", "val_batch0_pred.jpg", "val_batch1_labels.jpg", "val_batch1_pred.jpg", "val_batch2_labels.jpg", "val_batch2_pred.jpg"]}, "Results": {"_type": "images/separated", "width": 2400, "height": 1200, "format": "png", "count": 6, "filenames": ["media/images/Results_5_9504e9e7b770863f892a.png", "media/images/Results_5_75193a59a1c3093f6812.png", "media/images/Results_5_6bad83f66e3fe54e337e.png", "media/images/Results_5_0783338064921fac0fa2.png", "media/images/Results_5_8130d2bd4e7d3f8563e0.png", "media/images/Results_5_6d8d1cbbdd43fc346009.png"], "captions": ["results.png", "confusion_matrix.png", "F1_curve.png", "PR_curve.png", "P_curve.png", "R_curve.png"]}, "_wandb": {"runtime": 6973}}