{"box_data": [{"position": {"minX": 115.125, "minY": 327.5, "maxX": 237.375, "maxY": 606.0}, "class_id": 0, "box_caption": "person 0.122", "scores": {"class_score": 0.122314453125}, "domain": "pixel"}, {"position": {"minX": 238.625, "minY": 238.25, "maxX": 252.875, "maxY": 282.25}, "class_id": 0, "box_caption": "person 0.094", "scores": {"class_score": 0.09368896484375}, "domain": "pixel"}, {"position": {"minX": 513.0, "minY": 297.0, "maxX": 615.0, "maxY": 500.0}, "class_id": 0, "box_caption": "person 0.085", "scores": {"class_score": 0.0849609375}, "domain": "pixel"}, {"position": {"minX": 82.4375, "minY": 366.75, "maxX": 220.0, "maxY": 622.0}, "class_id": 0, "box_caption": "person 0.080", "scores": {"class_score": 0.07965087890625}, "domain": "pixel"}, {"position": {"minX": 143.375, "minY": 379.75, "maxX": 254.625, "maxY": 607.0}, "class_id": 0, "box_caption": "person 0.078", "scores": {"class_score": 0.078369140625}, "domain": "pixel"}, {"position": {"minX": 528.0, "minY": 249.5, "maxX": 651.0, "maxY": 492.0}, "class_id": 0, "box_caption": "person 0.072", "scores": {"class_score": 0.07196044921875}, "domain": "pixel"}, {"position": {"minX": 422.75, "minY": 225.625, "maxX": 443.75, "maxY": 281.5}, "class_id": 0, "box_caption": "person 0.066", "scores": {"class_score": 0.06634521484375}, "domain": "pixel"}, {"position": {"minX": 421.0, "minY": 236.125, "maxX": 439.0, "maxY": 281.25}, "class_id": 0, "box_caption": "person 0.059", "scores": {"class_score": 0.058563232421875}, "domain": "pixel"}, {"position": {"minX": 497.5, "minY": 301.0, "maxX": 565.5, "maxY": 434.5}, "class_id": 0, "box_caption": "person 0.055", "scores": {"class_score": 0.054595947265625}, "domain": "pixel"}, {"position": {"minX": 289.5, "minY": 138.125, "maxX": 365.0, "maxY": 276.0}, "class_id": 0, "box_caption": "person 0.054", "scores": {"class_score": 0.054290771484375}, "domain": "pixel"}, {"position": {"minX": 393.25, "minY": 302.75, "maxX": 419.75, "maxY": 356.75}, "class_id": 0, "box_caption": "person 0.051", "scores": {"class_score": 0.051361083984375}, "domain": "pixel"}, {"position": {"minX": 239.875, "minY": 233.375, "maxX": 260.5, "maxY": 287.0}, "class_id": 0, "box_caption": "person 0.050", "scores": {"class_score": 0.049774169921875}, "domain": "pixel"}, {"position": {"minX": 530.5, "minY": 306.25, "maxX": 643.5, "maxY": 544.5}, "class_id": 0, "box_caption": "person 0.049", "scores": {"class_score": 0.048583984375}, "domain": "pixel"}, {"position": {"minX": 432.25, "minY": 192.5, "maxX": 491.75, "maxY": 275.25}, "class_id": 0, "box_caption": "person 0.048", "scores": {"class_score": 0.047882080078125}, "domain": "pixel"}, {"position": {"minX": 99.25, "minY": 296.0, "maxX": 204.0, "maxY": 579.5}, "class_id": 0, "box_caption": "person 0.045", "scores": {"class_score": 0.04486083984375}, "domain": "pixel"}, {"position": {"minX": 492.75, "minY": 445.5, "maxX": 517.0, "maxY": 504.5}, "class_id": 0, "box_caption": "person 0.043", "scores": {"class_score": 0.042724609375}, "domain": "pixel"}, {"position": {"minX": 265.0, "minY": 138.0, "maxX": 355.0, "maxY": 290.5}, "class_id": 0, "box_caption": "person 0.042", "scores": {"class_score": 0.042083740234375}, "domain": "pixel"}, {"position": {"minX": 299.0, "minY": 232.375, "maxX": 316.0, "maxY": 279.25}, "class_id": 0, "box_caption": "person 0.040", "scores": {"class_score": 0.040374755859375}, "domain": "pixel"}, {"position": {"minX": 401.25, "minY": 230.5, "maxX": 418.25, "maxY": 277.0}, "class_id": 0, "box_caption": "person 0.040", "scores": {"class_score": 0.040252685546875}, "domain": "pixel"}, {"position": {"minX": 433.25, "minY": 169.0, "maxX": 502.75, "maxY": 265.0}, "class_id": 0, "box_caption": "person 0.039", "scores": {"class_score": 0.0386962890625}, "domain": "pixel"}, {"position": {"minX": 441.25, "minY": 227.625, "maxX": 463.75, "maxY": 284.0}, "class_id": 0, "box_caption": "person 0.039", "scores": {"class_score": 0.038604736328125}, "domain": "pixel"}, {"position": {"minX": 402.5, "minY": 194.125, "maxX": 463.5, "maxY": 279.25}, "class_id": 0, "box_caption": "person 0.038", "scores": {"class_score": 0.03802490234375}, "domain": "pixel"}, {"position": {"minX": 235.0, "minY": 225.25, "maxX": 254.25, "maxY": 278.75}, "class_id": 0, "box_caption": "person 0.038", "scores": {"class_score": 0.0379638671875}, "domain": "pixel"}, {"position": {"minX": 504.75, "minY": 248.25, "maxX": 534.0, "maxY": 315.75}, "class_id": 0, "box_caption": "person 0.037", "scores": {"class_score": 0.037261962890625}, "domain": "pixel"}, {"position": {"minX": 439.0, "minY": 223.625, "maxX": 468.5, "maxY": 272.5}, "class_id": 0, "box_caption": "person 0.037", "scores": {"class_score": 0.036834716796875}, "domain": "pixel"}, {"position": {"minX": 499.5, "minY": 244.0, "maxX": 545.5, "maxY": 353.5}, "class_id": 0, "box_caption": "person 0.037", "scores": {"class_score": 0.036773681640625}, "domain": "pixel"}, {"position": {"minX": 184.875, "minY": 395.0, "maxX": 280.0, "maxY": 592.0}, "class_id": 0, "box_caption": "person 0.037", "scores": {"class_score": 0.03662109375}, "domain": "pixel"}, {"position": {"minX": 504.0, "minY": 313.0, "maxX": 531.0, "maxY": 402.0}, "class_id": 0, "box_caption": "person 0.036", "scores": {"class_score": 0.0364990234375}, "domain": "pixel"}, {"position": {"minX": 495.0, "minY": 271.0, "maxX": 557.0, "maxY": 402.5}, "class_id": 0, "box_caption": "person 0.036", "scores": {"class_score": 0.036346435546875}, "domain": "pixel"}, {"position": {"minX": 391.75, "minY": 305.5, "maxX": 422.75, "maxY": 376.5}, "class_id": 0, "box_caption": "person 0.036", "scores": {"class_score": 0.03582763671875}, "domain": "pixel"}, {"position": {"minX": 504.5, "minY": 444.0, "maxX": 531.5, "maxY": 502.5}, "class_id": 0, "box_caption": "person 0.035", "scores": {"class_score": 0.03533935546875}, "domain": "pixel"}, {"position": {"minX": 423.5, "minY": 225.125, "maxX": 456.5, "maxY": 272.75}, "class_id": 0, "box_caption": "person 0.035", "scores": {"class_score": 0.03521728515625}, "domain": "pixel"}, {"position": {"minX": 167.75, "minY": 66.1875, "maxX": 245.25, "maxY": 223.0}, "class_id": 0, "box_caption": "person 0.035", "scores": {"class_score": 0.035003662109375}, "domain": "pixel"}, {"position": {"minX": 497.0, "minY": 409.25, "maxX": 553.0, "maxY": 512.0}, "class_id": 0, "box_caption": "person 0.034", "scores": {"class_score": 0.03436279296875}, "domain": "pixel"}, {"position": {"minX": 422.75, "minY": 492.5, "maxX": 503.25, "maxY": 625.5}, "class_id": 0, "box_caption": "person 0.034", "scores": {"class_score": 0.03436279296875}, "domain": "pixel"}, {"position": {"minX": 378.0, "minY": 307.0, "maxX": 428.0, "maxY": 410.5}, "class_id": 0, "box_caption": "person 0.033", "scores": {"class_score": 0.0330810546875}, "domain": "pixel"}, {"position": {"minX": 43.9375, "minY": 320.75, "maxX": 195.5, "maxY": 616.0}, "class_id": 0, "box_caption": "person 0.033", "scores": {"class_score": 0.0328369140625}, "domain": "pixel"}, {"position": {"minX": 506.5, "minY": 429.0, "maxX": 532.5, "maxY": 491.0}, "class_id": 0, "box_caption": "person 0.032", "scores": {"class_score": 0.032470703125}, "domain": "pixel"}, {"position": {"minX": 414.75, "minY": 239.75, "maxX": 435.25, "maxY": 274.25}, "class_id": 0, "box_caption": "person 0.032", "scores": {"class_score": 0.031982421875}, "domain": "pixel"}, {"position": {"minX": 515.0, "minY": 455.75, "maxX": 534.0, "maxY": 510.75}, "class_id": 0, "box_caption": "person 0.032", "scores": {"class_score": 0.0318603515625}, "domain": "pixel"}, {"position": {"minX": 427.0, "minY": 239.0, "maxX": 450.0, "maxY": 274.0}, "class_id": 0, "box_caption": "person 0.032", "scores": {"class_score": 0.03179931640625}, "domain": "pixel"}, {"position": {"minX": 519.0, "minY": 450.25, "maxX": 542.0, "maxY": 505.25}, "class_id": 0, "box_caption": "person 0.031", "scores": {"class_score": 0.031494140625}, "domain": "pixel"}, {"position": {"minX": 289.75, "minY": 228.625, "maxX": 311.75, "maxY": 282.5}, "class_id": 0, "box_caption": "person 0.031", "scores": {"class_score": 0.0313720703125}, "domain": "pixel"}, {"position": {"minX": 456.75, "minY": 150.75, "maxX": 522.0, "maxY": 267.75}, "class_id": 0, "box_caption": "person 0.031", "scores": {"class_score": 0.030914306640625}, "domain": "pixel"}, {"position": {"minX": 370.5, "minY": 164.625, "maxX": 427.0, "maxY": 272.0}, "class_id": 0, "box_caption": "person 0.031", "scores": {"class_score": 0.030670166015625}, "domain": "pixel"}, {"position": {"minX": 558.0, "minY": 232.875, "maxX": 671.0, "maxY": 502.0}, "class_id": 0, "box_caption": "person 0.030", "scores": {"class_score": 0.029876708984375}, "domain": "pixel"}, {"position": {"minX": 122.375, "minY": 72.4375, "maxX": 225.125, "maxY": 279.5}, "class_id": 0, "box_caption": "person 0.030", "scores": {"class_score": 0.029754638671875}, "domain": "pixel"}, {"position": {"minX": 498.25, "minY": 354.75, "maxX": 573.0, "maxY": 513.0}, "class_id": 0, "box_caption": "person 0.030", "scores": {"class_score": 0.0297088623046875}, "domain": "pixel"}, {"position": {"minX": 319.75, "minY": 223.25, "maxX": 343.25, "maxY": 284.0}, "class_id": 0, "box_caption": "person 0.029", "scores": {"class_score": 0.029205322265625}, "domain": "pixel"}, {"position": {"minX": 446.25, "minY": 221.0, "maxX": 470.75, "maxY": 288.25}, "class_id": 0, "box_caption": "person 0.029", "scores": {"class_score": 0.029083251953125}, "domain": "pixel"}, {"position": {"minX": 157.5, "minY": 85.75, "maxX": 251.75, "maxY": 263.5}, "class_id": 0, "box_caption": "person 0.029", "scores": {"class_score": 0.0287628173828125}, "domain": "pixel"}, {"position": {"minX": 540.5, "minY": 274.75, "maxX": 627.5, "maxY": 479.25}, "class_id": 0, "box_caption": "person 0.029", "scores": {"class_score": 0.0287017822265625}, "domain": "pixel"}, {"position": {"minX": 329.5, "minY": 156.0, "maxX": 401.5, "maxY": 267.5}, "class_id": 0, "box_caption": "person 0.029", "scores": {"class_score": 0.028656005859375}, "domain": "pixel"}, {"position": {"minX": 392.25, "minY": 490.0, "maxX": 483.25, "maxY": 624.0}, "class_id": 0, "box_caption": "person 0.028", "scores": {"class_score": 0.0282135009765625}, "domain": "pixel"}, {"position": {"minX": 411.25, "minY": 227.5, "maxX": 437.75, "maxY": 272.25}, "class_id": 0, "box_caption": "person 0.027", "scores": {"class_score": 0.0274810791015625}, "domain": "pixel"}, {"position": {"minX": 305.75, "minY": 183.25, "maxX": 365.25, "maxY": 276.0}, "class_id": 0, "box_caption": "person 0.027", "scores": {"class_score": 0.027374267578125}, "domain": "pixel"}, {"position": {"minX": 461.5, "minY": 185.125, "maxX": 526.0, "maxY": 288.0}, "class_id": 0, "box_caption": "person 0.027", "scores": {"class_score": 0.0271148681640625}, "domain": "pixel"}, {"position": {"minX": 473.25, "minY": 284.0, "maxX": 534.0, "maxY": 396.5}, "class_id": 0, "box_caption": "person 0.027", "scores": {"class_score": 0.02685546875}, "domain": "pixel"}, {"position": {"minX": 155.0, "minY": 317.25, "maxX": 241.0, "maxY": 555.0}, "class_id": 0, "box_caption": "person 0.027", "scores": {"class_score": 0.0265045166015625}, "domain": "pixel"}, {"position": {"minX": 498.5, "minY": 230.0, "maxX": 550.5, "maxY": 313.5}, "class_id": 0, "box_caption": "person 0.026", "scores": {"class_score": 0.0255584716796875}, "domain": "pixel"}, {"position": {"minX": 490.0, "minY": 309.0, "maxX": 580.0, "maxY": 489.0}, "class_id": 0, "box_caption": "person 0.025", "scores": {"class_score": 0.02532958984375}, "domain": "pixel"}, {"position": {"minX": 439.5, "minY": 196.0, "maxX": 474.5, "maxY": 277.5}, "class_id": 0, "box_caption": "person 0.025", "scores": {"class_score": 0.0250396728515625}, "domain": "pixel"}, {"position": {"minX": 646.0, "minY": 626.5, "maxX": 659.0, "maxY": 656.5}, "class_id": 0, "box_caption": "person 0.025", "scores": {"class_score": 0.0248870849609375}, "domain": "pixel"}, {"position": {"minX": 245.125, "minY": 370.75, "maxX": 298.5, "maxY": 496.75}, "class_id": 0, "box_caption": "person 0.025", "scores": {"class_score": 0.0247955322265625}, "domain": "pixel"}, {"position": {"minX": 562.0, "minY": 296.25, "maxX": 675.0, "maxY": 628.0}, "class_id": 0, "box_caption": "person 0.025", "scores": {"class_score": 0.0247039794921875}, "domain": "pixel"}, {"position": {"minX": 457.75, "minY": 224.0, "maxX": 478.75, "maxY": 279.5}, "class_id": 0, "box_caption": "person 0.025", "scores": {"class_score": 0.0246124267578125}, "domain": "pixel"}, {"position": {"minX": 198.625, "minY": 100.5625, "maxX": 276.0, "maxY": 254.75}, "class_id": 0, "box_caption": "person 0.025", "scores": {"class_score": 0.0246124267578125}, "domain": "pixel"}, {"position": {"minX": 505.25, "minY": 268.75, "maxX": 533.0, "maxY": 351.25}, "class_id": 0, "box_caption": "person 0.023", "scores": {"class_score": 0.023284912109375}, "domain": "pixel"}, {"position": {"minX": 237.625, "minY": 143.0, "maxX": 312.5, "maxY": 275.5}, "class_id": 0, "box_caption": "person 0.023", "scores": {"class_score": 0.02288818359375}, "domain": "pixel"}, {"position": {"minX": 514.0, "minY": 245.5, "maxX": 611.0, "maxY": 440.5}, "class_id": 0, "box_caption": "person 0.023", "scores": {"class_score": 0.0228424072265625}, "domain": "pixel"}, {"position": {"minX": 478.5, "minY": 415.0, "maxX": 526.5, "maxY": 517.0}, "class_id": 0, "box_caption": "person 0.023", "scores": {"class_score": 0.02276611328125}, "domain": "pixel"}, {"position": {"minX": 431.25, "minY": 224.25, "maxX": 458.25, "maxY": 285.0}, "class_id": 0, "box_caption": "person 0.023", "scores": {"class_score": 0.0225372314453125}, "domain": "pixel"}, {"position": {"minX": 178.0, "minY": 66.75, "maxX": 233.25, "maxY": 164.5}, "class_id": 0, "box_caption": "person 0.022", "scores": {"class_score": 0.0222930908203125}, "domain": "pixel"}, {"position": {"minX": 308.5, "minY": 163.25, "maxX": 343.0, "maxY": 277.75}, "class_id": 0, "box_caption": "person 0.022", "scores": {"class_score": 0.022247314453125}, "domain": "pixel"}, {"position": {"minX": 197.75, "minY": 73.875, "maxX": 268.25, "maxY": 219.625}, "class_id": 0, "box_caption": "person 0.022", "scores": {"class_score": 0.0221099853515625}, "domain": "pixel"}, {"position": {"minX": 309.75, "minY": 247.0, "maxX": 326.75, "maxY": 280.0}, "class_id": 0, "box_caption": "person 0.022", "scores": {"class_score": 0.021942138671875}, "domain": "pixel"}, {"position": {"minX": 471.0, "minY": 431.5, "maxX": 522.5, "maxY": 549.0}, "class_id": 0, "box_caption": "person 0.022", "scores": {"class_score": 0.02191162109375}, "domain": "pixel"}, {"position": {"minX": 441.5, "minY": 179.625, "maxX": 458.0, "maxY": 224.125}, "class_id": 0, "box_caption": "person 0.022", "scores": {"class_score": 0.0218658447265625}, "domain": "pixel"}, {"position": {"minX": 308.75, "minY": 197.875, "maxX": 339.75, "maxY": 273.0}, "class_id": 0, "box_caption": "person 0.021", "scores": {"class_score": 0.021484375}, "domain": "pixel"}, {"position": {"minX": 641.0, "minY": 12.34375, "maxX": 663.0, "maxY": 53.53125}, "class_id": 0, "box_caption": "person 0.021", "scores": {"class_score": 0.021087646484375}, "domain": "pixel"}, {"position": {"minX": 434.75, "minY": 239.125, "maxX": 455.75, "maxY": 280.0}, "class_id": 0, "box_caption": "person 0.021", "scores": {"class_score": 0.0210418701171875}, "domain": "pixel"}, {"position": {"minX": -2.375, "minY": 299.0, "maxX": 165.75, "maxY": 633.0}, "class_id": 0, "box_caption": "person 0.021", "scores": {"class_score": 0.02056884765625}, "domain": "pixel"}, {"position": {"minX": 283.5, "minY": 226.75, "maxX": 302.5, "maxY": 281.0}, "class_id": 0, "box_caption": "person 0.020", "scores": {"class_score": 0.0204925537109375}, "domain": "pixel"}, {"position": {"minX": 644.0, "minY": 615.5, "maxX": 660.0, "maxY": 658.5}, "class_id": 0, "box_caption": "person 0.020", "scores": {"class_score": 0.0204925537109375}, "domain": "pixel"}, {"position": {"minX": 518.0, "minY": 372.5, "maxX": 602.0, "maxY": 536.0}, "class_id": 0, "box_caption": "person 0.020", "scores": {"class_score": 0.020416259765625}, "domain": "pixel"}, {"position": {"minX": 229.375, "minY": 235.5, "maxX": 251.625, "maxY": 286.5}, "class_id": 0, "box_caption": "person 0.020", "scores": {"class_score": 0.0203704833984375}, "domain": "pixel"}, {"position": {"minX": 481.25, "minY": 219.125, "maxX": 536.0, "maxY": 316.25}, "class_id": 0, "box_caption": "person 0.020", "scores": {"class_score": 0.0202484130859375}, "domain": "pixel"}, {"position": {"minX": 638.5, "minY": 7.9375, "maxX": 665.5, "maxY": 73.1875}, "class_id": 0, "box_caption": "person 0.020", "scores": {"class_score": 0.020172119140625}, "domain": "pixel"}, {"position": {"minX": 237.0, "minY": 251.125, "maxX": 253.5, "maxY": 296.75}, "class_id": 0, "box_caption": "person 0.020", "scores": {"class_score": 0.0200958251953125}, "domain": "pixel"}, {"position": {"minX": 505.5, "minY": 231.5, "maxX": 536.5, "maxY": 303.5}, "class_id": 0, "box_caption": "person 0.020", "scores": {"class_score": 0.0200653076171875}, "domain": "pixel"}, {"position": {"minX": 271.0, "minY": 184.875, "maxX": 346.5, "maxY": 278.0}, "class_id": 0, "box_caption": "person 0.020", "scores": {"class_score": 0.02001953125}, "domain": "pixel"}, {"position": {"minX": 522.0, "minY": 297.5, "maxX": 584.0, "maxY": 457.0}, "class_id": 0, "box_caption": "person 0.020", "scores": {"class_score": 0.01983642578125}, "domain": "pixel"}, {"position": {"minX": 575.0, "minY": 378.5, "maxX": 674.0, "maxY": 671.5}, "class_id": 0, "box_caption": "person 0.020", "scores": {"class_score": 0.0196380615234375}, "domain": "pixel"}, {"position": {"minX": 496.25, "minY": 263.75, "maxX": 528.0, "maxY": 327.25}, "class_id": 0, "box_caption": "person 0.019", "scores": {"class_score": 0.0193023681640625}, "domain": "pixel"}, {"position": {"minX": 253.625, "minY": 239.375, "maxX": 271.5, "maxY": 279.0}, "class_id": 0, "box_caption": "person 0.019", "scores": {"class_score": 0.019195556640625}, "domain": "pixel"}, {"position": {"minX": 129.75, "minY": 146.0, "maxX": 218.5, "maxY": 322.5}, "class_id": 0, "box_caption": "person 0.019", "scores": {"class_score": 0.0191192626953125}, "domain": "pixel"}, {"position": {"minX": 317.25, "minY": 246.25, "maxX": 335.25, "maxY": 278.75}, "class_id": 0, "box_caption": "person 0.019", "scores": {"class_score": 0.0190582275390625}, "domain": "pixel"}, {"position": {"minX": 12.625, "minY": 407.5, "maxX": 144.75, "maxY": 650.5}, "class_id": 0, "box_caption": "person 0.019", "scores": {"class_score": 0.0190582275390625}, "domain": "pixel"}, {"position": {"minX": 299.25, "minY": 245.375, "maxX": 320.25, "maxY": 274.5}, "class_id": 0, "box_caption": "person 0.019", "scores": {"class_score": 0.018768310546875}, "domain": "pixel"}, {"position": {"minX": 212.375, "minY": 187.625, "maxX": 269.5, "maxY": 291.0}, "class_id": 0, "box_caption": "person 0.019", "scores": {"class_score": 0.0186920166015625}, "domain": "pixel"}, {"position": {"minX": 81.5, "minY": 62.3125, "maxX": 207.25, "maxY": 292.25}, "class_id": 0, "box_caption": "person 0.019", "scores": {"class_score": 0.01861572265625}, "domain": "pixel"}, {"position": {"minX": 532.0, "minY": 451.75, "maxX": 551.0, "maxY": 504.25}, "class_id": 0, "box_caption": "person 0.019", "scores": {"class_score": 0.0185394287109375}, "domain": "pixel"}, {"position": {"minX": 403.25, "minY": 303.0, "maxX": 433.75, "maxY": 352.5}, "class_id": 0, "box_caption": "person 0.018", "scores": {"class_score": 0.0184783935546875}, "domain": "pixel"}, {"position": {"minX": 5.4296875, "minY": 12.96875, "maxX": 30.0, "maxY": 70.875}, "class_id": 0, "box_caption": "person 0.018", "scores": {"class_score": 0.018341064453125}, "domain": "pixel"}, {"position": {"minX": 287.5, "minY": 243.5, "maxX": 302.5, "maxY": 278.5}, "class_id": 0, "box_caption": "person 0.018", "scores": {"class_score": 0.0181884765625}, "domain": "pixel"}, {"position": {"minX": 313.5, "minY": 240.625, "maxX": 335.0, "maxY": 285.75}, "class_id": 0, "box_caption": "person 0.018", "scores": {"class_score": 0.0181884765625}, "domain": "pixel"}, {"position": {"minX": 293.5, "minY": 411.0, "maxX": 381.0, "maxY": 587.0}, "class_id": 0, "box_caption": "person 0.018", "scores": {"class_score": 0.01812744140625}, "domain": "pixel"}, {"position": {"minX": 294.75, "minY": 185.625, "maxX": 335.25, "maxY": 282.75}, "class_id": 0, "box_caption": "person 0.018", "scores": {"class_score": 0.0179901123046875}, "domain": "pixel"}, {"position": {"minX": 397.25, "minY": 300.5, "maxX": 419.25, "maxY": 343.0}, "class_id": 0, "box_caption": "person 0.018", "scores": {"class_score": 0.017852783203125}, "domain": "pixel"}, {"position": {"minX": 403.25, "minY": 301.0, "maxX": 453.75, "maxY": 378.0}, "class_id": 0, "box_caption": "person 0.018", "scores": {"class_score": 0.01763916015625}, "domain": "pixel"}, {"position": {"minX": 250.125, "minY": 315.5, "maxX": 299.75, "maxY": 416.0}, "class_id": 0, "box_caption": "person 0.018", "scores": {"class_score": 0.017578125}, "domain": "pixel"}, {"position": {"minX": 125.0, "minY": 260.0, "maxX": 221.5, "maxY": 549.5}, "class_id": 0, "box_caption": "person 0.017", "scores": {"class_score": 0.017303466796875}, "domain": "pixel"}, {"position": {"minX": 195.125, "minY": 65.875, "maxX": 227.375, "maxY": 119.375}, "class_id": 0, "box_caption": "person 0.017", "scores": {"class_score": 0.017181396484375}, "domain": "pixel"}, {"position": {"minX": 450.75, "minY": 168.25, "maxX": 492.25, "maxY": 264.25}, "class_id": 0, "box_caption": "person 0.017", "scores": {"class_score": 0.017181396484375}, "domain": "pixel"}, {"position": {"minX": 390.5, "minY": 202.75, "maxX": 421.5, "maxY": 267.75}, "class_id": 0, "box_caption": "person 0.017", "scores": {"class_score": 0.0169219970703125}, "domain": "pixel"}, {"position": {"minX": 272.75, "minY": 313.75, "maxX": 335.75, "maxY": 424.25}, "class_id": 0, "box_caption": "person 0.017", "scores": {"class_score": 0.0169219970703125}, "domain": "pixel"}, {"position": {"minX": 298.0, "minY": 239.0, "maxX": 327.0, "maxY": 276.5}, "class_id": 0, "box_caption": "person 0.017", "scores": {"class_score": 0.01678466796875}, "domain": "pixel"}, {"position": {"minX": 271.5, "minY": 243.625, "maxX": 292.5, "maxY": 274.5}, "class_id": 0, "box_caption": "person 0.017", "scores": {"class_score": 0.01666259765625}, "domain": "pixel"}, {"position": {"minX": 337.0, "minY": 331.25, "maxX": 402.0, "maxY": 463.75}, "class_id": 0, "box_caption": "person 0.017", "scores": {"class_score": 0.0165863037109375}, "domain": "pixel"}, {"position": {"minX": 472.75, "minY": 333.0, "maxX": 535.0, "maxY": 459.5}, "class_id": 0, "box_caption": "person 0.017", "scores": {"class_score": 0.0165252685546875}, "domain": "pixel"}, {"position": {"minX": 497.0, "minY": 326.5, "maxX": 527.0, "maxY": 396.5}, "class_id": 0, "box_caption": "person 0.016", "scores": {"class_score": 0.0164031982421875}, "domain": "pixel"}, {"position": {"minX": 168.125, "minY": 162.0, "maxX": 238.375, "maxY": 311.75}, "class_id": 0, "box_caption": "person 0.016", "scores": {"class_score": 0.0164031982421875}, "domain": "pixel"}, {"position": {"minX": 508.25, "minY": 263.25, "maxX": 535.0, "maxY": 324.25}, "class_id": 0, "box_caption": "person 0.016", "scores": {"class_score": 0.0163421630859375}, "domain": "pixel"}, {"position": {"minX": 244.75, "minY": 192.5, "maxX": 301.75, "maxY": 282.0}, "class_id": 0, "box_caption": "person 0.016", "scores": {"class_score": 0.0162811279296875}, "domain": "pixel"}, {"position": {"minX": 455.75, "minY": 445.25, "maxX": 524.0, "maxY": 606.5}, "class_id": 0, "box_caption": "person 0.016", "scores": {"class_score": 0.0162200927734375}, "domain": "pixel"}, {"position": {"minX": 495.25, "minY": 342.5, "maxX": 521.0, "maxY": 404.0}, "class_id": 0, "box_caption": "person 0.016", "scores": {"class_score": 0.0160980224609375}, "domain": "pixel"}, {"position": {"minX": 338.5, "minY": 187.5, "maxX": 403.5, "maxY": 277.0}, "class_id": 0, "box_caption": "person 0.016", "scores": {"class_score": 0.0160980224609375}, "domain": "pixel"}, {"position": {"minX": 215.0, "minY": 347.5, "maxX": 273.25, "maxY": 523.5}, "class_id": 0, "box_caption": "person 0.016", "scores": {"class_score": 0.0160980224609375}, "domain": "pixel"}, {"position": {"minX": 269.5, "minY": 227.875, "maxX": 291.0, "maxY": 271.0}, "class_id": 0, "box_caption": "person 0.016", "scores": {"class_score": 0.015960693359375}, "domain": "pixel"}, {"position": {"minX": 303.5, "minY": 330.25, "maxX": 367.5, "maxY": 468.75}, "class_id": 0, "box_caption": "person 0.016", "scores": {"class_score": 0.015960693359375}, "domain": "pixel"}, {"position": {"minX": 327.25, "minY": 418.5, "maxX": 400.25, "maxY": 581.0}, "class_id": 0, "box_caption": "person 0.016", "scores": {"class_score": 0.015960693359375}, "domain": "pixel"}, {"position": {"minX": 440.25, "minY": 483.0, "maxX": 535.0, "maxY": 637.0}, "class_id": 0, "box_caption": "person 0.016", "scores": {"class_score": 0.015899658203125}, "domain": "pixel"}, {"position": {"minX": 334.5, "minY": 243.0, "maxX": 354.5, "maxY": 278.5}, "class_id": 0, "box_caption": "person 0.016", "scores": {"class_score": 0.015777587890625}, "domain": "pixel"}, {"position": {"minX": 507.0, "minY": 455.25, "maxX": 527.0, "maxY": 512.5}, "class_id": 0, "box_caption": "person 0.016", "scores": {"class_score": 0.015777587890625}, "domain": "pixel"}, {"position": {"minX": 407.0, "minY": 520.0, "maxX": 520.0, "maxY": 650.0}, "class_id": 0, "box_caption": "person 0.016", "scores": {"class_score": 0.015777587890625}, "domain": "pixel"}, {"position": {"minX": 396.5, "minY": 222.5, "maxX": 421.5, "maxY": 276.5}, "class_id": 0, "box_caption": "person 0.016", "scores": {"class_score": 0.015716552734375}, "domain": "pixel"}, {"position": {"minX": 453.25, "minY": 197.5, "maxX": 483.75, "maxY": 271.0}, "class_id": 0, "box_caption": "person 0.016", "scores": {"class_score": 0.0156707763671875}, "domain": "pixel"}, {"position": {"minX": 516.5, "minY": 424.5, "maxX": 546.5, "maxY": 493.5}, "class_id": 0, "box_caption": "person 0.016", "scores": {"class_score": 0.0156707763671875}, "domain": "pixel"}, {"position": {"minX": 404.5, "minY": 314.0, "maxX": 454.5, "maxY": 410.5}, "class_id": 0, "box_caption": "person 0.016", "scores": {"class_score": 0.0156707763671875}, "domain": "pixel"}, {"position": {"minX": 460.75, "minY": 123.5625, "maxX": 522.0, "maxY": 241.75}, "class_id": 0, "box_caption": "person 0.016", "scores": {"class_score": 0.01560211181640625}, "domain": "pixel"}, {"position": {"minX": 377.5, "minY": 303.5, "maxX": 418.5, "maxY": 383.0}, "class_id": 0, "box_caption": "person 0.016", "scores": {"class_score": 0.01554107666015625}, "domain": "pixel"}, {"position": {"minX": 292.0, "minY": 145.5, "maxX": 341.5, "maxY": 294.0}, "class_id": 0, "box_caption": "person 0.016", "scores": {"class_score": 0.01554107666015625}, "domain": "pixel"}, {"position": {"minX": 185.75, "minY": 64.5, "maxX": 218.25, "maxY": 120.5}, "class_id": 0, "box_caption": "person 0.015", "scores": {"class_score": 0.0154876708984375}, "domain": "pixel"}, {"position": {"minX": 228.25, "minY": 216.875, "maxX": 253.5, "maxY": 282.25}, "class_id": 0, "box_caption": "person 0.015", "scores": {"class_score": 0.0154266357421875}, "domain": "pixel"}, {"position": {"minX": 437.5, "minY": 301.25, "maxX": 493.5, "maxY": 382.25}, "class_id": 0, "box_caption": "person 0.015", "scores": {"class_score": 0.0153045654296875}, "domain": "pixel"}, {"position": {"minX": 234.75, "minY": 205.75, "maxX": 256.25, "maxY": 268.75}, "class_id": 0, "box_caption": "person 0.015", "scores": {"class_score": 0.01519012451171875}, "domain": "pixel"}, {"position": {"minX": 467.5, "minY": 150.25, "maxX": 506.0, "maxY": 251.25}, "class_id": 0, "box_caption": "person 0.015", "scores": {"class_score": 0.01507568359375}, "domain": "pixel"}, {"position": {"minX": 6.28125, "minY": 611.5, "maxX": 29.40625, "maxY": 656.5}, "class_id": 0, "box_caption": "person 0.015", "scores": {"class_score": 0.01483917236328125}, "domain": "pixel"}, {"position": {"minX": 491.25, "minY": 425.5, "maxX": 522.5, "maxY": 496.5}, "class_id": 0, "box_caption": "person 0.015", "scores": {"class_score": 0.01483917236328125}, "domain": "pixel"}, {"position": {"minX": 160.5, "minY": 380.25, "maxX": 302.5, "maxY": 610.5}, "class_id": 0, "box_caption": "person 0.015", "scores": {"class_score": 0.01483917236328125}, "domain": "pixel"}, {"position": {"minX": 240.5, "minY": 232.875, "maxX": 257.25, "maxY": 272.5}, "class_id": 0, "box_caption": "person 0.015", "scores": {"class_score": 0.01473236083984375}, "domain": "pixel"}, {"position": {"minX": 7.78125, "minY": 419.5, "maxX": 95.875, "maxY": 636.5}, "class_id": 0, "box_caption": "person 0.015", "scores": {"class_score": 0.01473236083984375}, "domain": "pixel"}, {"position": {"minX": 484.75, "minY": 255.5, "maxX": 535.5, "maxY": 356.5}, "class_id": 0, "box_caption": "person 0.015", "scores": {"class_score": 0.01467132568359375}, "domain": "pixel"}, {"position": {"minX": 223.0, "minY": 103.875, "maxX": 319.5, "maxY": 260.5}, "class_id": 0, "box_caption": "person 0.015", "scores": {"class_score": 0.014617919921875}, "domain": "pixel"}, {"position": {"minX": 295.5, "minY": 219.625, "maxX": 325.5, "maxY": 275.25}, "class_id": 0, "box_caption": "person 0.015", "scores": {"class_score": 0.01450347900390625}, "domain": "pixel"}, {"position": {"minX": 479.5, "minY": 454.25, "maxX": 508.0, "maxY": 522.0}, "class_id": 0, "box_caption": "person 0.015", "scores": {"class_score": 0.01450347900390625}, "domain": "pixel"}, {"position": {"minX": 522.0, "minY": 325.5, "maxX": 590.0, "maxY": 520.0}, "class_id": 0, "box_caption": "person 0.015", "scores": {"class_score": 0.01450347900390625}, "domain": "pixel"}, {"position": {"minX": 238.125, "minY": 412.0, "maxX": 266.0, "maxY": 478.0}, "class_id": 0, "box_caption": "person 0.014", "scores": {"class_score": 0.0144500732421875}, "domain": "pixel"}, {"position": {"minX": 335.5, "minY": 356.5, "maxX": 396.0, "maxY": 503.5}, "class_id": 0, "box_caption": "person 0.014", "scores": {"class_score": 0.01433563232421875}, "domain": "pixel"}, {"position": {"minX": 303.5, "minY": 375.0, "maxX": 373.5, "maxY": 553.0}, "class_id": 0, "box_caption": "person 0.014", "scores": {"class_score": 0.01433563232421875}, "domain": "pixel"}, {"position": {"minX": 403.5, "minY": 313.75, "maxX": 433.5, "maxY": 369.75}, "class_id": 0, "box_caption": "person 0.014", "scores": {"class_score": 0.01422882080078125}, "domain": "pixel"}, {"position": {"minX": 488.75, "minY": 449.75, "maxX": 511.25, "maxY": 515.0}, "class_id": 0, "box_caption": "person 0.014", "scores": {"class_score": 0.0141143798828125}, "domain": "pixel"}, {"position": {"minX": 513.5, "minY": 435.75, "maxX": 535.5, "maxY": 499.75}, "class_id": 0, "box_caption": "person 0.014", "scores": {"class_score": 0.01406097412109375}, "domain": "pixel"}, {"position": {"minX": 418.0, "minY": 243.75, "maxX": 437.0, "maxY": 287.25}, "class_id": 0, "box_caption": "person 0.014", "scores": {"class_score": 0.01406097412109375}, "domain": "pixel"}, {"position": {"minX": 236.25, "minY": 386.75, "maxX": 302.75, "maxY": 536.5}, "class_id": 0, "box_caption": "person 0.014", "scores": {"class_score": 0.01395416259765625}, "domain": "pixel"}, {"position": {"minX": 438.0, "minY": 438.5, "maxX": 454.0, "maxY": 479.5}, "class_id": 0, "box_caption": "person 0.014", "scores": {"class_score": 0.0137939453125}, "domain": "pixel"}, {"position": {"minX": 568.5, "minY": 451.75, "maxX": 589.5, "maxY": 502.25}, "class_id": 0, "box_caption": "person 0.014", "scores": {"class_score": 0.0137939453125}, "domain": "pixel"}, {"position": {"minX": 158.875, "minY": 72.375, "maxX": 210.875, "maxY": 165.0}, "class_id": 0, "box_caption": "person 0.014", "scores": {"class_score": 0.0137939453125}, "domain": "pixel"}, {"position": {"minX": 282.0, "minY": 218.375, "maxX": 310.0, "maxY": 283.0}, "class_id": 0, "box_caption": "person 0.014", "scores": {"class_score": 0.01374053955078125}, "domain": "pixel"}, {"position": {"minX": 572.5, "minY": 160.375, "maxX": 667.5, "maxY": 452.5}, "class_id": 0, "box_caption": "person 0.014", "scores": {"class_score": 0.01374053955078125}, "domain": "pixel"}, {"position": {"minX": 440.5, "minY": 440.0, "maxX": 460.5, "maxY": 481.0}, "class_id": 0, "box_caption": "person 0.014", "scores": {"class_score": 0.0136871337890625}, "domain": "pixel"}, {"position": {"minX": 372.0, "minY": 174.25, "maxX": 413.0, "maxY": 260.5}, "class_id": 0, "box_caption": "person 0.014", "scores": {"class_score": 0.01363372802734375}, "domain": "pixel"}, {"position": {"minX": 242.0, "minY": 369.75, "maxX": 262.0, "maxY": 420.25}, "class_id": 0, "box_caption": "person 0.014", "scores": {"class_score": 0.01358795166015625}, "domain": "pixel"}, {"position": {"minX": 517.0, "minY": 436.5, "maxX": 552.0, "maxY": 509.0}, "class_id": 0, "box_caption": "person 0.014", "scores": {"class_score": 0.01358795166015625}, "domain": "pixel"}, {"position": {"minX": 273.25, "minY": 391.0, "maxX": 332.75, "maxY": 531.0}, "class_id": 0, "box_caption": "person 0.014", "scores": {"class_score": 0.01358795166015625}, "domain": "pixel"}, {"position": {"minX": 1.9375, "minY": 285.75, "maxX": 99.0625, "maxY": 646.0}, "class_id": 0, "box_caption": "person 0.014", "scores": {"class_score": 0.01358795166015625}, "domain": "pixel"}, {"position": {"minX": 498.0, "minY": 453.25, "maxX": 515.5, "maxY": 497.75}, "class_id": 0, "box_caption": "person 0.014", "scores": {"class_score": 0.0135345458984375}, "domain": "pixel"}, {"position": {"minX": 372.75, "minY": 330.25, "maxX": 424.75, "maxY": 457.75}, "class_id": 0, "box_caption": "person 0.014", "scores": {"class_score": 0.0135345458984375}, "domain": "pixel"}, {"position": {"minX": 242.625, "minY": 113.0, "maxX": 373.0, "maxY": 306.25}, "class_id": 0, "box_caption": "person 0.014", "scores": {"class_score": 0.0135345458984375}, "domain": "pixel"}, {"position": {"minX": 274.75, "minY": 121.625, "maxX": 391.25, "maxY": 288.5}, "class_id": 0, "box_caption": "person 0.014", "scores": {"class_score": 0.0135345458984375}, "domain": "pixel"}, {"position": {"minX": 588.0, "minY": 12.3125, "maxX": 675.0, "maxY": 221.25}, "class_id": 0, "box_caption": "person 0.013", "scores": {"class_score": 0.01348114013671875}, "domain": "pixel"}, {"position": {"minX": 62.375, "minY": 448.0, "maxX": 230.625, "maxY": 653.0}, "class_id": 0, "box_caption": "person 0.013", "scores": {"class_score": 0.01348114013671875}, "domain": "pixel"}, {"position": {"minX": 377.25, "minY": 200.5, "maxX": 408.75, "maxY": 268.0}, "class_id": 0, "box_caption": "person 0.013", "scores": {"class_score": 0.01337432861328125}, "domain": "pixel"}, {"position": {"minX": 571.5, "minY": 3.125, "maxX": 680.5, "maxY": 287.0}, "class_id": 0, "box_caption": "person 0.013", "scores": {"class_score": 0.01337432861328125}, "domain": "pixel"}, {"position": {"minX": 328.75, "minY": 223.375, "maxX": 355.25, "maxY": 274.5}, "class_id": 0, "box_caption": "person 0.013", "scores": {"class_score": 0.01332855224609375}, "domain": "pixel"}, {"position": {"minX": 438.25, "minY": 176.0, "maxX": 478.25, "maxY": 260.25}, "class_id": 0, "box_caption": "person 0.013", "scores": {"class_score": 0.01332855224609375}, "domain": "pixel"}, {"position": {"minX": 329.25, "minY": 114.6875, "maxX": 393.75, "maxY": 253.5}, "class_id": 0, "box_caption": "person 0.013", "scores": {"class_score": 0.01322174072265625}, "domain": "pixel"}, {"position": {"minX": 435.5, "minY": 417.0, "maxX": 500.0, "maxY": 580.5}, "class_id": 0, "box_caption": "person 0.013", "scores": {"class_score": 0.01322174072265625}, "domain": "pixel"}, {"position": {"minX": 458.5, "minY": 163.875, "maxX": 487.5, "maxY": 240.625}, "class_id": 0, "box_caption": "person 0.013", "scores": {"class_score": 0.0131683349609375}, "domain": "pixel"}, {"position": {"minX": 492.75, "minY": 229.5, "maxX": 525.0, "maxY": 303.0}, "class_id": 0, "box_caption": "person 0.013", "scores": {"class_score": 0.0131683349609375}, "domain": "pixel"}, {"position": {"minX": 419.5, "minY": 295.5, "maxX": 436.5, "maxY": 339.0}, "class_id": 0, "box_caption": "person 0.013", "scores": {"class_score": 0.01312255859375}, "domain": "pixel"}, {"position": {"minX": 517.0, "minY": 463.0, "maxX": 531.0, "maxY": 504.5}, "class_id": 0, "box_caption": "person 0.013", "scores": {"class_score": 0.01306915283203125}, "domain": "pixel"}, {"position": {"minX": 548.0, "minY": 185.25, "maxX": 638.0, "maxY": 424.75}, "class_id": 0, "box_caption": "person 0.013", "scores": {"class_score": 0.01302337646484375}, "domain": "pixel"}, {"position": {"minX": 236.625, "minY": 303.25, "maxX": 258.5, "maxY": 351.25}, "class_id": 0, "box_caption": "person 0.013", "scores": {"class_score": 0.012969970703125}, "domain": "pixel"}, {"position": {"minX": 431.25, "minY": 437.25, "maxX": 453.25, "maxY": 474.25}, "class_id": 0, "box_caption": "person 0.013", "scores": {"class_score": 0.012969970703125}, "domain": "pixel"}, {"position": {"minX": 193.125, "minY": 66.0, "maxX": 233.875, "maxY": 139.75}, "class_id": 0, "box_caption": "person 0.013", "scores": {"class_score": 0.012969970703125}, "domain": "pixel"}, {"position": {"minX": 240.0, "minY": 301.0, "maxX": 263.75, "maxY": 362.0}, "class_id": 0, "box_caption": "person 0.013", "scores": {"class_score": 0.0129241943359375}, "domain": "pixel"}, {"position": {"minX": 245.125, "minY": 325.5, "maxX": 301.25, "maxY": 474.5}, "class_id": 0, "box_caption": "person 0.013", "scores": {"class_score": 0.0129241943359375}, "domain": "pixel"}, {"position": {"minX": 515.5, "minY": 248.875, "maxX": 548.5, "maxY": 309.0}, "class_id": 0, "box_caption": "person 0.013", "scores": {"class_score": 0.01282501220703125}, "domain": "pixel"}, {"position": {"minX": 423.5, "minY": 199.25, "maxX": 459.0, "maxY": 274.25}, "class_id": 0, "box_caption": "person 0.013", "scores": {"class_score": 0.01282501220703125}, "domain": "pixel"}, {"position": {"minX": 218.75, "minY": 408.5, "maxX": 313.75, "maxY": 582.5}, "class_id": 0, "box_caption": "person 0.013", "scores": {"class_score": 0.01282501220703125}, "domain": "pixel"}, {"position": {"minX": 24.125, "minY": 442.0, "maxX": 197.375, "maxY": 669.0}, "class_id": 0, "box_caption": "person 0.013", "scores": {"class_score": 0.01282501220703125}, "domain": "pixel"}, {"position": {"minX": 220.625, "minY": 215.0, "maxX": 262.0, "maxY": 313.5}, "class_id": 0, "box_caption": "person 0.013", "scores": {"class_score": 0.0127716064453125}, "domain": "pixel"}, {"position": {"minX": 8.125, "minY": 194.0, "maxX": 77.0, "maxY": 344.0}, "class_id": 0, "box_caption": "person 0.013", "scores": {"class_score": 0.01262664794921875}, "domain": "pixel"}, {"position": {"minX": 512.0, "minY": 315.25, "maxX": 536.0, "maxY": 381.25}, "class_id": 0, "box_caption": "person 0.013", "scores": {"class_score": 0.0125732421875}, "domain": "pixel"}, {"position": {"minX": 354.25, "minY": 242.75, "maxX": 373.75, "maxY": 282.25}, "class_id": 0, "box_caption": "person 0.013", "scores": {"class_score": 0.0125274658203125}, "domain": "pixel"}, {"position": {"minX": 424.25, "minY": 248.75, "maxX": 443.25, "maxY": 282.75}, "class_id": 0, "box_caption": "person 0.012", "scores": {"class_score": 0.01238250732421875}, "domain": "pixel"}, {"position": {"minX": 96.0, "minY": 128.5, "maxX": 194.5, "maxY": 345.0}, "class_id": 0, "box_caption": "person 0.012", "scores": {"class_score": 0.01238250732421875}, "domain": "pixel"}, {"position": {"minX": 371.25, "minY": 318.0, "maxX": 412.75, "maxY": 397.5}, "class_id": 0, "box_caption": "person 0.012", "scores": {"class_score": 0.01233673095703125}, "domain": "pixel"}, {"position": {"minX": 509.75, "minY": 407.75, "maxX": 536.5, "maxY": 481.75}, "class_id": 0, "box_caption": "person 0.012", "scores": {"class_score": 0.01233673095703125}, "domain": "pixel"}, {"position": {"minX": 399.75, "minY": 232.875, "maxX": 414.25, "maxY": 271.0}, "class_id": 0, "box_caption": "person 0.012", "scores": {"class_score": 0.012237548828125}, "domain": "pixel"}, {"position": {"minX": 382.25, "minY": 302.75, "maxX": 415.25, "maxY": 358.75}, "class_id": 0, "box_caption": "person 0.012", "scores": {"class_score": 0.012237548828125}, "domain": "pixel"}, {"position": {"minX": 273.75, "minY": 324.5, "maxX": 336.75, "maxY": 476.5}, "class_id": 0, "box_caption": "person 0.012", "scores": {"class_score": 0.012237548828125}, "domain": "pixel"}, {"position": {"minX": 632.0, "minY": 8.25, "maxX": 670.0, "maxY": 97.8125}, "class_id": 0, "box_caption": "person 0.012", "scores": {"class_score": 0.0121917724609375}, "domain": "pixel"}, {"position": {"minX": 293.75, "minY": 236.0, "maxX": 308.75, "maxY": 281.0}, "class_id": 0, "box_caption": "person 0.012", "scores": {"class_score": 0.01214599609375}, "domain": "pixel"}, {"position": {"minX": 502.0, "minY": 279.5, "maxX": 535.0, "maxY": 377.0}, "class_id": 0, "box_caption": "person 0.012", "scores": {"class_score": 0.01214599609375}, "domain": "pixel"}, {"position": {"minX": 624.0, "minY": 6.5625, "maxX": 670.0, "maxY": 153.0}, "class_id": 0, "box_caption": "person 0.012", "scores": {"class_score": 0.01214599609375}, "domain": "pixel"}, {"position": {"minX": 378.0, "minY": 220.5, "maxX": 404.0, "maxY": 275.5}, "class_id": 0, "box_caption": "person 0.012", "scores": {"class_score": 0.012054443359375}, "domain": "pixel"}, {"position": {"minX": 318.25, "minY": 246.0, "maxX": 341.25, "maxY": 272.0}, "class_id": 0, "box_caption": "person 0.012", "scores": {"class_score": 0.012054443359375}, "domain": "pixel"}, {"position": {"minX": 249.5, "minY": 325.5, "maxX": 279.5, "maxY": 397.5}, "class_id": 0, "box_caption": "person 0.012", "scores": {"class_score": 0.012054443359375}, "domain": "pixel"}, {"position": {"minX": 69.25, "minY": 298.0, "maxX": 176.25, "maxY": 575.0}, "class_id": 0, "box_caption": "person 0.012", "scores": {"class_score": 0.0119171142578125}, "domain": "pixel"}, {"position": {"minX": 431.0, "minY": 520.0, "maxX": 555.0, "maxY": 655.0}, "class_id": 0, "box_caption": "person 0.012", "scores": {"class_score": 0.0119171142578125}, "domain": "pixel"}, {"position": {"minX": 304.5, "minY": 122.125, "maxX": 353.5, "maxY": 283.0}, "class_id": 0, "box_caption": "person 0.012", "scores": {"class_score": 0.0118255615234375}, "domain": "pixel"}, {"position": {"minX": 38.0625, "minY": 50.125, "maxX": 188.5, "maxY": 304.0}, "class_id": 0, "box_caption": "person 0.012", "scores": {"class_score": 0.0118255615234375}, "domain": "pixel"}, {"position": {"minX": 348.75, "minY": 324.75, "maxX": 407.75, "maxY": 417.75}, "class_id": 0, "box_caption": "person 0.012", "scores": {"class_score": 0.01177978515625}, "domain": "pixel"}, {"position": {"minX": 528.0, "minY": 250.875, "maxX": 552.0, "maxY": 306.0}, "class_id": 0, "box_caption": "person 0.012", "scores": {"class_score": 0.0117340087890625}, "domain": "pixel"}, {"position": {"minX": 476.0, "minY": 370.0, "maxX": 530.5, "maxY": 505.0}, "class_id": 0, "box_caption": "person 0.012", "scores": {"class_score": 0.0116424560546875}, "domain": "pixel"}, {"position": {"minX": 354.0, "minY": 456.75, "maxX": 449.0, "maxY": 603.5}, "class_id": 0, "box_caption": "person 0.012", "scores": {"class_score": 0.011505126953125}, "domain": "pixel"}, {"position": {"minX": 3.4140625, "minY": 12.15625, "maxX": 34.28125, "maxY": 96.125}, "class_id": 0, "box_caption": "person 0.011", "scores": {"class_score": 0.01142120361328125}, "domain": "pixel"}, {"position": {"minX": 139.75, "minY": 47.0, "maxX": 270.25, "maxY": 247.25}, "class_id": 0, "box_caption": "person 0.011", "scores": {"class_score": 0.01142120361328125}, "domain": "pixel"}, {"position": {"minX": 334.0, "minY": 13.8359375, "maxX": 347.0, "maxY": 45.375}, "class_id": 0, "box_caption": "person 0.011", "scores": {"class_score": 0.01137542724609375}, "domain": "pixel"}, {"position": {"minX": 407.75, "minY": 206.875, "maxX": 440.25, "maxY": 267.0}, "class_id": 0, "box_caption": "person 0.011", "scores": {"class_score": 0.01132965087890625}, "domain": "pixel"}, {"position": {"minX": 248.875, "minY": 303.0, "maxX": 276.0, "maxY": 352.0}, "class_id": 0, "box_caption": "person 0.011", "scores": {"class_score": 0.01132965087890625}, "domain": "pixel"}, {"position": {"minX": 311.0, "minY": 212.5, "maxX": 343.5, "maxY": 287.0}, "class_id": 0, "box_caption": "person 0.011", "scores": {"class_score": 0.01132965087890625}, "domain": "pixel"}, {"position": {"minX": 493.75, "minY": 195.75, "maxX": 550.5, "maxY": 295.75}, "class_id": 0, "box_caption": "person 0.011", "scores": {"class_score": 0.01132965087890625}, "domain": "pixel"}, {"position": {"minX": 375.0, "minY": 527.0, "maxX": 496.5, "maxY": 646.0}, "class_id": 0, "box_caption": "person 0.011", "scores": {"class_score": 0.01132965087890625}, "domain": "pixel"}, {"position": {"minX": 1.28125, "minY": 115.75, "maxX": 91.25, "maxY": 366.0}, "class_id": 0, "box_caption": "person 0.011", "scores": {"class_score": 0.0112457275390625}, "domain": "pixel"}, {"position": {"minX": 147.25, "minY": 467.5, "maxX": 260.75, "maxY": 626.5}, "class_id": 0, "box_caption": "person 0.011", "scores": {"class_score": 0.011199951171875}, "domain": "pixel"}, {"position": {"minX": 460.0, "minY": 230.75, "maxX": 475.5, "maxY": 271.75}, "class_id": 0, "box_caption": "person 0.011", "scores": {"class_score": 0.01116180419921875}, "domain": "pixel"}, {"position": {"minX": 644.0, "minY": 21.625, "maxX": 665.0, "maxY": 90.375}, "class_id": 0, "box_caption": "person 0.011", "scores": {"class_score": 0.01116180419921875}, "domain": "pixel"}, {"position": {"minX": 238.25, "minY": 270.5, "maxX": 253.25, "maxY": 314.5}, "class_id": 0, "box_caption": "person 0.011", "scores": {"class_score": 0.01107025146484375}, "domain": "pixel"}, {"position": {"minX": 427.25, "minY": 337.0, "maxX": 453.75, "maxY": 379.0}, "class_id": 0, "box_caption": "person 0.011", "scores": {"class_score": 0.01107025146484375}, "domain": "pixel"}, {"position": {"minX": 463.25, "minY": 229.625, "maxX": 482.25, "maxY": 274.5}, "class_id": 0, "box_caption": "person 0.011", "scores": {"class_score": 0.0110321044921875}, "domain": "pixel"}, {"position": {"minX": 277.75, "minY": 421.5, "maxX": 313.75, "maxY": 486.5}, "class_id": 0, "box_caption": "person 0.011", "scores": {"class_score": 0.010986328125}, "domain": "pixel"}, {"position": {"minX": 346.5, "minY": 491.5, "maxX": 464.0, "maxY": 624.5}, "class_id": 0, "box_caption": "person 0.011", "scores": {"class_score": 0.010986328125}, "domain": "pixel"}, {"position": {"minX": 443.5, "minY": 408.0, "maxX": 492.5, "maxY": 519.5}, "class_id": 0, "box_caption": "person 0.011", "scores": {"class_score": 0.01094818115234375}, "domain": "pixel"}, {"position": {"minX": 448.75, "minY": 109.25, "maxX": 537.5, "maxY": 257.25}, "class_id": 0, "box_caption": "person 0.011", "scores": {"class_score": 0.01094818115234375}, "domain": "pixel"}, {"position": {"minX": 531.0, "minY": 436.75, "maxX": 564.0, "maxY": 505.75}, "class_id": 0, "box_caption": "person 0.011", "scores": {"class_score": 0.01085662841796875}, "domain": "pixel"}, {"position": {"minX": 426.75, "minY": 127.375, "maxX": 509.25, "maxY": 254.375}, "class_id": 0, "box_caption": "person 0.011", "scores": {"class_score": 0.01085662841796875}, "domain": "pixel"}, {"position": {"minX": 275.75, "minY": 252.25, "maxX": 292.75, "maxY": 286.75}, "class_id": 0, "box_caption": "person 0.011", "scores": {"class_score": 0.0108184814453125}, "domain": "pixel"}, {"position": {"minX": 438.0, "minY": 312.75, "maxX": 472.5, "maxY": 370.75}, "class_id": 0, "box_caption": "person 0.011", "scores": {"class_score": 0.0108184814453125}, "domain": "pixel"}, {"position": {"minX": 420.0, "minY": 440.25, "maxX": 438.0, "maxY": 481.75}, "class_id": 0, "box_caption": "person 0.011", "scores": {"class_score": 0.01078033447265625}, "domain": "pixel"}, {"position": {"minX": 379.5, "minY": 239.0, "maxX": 402.0, "maxY": 281.0}, "class_id": 0, "box_caption": "person 0.011", "scores": {"class_score": 0.01078033447265625}, "domain": "pixel"}, {"position": {"minX": 437.75, "minY": 329.25, "maxX": 465.75, "maxY": 380.25}, "class_id": 0, "box_caption": "person 0.011", "scores": {"class_score": 0.01078033447265625}, "domain": "pixel"}, {"position": {"minX": 264.75, "minY": 413.0, "maxX": 351.25, "maxY": 582.0}, "class_id": 0, "box_caption": "person 0.011", "scores": {"class_score": 0.01073455810546875}, "domain": "pixel"}, {"position": {"minX": 441.0, "minY": 177.625, "maxX": 471.0, "maxY": 230.125}, "class_id": 0, "box_caption": "person 0.011", "scores": {"class_score": 0.0106964111328125}, "domain": "pixel"}, {"position": {"minX": 493.0, "minY": 276.0, "maxX": 528.0, "maxY": 345.0}, "class_id": 0, "box_caption": "person 0.011", "scores": {"class_score": 0.010650634765625}, "domain": "pixel"}, {"position": {"minX": 525.0, "minY": 24.5, "maxX": 668.0, "maxY": 328.75}, "class_id": 0, "box_caption": "person 0.011", "scores": {"class_score": 0.010650634765625}, "domain": "pixel"}, {"position": {"minX": 513.0, "minY": 225.375, "maxX": 554.0, "maxY": 303.75}, "class_id": 0, "box_caption": "person 0.011", "scores": {"class_score": 0.01061248779296875}, "domain": "pixel"}, {"position": {"minX": 409.75, "minY": 216.75, "maxX": 462.25, "maxY": 298.25}, "class_id": 0, "box_caption": "person 0.011", "scores": {"class_score": 0.01056671142578125}, "domain": "pixel"}, {"position": {"minX": 109.125, "minY": 288.5, "maxX": 188.375, "maxY": 523.5}, "class_id": 0, "box_caption": "person 0.011", "scores": {"class_score": 0.010528564453125}, "domain": "pixel"}, {"position": {"minX": 432.25, "minY": 213.375, "maxX": 483.75, "maxY": 307.0}, "class_id": 0, "box_caption": "person 0.010", "scores": {"class_score": 0.01049041748046875}, "domain": "pixel"}, {"position": {"minX": 222.75, "minY": 296.5, "maxX": 264.25, "maxY": 381.5}, "class_id": 0, "box_caption": "person 0.010", "scores": {"class_score": 0.0104522705078125}, "domain": "pixel"}, {"position": {"minX": 441.0, "minY": 239.375, "maxX": 460.0, "maxY": 278.0}, "class_id": 0, "box_caption": "person 0.010", "scores": {"class_score": 0.010406494140625}, "domain": "pixel"}, {"position": {"minX": 479.5, "minY": 238.5, "maxX": 501.0, "maxY": 292.0}, "class_id": 0, "box_caption": "person 0.010", "scores": {"class_score": 0.010406494140625}, "domain": "pixel"}, {"position": {"minX": 2.953125, "minY": 12.3125, "maxX": 46.0, "maxY": 145.75}, "class_id": 0, "box_caption": "person 0.010", "scores": {"class_score": 0.010406494140625}, "domain": "pixel"}, {"position": {"minX": 171.25, "minY": 425.0, "maxX": 258.75, "maxY": 615.0}, "class_id": 0, "box_caption": "person 0.010", "scores": {"class_score": 0.0103302001953125}, "domain": "pixel"}, {"position": {"minX": 306.0, "minY": 79.125, "maxX": 363.5, "maxY": 224.375}, "class_id": 0, "box_caption": "person 0.010", "scores": {"class_score": 0.0103302001953125}, "domain": "pixel"}, {"position": {"minX": 402.25, "minY": 248.25, "maxX": 420.25, "maxY": 285.25}, "class_id": 0, "box_caption": "person 0.010", "scores": {"class_score": 0.01024627685546875}, "domain": "pixel"}, {"position": {"minX": 230.5, "minY": 394.5, "maxX": 269.25, "maxY": 513.5}, "class_id": 0, "box_caption": "person 0.010", "scores": {"class_score": 0.01024627685546875}, "domain": "pixel"}, {"position": {"minX": 143.625, "minY": 170.25, "maxX": 211.625, "maxY": 366.25}, "class_id": 0, "box_caption": "person 0.010", "scores": {"class_score": 0.01024627685546875}, "domain": "pixel"}, {"position": {"minX": 495.0, "minY": 301.0, "maxX": 530.0, "maxY": 387.5}, "class_id": 0, "box_caption": "person 0.010", "scores": {"class_score": 0.0102081298828125}, "domain": "pixel"}, {"position": {"minX": 361.5, "minY": 229.0, "maxX": 381.0, "maxY": 277.5}, "class_id": 0, "box_caption": "person 0.010", "scores": {"class_score": 0.01016998291015625}, "domain": "pixel"}, {"position": {"minX": 10.859375, "minY": 233.75, "maxX": 37.375, "maxY": 323.75}, "class_id": 0, "box_caption": "person 0.010", "scores": {"class_score": 0.010009765625}, "domain": "pixel"}, {"position": {"minX": 182.25, "minY": 61.96875, "maxX": 223.0, "maxY": 142.5}, "class_id": 0, "box_caption": "person 0.010", "scores": {"class_score": 0.010009765625}, "domain": "pixel"}, {"position": {"minX": 407.0, "minY": 334.75, "maxX": 460.0, "maxY": 461.25}, "class_id": 0, "box_caption": "person 0.010", "scores": {"class_score": 0.010009765625}, "domain": "pixel"}, {"position": {"minX": 494.0, "minY": 353.25, "maxX": 518.5, "maxY": 423.75}, "class_id": 0, "box_caption": "person 0.010", "scores": {"class_score": 0.0099334716796875}, "domain": "pixel"}, {"position": {"minX": 464.0, "minY": 275.5, "maxX": 597.0, "maxY": 468.5}, "class_id": 0, "box_caption": "person 0.010", "scores": {"class_score": 0.0099334716796875}, "domain": "pixel"}, {"position": {"minX": 345.0, "minY": 203.25, "maxX": 363.0, "maxY": 252.5}, "class_id": 0, "box_caption": "person 0.010", "scores": {"class_score": 0.00989532470703125}, "domain": "pixel"}, {"position": {"minX": 514.5, "minY": 417.0, "maxX": 534.5, "maxY": 474.0}, "class_id": 0, "box_caption": "person 0.010", "scores": {"class_score": 0.009857177734375}, "domain": "pixel"}, {"position": {"minX": 442.75, "minY": 432.75, "maxX": 468.75, "maxY": 477.75}, "class_id": 0, "box_caption": "person 0.010", "scores": {"class_score": 0.009857177734375}, "domain": "pixel"}, {"position": {"minX": 334.25, "minY": 63.8125, "maxX": 351.75, "maxY": 108.6875}, "class_id": 0, "box_caption": "person 0.010", "scores": {"class_score": 0.0097808837890625}, "domain": "pixel"}, {"position": {"minX": 645.0, "minY": 333.5, "maxX": 658.0, "maxY": 375.5}, "class_id": 0, "box_caption": "person 0.010", "scores": {"class_score": 0.00974273681640625}, "domain": "pixel"}, {"position": {"minX": 236.875, "minY": 290.0, "maxX": 256.75, "maxY": 341.5}, "class_id": 0, "box_caption": "person 0.010", "scores": {"class_score": 0.00974273681640625}, "domain": "pixel"}, {"position": {"minX": 543.5, "minY": 373.5, "maxX": 594.5, "maxY": 541.0}, "class_id": 0, "box_caption": "person 0.010", "scores": {"class_score": 0.00963592529296875}, "domain": "pixel"}, {"position": {"minX": 374.25, "minY": 361.0, "maxX": 420.75, "maxY": 497.0}, "class_id": 0, "box_caption": "person 0.010", "scores": {"class_score": 0.00963592529296875}, "domain": "pixel"}, {"position": {"minX": 412.5, "minY": 517.0, "maxX": 472.0, "maxY": 618.0}, "class_id": 0, "box_caption": "person 0.010", "scores": {"class_score": 0.0095977783203125}, "domain": "pixel"}, {"position": {"minX": 214.75, "minY": 76.625, "maxX": 244.25, "maxY": 133.0}, "class_id": 0, "box_caption": "person 0.010", "scores": {"class_score": 0.00955963134765625}, "domain": "pixel"}, {"position": {"minX": 302.0, "minY": 317.0, "maxX": 356.0, "maxY": 424.5}, "class_id": 0, "box_caption": "person 0.010", "scores": {"class_score": 0.009521484375}, "domain": "pixel"}, {"position": {"minX": 528.5, "minY": 369.0, "maxX": 581.5, "maxY": 512.5}, "class_id": 0, "box_caption": "person 0.009", "scores": {"class_score": 0.00948333740234375}, "domain": "pixel"}, {"position": {"minX": 8.15625, "minY": 202.25, "maxX": 52.84375, "maxY": 337.25}, "class_id": 0, "box_caption": "person 0.009", "scores": {"class_score": 0.00945281982421875}, "domain": "pixel"}, {"position": {"minX": 294.25, "minY": 234.625, "maxX": 319.75, "maxY": 285.0}, "class_id": 0, "box_caption": "person 0.009", "scores": {"class_score": 0.0094146728515625}, "domain": "pixel"}, {"position": {"minX": 4.0703125, "minY": 39.375, "maxX": 32.375, "maxY": 135.75}, "class_id": 0, "box_caption": "person 0.009", "scores": {"class_score": 0.0094146728515625}, "domain": "pixel"}, {"position": {"minX": 558.0, "minY": 436.75, "maxX": 588.0, "maxY": 505.25}, "class_id": 0, "box_caption": "person 0.009", "scores": {"class_score": 0.0094146728515625}, "domain": "pixel"}, {"position": {"minX": 386.75, "minY": 173.875, "maxX": 424.75, "maxY": 261.0}, "class_id": 0, "box_caption": "person 0.009", "scores": {"class_score": 0.0094146728515625}, "domain": "pixel"}, {"position": {"minX": 266.5, "minY": 353.75, "maxX": 331.0, "maxY": 507.75}, "class_id": 0, "box_caption": "person 0.009", "scores": {"class_score": 0.0094146728515625}, "domain": "pixel"}, {"position": {"minX": 251.25, "minY": 230.375, "maxX": 268.75, "maxY": 275.5}, "class_id": 0, "box_caption": "person 0.009", "scores": {"class_score": 0.00933837890625}, "domain": "pixel"}, {"position": {"minX": 327.25, "minY": 12.828125, "maxX": 351.75, "maxY": 42.1875}, "class_id": 0, "box_caption": "person 0.009", "scores": {"class_score": 0.00926971435546875}, "domain": "pixel"}, {"position": {"minX": 493.5, "minY": 289.0, "maxX": 526.5, "maxY": 367.0}, "class_id": 0, "box_caption": "person 0.009", "scores": {"class_score": 0.00926971435546875}, "domain": "pixel"}, {"position": {"minX": 243.75, "minY": 403.5, "maxX": 275.75, "maxY": 474.5}, "class_id": 0, "box_caption": "person 0.009", "scores": {"class_score": 0.00926971435546875}, "domain": "pixel"}], "class_labels": {"0": "person"}}