{"box_data": [{"position": {"minX": 271.25, "minY": 283.75, "maxX": 397.25, "maxY": 506.75}, "class_id": 0, "box_caption": "person 0.120", "scores": {"class_score": 0.11981201171875}, "domain": "pixel"}, {"position": {"minX": 524.5, "minY": 389.0, "maxX": 659.5, "maxY": 661.0}, "class_id": 0, "box_caption": "person 0.079", "scores": {"class_score": 0.07879638671875}, "domain": "pixel"}, {"position": {"minX": 304.25, "minY": 253.0, "maxX": 415.25, "maxY": 480.5}, "class_id": 0, "box_caption": "person 0.078", "scores": {"class_score": 0.0775146484375}, "domain": "pixel"}, {"position": {"minX": 478.75, "minY": 608.5, "maxX": 497.75, "maxY": 658.5}, "class_id": 0, "box_caption": "person 0.068", "scores": {"class_score": 0.06781005859375}, "domain": "pixel"}, {"position": {"minX": 251.5, "minY": 323.5, "maxX": 362.5, "maxY": 526.0}, "class_id": 0, "box_caption": "person 0.062", "scores": {"class_score": 0.0616455078125}, "domain": "pixel"}, {"position": {"minX": 370.0, "minY": 457.0, "maxX": 384.0, "maxY": 495.5}, "class_id": 0, "box_caption": "person 0.061", "scores": {"class_score": 0.061187744140625}, "domain": "pixel"}, {"position": {"minX": 122.8125, "minY": 567.0, "maxX": 139.75, "maxY": 607.0}, "class_id": 0, "box_caption": "person 0.050", "scores": {"class_score": 0.050323486328125}, "domain": "pixel"}, {"position": {"minX": 489.75, "minY": 176.125, "maxX": 574.5, "maxY": 368.5}, "class_id": 0, "box_caption": "person 0.049", "scores": {"class_score": 0.0489501953125}, "domain": "pixel"}, {"position": {"minX": 483.75, "minY": 621.0, "maxX": 500.75, "maxY": 657.0}, "class_id": 0, "box_caption": "person 0.041", "scores": {"class_score": 0.041473388671875}, "domain": "pixel"}, {"position": {"minX": 21.65625, "minY": 341.75, "maxX": 131.625, "maxY": 581.0}, "class_id": 0, "box_caption": "person 0.041", "scores": {"class_score": 0.041229248046875}, "domain": "pixel"}, {"position": {"minX": 5.15625, "minY": 296.0, "maxX": 96.375, "maxY": 500.5}, "class_id": 0, "box_caption": "person 0.040", "scores": {"class_score": 0.040374755859375}, "domain": "pixel"}, {"position": {"minX": 231.25, "minY": 338.75, "maxX": 327.25, "maxY": 526.0}, "class_id": 0, "box_caption": "person 0.039", "scores": {"class_score": 0.038604736328125}, "domain": "pixel"}, {"position": {"minX": 554.5, "minY": 349.5, "maxX": 672.5, "maxY": 639.0}, "class_id": 0, "box_caption": "person 0.038", "scores": {"class_score": 0.038330078125}, "domain": "pixel"}, {"position": {"minX": 503.5, "minY": 153.375, "maxX": 603.5, "maxY": 388.0}, "class_id": 0, "box_caption": "person 0.037", "scores": {"class_score": 0.037322998046875}, "domain": "pixel"}, {"position": {"minX": 366.0, "minY": 455.75, "maxX": 381.5, "maxY": 498.25}, "class_id": 0, "box_caption": "person 0.037", "scores": {"class_score": 0.036773681640625}, "domain": "pixel"}, {"position": {"minX": 310.0, "minY": 164.0, "maxX": 414.0, "maxY": 449.5}, "class_id": 0, "box_caption": "person 0.036", "scores": {"class_score": 0.0364990234375}, "domain": "pixel"}, {"position": {"minX": 139.375, "minY": 501.75, "maxX": 153.875, "maxY": 535.0}, "class_id": 0, "box_caption": "person 0.036", "scores": {"class_score": 0.03607177734375}, "domain": "pixel"}, {"position": {"minX": 20.3125, "minY": 283.25, "maxX": 123.9375, "maxY": 521.0}, "class_id": 0, "box_caption": "person 0.033", "scores": {"class_score": 0.03271484375}, "domain": "pixel"}, {"position": {"minX": 490.0, "minY": 428.75, "maxX": 505.0, "maxY": 480.25}, "class_id": 0, "box_caption": "person 0.032", "scores": {"class_score": 0.0323486328125}, "domain": "pixel"}, {"position": {"minX": 1.9375, "minY": 332.5, "maxX": 97.625, "maxY": 596.0}, "class_id": 0, "box_caption": "person 0.032", "scores": {"class_score": 0.03173828125}, "domain": "pixel"}, {"position": {"minX": 56.0625, "minY": 336.0, "maxX": 157.75, "maxY": 531.5}, "class_id": 0, "box_caption": "person 0.029", "scores": {"class_score": 0.029205322265625}, "domain": "pixel"}, {"position": {"minX": 1.28125, "minY": 12.5, "maxX": 72.5, "maxY": 140.875}, "class_id": 0, "box_caption": "person 0.029", "scores": {"class_score": 0.029144287109375}, "domain": "pixel"}, {"position": {"minX": 519.5, "minY": 368.0, "maxX": 622.5, "maxY": 630.0}, "class_id": 0, "box_caption": "person 0.029", "scores": {"class_score": 0.02886962890625}, "domain": "pixel"}, {"position": {"minX": 407.5, "minY": 488.25, "maxX": 420.5, "maxY": 524.5}, "class_id": 0, "box_caption": "person 0.028", "scores": {"class_score": 0.027801513671875}, "domain": "pixel"}, {"position": {"minX": -5.90625, "minY": 184.25, "maxX": 95.625, "maxY": 490.25}, "class_id": 0, "box_caption": "person 0.025", "scores": {"class_score": 0.024993896484375}, "domain": "pixel"}, {"position": {"minX": 242.25, "minY": 236.125, "maxX": 383.75, "maxY": 515.5}, "class_id": 0, "box_caption": "person 0.024", "scores": {"class_score": 0.0244293212890625}, "domain": "pixel"}, {"position": {"minX": 390.75, "minY": 507.75, "maxX": 400.75, "maxY": 528.5}, "class_id": 0, "box_caption": "person 0.024", "scores": {"class_score": 0.0243377685546875}, "domain": "pixel"}, {"position": {"minX": 427.5, "minY": 529.5, "maxX": 447.5, "maxY": 565.5}, "class_id": 0, "box_caption": "person 0.024", "scores": {"class_score": 0.0237274169921875}, "domain": "pixel"}, {"position": {"minX": 478.25, "minY": 604.5, "maxX": 493.25, "maxY": 640.5}, "class_id": 0, "box_caption": "person 0.024", "scores": {"class_score": 0.0236053466796875}, "domain": "pixel"}, {"position": {"minX": 174.625, "minY": 334.0, "maxX": 310.5, "maxY": 536.5}, "class_id": 0, "box_caption": "person 0.023", "scores": {"class_score": 0.02337646484375}, "domain": "pixel"}, {"position": {"minX": 85.0, "minY": 370.5, "maxX": 195.75, "maxY": 549.0}, "class_id": 0, "box_caption": "person 0.023", "scores": {"class_score": 0.0231475830078125}, "domain": "pixel"}, {"position": {"minX": 130.625, "minY": 333.0, "maxX": 284.0, "maxY": 539.0}, "class_id": 0, "box_caption": "person 0.023", "scores": {"class_score": 0.022979736328125}, "domain": "pixel"}, {"position": {"minX": 430.25, "minY": 481.5, "maxX": 446.75, "maxY": 526.5}, "class_id": 0, "box_caption": "person 0.023", "scores": {"class_score": 0.02288818359375}, "domain": "pixel"}, {"position": {"minX": 519.0, "minY": 122.75, "maxX": 546.0, "maxY": 189.5}, "class_id": 0, "box_caption": "person 0.023", "scores": {"class_score": 0.0227203369140625}, "domain": "pixel"}, {"position": {"minX": 547.5, "minY": 344.0, "maxX": 644.5, "maxY": 592.0}, "class_id": 0, "box_caption": "person 0.023", "scores": {"class_score": 0.0225372314453125}, "domain": "pixel"}, {"position": {"minX": 422.75, "minY": 530.5, "maxX": 436.25, "maxY": 563.5}, "class_id": 0, "box_caption": "person 0.022", "scores": {"class_score": 0.0224609375}, "domain": "pixel"}, {"position": {"minX": 534.5, "minY": 263.5, "maxX": 656.5, "maxY": 604.0}, "class_id": 0, "box_caption": "person 0.022", "scores": {"class_score": 0.022369384765625}, "domain": "pixel"}, {"position": {"minX": 10.1484375, "minY": 422.75, "maxX": 31.375, "maxY": 511.25}, "class_id": 0, "box_caption": "person 0.022", "scores": {"class_score": 0.02203369140625}, "domain": "pixel"}, {"position": {"minX": 320.0, "minY": 329.75, "maxX": 403.0, "maxY": 511.25}, "class_id": 0, "box_caption": "person 0.022", "scores": {"class_score": 0.021820068359375}, "domain": "pixel"}, {"position": {"minX": 497.25, "minY": 153.875, "maxX": 613.0, "maxY": 515.0}, "class_id": 0, "box_caption": "person 0.021", "scores": {"class_score": 0.021453857421875}, "domain": "pixel"}, {"position": {"minX": 374.25, "minY": 450.75, "maxX": 387.75, "maxY": 490.25}, "class_id": 0, "box_caption": "person 0.021", "scores": {"class_score": 0.020965576171875}, "domain": "pixel"}, {"position": {"minX": 24.0, "minY": 386.0, "maxX": 118.375, "maxY": 664.0}, "class_id": 0, "box_caption": "person 0.021", "scores": {"class_score": 0.020965576171875}, "domain": "pixel"}, {"position": {"minX": 479.0, "minY": 165.5, "maxX": 580.0, "maxY": 500.0}, "class_id": 0, "box_caption": "person 0.021", "scores": {"class_score": 0.0206451416015625}, "domain": "pixel"}, {"position": {"minX": 118.4375, "minY": 565.5, "maxX": 135.75, "maxY": 607.5}, "class_id": 0, "box_caption": "person 0.021", "scores": {"class_score": 0.02056884765625}, "domain": "pixel"}, {"position": {"minX": 6.875, "minY": 167.5, "maxX": 85.625, "maxY": 371.5}, "class_id": 0, "box_caption": "person 0.020", "scores": {"class_score": 0.0204925537109375}, "domain": "pixel"}, {"position": {"minX": 470.5, "minY": 195.0, "maxX": 543.0, "maxY": 356.0}, "class_id": 0, "box_caption": "person 0.020", "scores": {"class_score": 0.0196075439453125}, "domain": "pixel"}, {"position": {"minX": 11.28125, "minY": 429.5, "maxX": 28.625, "maxY": 487.0}, "class_id": 0, "box_caption": "person 0.020", "scores": {"class_score": 0.01953125}, "domain": "pixel"}, {"position": {"minX": 106.4375, "minY": 378.25, "maxX": 238.75, "maxY": 542.0}, "class_id": 0, "box_caption": "person 0.019", "scores": {"class_score": 0.01934814453125}, "domain": "pixel"}, {"position": {"minX": 411.0, "minY": 483.5, "maxX": 433.0, "maxY": 520.5}, "class_id": 0, "box_caption": "person 0.019", "scores": {"class_score": 0.0192718505859375}, "domain": "pixel"}, {"position": {"minX": -2.3125, "minY": 3.0625, "maxX": 79.8125, "maxY": 208.75}, "class_id": 0, "box_caption": "person 0.019", "scores": {"class_score": 0.01898193359375}, "domain": "pixel"}, {"position": {"minX": 645.0, "minY": 380.75, "maxX": 658.0, "maxY": 439.25}, "class_id": 0, "box_caption": "person 0.019", "scores": {"class_score": 0.0189056396484375}, "domain": "pixel"}, {"position": {"minX": 12.34375, "minY": 454.0, "maxX": 91.125, "maxY": 663.0}, "class_id": 0, "box_caption": "person 0.018", "scores": {"class_score": 0.018402099609375}, "domain": "pixel"}, {"position": {"minX": 340.0, "minY": 254.125, "maxX": 431.0, "maxY": 474.0}, "class_id": 0, "box_caption": "person 0.018", "scores": {"class_score": 0.0182647705078125}, "domain": "pixel"}, {"position": {"minX": 648.0, "minY": 624.5, "maxX": 662.0, "maxY": 661.5}, "class_id": 0, "box_caption": "person 0.018", "scores": {"class_score": 0.0180511474609375}, "domain": "pixel"}, {"position": {"minX": 262.0, "minY": 216.5, "maxX": 367.0, "maxY": 471.0}, "class_id": 0, "box_caption": "person 0.018", "scores": {"class_score": 0.017852783203125}, "domain": "pixel"}, {"position": {"minX": 487.25, "minY": 418.25, "maxX": 505.25, "maxY": 471.25}, "class_id": 0, "box_caption": "person 0.018", "scores": {"class_score": 0.017578125}, "domain": "pixel"}, {"position": {"minX": 441.0, "minY": 506.0, "maxX": 461.0, "maxY": 559.0}, "class_id": 0, "box_caption": "person 0.017", "scores": {"class_score": 0.017181396484375}, "domain": "pixel"}, {"position": {"minX": 6.34375, "minY": 1.34375, "maxX": 57.21875, "maxY": 107.25}, "class_id": 0, "box_caption": "person 0.017", "scores": {"class_score": 0.017181396484375}, "domain": "pixel"}, {"position": {"minX": 193.625, "minY": 301.0, "maxX": 295.0, "maxY": 509.0}, "class_id": 0, "box_caption": "person 0.017", "scores": {"class_score": 0.0170440673828125}, "domain": "pixel"}, {"position": {"minX": 475.5, "minY": 551.5, "maxX": 486.0, "maxY": 579.5}, "class_id": 0, "box_caption": "person 0.017", "scores": {"class_score": 0.0169219970703125}, "domain": "pixel"}, {"position": {"minX": 7.3125, "minY": 123.375, "maxX": 77.4375, "maxY": 293.0}, "class_id": 0, "box_caption": "person 0.017", "scores": {"class_score": 0.0169219970703125}, "domain": "pixel"}, {"position": {"minX": 49.0, "minY": 362.25, "maxX": 162.25, "maxY": 616.5}, "class_id": 0, "box_caption": "person 0.017", "scores": {"class_score": 0.0165863037109375}, "domain": "pixel"}, {"position": {"minX": 489.75, "minY": 445.5, "maxX": 504.75, "maxY": 489.0}, "class_id": 0, "box_caption": "person 0.017", "scores": {"class_score": 0.0165252685546875}, "domain": "pixel"}, {"position": {"minX": 630.5, "minY": 607.5, "maxX": 656.5, "maxY": 661.5}, "class_id": 0, "box_caption": "person 0.017", "scores": {"class_score": 0.0165252685546875}, "domain": "pixel"}, {"position": {"minX": 494.75, "minY": 203.0, "maxX": 637.0, "maxY": 599.5}, "class_id": 0, "box_caption": "person 0.017", "scores": {"class_score": 0.0165252685546875}, "domain": "pixel"}, {"position": {"minX": 40.03125, "minY": 474.75, "maxX": 108.625, "maxY": 642.0}, "class_id": 0, "box_caption": "person 0.016", "scores": {"class_score": 0.0164642333984375}, "domain": "pixel"}, {"position": {"minX": 305.0, "minY": 315.0, "maxX": 385.0, "maxY": 500.0}, "class_id": 0, "box_caption": "person 0.016", "scores": {"class_score": 0.0163421630859375}, "domain": "pixel"}, {"position": {"minX": 9.640625, "minY": 264.75, "maxX": 69.8125, "maxY": 488.25}, "class_id": 0, "box_caption": "person 0.016", "scores": {"class_score": 0.0163421630859375}, "domain": "pixel"}, {"position": {"minX": 297.0, "minY": 121.75, "maxX": 389.0, "maxY": 429.75}, "class_id": 0, "box_caption": "person 0.016", "scores": {"class_score": 0.0162811279296875}, "domain": "pixel"}, {"position": {"minX": 482.75, "minY": 627.5, "maxX": 505.25, "maxY": 663.5}, "class_id": 0, "box_caption": "person 0.016", "scores": {"class_score": 0.0161590576171875}, "domain": "pixel"}, {"position": {"minX": 469.0, "minY": 437.0, "maxX": 663.0, "maxY": 671.0}, "class_id": 0, "box_caption": "person 0.016", "scores": {"class_score": 0.0161590576171875}, "domain": "pixel"}, {"position": {"minX": 283.5, "minY": 276.25, "maxX": 373.0, "maxY": 476.25}, "class_id": 0, "box_caption": "person 0.016", "scores": {"class_score": 0.0160980224609375}, "domain": "pixel"}, {"position": {"minX": 35.4375, "minY": 316.5, "maxX": 182.75, "maxY": 548.0}, "class_id": 0, "box_caption": "person 0.016", "scores": {"class_score": 0.0160980224609375}, "domain": "pixel"}, {"position": {"minX": 201.0, "minY": 284.75, "maxX": 352.0, "maxY": 526.5}, "class_id": 0, "box_caption": "person 0.016", "scores": {"class_score": 0.016021728515625}, "domain": "pixel"}, {"position": {"minX": 589.5, "minY": 111.6875, "maxX": 666.5, "maxY": 306.75}, "class_id": 0, "box_caption": "person 0.016", "scores": {"class_score": 0.01554107666015625}, "domain": "pixel"}, {"position": {"minX": 6.921875, "minY": 408.25, "maxX": 35.0, "maxY": 524.0}, "class_id": 0, "box_caption": "person 0.015", "scores": {"class_score": 0.0154876708984375}, "domain": "pixel"}, {"position": {"minX": 406.5, "minY": 472.75, "maxX": 421.5, "maxY": 512.5}, "class_id": 0, "box_caption": "person 0.015", "scores": {"class_score": 0.01525115966796875}, "domain": "pixel"}, {"position": {"minX": 14.859375, "minY": -4.125, "maxX": 62.625, "maxY": 149.625}, "class_id": 0, "box_caption": "person 0.015", "scores": {"class_score": 0.01512908935546875}, "domain": "pixel"}, {"position": {"minX": 387.25, "minY": 617.5, "maxX": 434.25, "maxY": 660.5}, "class_id": 0, "box_caption": "person 0.015", "scores": {"class_score": 0.0150146484375}, "domain": "pixel"}, {"position": {"minX": 253.0, "minY": 354.0, "maxX": 312.0, "maxY": 494.0}, "class_id": 0, "box_caption": "person 0.015", "scores": {"class_score": 0.01495361328125}, "domain": "pixel"}, {"position": {"minX": -1.03125, "minY": 84.625, "maxX": 82.25, "maxY": 329.5}, "class_id": 0, "box_caption": "person 0.015", "scores": {"class_score": 0.01490020751953125}, "domain": "pixel"}, {"position": {"minX": 624.0, "minY": 611.5, "maxX": 648.0, "maxY": 661.5}, "class_id": 0, "box_caption": "person 0.015", "scores": {"class_score": 0.01483917236328125}, "domain": "pixel"}, {"position": {"minX": 569.0, "minY": 436.25, "maxX": 666.0, "maxY": 675.0}, "class_id": 0, "box_caption": "person 0.015", "scores": {"class_score": 0.01483917236328125}, "domain": "pixel"}, {"position": {"minX": 7.09375, "minY": 384.25, "maxX": 54.28125, "maxY": 536.0}, "class_id": 0, "box_caption": "person 0.015", "scores": {"class_score": 0.0147857666015625}, "domain": "pixel"}, {"position": {"minX": 635.0, "minY": 623.0, "maxX": 658.0, "maxY": 658.0}, "class_id": 0, "box_caption": "person 0.015", "scores": {"class_score": 0.014617919921875}, "domain": "pixel"}, {"position": {"minX": 240.0, "minY": 278.0, "maxX": 315.0, "maxY": 471.0}, "class_id": 0, "box_caption": "person 0.014", "scores": {"class_score": 0.0143890380859375}, "domain": "pixel"}, {"position": {"minX": 393.5, "minY": 625.5, "maxX": 425.0, "maxY": 657.5}, "class_id": 0, "box_caption": "person 0.014", "scores": {"class_score": 0.0142822265625}, "domain": "pixel"}, {"position": {"minX": 562.5, "minY": 207.5, "maxX": 677.5, "maxY": 593.0}, "class_id": 0, "box_caption": "person 0.014", "scores": {"class_score": 0.0142822265625}, "domain": "pixel"}, {"position": {"minX": 59.8125, "minY": 329.0, "maxX": 227.75, "maxY": 540.5}, "class_id": 0, "box_caption": "person 0.014", "scores": {"class_score": 0.0142822265625}, "domain": "pixel"}, {"position": {"minX": 266.75, "minY": 130.375, "maxX": 286.25, "maxY": 183.875}, "class_id": 0, "box_caption": "person 0.014", "scores": {"class_score": 0.0141143798828125}, "domain": "pixel"}, {"position": {"minX": 476.25, "minY": 602.0, "maxX": 499.25, "maxY": 648.0}, "class_id": 0, "box_caption": "person 0.014", "scores": {"class_score": 0.01406097412109375}, "domain": "pixel"}, {"position": {"minX": 482.75, "minY": 183.5, "maxX": 553.5, "maxY": 406.5}, "class_id": 0, "box_caption": "person 0.014", "scores": {"class_score": 0.01406097412109375}, "domain": "pixel"}, {"position": {"minX": 432.0, "minY": 488.75, "maxX": 453.0, "maxY": 550.0}, "class_id": 0, "box_caption": "person 0.014", "scores": {"class_score": 0.01384735107421875}, "domain": "pixel"}, {"position": {"minX": 628.5, "minY": 624.5, "maxX": 642.5, "maxY": 658.5}, "class_id": 0, "box_caption": "person 0.014", "scores": {"class_score": 0.0136871337890625}, "domain": "pixel"}, {"position": {"minX": 45.4375, "minY": 534.5, "maxX": 110.3125, "maxY": 637.5}, "class_id": 0, "box_caption": "person 0.014", "scores": {"class_score": 0.01363372802734375}, "domain": "pixel"}, {"position": {"minX": 7.625, "minY": 6.90625, "maxX": 44.9375, "maxY": 80.0}, "class_id": 0, "box_caption": "person 0.014", "scores": {"class_score": 0.01358795166015625}, "domain": "pixel"}, {"position": {"minX": 265.75, "minY": 126.5, "maxX": 293.75, "maxY": 177.0}, "class_id": 0, "box_caption": "person 0.014", "scores": {"class_score": 0.01358795166015625}, "domain": "pixel"}, {"position": {"minX": 364.75, "minY": 448.0, "maxX": 386.25, "maxY": 500.5}, "class_id": 0, "box_caption": "person 0.013", "scores": {"class_score": 0.0131683349609375}, "domain": "pixel"}, {"position": {"minX": 516.0, "minY": 149.75, "maxX": 584.0, "maxY": 348.25}, "class_id": 0, "box_caption": "person 0.013", "scores": {"class_score": 0.01302337646484375}, "domain": "pixel"}, {"position": {"minX": 514.5, "minY": 198.625, "maxX": 600.5, "maxY": 469.0}, "class_id": 0, "box_caption": "person 0.013", "scores": {"class_score": 0.01282501220703125}, "domain": "pixel"}, {"position": {"minX": 33.53125, "minY": 318.5, "maxX": 108.0, "maxY": 529.0}, "class_id": 0, "box_caption": "person 0.013", "scores": {"class_score": 0.012725830078125}, "domain": "pixel"}, {"position": {"minX": 393.25, "minY": 630.0, "maxX": 415.25, "maxY": 654.0}, "class_id": 0, "box_caption": "person 0.013", "scores": {"class_score": 0.01267242431640625}, "domain": "pixel"}, {"position": {"minX": 151.5, "minY": 295.5, "maxX": 267.5, "maxY": 515.0}, "class_id": 0, "box_caption": "person 0.012", "scores": {"class_score": 0.01242828369140625}, "domain": "pixel"}, {"position": {"minX": 277.0, "minY": 111.75, "maxX": 304.0, "maxY": 158.75}, "class_id": 0, "box_caption": "person 0.012", "scores": {"class_score": 0.01233673095703125}, "domain": "pixel"}, {"position": {"minX": 531.5, "minY": 351.0, "maxX": 609.5, "maxY": 581.5}, "class_id": 0, "box_caption": "person 0.012", "scores": {"class_score": 0.01229095458984375}, "domain": "pixel"}, {"position": {"minX": 265.5, "minY": 110.0, "maxX": 302.0, "maxY": 168.0}, "class_id": 0, "box_caption": "person 0.012", "scores": {"class_score": 0.012237548828125}, "domain": "pixel"}, {"position": {"minX": 428.0, "minY": 535.5, "maxX": 442.0, "maxY": 570.5}, "class_id": 0, "box_caption": "person 0.012", "scores": {"class_score": 0.01214599609375}, "domain": "pixel"}, {"position": {"minX": 394.5, "minY": 507.5, "maxX": 404.0, "maxY": 527.5}, "class_id": 0, "box_caption": "person 0.012", "scores": {"class_score": 0.01214599609375}, "domain": "pixel"}, {"position": {"minX": 529.5, "minY": 116.75, "maxX": 640.5, "maxY": 364.25}, "class_id": 0, "box_caption": "person 0.012", "scores": {"class_score": 0.0120086669921875}, "domain": "pixel"}, {"position": {"minX": 483.0, "minY": 465.75, "maxX": 500.5, "maxY": 501.25}, "class_id": 0, "box_caption": "person 0.012", "scores": {"class_score": 0.011962890625}, "domain": "pixel"}, {"position": {"minX": 526.5, "minY": 115.875, "maxX": 648.5, "maxY": 559.0}, "class_id": 0, "box_caption": "person 0.012", "scores": {"class_score": 0.011962890625}, "domain": "pixel"}, {"position": {"minX": 490.75, "minY": 424.0, "maxX": 503.75, "maxY": 464.5}, "class_id": 0, "box_caption": "person 0.012", "scores": {"class_score": 0.0119171142578125}, "domain": "pixel"}, {"position": {"minX": 321.0, "minY": 247.25, "maxX": 400.5, "maxY": 439.75}, "class_id": 0, "box_caption": "person 0.012", "scores": {"class_score": 0.0119171142578125}, "domain": "pixel"}, {"position": {"minX": 0.421875, "minY": 362.0, "maxX": 59.75, "maxY": 566.0}, "class_id": 0, "box_caption": "person 0.012", "scores": {"class_score": 0.0119171142578125}, "domain": "pixel"}, {"position": {"minX": 478.0, "minY": 424.5, "maxX": 504.5, "maxY": 485.5}, "class_id": 0, "box_caption": "person 0.012", "scores": {"class_score": 0.01177978515625}, "domain": "pixel"}, {"position": {"minX": 478.0, "minY": 411.5, "maxX": 502.0, "maxY": 471.5}, "class_id": 0, "box_caption": "person 0.012", "scores": {"class_score": 0.011688232421875}, "domain": "pixel"}, {"position": {"minX": 365.75, "minY": 430.5, "maxX": 390.75, "maxY": 491.5}, "class_id": 0, "box_caption": "person 0.012", "scores": {"class_score": 0.0115966796875}, "domain": "pixel"}, {"position": {"minX": 492.25, "minY": 440.25, "maxX": 504.25, "maxY": 477.25}, "class_id": 0, "box_caption": "person 0.012", "scores": {"class_score": 0.011505126953125}, "domain": "pixel"}, {"position": {"minX": 282.0, "minY": 345.5, "maxX": 374.5, "maxY": 532.5}, "class_id": 0, "box_caption": "person 0.012", "scores": {"class_score": 0.011505126953125}, "domain": "pixel"}, {"position": {"minX": 577.0, "minY": 304.75, "maxX": 669.0, "maxY": 567.0}, "class_id": 0, "box_caption": "person 0.012", "scores": {"class_score": 0.011505126953125}, "domain": "pixel"}, {"position": {"minX": 14.53125, "minY": 521.5, "maxX": 87.25, "maxY": 653.5}, "class_id": 0, "box_caption": "person 0.012", "scores": {"class_score": 0.011505126953125}, "domain": "pixel"}, {"position": {"minX": 316.5, "minY": 591.5, "maxX": 488.5, "maxY": 668.5}, "class_id": 0, "box_caption": "person 0.011", "scores": {"class_score": 0.01146697998046875}, "domain": "pixel"}, {"position": {"minX": 113.3125, "minY": 563.5, "maxX": 141.125, "maxY": 605.5}, "class_id": 0, "box_caption": "person 0.011", "scores": {"class_score": 0.01142120361328125}, "domain": "pixel"}, {"position": {"minX": 8.84375, "minY": -8.4375, "maxX": 47.1875, "maxY": 148.5}, "class_id": 0, "box_caption": "person 0.011", "scores": {"class_score": 0.01132965087890625}, "domain": "pixel"}, {"position": {"minX": 433.5, "minY": 472.25, "maxX": 449.0, "maxY": 515.5}, "class_id": 0, "box_caption": "person 0.011", "scores": {"class_score": 0.0112457275390625}, "domain": "pixel"}, {"position": {"minX": 428.75, "minY": 512.5, "maxX": 453.75, "maxY": 567.5}, "class_id": 0, "box_caption": "person 0.011", "scores": {"class_score": 0.0112457275390625}, "domain": "pixel"}, {"position": {"minX": 444.0, "minY": 287.0, "maxX": 461.5, "maxY": 329.0}, "class_id": 0, "box_caption": "person 0.011", "scores": {"class_score": 0.01111602783203125}, "domain": "pixel"}, {"position": {"minX": 484.0, "minY": 635.0, "maxX": 501.0, "maxY": 662.0}, "class_id": 0, "box_caption": "person 0.011", "scores": {"class_score": 0.01107025146484375}, "domain": "pixel"}, {"position": {"minX": 446.75, "minY": 457.25, "maxX": 459.75, "maxY": 494.75}, "class_id": 0, "box_caption": "person 0.011", "scores": {"class_score": 0.01090240478515625}, "domain": "pixel"}, {"position": {"minX": 636.0, "minY": 171.125, "maxX": 659.0, "maxY": 263.0}, "class_id": 0, "box_caption": "person 0.011", "scores": {"class_score": 0.010650634765625}, "domain": "pixel"}, {"position": {"minX": 118.75, "minY": 567.5, "maxX": 143.25, "maxY": 619.5}, "class_id": 0, "box_caption": "person 0.011", "scores": {"class_score": 0.01056671142578125}, "domain": "pixel"}, {"position": {"minX": 255.375, "minY": 368.25, "maxX": 331.75, "maxY": 542.0}, "class_id": 0, "box_caption": "person 0.011", "scores": {"class_score": 0.01056671142578125}, "domain": "pixel"}, {"position": {"minX": 443.5, "minY": 545.5, "maxX": 457.5, "maxY": 577.5}, "class_id": 0, "box_caption": "person 0.010", "scores": {"class_score": 0.01049041748046875}, "domain": "pixel"}, {"position": {"minX": 512.5, "minY": 131.0, "maxX": 540.5, "maxY": 176.0}, "class_id": 0, "box_caption": "person 0.010", "scores": {"class_score": 0.010406494140625}, "domain": "pixel"}, {"position": {"minX": 74.0, "minY": 381.5, "maxX": 166.0, "maxY": 531.5}, "class_id": 0, "box_caption": "person 0.010", "scores": {"class_score": 0.010406494140625}, "domain": "pixel"}, {"position": {"minX": 620.0, "minY": 117.75, "maxX": 669.0, "maxY": 297.25}, "class_id": 0, "box_caption": "person 0.010", "scores": {"class_score": 0.01036834716796875}, "domain": "pixel"}, {"position": {"minX": 13.203125, "minY": 434.75, "maxX": 28.359375, "maxY": 473.75}, "class_id": 0, "box_caption": "person 0.010", "scores": {"class_score": 0.0103302001953125}, "domain": "pixel"}, {"position": {"minX": 20.71875, "minY": 172.75, "maxX": 114.125, "maxY": 503.25}, "class_id": 0, "box_caption": "person 0.010", "scores": {"class_score": 0.0103302001953125}, "domain": "pixel"}, {"position": {"minX": 643.0, "minY": 612.5, "maxX": 662.0, "maxY": 660.5}, "class_id": 0, "box_caption": "person 0.010", "scores": {"class_score": 0.01024627685546875}, "domain": "pixel"}, {"position": {"minX": 355.0, "minY": 285.75, "maxX": 423.0, "maxY": 499.75}, "class_id": 0, "box_caption": "person 0.010", "scores": {"class_score": 0.01024627685546875}, "domain": "pixel"}, {"position": {"minX": 3.1875, "minY": 40.6875, "maxX": 63.125, "maxY": 248.75}, "class_id": 0, "box_caption": "person 0.010", "scores": {"class_score": 0.00997161865234375}, "domain": "pixel"}, {"position": {"minX": 129.0, "minY": 298.5, "maxX": 224.75, "maxY": 514.5}, "class_id": 0, "box_caption": "person 0.010", "scores": {"class_score": 0.00997161865234375}, "domain": "pixel"}, {"position": {"minX": 451.5, "minY": 289.25, "maxX": 464.5, "maxY": 325.75}, "class_id": 0, "box_caption": "person 0.010", "scores": {"class_score": 0.0099334716796875}, "domain": "pixel"}, {"position": {"minX": 406.0, "minY": 467.25, "maxX": 427.0, "maxY": 518.5}, "class_id": 0, "box_caption": "person 0.010", "scores": {"class_score": 0.0099334716796875}, "domain": "pixel"}, {"position": {"minX": 633.0, "minY": 150.875, "maxX": 662.0, "maxY": 280.5}, "class_id": 0, "box_caption": "person 0.010", "scores": {"class_score": 0.0099334716796875}, "domain": "pixel"}, {"position": {"minX": 305.0, "minY": 134.125, "maxX": 378.5, "maxY": 351.0}, "class_id": 0, "box_caption": "person 0.010", "scores": {"class_score": 0.0097808837890625}, "domain": "pixel"}, {"position": {"minX": 639.5, "minY": 377.0, "maxX": 659.5, "maxY": 464.0}, "class_id": 0, "box_caption": "person 0.010", "scores": {"class_score": 0.00963592529296875}, "domain": "pixel"}, {"position": {"minX": 427.25, "minY": 475.5, "maxX": 450.75, "maxY": 531.5}, "class_id": 0, "box_caption": "person 0.010", "scores": {"class_score": 0.00963592529296875}, "domain": "pixel"}, {"position": {"minX": 487.25, "minY": 157.25, "maxX": 553.0, "maxY": 342.75}, "class_id": 0, "box_caption": "person 0.010", "scores": {"class_score": 0.0095977783203125}, "domain": "pixel"}, {"position": {"minX": 268.5, "minY": 584.5, "maxX": 293.5, "maxY": 627.5}, "class_id": 0, "box_caption": "person 0.009", "scores": {"class_score": 0.00948333740234375}, "domain": "pixel"}, {"position": {"minX": 643.5, "minY": 361.0, "maxX": 661.5, "maxY": 455.0}, "class_id": 0, "box_caption": "person 0.009", "scores": {"class_score": 0.00945281982421875}, "domain": "pixel"}, {"position": {"minX": 374.0, "minY": 470.0, "maxX": 389.0, "maxY": 504.0}, "class_id": 0, "box_caption": "person 0.009", "scores": {"class_score": 0.0094146728515625}, "domain": "pixel"}, {"position": {"minX": 470.5, "minY": 607.0, "maxX": 495.5, "maxY": 655.0}, "class_id": 0, "box_caption": "person 0.009", "scores": {"class_score": 0.0094146728515625}, "domain": "pixel"}, {"position": {"minX": 541.5, "minY": 386.5, "maxX": 599.5, "maxY": 552.0}, "class_id": 0, "box_caption": "person 0.009", "scores": {"class_score": 0.00937652587890625}, "domain": "pixel"}, {"position": {"minX": 427.5, "minY": 482.0, "maxX": 458.0, "maxY": 555.0}, "class_id": 0, "box_caption": "person 0.009", "scores": {"class_score": 0.00930023193359375}, "domain": "pixel"}, {"position": {"minX": 389.25, "minY": 503.25, "maxX": 402.25, "maxY": 531.5}, "class_id": 0, "box_caption": "person 0.009", "scores": {"class_score": 0.00926971435546875}, "domain": "pixel"}, {"position": {"minX": 587.5, "minY": 357.25, "maxX": 652.5, "maxY": 557.0}, "class_id": 0, "box_caption": "person 0.009", "scores": {"class_score": 0.00919342041015625}, "domain": "pixel"}, {"position": {"minX": 332.5, "minY": 143.25, "maxX": 398.5, "maxY": 339.0}, "class_id": 0, "box_caption": "person 0.009", "scores": {"class_score": 0.00919342041015625}, "domain": "pixel"}, {"position": {"minX": 442.75, "minY": 462.5, "maxX": 458.25, "maxY": 506.5}, "class_id": 0, "box_caption": "person 0.009", "scores": {"class_score": 0.00905609130859375}, "domain": "pixel"}, {"position": {"minX": 398.5, "minY": 624.5, "maxX": 440.0, "maxY": 662.5}, "class_id": 0, "box_caption": "person 0.009", "scores": {"class_score": 0.0089874267578125}, "domain": "pixel"}, {"position": {"minX": 368.0, "minY": 555.5, "maxX": 378.5, "maxY": 578.5}, "class_id": 0, "box_caption": "person 0.009", "scores": {"class_score": 0.00891876220703125}, "domain": "pixel"}, {"position": {"minX": 474.5, "minY": 550.0, "maxX": 490.0, "maxY": 589.0}, "class_id": 0, "box_caption": "person 0.009", "scores": {"class_score": 0.00891876220703125}, "domain": "pixel"}, {"position": {"minX": 67.625, "minY": 556.0, "maxX": 102.5, "maxY": 616.0}, "class_id": 0, "box_caption": "person 0.009", "scores": {"class_score": 0.00891876220703125}, "domain": "pixel"}, {"position": {"minX": 474.0, "minY": 603.5, "maxX": 513.5, "maxY": 661.5}, "class_id": 0, "box_caption": "person 0.009", "scores": {"class_score": 0.00885009765625}, "domain": "pixel"}, {"position": {"minX": 78.4375, "minY": 563.5, "maxX": 102.8125, "maxY": 615.5}, "class_id": 0, "box_caption": "person 0.009", "scores": {"class_score": 0.00878143310546875}, "domain": "pixel"}, {"position": {"minX": 647.0, "minY": 337.75, "maxX": 659.0, "maxY": 387.25}, "class_id": 0, "box_caption": "person 0.009", "scores": {"class_score": 0.00878143310546875}, "domain": "pixel"}, {"position": {"minX": 18.390625, "minY": 115.1875, "maxX": 61.1875, "maxY": 316.5}, "class_id": 0, "box_caption": "person 0.009", "scores": {"class_score": 0.00878143310546875}, "domain": "pixel"}, {"position": {"minX": 512.5, "minY": 112.625, "maxX": 604.5, "maxY": 316.5}, "class_id": 0, "box_caption": "person 0.009", "scores": {"class_score": 0.00878143310546875}, "domain": "pixel"}, {"position": {"minX": 424.25, "minY": 536.0, "maxX": 437.75, "maxY": 570.0}, "class_id": 0, "box_caption": "person 0.009", "scores": {"class_score": 0.0087432861328125}, "domain": "pixel"}, {"position": {"minX": 193.5, "minY": 357.0, "maxX": 340.5, "maxY": 563.5}, "class_id": 0, "box_caption": "person 0.009", "scores": {"class_score": 0.0087127685546875}, "domain": "pixel"}, {"position": {"minX": 293.5, "minY": 312.0, "maxX": 426.0, "maxY": 532.5}, "class_id": 0, "box_caption": "person 0.009", "scores": {"class_score": 0.00867462158203125}, "domain": "pixel"}, {"position": {"minX": 378.0, "minY": 430.5, "maxX": 397.0, "maxY": 481.0}, "class_id": 0, "box_caption": "person 0.009", "scores": {"class_score": 0.00864410400390625}, "domain": "pixel"}, {"position": {"minX": 424.5, "minY": 523.0, "maxX": 441.0, "maxY": 563.0}, "class_id": 0, "box_caption": "person 0.009", "scores": {"class_score": 0.00864410400390625}, "domain": "pixel"}, {"position": {"minX": 14.5, "minY": 205.75, "maxX": 68.25, "maxY": 449.25}, "class_id": 0, "box_caption": "person 0.009", "scores": {"class_score": 0.00864410400390625}, "domain": "pixel"}, {"position": {"minX": 22.53125, "minY": 255.875, "maxX": 89.25, "maxY": 464.5}, "class_id": 0, "box_caption": "person 0.009", "scores": {"class_score": 0.00864410400390625}, "domain": "pixel"}, {"position": {"minX": 444.0, "minY": 501.0, "maxX": 463.0, "maxY": 548.0}, "class_id": 0, "box_caption": "person 0.009", "scores": {"class_score": 0.008575439453125}, "domain": "pixel"}, {"position": {"minX": 458.0, "minY": 186.875, "maxX": 553.5, "maxY": 487.5}, "class_id": 0, "box_caption": "person 0.009", "scores": {"class_score": 0.008544921875}, "domain": "pixel"}, {"position": {"minX": 319.0, "minY": 243.75, "maxX": 459.5, "maxY": 486.75}, "class_id": 0, "box_caption": "person 0.009", "scores": {"class_score": 0.008544921875}, "domain": "pixel"}, {"position": {"minX": 380.25, "minY": 436.0, "maxX": 395.75, "maxY": 470.0}, "class_id": 0, "box_caption": "person 0.009", "scores": {"class_score": 0.008514404296875}, "domain": "pixel"}, {"position": {"minX": 363.25, "minY": 414.0, "maxX": 394.25, "maxY": 501.0}, "class_id": 0, "box_caption": "person 0.009", "scores": {"class_score": 0.008514404296875}, "domain": "pixel"}, {"position": {"minX": 404.75, "minY": 476.0, "maxX": 421.75, "maxY": 527.0}, "class_id": 0, "box_caption": "person 0.008", "scores": {"class_score": 0.00847625732421875}, "domain": "pixel"}, {"position": {"minX": 644.5, "minY": 184.0, "maxX": 659.5, "maxY": 253.0}, "class_id": 0, "box_caption": "person 0.008", "scores": {"class_score": 0.00844573974609375}, "domain": "pixel"}, {"position": {"minX": 608.0, "minY": 377.0, "maxX": 649.0, "maxY": 531.5}, "class_id": 0, "box_caption": "person 0.008", "scores": {"class_score": 0.00844573974609375}, "domain": "pixel"}, {"position": {"minX": 230.5, "minY": 326.5, "maxX": 374.5, "maxY": 587.5}, "class_id": 0, "box_caption": "person 0.008", "scores": {"class_score": 0.00844573974609375}, "domain": "pixel"}, {"position": {"minX": -1.65625, "minY": 131.5, "maxX": 68.0, "maxY": 413.5}, "class_id": 0, "box_caption": "person 0.008", "scores": {"class_score": 0.0083770751953125}, "domain": "pixel"}, {"position": {"minX": 10.4140625, "minY": 367.5, "maxX": 40.9375, "maxY": 520.0}, "class_id": 0, "box_caption": "person 0.008", "scores": {"class_score": 0.0083465576171875}, "domain": "pixel"}, {"position": {"minX": 12.515625, "minY": 467.0, "maxX": 29.046875, "maxY": 513.0}, "class_id": 0, "box_caption": "person 0.008", "scores": {"class_score": 0.0083160400390625}, "domain": "pixel"}, {"position": {"minX": 458.75, "minY": 425.5, "maxX": 482.25, "maxY": 485.5}, "class_id": 0, "box_caption": "person 0.008", "scores": {"class_score": 0.0082855224609375}, "domain": "pixel"}, {"position": {"minX": 440.0, "minY": 525.5, "maxX": 458.0, "maxY": 573.5}, "class_id": 0, "box_caption": "person 0.008", "scores": {"class_score": 0.0082855224609375}, "domain": "pixel"}, {"position": {"minX": 613.0, "minY": 290.75, "maxX": 672.0, "maxY": 567.0}, "class_id": 0, "box_caption": "person 0.008", "scores": {"class_score": 0.0082855224609375}, "domain": "pixel"}, {"position": {"minX": 249.5, "minY": 382.0, "maxX": 309.5, "maxY": 529.0}, "class_id": 0, "box_caption": "person 0.008", "scores": {"class_score": 0.0082550048828125}, "domain": "pixel"}, {"position": {"minX": 15.6875, "minY": 316.25, "maxX": 65.25, "maxY": 531.0}, "class_id": 0, "box_caption": "person 0.008", "scores": {"class_score": 0.0082550048828125}, "domain": "pixel"}, {"position": {"minX": 484.25, "minY": 404.25, "maxX": 509.25, "maxY": 483.25}, "class_id": 0, "box_caption": "person 0.008", "scores": {"class_score": 0.0082550048828125}, "domain": "pixel"}, {"position": {"minX": 14.109375, "minY": 166.25, "maxX": 57.5, "maxY": 390.75}, "class_id": 0, "box_caption": "person 0.008", "scores": {"class_score": 0.00821685791015625}, "domain": "pixel"}, {"position": {"minX": 28.25, "minY": 338.5, "maxX": 89.875, "maxY": 510.5}, "class_id": 0, "box_caption": "person 0.008", "scores": {"class_score": 0.00818634033203125}, "domain": "pixel"}, {"position": {"minX": 108.375, "minY": 570.0, "maxX": 137.5, "maxY": 618.0}, "class_id": 0, "box_caption": "person 0.008", "scores": {"class_score": 0.00818634033203125}, "domain": "pixel"}, {"position": {"minX": 227.0, "minY": 388.5, "maxX": 312.5, "maxY": 589.0}, "class_id": 0, "box_caption": "person 0.008", "scores": {"class_score": 0.00815582275390625}, "domain": "pixel"}, {"position": {"minX": 469.0, "minY": 130.75, "maxX": 591.0, "maxY": 364.0}, "class_id": 0, "box_caption": "person 0.008", "scores": {"class_score": 0.00812530517578125}, "domain": "pixel"}, {"position": {"minX": 294.5, "minY": 282.25, "maxX": 390.0, "maxY": 439.25}, "class_id": 0, "box_caption": "person 0.008", "scores": {"class_score": 0.00806427001953125}, "domain": "pixel"}, {"position": {"minX": 583.5, "minY": 28.125, "maxX": 671.5, "maxY": 265.5}, "class_id": 0, "box_caption": "person 0.008", "scores": {"class_score": 0.00803375244140625}, "domain": "pixel"}, {"position": {"minX": 31.34375, "minY": 17.0625, "maxX": 77.75, "maxY": 191.0}, "class_id": 0, "box_caption": "person 0.008", "scores": {"class_score": 0.00800323486328125}, "domain": "pixel"}, {"position": {"minX": 93.125, "minY": 307.5, "maxX": 190.125, "maxY": 506.0}, "class_id": 0, "box_caption": "person 0.008", "scores": {"class_score": 0.007965087890625}, "domain": "pixel"}, {"position": {"minX": 6.203125, "minY": 277.5, "maxX": 49.1875, "maxY": 475.0}, "class_id": 0, "box_caption": "person 0.008", "scores": {"class_score": 0.0079345703125}, "domain": "pixel"}, {"position": {"minX": 362.0, "minY": 452.25, "maxX": 377.0, "maxY": 493.25}, "class_id": 0, "box_caption": "person 0.008", "scores": {"class_score": 0.00787353515625}, "domain": "pixel"}, {"position": {"minX": 449.75, "minY": 456.5, "maxX": 463.75, "maxY": 494.5}, "class_id": 0, "box_caption": "person 0.008", "scores": {"class_score": 0.0078125}, "domain": "pixel"}, {"position": {"minX": 456.0, "minY": 343.5, "maxX": 618.0, "maxY": 655.5}, "class_id": 0, "box_caption": "person 0.008", "scores": {"class_score": 0.0078125}, "domain": "pixel"}, {"position": {"minX": 626.0, "minY": 582.0, "maxX": 665.0, "maxY": 666.0}, "class_id": 0, "box_caption": "person 0.008", "scores": {"class_score": 0.007724761962890625}, "domain": "pixel"}, {"position": {"minX": 92.125, "minY": 408.25, "maxX": 180.375, "maxY": 535.0}, "class_id": 0, "box_caption": "person 0.008", "scores": {"class_score": 0.007694244384765625}, "domain": "pixel"}, {"position": {"minX": 409.75, "minY": 484.0, "maxX": 424.25, "maxY": 518.0}, "class_id": 0, "box_caption": "person 0.008", "scores": {"class_score": 0.00763702392578125}, "domain": "pixel"}, {"position": {"minX": 411.25, "minY": 498.25, "maxX": 422.75, "maxY": 527.0}, "class_id": 0, "box_caption": "person 0.008", "scores": {"class_score": 0.00763702392578125}, "domain": "pixel"}, {"position": {"minX": 46.34375, "minY": 319.75, "maxX": 130.875, "maxY": 497.75}, "class_id": 0, "box_caption": "person 0.008", "scores": {"class_score": 0.00763702392578125}, "domain": "pixel"}, {"position": {"minX": 292.5, "minY": 643.5, "maxX": 306.5, "maxY": 660.5}, "class_id": 0, "box_caption": "person 0.008", "scores": {"class_score": 0.00757598876953125}, "domain": "pixel"}, {"position": {"minX": 345.0, "minY": 166.75, "maxX": 425.5, "maxY": 442.25}, "class_id": 0, "box_caption": "person 0.008", "scores": {"class_score": 0.00757598876953125}, "domain": "pixel"}, {"position": {"minX": 185.375, "minY": 168.125, "maxX": 223.625, "maxY": 248.875}, "class_id": 0, "box_caption": "person 0.008", "scores": {"class_score": 0.007518768310546875}, "domain": "pixel"}, {"position": {"minX": 635.0, "minY": 356.5, "maxX": 663.0, "maxY": 483.0}, "class_id": 0, "box_caption": "person 0.007", "scores": {"class_score": 0.007488250732421875}, "domain": "pixel"}, {"position": {"minX": 450.5, "minY": 155.0, "maxX": 614.5, "maxY": 585.0}, "class_id": 0, "box_caption": "person 0.007", "scores": {"class_score": 0.0074615478515625}, "domain": "pixel"}, {"position": {"minX": 478.5, "minY": 447.75, "maxX": 501.5, "maxY": 490.75}, "class_id": 0, "box_caption": "person 0.007", "scores": {"class_score": 0.00734710693359375}, "domain": "pixel"}, {"position": {"minX": 34.3125, "minY": 150.5, "maxX": 76.4375, "maxY": 343.5}, "class_id": 0, "box_caption": "person 0.007", "scores": {"class_score": 0.00734710693359375}, "domain": "pixel"}, {"position": {"minX": 462.5, "minY": 448.5, "maxX": 481.5, "maxY": 486.5}, "class_id": 0, "box_caption": "person 0.007", "scores": {"class_score": 0.00731658935546875}, "domain": "pixel"}, {"position": {"minX": 415.0, "minY": 493.0, "maxX": 435.0, "maxY": 538.0}, "class_id": 0, "box_caption": "person 0.007", "scores": {"class_score": 0.007232666015625}, "domain": "pixel"}, {"position": {"minX": 36.59375, "minY": 573.5, "maxX": 120.25, "maxY": 660.5}, "class_id": 0, "box_caption": "person 0.007", "scores": {"class_score": 0.00714874267578125}, "domain": "pixel"}, {"position": {"minX": 137.125, "minY": 505.0, "maxX": 152.375, "maxY": 542.0}, "class_id": 0, "box_caption": "person 0.007", "scores": {"class_score": 0.007122039794921875}, "domain": "pixel"}, {"position": {"minX": 237.875, "minY": 367.0, "maxX": 296.5, "maxY": 512.0}, "class_id": 0, "box_caption": "person 0.007", "scores": {"class_score": 0.007122039794921875}, "domain": "pixel"}, {"position": {"minX": 456.5, "minY": 412.25, "maxX": 485.0, "maxY": 472.75}, "class_id": 0, "box_caption": "person 0.007", "scores": {"class_score": 0.0070648193359375}, "domain": "pixel"}, {"position": {"minX": 11.078125, "minY": 327.75, "maxX": 46.5, "maxY": 453.25}, "class_id": 0, "box_caption": "person 0.007", "scores": {"class_score": 0.00701141357421875}, "domain": "pixel"}, {"position": {"minX": 4.953125, "minY": 17.0625, "maxX": 47.0, "maxY": 217.75}, "class_id": 0, "box_caption": "person 0.007", "scores": {"class_score": 0.00701141357421875}, "domain": "pixel"}, {"position": {"minX": 170.25, "minY": 372.0, "maxX": 316.25, "maxY": 610.0}, "class_id": 0, "box_caption": "person 0.007", "scores": {"class_score": 0.00701141357421875}, "domain": "pixel"}, {"position": {"minX": 101.625, "minY": 532.0, "maxX": 114.125, "maxY": 559.0}, "class_id": 0, "box_caption": "person 0.007", "scores": {"class_score": 0.006984710693359375}, "domain": "pixel"}, {"position": {"minX": 619.0, "minY": 27.625, "maxX": 669.0, "maxY": 197.375}, "class_id": 0, "box_caption": "person 0.007", "scores": {"class_score": 0.0069580078125}, "domain": "pixel"}, {"position": {"minX": 520.5, "minY": 495.0, "maxX": 665.5, "maxY": 671.0}, "class_id": 0, "box_caption": "person 0.007", "scores": {"class_score": 0.0069580078125}, "domain": "pixel"}, {"position": {"minX": 499.25, "minY": 138.75, "maxX": 567.5, "maxY": 290.75}, "class_id": 0, "box_caption": "person 0.007", "scores": {"class_score": 0.006931304931640625}, "domain": "pixel"}, {"position": {"minX": 502.75, "minY": 210.5, "maxX": 572.0, "maxY": 443.5}, "class_id": 0, "box_caption": "person 0.007", "scores": {"class_score": 0.00690460205078125}, "domain": "pixel"}, {"position": {"minX": 242.75, "minY": 592.0, "maxX": 433.25, "maxY": 671.0}, "class_id": 0, "box_caption": "person 0.007", "scores": {"class_score": 0.006877899169921875}, "domain": "pixel"}, {"position": {"minX": 446.5, "minY": 374.5, "maxX": 473.0, "maxY": 441.5}, "class_id": 0, "box_caption": "person 0.007", "scores": {"class_score": 0.0068511962890625}, "domain": "pixel"}, {"position": {"minX": 56.1875, "minY": 543.0, "maxX": 95.8125, "maxY": 625.0}, "class_id": 0, "box_caption": "person 0.007", "scores": {"class_score": 0.0068511962890625}, "domain": "pixel"}, {"position": {"minX": 583.5, "minY": 505.75, "maxX": 663.5, "maxY": 675.0}, "class_id": 0, "box_caption": "person 0.007", "scores": {"class_score": 0.0068511962890625}, "domain": "pixel"}, {"position": {"minX": 400.0, "minY": 499.25, "maxX": 413.5, "maxY": 527.5}, "class_id": 0, "box_caption": "person 0.007", "scores": {"class_score": 0.006824493408203125}, "domain": "pixel"}, {"position": {"minX": 516.5, "minY": 429.5, "maxX": 527.5, "maxY": 459.5}, "class_id": 0, "box_caption": "person 0.007", "scores": {"class_score": 0.00679779052734375}, "domain": "pixel"}, {"position": {"minX": 239.5, "minY": 589.0, "maxX": 364.5, "maxY": 666.0}, "class_id": 0, "box_caption": "person 0.007", "scores": {"class_score": 0.006744384765625}, "domain": "pixel"}, {"position": {"minX": 338.0, "minY": 372.75, "maxX": 401.5, "maxY": 536.5}, "class_id": 0, "box_caption": "person 0.007", "scores": {"class_score": 0.006717681884765625}, "domain": "pixel"}, {"position": {"minX": 333.5, "minY": 610.0, "maxX": 463.5, "maxY": 678.0}, "class_id": 0, "box_caption": "person 0.007", "scores": {"class_score": 0.006717681884765625}, "domain": "pixel"}, {"position": {"minX": 592.5, "minY": 360.25, "maxX": 661.5, "maxY": 646.0}, "class_id": 0, "box_caption": "person 0.007", "scores": {"class_score": 0.00669097900390625}, "domain": "pixel"}, {"position": {"minX": 448.5, "minY": 598.5, "maxX": 541.0, "maxY": 660.5}, "class_id": 0, "box_caption": "person 0.007", "scores": {"class_score": 0.00669097900390625}, "domain": "pixel"}, {"position": {"minX": -5.4375, "minY": 428.0, "maxX": 108.5, "maxY": 685.0}, "class_id": 0, "box_caption": "person 0.007", "scores": {"class_score": 0.00669097900390625}, "domain": "pixel"}, {"position": {"minX": 632.5, "minY": 566.0, "maxX": 658.5, "maxY": 671.0}, "class_id": 0, "box_caption": "person 0.007", "scores": {"class_score": 0.006641387939453125}, "domain": "pixel"}, {"position": {"minX": 263.5, "minY": 584.0, "maxX": 303.0, "maxY": 640.0}, "class_id": 0, "box_caption": "person 0.007", "scores": {"class_score": 0.00661468505859375}, "domain": "pixel"}, {"position": {"minX": 510.25, "minY": 169.0, "maxX": 566.0, "maxY": 330.25}, "class_id": 0, "box_caption": "person 0.007", "scores": {"class_score": 0.00653839111328125}, "domain": "pixel"}, {"position": {"minX": 443.5, "minY": 376.5, "maxX": 492.0, "maxY": 489.0}, "class_id": 0, "box_caption": "person 0.007", "scores": {"class_score": 0.00653839111328125}, "domain": "pixel"}, {"position": {"minX": 70.625, "minY": 552.0, "maxX": 143.375, "maxY": 634.0}, "class_id": 0, "box_caption": "person 0.007", "scores": {"class_score": 0.00653839111328125}, "domain": "pixel"}, {"position": {"minX": 10.875, "minY": 578.5, "maxX": 91.75, "maxY": 658.5}, "class_id": 0, "box_caption": "person 0.007", "scores": {"class_score": 0.00653839111328125}, "domain": "pixel"}, {"position": {"minX": 225.0, "minY": 185.5, "maxX": 244.0, "maxY": 222.25}, "class_id": 0, "box_caption": "person 0.007", "scores": {"class_score": 0.006511688232421875}, "domain": "pixel"}, {"position": {"minX": 155.75, "minY": 192.375, "maxX": 208.5, "maxY": 278.25}, "class_id": 0, "box_caption": "person 0.006", "scores": {"class_score": 0.006488800048828125}, "domain": "pixel"}, {"position": {"minX": 544.0, "minY": 221.875, "maxX": 640.0, "maxY": 516.5}, "class_id": 0, "box_caption": "person 0.006", "scores": {"class_score": 0.006488800048828125}, "domain": "pixel"}, {"position": {"minX": 271.25, "minY": 134.625, "maxX": 292.75, "maxY": 189.875}, "class_id": 0, "box_caption": "person 0.006", "scores": {"class_score": 0.006439208984375}, "domain": "pixel"}, {"position": {"minX": 106.25, "minY": 573.0, "maxX": 124.125, "maxY": 618.0}, "class_id": 0, "box_caption": "person 0.006", "scores": {"class_score": 0.006439208984375}, "domain": "pixel"}, {"position": {"minX": 85.25, "minY": 569.5, "maxX": 117.125, "maxY": 621.5}, "class_id": 0, "box_caption": "person 0.006", "scores": {"class_score": 0.006439208984375}, "domain": "pixel"}, {"position": {"minX": 326.5, "minY": 353.5, "maxX": 392.0, "maxY": 491.0}, "class_id": 0, "box_caption": "person 0.006", "scores": {"class_score": 0.006439208984375}, "domain": "pixel"}, {"position": {"minX": 465.25, "minY": 602.5, "maxX": 501.25, "maxY": 658.5}, "class_id": 0, "box_caption": "person 0.006", "scores": {"class_score": 0.006412506103515625}, "domain": "pixel"}, {"position": {"minX": 399.5, "minY": 627.5, "maxX": 418.5, "maxY": 656.5}, "class_id": 0, "box_caption": "person 0.006", "scores": {"class_score": 0.006389617919921875}, "domain": "pixel"}, {"position": {"minX": 644.5, "minY": 630.0, "maxX": 660.5, "maxY": 667.0}, "class_id": 0, "box_caption": "person 0.006", "scores": {"class_score": 0.006389617919921875}, "domain": "pixel"}, {"position": {"minX": 210.0, "minY": 293.5, "maxX": 275.0, "maxY": 456.5}, "class_id": 0, "box_caption": "person 0.006", "scores": {"class_score": 0.006389617919921875}, "domain": "pixel"}, {"position": {"minX": 371.5, "minY": 441.5, "maxX": 392.0, "maxY": 498.5}, "class_id": 0, "box_caption": "person 0.006", "scores": {"class_score": 0.0063629150390625}, "domain": "pixel"}, {"position": {"minX": 114.5625, "minY": 564.0, "maxX": 150.0, "maxY": 627.0}, "class_id": 0, "box_caption": "person 0.006", "scores": {"class_score": 0.0063629150390625}, "domain": "pixel"}, {"position": {"minX": 408.5, "minY": 456.75, "maxX": 436.0, "maxY": 526.0}, "class_id": 0, "box_caption": "person 0.006", "scores": {"class_score": 0.0063629150390625}, "domain": "pixel"}, {"position": {"minX": 417.25, "minY": 530.0, "maxX": 429.25, "maxY": 564.0}, "class_id": 0, "box_caption": "person 0.006", "scores": {"class_score": 0.00634002685546875}, "domain": "pixel"}, {"position": {"minX": 636.0, "minY": 13.140625, "maxX": 665.0, "maxY": 71.875}, "class_id": 0, "box_caption": "person 0.006", "scores": {"class_score": 0.00634002685546875}, "domain": "pixel"}, {"position": {"minX": 416.25, "minY": 471.0, "maxX": 463.75, "maxY": 579.0}, "class_id": 0, "box_caption": "person 0.006", "scores": {"class_score": 0.006313323974609375}, "domain": "pixel"}, {"position": {"minX": 268.5, "minY": 580.0, "maxX": 285.5, "maxY": 619.0}, "class_id": 0, "box_caption": "person 0.006", "scores": {"class_score": 0.006290435791015625}, "domain": "pixel"}, {"position": {"minX": 272.0, "minY": 119.125, "maxX": 306.0, "maxY": 175.375}, "class_id": 0, "box_caption": "person 0.006", "scores": {"class_score": 0.006290435791015625}, "domain": "pixel"}, {"position": {"minX": 47.3125, "minY": 499.25, "maxX": 96.5625, "maxY": 638.5}, "class_id": 0, "box_caption": "person 0.006", "scores": {"class_score": 0.006290435791015625}, "domain": "pixel"}, {"position": {"minX": 60.625, "minY": 577.5, "maxX": 162.375, "maxY": 664.5}, "class_id": 0, "box_caption": "person 0.006", "scores": {"class_score": 0.006290435791015625}, "domain": "pixel"}, {"position": {"minX": 644.0, "minY": 195.125, "maxX": 662.0, "maxY": 271.75}, "class_id": 0, "box_caption": "person 0.006", "scores": {"class_score": 0.00626373291015625}, "domain": "pixel"}, {"position": {"minX": 251.875, "minY": 106.75, "maxX": 305.25, "maxY": 185.25}, "class_id": 0, "box_caption": "person 0.006", "scores": {"class_score": 0.00626373291015625}, "domain": "pixel"}, {"position": {"minX": 416.5, "minY": 637.5, "maxX": 434.0, "maxY": 663.5}, "class_id": 0, "box_caption": "person 0.006", "scores": {"class_score": 0.006145477294921875}, "domain": "pixel"}, {"position": {"minX": 550.0, "minY": 362.0, "maxX": 617.0, "maxY": 550.0}, "class_id": 0, "box_caption": "person 0.006", "scores": {"class_score": 0.006122589111328125}, "domain": "pixel"}, {"position": {"minX": 439.5, "minY": 490.25, "maxX": 465.5, "maxY": 557.0}, "class_id": 0, "box_caption": "person 0.006", "scores": {"class_score": 0.006122589111328125}, "domain": "pixel"}, {"position": {"minX": 624.5, "minY": 16.375, "maxX": 668.5, "maxY": 148.75}, "class_id": 0, "box_caption": "person 0.006", "scores": {"class_score": 0.006122589111328125}, "domain": "pixel"}, {"position": {"minX": 35.59375, "minY": 185.0, "maxX": 100.5, "maxY": 421.0}, "class_id": 0, "box_caption": "person 0.006", "scores": {"class_score": 0.006122589111328125}, "domain": "pixel"}, {"position": {"minX": 584.5, "minY": 114.375, "maxX": 663.5, "maxY": 426.5}, "class_id": 0, "box_caption": "person 0.006", "scores": {"class_score": 0.006122589111328125}, "domain": "pixel"}, {"position": {"minX": 605.0, "minY": 77.0, "maxX": 660.0, "maxY": 288.75}, "class_id": 0, "box_caption": "person 0.006", "scores": {"class_score": 0.00609588623046875}, "domain": "pixel"}, {"position": {"minX": 429.5, "minY": 171.25, "maxX": 571.5, "maxY": 439.75}, "class_id": 0, "box_caption": "person 0.006", "scores": {"class_score": 0.00609588623046875}, "domain": "pixel"}, {"position": {"minX": 362.5, "minY": 466.75, "maxX": 380.5, "maxY": 496.25}, "class_id": 0, "box_caption": "person 0.006", "scores": {"class_score": 0.00605010986328125}, "domain": "pixel"}, {"position": {"minX": 60.96875, "minY": 513.0, "maxX": 107.5, "maxY": 626.0}, "class_id": 0, "box_caption": "person 0.006", "scores": {"class_score": 0.00605010986328125}, "domain": "pixel"}, {"position": {"minX": 636.0, "minY": 204.0, "maxX": 658.0, "maxY": 292.5}, "class_id": 0, "box_caption": "person 0.006", "scores": {"class_score": 0.0060272216796875}, "domain": "pixel"}, {"position": {"minX": 2.25, "minY": 9.0625, "maxX": 33.125, "maxY": 74.1875}, "class_id": 0, "box_caption": "person 0.006", "scores": {"class_score": 0.00600433349609375}, "domain": "pixel"}, {"position": {"minX": 32.625, "minY": 111.1875, "maxX": 73.875, "maxY": 289.25}, "class_id": 0, "box_caption": "person 0.006", "scores": {"class_score": 0.00600433349609375}, "domain": "pixel"}, {"position": {"minX": 624.0, "minY": 246.0, "maxX": 642.0, "maxY": 309.5}, "class_id": 0, "box_caption": "person 0.006", "scores": {"class_score": 0.00595855712890625}, "domain": "pixel"}, {"position": {"minX": 13.515625, "minY": 303.75, "maxX": 66.0625, "maxY": 447.75}, "class_id": 0, "box_caption": "person 0.006", "scores": {"class_score": 0.0059356689453125}, "domain": "pixel"}, {"position": {"minX": 634.5, "minY": 231.375, "maxX": 653.5, "maxY": 294.25}, "class_id": 0, "box_caption": "person 0.006", "scores": {"class_score": 0.00591278076171875}, "domain": "pixel"}, {"position": {"minX": 552.0, "minY": 402.0, "maxX": 589.0, "maxY": 513.0}, "class_id": 0, "box_caption": "person 0.006", "scores": {"class_score": 0.00591278076171875}, "domain": "pixel"}, {"position": {"minX": 390.25, "minY": 610.0, "maxX": 455.25, "maxY": 663.0}, "class_id": 0, "box_caption": "person 0.006", "scores": {"class_score": 0.00591278076171875}, "domain": "pixel"}, {"position": {"minX": 478.5, "minY": 465.0, "maxX": 494.5, "maxY": 500.5}, "class_id": 0, "box_caption": "person 0.006", "scores": {"class_score": 0.00586700439453125}, "domain": "pixel"}, {"position": {"minX": 432.75, "minY": 534.0, "maxX": 451.25, "maxY": 578.0}, "class_id": 0, "box_caption": "person 0.006", "scores": {"class_score": 0.00586700439453125}, "domain": "pixel"}, {"position": {"minX": 414.25, "minY": 628.5, "maxX": 436.75, "maxY": 662.5}, "class_id": 0, "box_caption": "person 0.006", "scores": {"class_score": 0.00586700439453125}, "domain": "pixel"}, {"position": {"minX": 395.0, "minY": 636.0, "maxX": 412.5, "maxY": 660.0}, "class_id": 0, "box_caption": "person 0.006", "scores": {"class_score": 0.00586700439453125}, "domain": "pixel"}, {"position": {"minX": 623.5, "minY": 517.0, "maxX": 668.5, "maxY": 671.0}, "class_id": 0, "box_caption": "person 0.006", "scores": {"class_score": 0.00586700439453125}, "domain": "pixel"}, {"position": {"minX": 473.75, "minY": 408.5, "maxX": 514.0, "maxY": 506.5}, "class_id": 0, "box_caption": "person 0.006", "scores": {"class_score": 0.0058441162109375}, "domain": "pixel"}, {"position": {"minX": 483.75, "minY": 453.25, "maxX": 504.75, "maxY": 499.75}, "class_id": 0, "box_caption": "person 0.006", "scores": {"class_score": 0.00582122802734375}, "domain": "pixel"}, {"position": {"minX": 187.125, "minY": 196.0, "maxX": 216.875, "maxY": 264.75}, "class_id": 0, "box_caption": "person 0.006", "scores": {"class_score": 0.00582122802734375}, "domain": "pixel"}, {"position": {"minX": 6.734375, "minY": 42.71875, "maxX": 47.0, "maxY": 164.0}, "class_id": 0, "box_caption": "person 0.006", "scores": {"class_score": 0.0057525634765625}, "domain": "pixel"}], "class_labels": {"0": "person"}}