{"box_data": [{"position": {"minX": 327.5, "minY": 171.25, "maxX": 391.5, "maxY": 328.0}, "class_id": 0, "box_caption": "person 0.194", "scores": {"class_score": 0.1943359375}, "domain": "pixel"}, {"position": {"minX": 434.75, "minY": 260.5, "maxX": 536.0, "maxY": 543.5}, "class_id": 0, "box_caption": "person 0.140", "scores": {"class_score": 0.14013671875}, "domain": "pixel"}, {"position": {"minX": 404.25, "minY": 262.75, "maxX": 586.5, "maxY": 658.0}, "class_id": 0, "box_caption": "person 0.103", "scores": {"class_score": 0.10321044921875}, "domain": "pixel"}, {"position": {"minX": 427.5, "minY": 143.5, "maxX": 487.5, "maxY": 236.75}, "class_id": 0, "box_caption": "person 0.103", "scores": {"class_score": 0.1026611328125}, "domain": "pixel"}, {"position": {"minX": 132.625, "minY": 399.0, "maxX": 164.875, "maxY": 479.0}, "class_id": 0, "box_caption": "person 0.089", "scores": {"class_score": 0.0894775390625}, "domain": "pixel"}, {"position": {"minX": 401.5, "minY": 142.25, "maxX": 545.5, "maxY": 534.0}, "class_id": 0, "box_caption": "person 0.088", "scores": {"class_score": 0.0880126953125}, "domain": "pixel"}, {"position": {"minX": 173.5, "minY": 411.0, "maxX": 201.5, "maxY": 469.0}, "class_id": 0, "box_caption": "person 0.083", "scores": {"class_score": 0.08331298828125}, "domain": "pixel"}, {"position": {"minX": 159.5, "minY": 149.75, "maxX": 210.0, "maxY": 257.25}, "class_id": 0, "box_caption": "person 0.069", "scores": {"class_score": 0.06854248046875}, "domain": "pixel"}, {"position": {"minX": 594.0, "minY": 191.25, "maxX": 655.0, "maxY": 295.75}, "class_id": 0, "box_caption": "person 0.059", "scores": {"class_score": 0.059417724609375}, "domain": "pixel"}, {"position": {"minX": 52.625, "minY": 145.75, "maxX": 112.875, "maxY": 256.5}, "class_id": 0, "box_caption": "person 0.052", "scores": {"class_score": 0.052337646484375}, "domain": "pixel"}, {"position": {"minX": 39.625, "minY": 138.625, "maxX": 103.625, "maxY": 240.625}, "class_id": 0, "box_caption": "person 0.051", "scores": {"class_score": 0.050994873046875}, "domain": "pixel"}, {"position": {"minX": 142.25, "minY": 378.75, "maxX": 206.25, "maxY": 478.75}, "class_id": 0, "box_caption": "person 0.051", "scores": {"class_score": 0.050506591796875}, "domain": "pixel"}, {"position": {"minX": 323.5, "minY": 160.0, "maxX": 382.0, "maxY": 280.25}, "class_id": 0, "box_caption": "person 0.050", "scores": {"class_score": 0.0504150390625}, "domain": "pixel"}, {"position": {"minX": 10.875, "minY": 130.875, "maxX": 73.0, "maxY": 235.125}, "class_id": 0, "box_caption": "person 0.048", "scores": {"class_score": 0.0482177734375}, "domain": "pixel"}, {"position": {"minX": 324.25, "minY": 66.5625, "maxX": 405.75, "maxY": 279.5}, "class_id": 0, "box_caption": "person 0.047", "scores": {"class_score": 0.046905517578125}, "domain": "pixel"}, {"position": {"minX": 74.3125, "minY": 151.625, "maxX": 133.25, "maxY": 259.5}, "class_id": 0, "box_caption": "person 0.044", "scores": {"class_score": 0.04351806640625}, "domain": "pixel"}, {"position": {"minX": 342.25, "minY": 191.25, "maxX": 398.25, "maxY": 333.25}, "class_id": 0, "box_caption": "person 0.042", "scores": {"class_score": 0.041778564453125}, "domain": "pixel"}, {"position": {"minX": 624.5, "minY": 188.5, "maxX": 660.5, "maxY": 292.0}, "class_id": 0, "box_caption": "person 0.041", "scores": {"class_score": 0.04107666015625}, "domain": "pixel"}, {"position": {"minX": 129.75, "minY": 389.5, "maxX": 178.0, "maxY": 486.0}, "class_id": 0, "box_caption": "person 0.041", "scores": {"class_score": 0.04107666015625}, "domain": "pixel"}, {"position": {"minX": 414.25, "minY": 138.75, "maxX": 469.75, "maxY": 233.25}, "class_id": 0, "box_caption": "person 0.041", "scores": {"class_score": 0.040771484375}, "domain": "pixel"}, {"position": {"minX": 130.75, "minY": 328.25, "maxX": 221.25, "maxY": 494.75}, "class_id": 0, "box_caption": "person 0.037", "scores": {"class_score": 0.037200927734375}, "domain": "pixel"}, {"position": {"minX": 431.5, "minY": 224.625, "maxX": 611.5, "maxY": 577.0}, "class_id": 0, "box_caption": "person 0.035", "scores": {"class_score": 0.0352783203125}, "domain": "pixel"}, {"position": {"minX": 609.5, "minY": 192.75, "maxX": 657.5, "maxY": 279.0}, "class_id": 0, "box_caption": "person 0.034", "scores": {"class_score": 0.033966064453125}, "domain": "pixel"}, {"position": {"minX": 7.875, "minY": 262.5, "maxX": 92.375, "maxY": 535.5}, "class_id": 0, "box_caption": "person 0.034", "scores": {"class_score": 0.033966064453125}, "domain": "pixel"}, {"position": {"minX": 382.0, "minY": 185.375, "maxX": 510.0, "maxY": 549.5}, "class_id": 0, "box_caption": "person 0.034", "scores": {"class_score": 0.033599853515625}, "domain": "pixel"}, {"position": {"minX": 169.25, "minY": 389.0, "maxX": 206.75, "maxY": 475.5}, "class_id": 0, "box_caption": "person 0.032", "scores": {"class_score": 0.031982421875}, "domain": "pixel"}, {"position": {"minX": 418.0, "minY": 293.75, "maxX": 507.5, "maxY": 522.0}, "class_id": 0, "box_caption": "person 0.031", "scores": {"class_score": 0.03125}, "domain": "pixel"}, {"position": {"minX": 124.3125, "minY": 410.75, "maxX": 170.25, "maxY": 498.75}, "class_id": 0, "box_caption": "person 0.029", "scores": {"class_score": 0.02947998046875}, "domain": "pixel"}, {"position": {"minX": 141.125, "minY": 411.75, "maxX": 188.375, "maxY": 488.75}, "class_id": 0, "box_caption": "person 0.029", "scores": {"class_score": 0.029083251953125}, "domain": "pixel"}, {"position": {"minX": 90.5, "minY": 154.0, "maxX": 140.5, "maxY": 244.75}, "class_id": 0, "box_caption": "person 0.028", "scores": {"class_score": 0.028106689453125}, "domain": "pixel"}, {"position": {"minX": 444.25, "minY": 210.125, "maxX": 657.0, "maxY": 661.0}, "class_id": 0, "box_caption": "person 0.028", "scores": {"class_score": 0.0279083251953125}, "domain": "pixel"}, {"position": {"minX": 443.25, "minY": 145.875, "maxX": 493.75, "maxY": 225.375}, "class_id": 0, "box_caption": "person 0.027", "scores": {"class_score": 0.0274810791015625}, "domain": "pixel"}, {"position": {"minX": 163.0, "minY": 366.0, "maxX": 219.0, "maxY": 485.0}, "class_id": 0, "box_caption": "person 0.026", "scores": {"class_score": 0.026458740234375}, "domain": "pixel"}, {"position": {"minX": 108.5, "minY": 154.875, "maxX": 166.0, "maxY": 251.375}, "class_id": 0, "box_caption": "person 0.025", "scores": {"class_score": 0.02484130859375}, "domain": "pixel"}, {"position": {"minX": 313.25, "minY": 155.5, "maxX": 412.75, "maxY": 339.5}, "class_id": 0, "box_caption": "person 0.024", "scores": {"class_score": 0.023773193359375}, "domain": "pixel"}, {"position": {"minX": 431.5, "minY": 143.75, "maxX": 473.5, "maxY": 222.5}, "class_id": 0, "box_caption": "person 0.021", "scores": {"class_score": 0.021453857421875}, "domain": "pixel"}, {"position": {"minX": 6.078125, "minY": 128.75, "maxX": 52.125, "maxY": 233.5}, "class_id": 0, "box_caption": "person 0.021", "scores": {"class_score": 0.02069091796875}, "domain": "pixel"}, {"position": {"minX": 14.59375, "minY": 42.25, "maxX": 36.5, "maxY": 109.625}, "class_id": 0, "box_caption": "person 0.019", "scores": {"class_score": 0.0186920166015625}, "domain": "pixel"}, {"position": {"minX": 449.25, "minY": 127.625, "maxX": 506.75, "maxY": 233.375}, "class_id": 0, "box_caption": "person 0.018", "scores": {"class_score": 0.018096923828125}, "domain": "pixel"}, {"position": {"minX": 172.375, "minY": 168.5, "maxX": 215.625, "maxY": 250.0}, "class_id": 0, "box_caption": "person 0.018", "scores": {"class_score": 0.01751708984375}, "domain": "pixel"}, {"position": {"minX": 139.125, "minY": 418.75, "maxX": 176.375, "maxY": 478.75}, "class_id": 0, "box_caption": "person 0.017", "scores": {"class_score": 0.0174407958984375}, "domain": "pixel"}, {"position": {"minX": 75.125, "minY": 321.5, "maxX": 98.875, "maxY": 401.5}, "class_id": 0, "box_caption": "person 0.017", "scores": {"class_score": 0.0165863037109375}, "domain": "pixel"}, {"position": {"minX": 320.5, "minY": 180.5, "maxX": 371.0, "maxY": 261.0}, "class_id": 0, "box_caption": "person 0.016", "scores": {"class_score": 0.0164031982421875}, "domain": "pixel"}, {"position": {"minX": 578.5, "minY": 210.25, "maxX": 642.5, "maxY": 301.5}, "class_id": 0, "box_caption": "person 0.016", "scores": {"class_score": 0.0164031982421875}, "domain": "pixel"}, {"position": {"minX": 611.5, "minY": 192.125, "maxX": 662.5, "maxY": 321.0}, "class_id": 0, "box_caption": "person 0.016", "scores": {"class_score": 0.0160980224609375}, "domain": "pixel"}, {"position": {"minX": 133.125, "minY": 399.75, "maxX": 200.375, "maxY": 501.25}, "class_id": 0, "box_caption": "person 0.016", "scores": {"class_score": 0.016021728515625}, "domain": "pixel"}, {"position": {"minX": 342.25, "minY": 163.75, "maxX": 392.25, "maxY": 273.25}, "class_id": 0, "box_caption": "person 0.016", "scores": {"class_score": 0.015899658203125}, "domain": "pixel"}, {"position": {"minX": 115.875, "minY": 154.75, "maxX": 152.625, "maxY": 218.5}, "class_id": 0, "box_caption": "person 0.015", "scores": {"class_score": 0.0154266357421875}, "domain": "pixel"}, {"position": {"minX": 357.0, "minY": 258.0, "maxX": 524.5, "maxY": 663.0}, "class_id": 0, "box_caption": "person 0.015", "scores": {"class_score": 0.01512908935546875}, "domain": "pixel"}, {"position": {"minX": 310.25, "minY": 38.125, "maxX": 426.75, "maxY": 260.0}, "class_id": 0, "box_caption": "person 0.015", "scores": {"class_score": 0.01490020751953125}, "domain": "pixel"}, {"position": {"minX": 324.0, "minY": 178.375, "maxX": 355.5, "maxY": 251.875}, "class_id": 0, "box_caption": "person 0.014", "scores": {"class_score": 0.01433563232421875}, "domain": "pixel"}, {"position": {"minX": 349.0, "minY": 92.8125, "maxX": 432.0, "maxY": 253.5}, "class_id": 0, "box_caption": "person 0.014", "scores": {"class_score": 0.0135345458984375}, "domain": "pixel"}, {"position": {"minX": 110.9375, "minY": 262.75, "maxX": 131.0, "maxY": 307.25}, "class_id": 0, "box_caption": "person 0.013", "scores": {"class_score": 0.012725830078125}, "domain": "pixel"}, {"position": {"minX": 409.25, "minY": 308.5, "maxX": 479.75, "maxY": 506.5}, "class_id": 0, "box_caption": "person 0.013", "scores": {"class_score": 0.012725830078125}, "domain": "pixel"}, {"position": {"minX": 100.875, "minY": 151.875, "maxX": 143.125, "maxY": 223.875}, "class_id": 0, "box_caption": "person 0.013", "scores": {"class_score": 0.01267242431640625}, "domain": "pixel"}, {"position": {"minX": 123.375, "minY": 155.75, "maxX": 172.375, "maxY": 236.75}, "class_id": 0, "box_caption": "person 0.013", "scores": {"class_score": 0.01262664794921875}, "domain": "pixel"}, {"position": {"minX": 424.25, "minY": 159.25, "maxX": 466.25, "maxY": 229.0}, "class_id": 0, "box_caption": "person 0.012", "scores": {"class_score": 0.01229095458984375}, "domain": "pixel"}, {"position": {"minX": 333.75, "minY": 158.125, "maxX": 385.25, "maxY": 249.375}, "class_id": 0, "box_caption": "person 0.012", "scores": {"class_score": 0.0119171142578125}, "domain": "pixel"}, {"position": {"minX": 174.25, "minY": 391.0, "maxX": 227.0, "maxY": 523.0}, "class_id": 0, "box_caption": "person 0.012", "scores": {"class_score": 0.0116424560546875}, "domain": "pixel"}, {"position": {"minX": 13.03125, "minY": 228.125, "maxX": 79.75, "maxY": 448.5}, "class_id": 0, "box_caption": "person 0.012", "scores": {"class_score": 0.0115966796875}, "domain": "pixel"}, {"position": {"minX": 24.46875, "minY": 145.75, "maxX": 84.875, "maxY": 238.0}, "class_id": 0, "box_caption": "person 0.011", "scores": {"class_score": 0.01142120361328125}, "domain": "pixel"}, {"position": {"minX": 353.25, "minY": 100.875, "maxX": 530.0, "maxY": 515.0}, "class_id": 0, "box_caption": "person 0.011", "scores": {"class_score": 0.01132965087890625}, "domain": "pixel"}, {"position": {"minX": 409.25, "minY": 126.25, "maxX": 505.75, "maxY": 349.0}, "class_id": 0, "box_caption": "person 0.011", "scores": {"class_score": 0.010986328125}, "domain": "pixel"}, {"position": {"minX": 75.875, "minY": 147.75, "maxX": 124.75, "maxY": 231.25}, "class_id": 0, "box_caption": "person 0.011", "scores": {"class_score": 0.01090240478515625}, "domain": "pixel"}, {"position": {"minX": 402.5, "minY": 239.625, "maxX": 488.5, "maxY": 497.0}, "class_id": 0, "box_caption": "person 0.011", "scores": {"class_score": 0.01073455810546875}, "domain": "pixel"}, {"position": {"minX": 315.25, "minY": 187.25, "maxX": 354.25, "maxY": 271.75}, "class_id": 0, "box_caption": "person 0.011", "scores": {"class_score": 0.0106964111328125}, "domain": "pixel"}, {"position": {"minX": 35.46875, "minY": 272.75, "maxX": 101.0, "maxY": 475.25}, "class_id": 0, "box_caption": "person 0.010", "scores": {"class_score": 0.01049041748046875}, "domain": "pixel"}, {"position": {"minX": 158.875, "minY": 330.5, "maxX": 233.125, "maxY": 485.5}, "class_id": 0, "box_caption": "person 0.010", "scores": {"class_score": 0.01024627685546875}, "domain": "pixel"}, {"position": {"minX": 465.25, "minY": 130.625, "maxX": 655.0, "maxY": 555.0}, "class_id": 0, "box_caption": "person 0.010", "scores": {"class_score": 0.01016998291015625}, "domain": "pixel"}, {"position": {"minX": 12.15625, "minY": 29.25, "maxX": 38.0625, "maxY": 139.375}, "class_id": 0, "box_caption": "person 0.010", "scores": {"class_score": 0.0100555419921875}, "domain": "pixel"}, {"position": {"minX": 293.25, "minY": 122.0, "maxX": 510.25, "maxY": 609.0}, "class_id": 0, "box_caption": "person 0.010", "scores": {"class_score": 0.010009765625}, "domain": "pixel"}, {"position": {"minX": 408.5, "minY": 130.625, "maxX": 451.5, "maxY": 231.625}, "class_id": 0, "box_caption": "person 0.010", "scores": {"class_score": 0.00997161865234375}, "domain": "pixel"}, {"position": {"minX": 376.5, "minY": 128.875, "maxX": 504.5, "maxY": 421.0}, "class_id": 0, "box_caption": "person 0.010", "scores": {"class_score": 0.009857177734375}, "domain": "pixel"}, {"position": {"minX": 19.34375, "minY": 301.75, "maxX": 40.625, "maxY": 360.25}, "class_id": 0, "box_caption": "person 0.010", "scores": {"class_score": 0.0097808837890625}, "domain": "pixel"}, {"position": {"minX": 163.25, "minY": 370.75, "maxX": 239.75, "maxY": 542.0}, "class_id": 0, "box_caption": "person 0.010", "scores": {"class_score": 0.009674072265625}, "domain": "pixel"}, {"position": {"minX": 417.25, "minY": 331.5, "maxX": 469.75, "maxY": 486.0}, "class_id": 0, "box_caption": "person 0.010", "scores": {"class_score": 0.0095977783203125}, "domain": "pixel"}, {"position": {"minX": 401.25, "minY": 279.0, "maxX": 519.5, "maxY": 594.5}, "class_id": 0, "box_caption": "person 0.010", "scores": {"class_score": 0.00955963134765625}, "domain": "pixel"}, {"position": {"minX": 246.0, "minY": 347.0, "maxX": 283.0, "maxY": 453.0}, "class_id": 0, "box_caption": "person 0.010", "scores": {"class_score": 0.00955963134765625}, "domain": "pixel"}, {"position": {"minX": 566.5, "minY": 187.25, "maxX": 643.5, "maxY": 281.0}, "class_id": 0, "box_caption": "person 0.009", "scores": {"class_score": 0.00948333740234375}, "domain": "pixel"}, {"position": {"minX": 82.5, "minY": 424.25, "maxX": 135.5, "maxY": 515.5}, "class_id": 0, "box_caption": "person 0.009", "scores": {"class_score": 0.00937652587890625}, "domain": "pixel"}, {"position": {"minX": 319.0, "minY": 180.5, "maxX": 347.5, "maxY": 259.0}, "class_id": 0, "box_caption": "person 0.009", "scores": {"class_score": 0.00919342041015625}, "domain": "pixel"}, {"position": {"minX": 163.25, "minY": 142.0, "maxX": 223.0, "maxY": 238.0}, "class_id": 0, "box_caption": "person 0.009", "scores": {"class_score": 0.00905609130859375}, "domain": "pixel"}, {"position": {"minX": 61.0625, "minY": 155.25, "maxX": 123.0625, "maxY": 295.25}, "class_id": 0, "box_caption": "person 0.009", "scores": {"class_score": 0.00894927978515625}, "domain": "pixel"}, {"position": {"minX": 176.0, "minY": 425.25, "maxX": 197.5, "maxY": 472.75}, "class_id": 0, "box_caption": "person 0.009", "scores": {"class_score": 0.008880615234375}, "domain": "pixel"}, {"position": {"minX": 209.625, "minY": 428.5, "maxX": 249.625, "maxY": 557.5}, "class_id": 0, "box_caption": "person 0.009", "scores": {"class_score": 0.00878143310546875}, "domain": "pixel"}, {"position": {"minX": 184.875, "minY": 413.5, "maxX": 247.125, "maxY": 575.0}, "class_id": 0, "box_caption": "person 0.009", "scores": {"class_score": 0.00861358642578125}, "domain": "pixel"}, {"position": {"minX": 252.0, "minY": 345.5, "maxX": 283.0, "maxY": 410.5}, "class_id": 0, "box_caption": "person 0.008", "scores": {"class_score": 0.0083770751953125}, "domain": "pixel"}, {"position": {"minX": 445.25, "minY": 166.625, "maxX": 488.75, "maxY": 236.375}, "class_id": 0, "box_caption": "person 0.008", "scores": {"class_score": 0.0078125}, "domain": "pixel"}, {"position": {"minX": 111.0, "minY": 430.0, "maxX": 180.5, "maxY": 534.5}, "class_id": 0, "box_caption": "person 0.008", "scores": {"class_score": 0.007724761962890625}, "domain": "pixel"}, {"position": {"minX": 179.5, "minY": 408.0, "maxX": 211.0, "maxY": 487.5}, "class_id": 0, "box_caption": "person 0.008", "scores": {"class_score": 0.00763702392578125}, "domain": "pixel"}, {"position": {"minX": 449.0, "minY": 323.5, "maxX": 522.5, "maxY": 496.5}, "class_id": 0, "box_caption": "person 0.008", "scores": {"class_score": 0.00760650634765625}, "domain": "pixel"}, {"position": {"minX": 90.1875, "minY": 163.125, "maxX": 126.3125, "maxY": 259.75}, "class_id": 0, "box_caption": "person 0.008", "scores": {"class_score": 0.007518768310546875}, "domain": "pixel"}, {"position": {"minX": 632.0, "minY": 185.125, "maxX": 663.0, "maxY": 270.0}, "class_id": 0, "box_caption": "person 0.007", "scores": {"class_score": 0.007488250732421875}, "domain": "pixel"}, {"position": {"minX": 21.15625, "minY": 137.0, "maxX": 133.75, "maxY": 262.25}, "class_id": 0, "box_caption": "person 0.007", "scores": {"class_score": 0.0074310302734375}, "domain": "pixel"}, {"position": {"minX": 356.75, "minY": 190.5, "maxX": 409.25, "maxY": 340.0}, "class_id": 0, "box_caption": "person 0.007", "scores": {"class_score": 0.007259368896484375}, "domain": "pixel"}, {"position": {"minX": 393.5, "minY": 104.125, "maxX": 476.5, "maxY": 225.875}, "class_id": 0, "box_caption": "person 0.007", "scores": {"class_score": 0.007259368896484375}, "domain": "pixel"}, {"position": {"minX": 493.5, "minY": 94.375, "maxX": 512.0, "maxY": 140.125}, "class_id": 0, "box_caption": "person 0.007", "scores": {"class_score": 0.007232666015625}, "domain": "pixel"}, {"position": {"minX": 506.5, "minY": 88.25, "maxX": 528.5, "maxY": 130.125}, "class_id": 0, "box_caption": "person 0.007", "scores": {"class_score": 0.007175445556640625}, "domain": "pixel"}, {"position": {"minX": 330.25, "minY": 112.0625, "maxX": 392.75, "maxY": 255.25}, "class_id": 0, "box_caption": "person 0.007", "scores": {"class_score": 0.007175445556640625}, "domain": "pixel"}, {"position": {"minX": 128.5, "minY": 156.375, "maxX": 165.5, "maxY": 211.875}, "class_id": 0, "box_caption": "person 0.007", "scores": {"class_score": 0.0070953369140625}, "domain": "pixel"}, {"position": {"minX": 356.0, "minY": 137.75, "maxX": 415.0, "maxY": 274.75}, "class_id": 0, "box_caption": "person 0.007", "scores": {"class_score": 0.0070953369140625}, "domain": "pixel"}, {"position": {"minX": 403.0, "minY": 128.25, "maxX": 520.5, "maxY": 257.25}, "class_id": 0, "box_caption": "person 0.007", "scores": {"class_score": 0.0070953369140625}, "domain": "pixel"}, {"position": {"minX": 19.0625, "minY": 243.25, "maxX": 68.5625, "maxY": 373.75}, "class_id": 0, "box_caption": "person 0.007", "scores": {"class_score": 0.00690460205078125}, "domain": "pixel"}, {"position": {"minX": 387.5, "minY": 161.75, "maxX": 488.5, "maxY": 380.25}, "class_id": 0, "box_caption": "person 0.007", "scores": {"class_score": 0.006824493408203125}, "domain": "pixel"}, {"position": {"minX": 24.53125, "minY": 211.5, "maxX": 108.375, "maxY": 478.0}, "class_id": 0, "box_caption": "person 0.007", "scores": {"class_score": 0.006824493408203125}, "domain": "pixel"}, {"position": {"minX": 17.6875, "minY": 32.8125, "maxX": 38.09375, "maxY": 98.1875}, "class_id": 0, "box_caption": "person 0.007", "scores": {"class_score": 0.006744384765625}, "domain": "pixel"}, {"position": {"minX": 24.1875, "minY": 304.25, "maxX": 108.3125, "maxY": 547.0}, "class_id": 0, "box_caption": "person 0.007", "scores": {"class_score": 0.006744384765625}, "domain": "pixel"}, {"position": {"minX": 151.0, "minY": 490.0, "maxX": 182.0, "maxY": 531.0}, "class_id": 0, "box_caption": "person 0.007", "scores": {"class_score": 0.006641387939453125}, "domain": "pixel"}, {"position": {"minX": 433.0, "minY": 156.125, "maxX": 538.5, "maxY": 468.5}, "class_id": 0, "box_caption": "person 0.007", "scores": {"class_score": 0.006641387939453125}, "domain": "pixel"}, {"position": {"minX": 432.0, "minY": 118.625, "maxX": 492.0, "maxY": 215.875}, "class_id": 0, "box_caption": "person 0.007", "scores": {"class_score": 0.00661468505859375}, "domain": "pixel"}, {"position": {"minX": 72.9375, "minY": 140.25, "maxX": 107.9375, "maxY": 220.75}, "class_id": 0, "box_caption": "person 0.007", "scores": {"class_score": 0.006587982177734375}, "domain": "pixel"}, {"position": {"minX": 427.0, "minY": 314.5, "maxX": 491.0, "maxY": 476.0}, "class_id": 0, "box_caption": "person 0.007", "scores": {"class_score": 0.006587982177734375}, "domain": "pixel"}, {"position": {"minX": 221.5, "minY": 344.75, "maxX": 272.75, "maxY": 463.25}, "class_id": 0, "box_caption": "person 0.007", "scores": {"class_score": 0.006587982177734375}, "domain": "pixel"}, {"position": {"minX": 257.0, "minY": 349.75, "maxX": 289.0, "maxY": 403.25}, "class_id": 0, "box_caption": "person 0.007", "scores": {"class_score": 0.00653839111328125}, "domain": "pixel"}, {"position": {"minX": 167.75, "minY": 183.125, "maxX": 202.75, "maxY": 262.5}, "class_id": 0, "box_caption": "person 0.006", "scores": {"class_score": 0.006488800048828125}, "domain": "pixel"}, {"position": {"minX": 238.0, "minY": 331.5, "maxX": 293.0, "maxY": 468.5}, "class_id": 0, "box_caption": "person 0.006", "scores": {"class_score": 0.00646209716796875}, "domain": "pixel"}, {"position": {"minX": 499.0, "minY": 92.5625, "maxX": 528.0, "maxY": 138.75}, "class_id": 0, "box_caption": "person 0.006", "scores": {"class_score": 0.006412506103515625}, "domain": "pixel"}, {"position": {"minX": 115.5625, "minY": 266.0, "maxX": 135.125, "maxY": 304.5}, "class_id": 0, "box_caption": "person 0.006", "scores": {"class_score": 0.006412506103515625}, "domain": "pixel"}, {"position": {"minX": 10.40625, "minY": 129.25, "maxX": 90.25, "maxY": 332.75}, "class_id": 0, "box_caption": "person 0.006", "scores": {"class_score": 0.006389617919921875}, "domain": "pixel"}, {"position": {"minX": 147.5, "minY": 149.375, "maxX": 199.0, "maxY": 226.125}, "class_id": 0, "box_caption": "person 0.006", "scores": {"class_score": 0.00634002685546875}, "domain": "pixel"}, {"position": {"minX": 118.5, "minY": 142.125, "maxX": 237.5, "maxY": 261.75}, "class_id": 0, "box_caption": "person 0.006", "scores": {"class_score": 0.00634002685546875}, "domain": "pixel"}, {"position": {"minX": 175.75, "minY": 194.75, "maxX": 204.5, "maxY": 252.25}, "class_id": 0, "box_caption": "person 0.006", "scores": {"class_score": 0.00626373291015625}, "domain": "pixel"}, {"position": {"minX": 113.8125, "minY": 322.5, "maxX": 196.0, "maxY": 491.0}, "class_id": 0, "box_caption": "person 0.006", "scores": {"class_score": 0.0062408447265625}, "domain": "pixel"}, {"position": {"minX": 339.5, "minY": 125.625, "maxX": 424.0, "maxY": 288.5}, "class_id": 0, "box_caption": "person 0.006", "scores": {"class_score": 0.006168365478515625}, "domain": "pixel"}, {"position": {"minX": 650.0, "minY": 302.0, "maxX": 660.0, "maxY": 342.5}, "class_id": 0, "box_caption": "person 0.006", "scores": {"class_score": 0.00609588623046875}, "domain": "pixel"}, {"position": {"minX": 345.0, "minY": 172.875, "maxX": 382.5, "maxY": 252.125}, "class_id": 0, "box_caption": "person 0.006", "scores": {"class_score": 0.006072998046875}, "domain": "pixel"}, {"position": {"minX": 330.25, "minY": 175.75, "maxX": 366.25, "maxY": 249.75}, "class_id": 0, "box_caption": "person 0.006", "scores": {"class_score": 0.0059814453125}, "domain": "pixel"}, {"position": {"minX": 130.0, "minY": 324.0, "maxX": 183.5, "maxY": 430.0}, "class_id": 0, "box_caption": "person 0.006", "scores": {"class_score": 0.00595855712890625}, "domain": "pixel"}, {"position": {"minX": 46.5, "minY": 539.0, "maxX": 307.5, "maxY": 661.0}, "class_id": 0, "box_caption": "person 0.006", "scores": {"class_score": 0.00595855712890625}, "domain": "pixel"}, {"position": {"minX": 9.109375, "minY": 116.25, "maxX": 35.4375, "maxY": 210.5}, "class_id": 0, "box_caption": "person 0.006", "scores": {"class_score": 0.0059356689453125}, "domain": "pixel"}, {"position": {"minX": 301.25, "minY": 154.25, "maxX": 404.25, "maxY": 434.75}, "class_id": 0, "box_caption": "person 0.006", "scores": {"class_score": 0.0059356689453125}, "domain": "pixel"}, {"position": {"minX": 421.25, "minY": 313.75, "maxX": 466.25, "maxY": 441.25}, "class_id": 0, "box_caption": "person 0.006", "scores": {"class_score": 0.0058441162109375}, "domain": "pixel"}, {"position": {"minX": 623.0, "minY": 190.5, "maxX": 653.0, "maxY": 269.75}, "class_id": 0, "box_caption": "person 0.006", "scores": {"class_score": 0.00582122802734375}, "domain": "pixel"}, {"position": {"minX": 204.0, "minY": 274.5, "maxX": 219.0, "maxY": 313.0}, "class_id": 0, "box_caption": "person 0.006", "scores": {"class_score": 0.00582122802734375}, "domain": "pixel"}, {"position": {"minX": 563.0, "minY": 174.75, "maxX": 674.0, "maxY": 304.75}, "class_id": 0, "box_caption": "person 0.006", "scores": {"class_score": 0.00579833984375}, "domain": "pixel"}, {"position": {"minX": 109.375, "minY": 151.625, "maxX": 139.875, "maxY": 208.125}, "class_id": 0, "box_caption": "person 0.006", "scores": {"class_score": 0.00577545166015625}, "domain": "pixel"}, {"position": {"minX": 431.5, "minY": 168.875, "maxX": 483.0, "maxY": 242.375}, "class_id": 0, "box_caption": "person 0.006", "scores": {"class_score": 0.00572967529296875}, "domain": "pixel"}, {"position": {"minX": 498.5, "minY": 95.9375, "maxX": 518.0, "maxY": 139.5}, "class_id": 0, "box_caption": "person 0.006", "scores": {"class_score": 0.005687713623046875}, "domain": "pixel"}, {"position": {"minX": 19.03125, "minY": 309.75, "maxX": 49.34375, "maxY": 355.25}, "class_id": 0, "box_caption": "person 0.006", "scores": {"class_score": 0.005641937255859375}, "domain": "pixel"}, {"position": {"minX": 237.125, "minY": 492.75, "maxX": 259.25, "maxY": 554.0}, "class_id": 0, "box_caption": "person 0.006", "scores": {"class_score": 0.005619049072265625}, "domain": "pixel"}, {"position": {"minX": 180.25, "minY": 189.25, "maxX": 212.0, "maxY": 250.25}, "class_id": 0, "box_caption": "person 0.006", "scores": {"class_score": 0.0055999755859375}, "domain": "pixel"}, {"position": {"minX": 17.515625, "minY": 294.25, "maxX": 57.4375, "maxY": 356.75}, "class_id": 0, "box_caption": "person 0.006", "scores": {"class_score": 0.005535125732421875}, "domain": "pixel"}, {"position": {"minX": 448.75, "minY": 186.5, "maxX": 599.0, "maxY": 499.5}, "class_id": 0, "box_caption": "person 0.005", "scores": {"class_score": 0.005489349365234375}, "domain": "pixel"}, {"position": {"minX": 410.25, "minY": 273.5, "maxX": 473.75, "maxY": 454.5}, "class_id": 0, "box_caption": "person 0.005", "scores": {"class_score": 0.0054473876953125}, "domain": "pixel"}, {"position": {"minX": 247.0, "minY": 368.75, "maxX": 291.0, "maxY": 479.75}, "class_id": 0, "box_caption": "person 0.005", "scores": {"class_score": 0.0054473876953125}, "domain": "pixel"}, {"position": {"minX": 218.5, "minY": 114.0, "maxX": 458.5, "maxY": 615.5}, "class_id": 0, "box_caption": "person 0.005", "scores": {"class_score": 0.005428314208984375}, "domain": "pixel"}, {"position": {"minX": 293.0, "minY": 112.375, "maxX": 439.0, "maxY": 559.0}, "class_id": 0, "box_caption": "person 0.005", "scores": {"class_score": 0.005405426025390625}, "domain": "pixel"}, {"position": {"minX": 434.5, "minY": 277.0, "maxX": 515.5, "maxY": 483.5}, "class_id": 0, "box_caption": "person 0.005", "scores": {"class_score": 0.00536346435546875}, "domain": "pixel"}, {"position": {"minX": 200.75, "minY": 431.75, "maxX": 238.25, "maxY": 542.0}, "class_id": 0, "box_caption": "person 0.005", "scores": {"class_score": 0.005344390869140625}, "domain": "pixel"}, {"position": {"minX": 181.875, "minY": 326.0, "maxX": 245.375, "maxY": 486.5}, "class_id": 0, "box_caption": "person 0.005", "scores": {"class_score": 0.00530242919921875}, "domain": "pixel"}, {"position": {"minX": 574.5, "minY": 239.625, "maxX": 589.5, "maxY": 285.5}, "class_id": 0, "box_caption": "person 0.005", "scores": {"class_score": 0.00524139404296875}, "domain": "pixel"}, {"position": {"minX": 76.875, "minY": 423.0, "maxX": 110.375, "maxY": 528.0}, "class_id": 0, "box_caption": "person 0.005", "scores": {"class_score": 0.00524139404296875}, "domain": "pixel"}, {"position": {"minX": 130.25, "minY": 416.0, "maxX": 207.5, "maxY": 567.0}, "class_id": 0, "box_caption": "person 0.005", "scores": {"class_score": 0.005199432373046875}, "domain": "pixel"}, {"position": {"minX": 195.125, "minY": 411.5, "maxX": 268.5, "maxY": 583.5}, "class_id": 0, "box_caption": "person 0.005", "scores": {"class_score": 0.005161285400390625}, "domain": "pixel"}, {"position": {"minX": 212.5, "minY": 381.5, "maxX": 262.0, "maxY": 551.5}, "class_id": 0, "box_caption": "person 0.005", "scores": {"class_score": 0.005138397216796875}, "domain": "pixel"}, {"position": {"minX": -0.125, "minY": 116.5625, "maxX": 104.9375, "maxY": 245.75}, "class_id": 0, "box_caption": "person 0.005", "scores": {"class_score": 0.005138397216796875}, "domain": "pixel"}, {"position": {"minX": 331.5, "minY": 154.25, "maxX": 453.5, "maxY": 442.75}, "class_id": 0, "box_caption": "person 0.005", "scores": {"class_score": 0.005039215087890625}, "domain": "pixel"}, {"position": {"minX": 590.0, "minY": 216.5, "maxX": 650.0, "maxY": 326.5}, "class_id": 0, "box_caption": "person 0.005", "scores": {"class_score": 0.0050201416015625}, "domain": "pixel"}, {"position": {"minX": 57.625, "minY": 281.5, "maxX": 100.25, "maxY": 439.0}, "class_id": 0, "box_caption": "person 0.005", "scores": {"class_score": 0.00498199462890625}, "domain": "pixel"}, {"position": {"minX": 474.75, "minY": 95.0, "maxX": 526.0, "maxY": 212.0}, "class_id": 0, "box_caption": "person 0.005", "scores": {"class_score": 0.004962921142578125}, "domain": "pixel"}, {"position": {"minX": 62.40625, "minY": 303.5, "maxX": 97.625, "maxY": 416.0}, "class_id": 0, "box_caption": "person 0.005", "scores": {"class_score": 0.004848480224609375}, "domain": "pixel"}, {"position": {"minX": 167.75, "minY": 397.5, "maxX": 259.25, "maxY": 587.0}, "class_id": 0, "box_caption": "person 0.005", "scores": {"class_score": 0.004810333251953125}, "domain": "pixel"}, {"position": {"minX": 337.75, "minY": 169.125, "maxX": 375.25, "maxY": 240.875}, "class_id": 0, "box_caption": "person 0.005", "scores": {"class_score": 0.004791259765625}, "domain": "pixel"}, {"position": {"minX": 573.5, "minY": 238.25, "maxX": 598.5, "maxY": 290.25}, "class_id": 0, "box_caption": "person 0.005", "scores": {"class_score": 0.004680633544921875}, "domain": "pixel"}, {"position": {"minX": 417.25, "minY": 174.25, "maxX": 457.25, "maxY": 234.0}, "class_id": 0, "box_caption": "person 0.005", "scores": {"class_score": 0.004665374755859375}, "domain": "pixel"}, {"position": {"minX": 58.71875, "minY": 396.75, "maxX": 111.5, "maxY": 532.0}, "class_id": 0, "box_caption": "person 0.005", "scores": {"class_score": 0.004665374755859375}, "domain": "pixel"}, {"position": {"minX": 34.0625, "minY": 115.625, "maxX": 104.1875, "maxY": 216.625}, "class_id": 0, "box_caption": "person 0.005", "scores": {"class_score": 0.00455474853515625}, "domain": "pixel"}, {"position": {"minX": 90.875, "minY": 317.0, "maxX": 216.625, "maxY": 502.0}, "class_id": 0, "box_caption": "person 0.005", "scores": {"class_score": 0.004520416259765625}, "domain": "pixel"}, {"position": {"minX": 232.25, "minY": 120.25, "maxX": 252.5, "maxY": 176.5}, "class_id": 0, "box_caption": "person 0.005", "scores": {"class_score": 0.004505157470703125}, "domain": "pixel"}, {"position": {"minX": 325.5, "minY": 27.1875, "maxX": 449.5, "maxY": 216.75}, "class_id": 0, "box_caption": "person 0.004", "scores": {"class_score": 0.004486083984375}, "domain": "pixel"}, {"position": {"minX": 89.125, "minY": 160.625, "maxX": 146.875, "maxY": 295.0}, "class_id": 0, "box_caption": "person 0.004", "scores": {"class_score": 0.00443267822265625}, "domain": "pixel"}, {"position": {"minX": 20.84375, "minY": 312.5, "maxX": 36.59375, "maxY": 355.0}, "class_id": 0, "box_caption": "person 0.004", "scores": {"class_score": 0.004398345947265625}, "domain": "pixel"}, {"position": {"minX": 213.0, "minY": 116.125, "maxX": 259.25, "maxY": 239.375}, "class_id": 0, "box_caption": "person 0.004", "scores": {"class_score": 0.004398345947265625}, "domain": "pixel"}, {"position": {"minX": 490.75, "minY": 88.875, "maxX": 543.5, "maxY": 198.625}, "class_id": 0, "box_caption": "person 0.004", "scores": {"class_score": 0.004383087158203125}, "domain": "pixel"}, {"position": {"minX": 84.5, "minY": 373.0, "maxX": 149.375, "maxY": 505.5}, "class_id": 0, "box_caption": "person 0.004", "scores": {"class_score": 0.004383087158203125}, "domain": "pixel"}, {"position": {"minX": 569.0, "minY": 211.0, "maxX": 609.0, "maxY": 296.0}, "class_id": 0, "box_caption": "person 0.004", "scores": {"class_score": 0.00428009033203125}, "domain": "pixel"}, {"position": {"minX": 437.75, "minY": 341.75, "maxX": 512.0, "maxY": 529.0}, "class_id": 0, "box_caption": "person 0.004", "scores": {"class_score": 0.004199981689453125}, "domain": "pixel"}, {"position": {"minX": 312.0, "minY": 186.0, "maxX": 394.0, "maxY": 392.5}, "class_id": 0, "box_caption": "person 0.004", "scores": {"class_score": 0.004055023193359375}, "domain": "pixel"}, {"position": {"minX": 561.0, "minY": 193.625, "maxX": 581.0, "maxY": 245.625}, "class_id": 0, "box_caption": "person 0.004", "scores": {"class_score": 0.004039764404296875}, "domain": "pixel"}, {"position": {"minX": 402.75, "minY": 323.25, "maxX": 458.25, "maxY": 520.0}, "class_id": 0, "box_caption": "person 0.004", "scores": {"class_score": 0.00397491455078125}, "domain": "pixel"}, {"position": {"minX": 68.75, "minY": 145.0, "maxX": 209.25, "maxY": 259.25}, "class_id": 0, "box_caption": "person 0.004", "scores": {"class_score": 0.0039005279541015625}, "domain": "pixel"}, {"position": {"minX": 190.625, "minY": 194.875, "maxX": 215.875, "maxY": 244.375}, "class_id": 0, "box_caption": "person 0.004", "scores": {"class_score": 0.0038852691650390625}, "domain": "pixel"}, {"position": {"minX": 583.0, "minY": 188.25, "maxX": 652.0, "maxY": 257.75}, "class_id": 0, "box_caption": "person 0.004", "scores": {"class_score": 0.0038852691650390625}, "domain": "pixel"}, {"position": {"minX": 223.0, "minY": 449.5, "maxX": 261.5, "maxY": 567.0}, "class_id": 0, "box_caption": "person 0.004", "scores": {"class_score": 0.0038852691650390625}, "domain": "pixel"}, {"position": {"minX": 363.25, "minY": 219.375, "maxX": 404.25, "maxY": 331.75}, "class_id": 0, "box_caption": "person 0.004", "scores": {"class_score": 0.0038547515869140625}, "domain": "pixel"}, {"position": {"minX": 426.0, "minY": 132.5, "maxX": 465.5, "maxY": 213.5}, "class_id": 0, "box_caption": "person 0.004", "scores": {"class_score": 0.0038242340087890625}, "domain": "pixel"}, {"position": {"minX": 25.484375, "minY": 282.25, "maxX": 72.25, "maxY": 369.75}, "class_id": 0, "box_caption": "person 0.004", "scores": {"class_score": 0.0038242340087890625}, "domain": "pixel"}, {"position": {"minX": 415.5, "minY": 371.0, "maxX": 445.0, "maxY": 471.5}, "class_id": 0, "box_caption": "person 0.004", "scores": {"class_score": 0.003780364990234375}, "domain": "pixel"}, {"position": {"minX": 375.0, "minY": 119.375, "maxX": 502.0, "maxY": 241.625}, "class_id": 0, "box_caption": "person 0.004", "scores": {"class_score": 0.0037212371826171875}, "domain": "pixel"}, {"position": {"minX": 23.203125, "minY": 42.625, "maxX": 39.6875, "maxY": 91.625}, "class_id": 0, "box_caption": "person 0.004", "scores": {"class_score": 0.0036792755126953125}, "domain": "pixel"}, {"position": {"minX": 71.4375, "minY": 287.0, "maxX": 101.1875, "maxY": 419.5}, "class_id": 0, "box_caption": "person 0.004", "scores": {"class_score": 0.0036792755126953125}, "domain": "pixel"}, {"position": {"minX": 8.75, "minY": 256.0, "maxX": 63.5, "maxY": 494.0}, "class_id": 0, "box_caption": "person 0.004", "scores": {"class_score": 0.0036792755126953125}, "domain": "pixel"}, {"position": {"minX": 586.5, "minY": 167.625, "maxX": 661.5, "maxY": 425.0}, "class_id": 0, "box_caption": "person 0.004", "scores": {"class_score": 0.0036067962646484375}, "domain": "pixel"}, {"position": {"minX": 26.28125, "minY": 287.25, "maxX": 60.78125, "maxY": 344.25}, "class_id": 0, "box_caption": "person 0.004", "scores": {"class_score": 0.00359344482421875}, "domain": "pixel"}, {"position": {"minX": 9.0625, "minY": 33.84375, "maxX": 49.40625, "maxY": 126.25}, "class_id": 0, "box_caption": "person 0.004", "scores": {"class_score": 0.0035800933837890625}, "domain": "pixel"}, {"position": {"minX": 117.5, "minY": 286.25, "maxX": 238.0, "maxY": 478.75}, "class_id": 0, "box_caption": "person 0.004", "scores": {"class_score": 0.0035800933837890625}, "domain": "pixel"}, {"position": {"minX": 181.0, "minY": 158.5, "maxX": 237.25, "maxY": 242.75}, "class_id": 0, "box_caption": "person 0.004", "scores": {"class_score": 0.0035648345947265625}, "domain": "pixel"}, {"position": {"minX": 96.4375, "minY": 158.125, "maxX": 169.5, "maxY": 284.25}, "class_id": 0, "box_caption": "person 0.004", "scores": {"class_score": 0.0035648345947265625}, "domain": "pixel"}, {"position": {"minX": 137.0, "minY": 417.5, "maxX": 162.0, "maxY": 467.0}, "class_id": 0, "box_caption": "person 0.004", "scores": {"class_score": 0.0035247802734375}, "domain": "pixel"}, {"position": {"minX": 164.5, "minY": 169.125, "maxX": 223.0, "maxY": 274.5}, "class_id": 0, "box_caption": "person 0.004", "scores": {"class_score": 0.0035247802734375}, "domain": "pixel"}, {"position": {"minX": 243.25, "minY": 505.5, "maxX": 260.25, "maxY": 557.5}, "class_id": 0, "box_caption": "person 0.004", "scores": {"class_score": 0.0035114288330078125}, "domain": "pixel"}, {"position": {"minX": 167.0, "minY": 398.75, "maxX": 199.25, "maxY": 464.25}, "class_id": 0, "box_caption": "person 0.004", "scores": {"class_score": 0.0035114288330078125}, "domain": "pixel"}, {"position": {"minX": 576.0, "minY": 121.75, "maxX": 664.0, "maxY": 562.0}, "class_id": 0, "box_caption": "person 0.003", "scores": {"class_score": 0.0034961700439453125}, "domain": "pixel"}, {"position": {"minX": 490.75, "minY": 204.0, "maxX": 523.5, "maxY": 263.75}, "class_id": 0, "box_caption": "person 0.003", "scores": {"class_score": 0.0034694671630859375}, "domain": "pixel"}, {"position": {"minX": 233.375, "minY": 346.0, "maxX": 301.75, "maxY": 501.0}, "class_id": 0, "box_caption": "person 0.003", "scores": {"class_score": 0.0034694671630859375}, "domain": "pixel"}, {"position": {"minX": 185.75, "minY": 424.25, "maxX": 205.5, "maxY": 474.75}, "class_id": 0, "box_caption": "person 0.003", "scores": {"class_score": 0.00345611572265625}, "domain": "pixel"}, {"position": {"minX": 282.75, "minY": 437.75, "maxX": 303.25, "maxY": 476.25}, "class_id": 0, "box_caption": "person 0.003", "scores": {"class_score": 0.00345611572265625}, "domain": "pixel"}, {"position": {"minX": 161.5, "minY": 143.375, "maxX": 203.0, "maxY": 209.625}, "class_id": 0, "box_caption": "person 0.003", "scores": {"class_score": 0.00345611572265625}, "domain": "pixel"}, {"position": {"minX": 490.25, "minY": 113.25, "maxX": 553.5, "maxY": 232.25}, "class_id": 0, "box_caption": "person 0.003", "scores": {"class_score": 0.0034160614013671875}, "domain": "pixel"}, {"position": {"minX": -1.03125, "minY": 231.5, "maxX": 127.25, "maxY": 520.0}, "class_id": 0, "box_caption": "person 0.003", "scores": {"class_score": 0.0033626556396484375}, "domain": "pixel"}, {"position": {"minX": 115.75, "minY": 147.5, "maxX": 144.5, "maxY": 202.5}, "class_id": 0, "box_caption": "person 0.003", "scores": {"class_score": 0.0033512115478515625}, "domain": "pixel"}, {"position": {"minX": 80.375, "minY": 439.5, "maxX": 120.75, "maxY": 529.5}, "class_id": 0, "box_caption": "person 0.003", "scores": {"class_score": 0.003337860107421875}, "domain": "pixel"}, {"position": {"minX": 2.875, "minY": 278.5, "maxX": 69.6875, "maxY": 578.5}, "class_id": 0, "box_caption": "person 0.003", "scores": {"class_score": 0.003337860107421875}, "domain": "pixel"}, {"position": {"minX": 47.75, "minY": 147.875, "maxX": 88.625, "maxY": 229.375}, "class_id": 0, "box_caption": "person 0.003", "scores": {"class_score": 0.0033111572265625}, "domain": "pixel"}, {"position": {"minX": 15.15625, "minY": 172.75, "maxX": 79.875, "maxY": 376.75}, "class_id": 0, "box_caption": "person 0.003", "scores": {"class_score": 0.0033111572265625}, "domain": "pixel"}, {"position": {"minX": 199.875, "minY": 337.75, "maxX": 282.5, "maxY": 505.25}, "class_id": 0, "box_caption": "person 0.003", "scores": {"class_score": 0.0032978057861328125}, "domain": "pixel"}, {"position": {"minX": 40.0625, "minY": 128.875, "maxX": 170.25, "maxY": 254.875}, "class_id": 0, "box_caption": "person 0.003", "scores": {"class_score": 0.0032978057861328125}, "domain": "pixel"}, {"position": {"minX": 226.25, "minY": 343.0, "maxX": 271.5, "maxY": 414.5}, "class_id": 0, "box_caption": "person 0.003", "scores": {"class_score": 0.00327301025390625}, "domain": "pixel"}, {"position": {"minX": 264.0, "minY": 420.25, "maxX": 291.5, "maxY": 472.25}, "class_id": 0, "box_caption": "person 0.003", "scores": {"class_score": 0.0032100677490234375}, "domain": "pixel"}, {"position": {"minX": 487.5, "minY": 91.1875, "maxX": 527.0, "maxY": 177.75}, "class_id": 0, "box_caption": "person 0.003", "scores": {"class_score": 0.00319671630859375}, "domain": "pixel"}, {"position": {"minX": 119.625, "minY": 160.875, "maxX": 179.625, "maxY": 261.75}, "class_id": 0, "box_caption": "person 0.003", "scores": {"class_score": 0.003147125244140625}, "domain": "pixel"}, {"position": {"minX": 494.25, "minY": 195.75, "maxX": 534.0, "maxY": 267.25}, "class_id": 0, "box_caption": "person 0.003", "scores": {"class_score": 0.003124237060546875}, "domain": "pixel"}, {"position": {"minX": 156.125, "minY": 180.75, "maxX": 197.875, "maxY": 269.0}, "class_id": 0, "box_caption": "person 0.003", "scores": {"class_score": 0.003124237060546875}, "domain": "pixel"}, {"position": {"minX": 492.5, "minY": 91.1875, "maxX": 523.0, "maxY": 145.875}, "class_id": 0, "box_caption": "person 0.003", "scores": {"class_score": 0.0030994415283203125}, "domain": "pixel"}, {"position": {"minX": 147.625, "minY": 304.75, "maxX": 249.875, "maxY": 456.25}, "class_id": 0, "box_caption": "person 0.003", "scores": {"class_score": 0.0030994415283203125}, "domain": "pixel"}, {"position": {"minX": 493.0, "minY": 88.875, "maxX": 536.0, "maxY": 153.875}, "class_id": 0, "box_caption": "person 0.003", "scores": {"class_score": 0.0030879974365234375}, "domain": "pixel"}, {"position": {"minX": 94.75, "minY": 528.0, "maxX": 382.25, "maxY": 663.0}, "class_id": 0, "box_caption": "person 0.003", "scores": {"class_score": 0.0030879974365234375}, "domain": "pixel"}, {"position": {"minX": 345.5, "minY": 194.0, "maxX": 433.5, "maxY": 393.0}, "class_id": 0, "box_caption": "person 0.003", "scores": {"class_score": 0.00307464599609375}, "domain": "pixel"}, {"position": {"minX": 595.0, "minY": 208.375, "maxX": 659.0, "maxY": 377.0}, "class_id": 0, "box_caption": "person 0.003", "scores": {"class_score": 0.00307464599609375}, "domain": "pixel"}, {"position": {"minX": 15.046875, "minY": 279.0, "maxX": 67.4375, "maxY": 401.5}, "class_id": 0, "box_caption": "person 0.003", "scores": {"class_score": 0.003063201904296875}, "domain": "pixel"}, {"position": {"minX": 269.0, "minY": 145.0, "maxX": 339.0, "maxY": 276.25}, "class_id": 0, "box_caption": "person 0.003", "scores": {"class_score": 0.003063201904296875}, "domain": "pixel"}, {"position": {"minX": 141.5, "minY": 434.5, "maxX": 167.0, "maxY": 482.5}, "class_id": 0, "box_caption": "person 0.003", "scores": {"class_score": 0.0030517578125}, "domain": "pixel"}, {"position": {"minX": 7.296875, "minY": 23.1875, "maxX": 47.5, "maxY": 207.25}, "class_id": 0, "box_caption": "person 0.003", "scores": {"class_score": 0.0030517578125}, "domain": "pixel"}, {"position": {"minX": 30.28125, "minY": 122.3125, "maxX": 71.75, "maxY": 223.5}, "class_id": 0, "box_caption": "person 0.003", "scores": {"class_score": 0.003040313720703125}, "domain": "pixel"}, {"position": {"minX": 188.75, "minY": 185.125, "maxX": 223.75, "maxY": 241.875}, "class_id": 0, "box_caption": "person 0.003", "scores": {"class_score": 0.003040313720703125}, "domain": "pixel"}, {"position": {"minX": 147.5, "minY": 481.0, "maxX": 187.5, "maxY": 536.5}, "class_id": 0, "box_caption": "person 0.003", "scores": {"class_score": 0.0030269622802734375}, "domain": "pixel"}, {"position": {"minX": 198.5, "minY": 143.25, "maxX": 264.25, "maxY": 251.25}, "class_id": 0, "box_caption": "person 0.003", "scores": {"class_score": 0.0030155181884765625}, "domain": "pixel"}, {"position": {"minX": 324.5, "minY": 19.75, "maxX": 409.0, "maxY": 149.25}, "class_id": 0, "box_caption": "person 0.003", "scores": {"class_score": 0.0029926300048828125}, "domain": "pixel"}, {"position": {"minX": 146.25, "minY": 426.5, "maxX": 172.5, "maxY": 476.0}, "class_id": 0, "box_caption": "person 0.003", "scores": {"class_score": 0.0029811859130859375}, "domain": "pixel"}, {"position": {"minX": 15.140625, "minY": 101.25, "maxX": 60.375, "maxY": 222.5}, "class_id": 0, "box_caption": "person 0.003", "scores": {"class_score": 0.0029811859130859375}, "domain": "pixel"}, {"position": {"minX": 289.0, "minY": 128.5, "maxX": 406.5, "maxY": 302.0}, "class_id": 0, "box_caption": "person 0.003", "scores": {"class_score": 0.0029811859130859375}, "domain": "pixel"}, {"position": {"minX": 209.75, "minY": 340.5, "maxX": 252.75, "maxY": 474.5}, "class_id": 0, "box_caption": "person 0.003", "scores": {"class_score": 0.0029468536376953125}, "domain": "pixel"}, {"position": {"minX": 419.5, "minY": 110.8125, "maxX": 544.5, "maxY": 244.0}, "class_id": 0, "box_caption": "person 0.003", "scores": {"class_score": 0.0029468536376953125}, "domain": "pixel"}, {"position": {"minX": 174.375, "minY": 212.875, "maxX": 197.625, "maxY": 256.75}, "class_id": 0, "box_caption": "person 0.003", "scores": {"class_score": 0.0029354095458984375}, "domain": "pixel"}, {"position": {"minX": 309.0, "minY": 186.5, "maxX": 363.0, "maxY": 298.5}, "class_id": 0, "box_caption": "person 0.003", "scores": {"class_score": 0.0029239654541015625}, "domain": "pixel"}, {"position": {"minX": 305.5, "minY": 133.125, "maxX": 491.5, "maxY": 465.5}, "class_id": 0, "box_caption": "person 0.003", "scores": {"class_score": 0.0029125213623046875}, "domain": "pixel"}, {"position": {"minX": 336.75, "minY": 55.25, "maxX": 413.25, "maxY": 219.25}, "class_id": 0, "box_caption": "person 0.003", "scores": {"class_score": 0.0029010772705078125}, "domain": "pixel"}, {"position": {"minX": 314.75, "minY": 174.5, "maxX": 339.25, "maxY": 253.5}, "class_id": 0, "box_caption": "person 0.003", "scores": {"class_score": 0.0028896331787109375}, "domain": "pixel"}, {"position": {"minX": 444.25, "minY": 162.25, "maxX": 529.0, "maxY": 310.75}, "class_id": 0, "box_caption": "person 0.003", "scores": {"class_score": 0.0028896331787109375}, "domain": "pixel"}, {"position": {"minX": 105.25, "minY": 361.5, "maxX": 238.25, "maxY": 543.0}, "class_id": 0, "box_caption": "person 0.003", "scores": {"class_score": 0.0028667449951171875}, "domain": "pixel"}, {"position": {"minX": 231.625, "minY": 25.9375, "maxX": 370.5, "maxY": 267.0}, "class_id": 0, "box_caption": "person 0.003", "scores": {"class_score": 0.00284576416015625}, "domain": "pixel"}, {"position": {"minX": 270.25, "minY": 433.25, "maxX": 292.75, "maxY": 474.25}, "class_id": 0, "box_caption": "person 0.003", "scores": {"class_score": 0.002834320068359375}, "domain": "pixel"}, {"position": {"minX": 281.5, "minY": 179.0, "maxX": 348.0, "maxY": 287.75}, "class_id": 0, "box_caption": "person 0.003", "scores": {"class_score": 0.0027790069580078125}, "domain": "pixel"}, {"position": {"minX": 327.5, "minY": 509.75, "maxX": 349.5, "maxY": 543.0}, "class_id": 0, "box_caption": "person 0.003", "scores": {"class_score": 0.0027675628662109375}, "domain": "pixel"}, {"position": {"minX": 37.25, "minY": 138.875, "maxX": 81.3125, "maxY": 223.125}, "class_id": 0, "box_caption": "person 0.003", "scores": {"class_score": 0.002758026123046875}, "domain": "pixel"}, {"position": {"minX": 89.3125, "minY": 367.5, "maxX": 258.5, "maxY": 618.5}, "class_id": 0, "box_caption": "person 0.003", "scores": {"class_score": 0.00274658203125}, "domain": "pixel"}, {"position": {"minX": 269.5, "minY": 435.75, "maxX": 285.0, "maxY": 469.75}, "class_id": 0, "box_caption": "person 0.003", "scores": {"class_score": 0.00269317626953125}, "domain": "pixel"}, {"position": {"minX": 644.5, "minY": 292.75, "maxX": 658.5, "maxY": 344.25}, "class_id": 0, "box_caption": "person 0.003", "scores": {"class_score": 0.00269317626953125}, "domain": "pixel"}, {"position": {"minX": 247.75, "minY": 65.6875, "maxX": 346.25, "maxY": 285.0}, "class_id": 0, "box_caption": "person 0.003", "scores": {"class_score": 0.00269317626953125}, "domain": "pixel"}, {"position": {"minX": 131.75, "minY": 316.75, "maxX": 164.5, "maxY": 394.75}, "class_id": 0, "box_caption": "person 0.003", "scores": {"class_score": 0.0026836395263671875}, "domain": "pixel"}, {"position": {"minX": 40.71875, "minY": 124.875, "maxX": 76.0, "maxY": 204.375}, "class_id": 0, "box_caption": "person 0.003", "scores": {"class_score": 0.0026721954345703125}, "domain": "pixel"}, {"position": {"minX": 426.75, "minY": 167.5, "maxX": 516.0, "maxY": 357.0}, "class_id": 0, "box_caption": "person 0.003", "scores": {"class_score": 0.0026721954345703125}, "domain": "pixel"}, {"position": {"minX": 98.9375, "minY": 148.125, "maxX": 131.875, "maxY": 211.875}, "class_id": 0, "box_caption": "person 0.003", "scores": {"class_score": 0.0026531219482421875}, "domain": "pixel"}, {"position": {"minX": 62.625, "minY": 148.375, "maxX": 105.5, "maxY": 241.375}, "class_id": 0, "box_caption": "person 0.003", "scores": {"class_score": 0.0026531219482421875}, "domain": "pixel"}, {"position": {"minX": 405.75, "minY": 310.75, "maxX": 452.75, "maxY": 406.75}, "class_id": 0, "box_caption": "person 0.003", "scores": {"class_score": 0.0026531219482421875}, "domain": "pixel"}, {"position": {"minX": 140.0, "minY": 117.6875, "maxX": 257.5, "maxY": 261.25}, "class_id": 0, "box_caption": "person 0.003", "scores": {"class_score": 0.0026531219482421875}, "domain": "pixel"}, {"position": {"minX": 31.875, "minY": 153.75, "maxX": 110.625, "maxY": 383.25}, "class_id": 0, "box_caption": "person 0.003", "scores": {"class_score": 0.0026416778564453125}, "domain": "pixel"}, {"position": {"minX": 256.75, "minY": 332.0, "maxX": 298.25, "maxY": 404.5}, "class_id": 0, "box_caption": "person 0.003", "scores": {"class_score": 0.00263214111328125}, "domain": "pixel"}, {"position": {"minX": 563.5, "minY": 190.625, "maxX": 611.5, "maxY": 273.25}, "class_id": 0, "box_caption": "person 0.003", "scores": {"class_score": 0.002620697021484375}, "domain": "pixel"}, {"position": {"minX": 113.0625, "minY": 259.75, "maxX": 140.5, "maxY": 309.25}, "class_id": 0, "box_caption": "person 0.003", "scores": {"class_score": 0.00260162353515625}, "domain": "pixel"}, {"position": {"minX": 409.5, "minY": 186.875, "maxX": 433.0, "maxY": 236.375}, "class_id": 0, "box_caption": "person 0.003", "scores": {"class_score": 0.002590179443359375}, "domain": "pixel"}, {"position": {"minX": 386.75, "minY": 406.0, "maxX": 429.25, "maxY": 608.5}, "class_id": 0, "box_caption": "person 0.003", "scores": {"class_score": 0.002590179443359375}, "domain": "pixel"}, {"position": {"minX": 75.75, "minY": 316.5, "maxX": 127.25, "maxY": 430.5}, "class_id": 0, "box_caption": "person 0.003", "scores": {"class_score": 0.002590179443359375}, "domain": "pixel"}, {"position": {"minX": 537.5, "minY": 133.625, "maxX": 662.5, "maxY": 481.5}, "class_id": 0, "box_caption": "person 0.003", "scores": {"class_score": 0.002590179443359375}, "domain": "pixel"}, {"position": {"minX": 428.25, "minY": 396.75, "maxX": 445.25, "maxY": 447.25}, "class_id": 0, "box_caption": "person 0.003", "scores": {"class_score": 0.0025501251220703125}, "domain": "pixel"}, {"position": {"minX": 454.0, "minY": 270.0, "maxX": 541.5, "maxY": 485.5}, "class_id": 0, "box_caption": "person 0.003", "scores": {"class_score": 0.00254058837890625}, "domain": "pixel"}, {"position": {"minX": 205.5, "minY": 313.5, "maxX": 285.75, "maxY": 446.5}, "class_id": 0, "box_caption": "person 0.003", "scores": {"class_score": 0.00254058837890625}, "domain": "pixel"}, {"position": {"minX": 125.75, "minY": 337.75, "maxX": 277.0, "maxY": 579.0}, "class_id": 0, "box_caption": "person 0.003", "scores": {"class_score": 0.00254058837890625}, "domain": "pixel"}, {"position": {"minX": 359.5, "minY": 177.0, "maxX": 402.5, "maxY": 288.5}, "class_id": 0, "box_caption": "person 0.003", "scores": {"class_score": 0.0025310516357421875}, "domain": "pixel"}, {"position": {"minX": 331.0, "minY": 223.75, "maxX": 394.5, "maxY": 354.75}, "class_id": 0, "box_caption": "person 0.003", "scores": {"class_score": 0.0025310516357421875}, "domain": "pixel"}, {"position": {"minX": 72.4375, "minY": 320.5, "maxX": 151.25, "maxY": 499.5}, "class_id": 0, "box_caption": "person 0.003", "scores": {"class_score": 0.0025119781494140625}, "domain": "pixel"}, {"position": {"minX": 224.25, "minY": 242.875, "maxX": 373.25, "maxY": 493.0}, "class_id": 0, "box_caption": "person 0.003", "scores": {"class_score": 0.0025119781494140625}, "domain": "pixel"}, {"position": {"minX": 314.5, "minY": 95.8125, "maxX": 455.5, "maxY": 321.25}, "class_id": 0, "box_caption": "person 0.003", "scores": {"class_score": 0.0025119781494140625}, "domain": "pixel"}, {"position": {"minX": 421.75, "minY": 158.5, "maxX": 490.25, "maxY": 299.25}, "class_id": 0, "box_caption": "person 0.003", "scores": {"class_score": 0.00250244140625}, "domain": "pixel"}, {"position": {"minX": 187.0, "minY": 421.0, "maxX": 220.0, "maxY": 515.5}, "class_id": 0, "box_caption": "person 0.003", "scores": {"class_score": 0.00250244140625}, "domain": "pixel"}, {"position": {"minX": 234.0, "minY": 85.4375, "maxX": 315.0, "maxY": 266.25}, "class_id": 0, "box_caption": "person 0.002", "scores": {"class_score": 0.0024929046630859375}, "domain": "pixel"}, {"position": {"minX": 650.5, "minY": 299.0, "maxX": 662.5, "maxY": 351.5}, "class_id": 0, "box_caption": "person 0.002", "scores": {"class_score": 0.0024814605712890625}, "domain": "pixel"}, {"position": {"minX": 216.5, "minY": 460.25, "maxX": 251.75, "maxY": 574.0}, "class_id": 0, "box_caption": "person 0.002", "scores": {"class_score": 0.0024814605712890625}, "domain": "pixel"}, {"position": {"minX": 291.25, "minY": 450.25, "maxX": 304.25, "maxY": 478.75}, "class_id": 0, "box_caption": "person 0.002", "scores": {"class_score": 0.002452850341796875}, "domain": "pixel"}, {"position": {"minX": 290.25, "minY": 442.0, "maxX": 308.25, "maxY": 479.5}, "class_id": 0, "box_caption": "person 0.002", "scores": {"class_score": 0.002452850341796875}, "domain": "pixel"}, {"position": {"minX": 368.0, "minY": 181.25, "maxX": 449.5, "maxY": 375.75}, "class_id": 0, "box_caption": "person 0.002", "scores": {"class_score": 0.002452850341796875}, "domain": "pixel"}, {"position": {"minX": 82.0625, "minY": 442.0, "maxX": 154.75, "maxY": 529.0}, "class_id": 0, "box_caption": "person 0.002", "scores": {"class_score": 0.002452850341796875}, "domain": "pixel"}, {"position": {"minX": 135.5, "minY": 430.75, "maxX": 163.25, "maxY": 487.25}, "class_id": 0, "box_caption": "person 0.002", "scores": {"class_score": 0.002414703369140625}, "domain": "pixel"}, {"position": {"minX": 18.25, "minY": 45.96875, "maxX": 35.40625, "maxY": 90.875}, "class_id": 0, "box_caption": "person 0.002", "scores": {"class_score": 0.0024051666259765625}, "domain": "pixel"}, {"position": {"minX": 317.5, "minY": 507.5, "maxX": 345.5, "maxY": 543.5}, "class_id": 0, "box_caption": "person 0.002", "scores": {"class_score": 0.0024051666259765625}, "domain": "pixel"}, {"position": {"minX": 121.9375, "minY": 376.25, "maxX": 164.875, "maxY": 485.75}, "class_id": 0, "box_caption": "person 0.002", "scores": {"class_score": 0.00238800048828125}, "domain": "pixel"}, {"position": {"minX": 158.375, "minY": 494.25, "maxX": 187.375, "maxY": 537.5}, "class_id": 0, "box_caption": "person 0.002", "scores": {"class_score": 0.0023784637451171875}, "domain": "pixel"}, {"position": {"minX": 125.0, "minY": 314.5, "maxX": 213.25, "maxY": 442.5}, "class_id": 0, "box_caption": "person 0.002", "scores": {"class_score": 0.0023593902587890625}, "domain": "pixel"}, {"position": {"minX": 110.4375, "minY": 469.0, "maxX": 306.0, "maxY": 663.0}, "class_id": 0, "box_caption": "person 0.002", "scores": {"class_score": 0.002349853515625}, "domain": "pixel"}, {"position": {"minX": 79.75, "minY": 406.25, "maxX": 117.875, "maxY": 515.5}, "class_id": 0, "box_caption": "person 0.002", "scores": {"class_score": 0.00234222412109375}, "domain": "pixel"}], "class_labels": {"0": "person"}}