{"box_data": [{"position": {"minX": 183.375, "minY": 342.0, "maxX": 284.75, "maxY": 638.0}, "class_id": 0, "box_caption": "person 0.255", "scores": {"class_score": 0.254638671875}, "domain": "pixel"}, {"position": {"minX": 458.0, "minY": 336.75, "maxX": 499.0, "maxY": 435.25}, "class_id": 0, "box_caption": "person 0.139", "scores": {"class_score": 0.139404296875}, "domain": "pixel"}, {"position": {"minX": 413.25, "minY": 258.5, "maxX": 444.75, "maxY": 342.5}, "class_id": 0, "box_caption": "person 0.096", "scores": {"class_score": 0.09637451171875}, "domain": "pixel"}, {"position": {"minX": 191.75, "minY": 349.5, "maxX": 271.0, "maxY": 543.5}, "class_id": 0, "box_caption": "person 0.070", "scores": {"class_score": 0.0703125}, "domain": "pixel"}, {"position": {"minX": 418.75, "minY": 272.0, "maxX": 443.25, "maxY": 335.5}, "class_id": 0, "box_caption": "person 0.065", "scores": {"class_score": 0.06536865234375}, "domain": "pixel"}, {"position": {"minX": 302.5, "minY": 540.0, "maxX": 380.5, "maxY": 649.0}, "class_id": 0, "box_caption": "person 0.046", "scores": {"class_score": 0.046295166015625}, "domain": "pixel"}, {"position": {"minX": 517.5, "minY": 111.75, "maxX": 669.5, "maxY": 624.0}, "class_id": 0, "box_caption": "person 0.041", "scores": {"class_score": 0.04132080078125}, "domain": "pixel"}, {"position": {"minX": 417.0, "minY": 290.25, "maxX": 438.0, "maxY": 337.75}, "class_id": 0, "box_caption": "person 0.033", "scores": {"class_score": 0.0330810546875}, "domain": "pixel"}, {"position": {"minX": 312.0, "minY": 534.5, "maxX": 408.5, "maxY": 644.5}, "class_id": 0, "box_caption": "person 0.021", "scores": {"class_score": 0.0212860107421875}, "domain": "pixel"}, {"position": {"minX": 490.25, "minY": 54.0, "maxX": 645.5, "maxY": 554.5}, "class_id": 0, "box_caption": "person 0.021", "scores": {"class_score": 0.021240234375}, "domain": "pixel"}, {"position": {"minX": 505.5, "minY": 200.625, "maxX": 624.5, "maxY": 598.0}, "class_id": 0, "box_caption": "person 0.021", "scores": {"class_score": 0.020721435546875}, "domain": "pixel"}, {"position": {"minX": 529.0, "minY": 357.0, "maxX": 555.0, "maxY": 434.5}, "class_id": 0, "box_caption": "person 0.020", "scores": {"class_score": 0.0204925537109375}, "domain": "pixel"}, {"position": {"minX": 531.5, "minY": 349.5, "maxX": 573.5, "maxY": 462.5}, "class_id": 0, "box_caption": "person 0.020", "scores": {"class_score": 0.02044677734375}, "domain": "pixel"}, {"position": {"minX": 268.0, "minY": 402.5, "maxX": 349.0, "maxY": 526.5}, "class_id": 0, "box_caption": "person 0.020", "scores": {"class_score": 0.020416259765625}, "domain": "pixel"}, {"position": {"minX": 407.0, "minY": 241.375, "maxX": 449.5, "maxY": 339.5}, "class_id": 0, "box_caption": "person 0.020", "scores": {"class_score": 0.019561767578125}, "domain": "pixel"}, {"position": {"minX": 571.0, "minY": 63.0, "maxX": 671.0, "maxY": 608.5}, "class_id": 0, "box_caption": "person 0.019", "scores": {"class_score": 0.01934814453125}, "domain": "pixel"}, {"position": {"minX": 409.5, "minY": 272.5, "maxX": 437.0, "maxY": 342.5}, "class_id": 0, "box_caption": "person 0.019", "scores": {"class_score": 0.0190582275390625}, "domain": "pixel"}, {"position": {"minX": 193.125, "minY": 381.5, "maxX": 328.0, "maxY": 642.5}, "class_id": 0, "box_caption": "person 0.018", "scores": {"class_score": 0.018096923828125}, "domain": "pixel"}, {"position": {"minX": 196.5, "minY": 342.5, "maxX": 396.5, "maxY": 642.0}, "class_id": 0, "box_caption": "person 0.018", "scores": {"class_score": 0.0177154541015625}, "domain": "pixel"}, {"position": {"minX": 304.0, "minY": 416.0, "maxX": 350.5, "maxY": 495.0}, "class_id": 0, "box_caption": "person 0.018", "scores": {"class_score": 0.01763916015625}, "domain": "pixel"}, {"position": {"minX": 485.0, "minY": 344.5, "maxX": 651.0, "maxY": 648.0}, "class_id": 0, "box_caption": "person 0.017", "scores": {"class_score": 0.017181396484375}, "domain": "pixel"}, {"position": {"minX": 466.0, "minY": 360.0, "maxX": 498.0, "maxY": 436.5}, "class_id": 0, "box_caption": "person 0.017", "scores": {"class_score": 0.0170440673828125}, "domain": "pixel"}, {"position": {"minX": 393.75, "minY": 247.75, "maxX": 439.25, "maxY": 350.25}, "class_id": 0, "box_caption": "person 0.017", "scores": {"class_score": 0.0169830322265625}, "domain": "pixel"}, {"position": {"minX": 535.0, "minY": 368.0, "maxX": 567.0, "maxY": 445.0}, "class_id": 0, "box_caption": "person 0.017", "scores": {"class_score": 0.01666259765625}, "domain": "pixel"}, {"position": {"minX": 180.5, "minY": 367.0, "maxX": 259.0, "maxY": 579.0}, "class_id": 0, "box_caption": "person 0.016", "scores": {"class_score": 0.016021728515625}, "domain": "pixel"}, {"position": {"minX": 163.375, "minY": 348.5, "maxX": 252.625, "maxY": 628.0}, "class_id": 0, "box_caption": "person 0.015", "scores": {"class_score": 0.0153656005859375}, "domain": "pixel"}, {"position": {"minX": 429.5, "minY": 108.125, "maxX": 561.0, "maxY": 495.5}, "class_id": 0, "box_caption": "person 0.015", "scores": {"class_score": 0.01519012451171875}, "domain": "pixel"}, {"position": {"minX": 522.0, "minY": -5.125, "maxX": 664.0, "maxY": 505.5}, "class_id": 0, "box_caption": "person 0.015", "scores": {"class_score": 0.0150146484375}, "domain": "pixel"}, {"position": {"minX": 342.5, "minY": 539.5, "maxX": 404.5, "maxY": 639.5}, "class_id": 0, "box_caption": "person 0.015", "scores": {"class_score": 0.01483917236328125}, "domain": "pixel"}, {"position": {"minX": 193.375, "minY": 334.0, "maxX": 322.5, "maxY": 549.5}, "class_id": 0, "box_caption": "person 0.015", "scores": {"class_score": 0.01483917236328125}, "domain": "pixel"}, {"position": {"minX": 441.25, "minY": 56.75, "maxX": 615.0, "maxY": 504.25}, "class_id": 0, "box_caption": "person 0.015", "scores": {"class_score": 0.01467132568359375}, "domain": "pixel"}, {"position": {"minX": 417.75, "minY": 204.25, "maxX": 490.75, "maxY": 404.75}, "class_id": 0, "box_caption": "person 0.014", "scores": {"class_score": 0.01384735107421875}, "domain": "pixel"}, {"position": {"minX": 532.0, "minY": 346.75, "maxX": 586.0, "maxY": 498.75}, "class_id": 0, "box_caption": "person 0.014", "scores": {"class_score": 0.01363372802734375}, "domain": "pixel"}, {"position": {"minX": 78.1875, "minY": 340.5, "maxX": 292.75, "maxY": 642.5}, "class_id": 0, "box_caption": "person 0.013", "scores": {"class_score": 0.01312255859375}, "domain": "pixel"}, {"position": {"minX": 451.25, "minY": 224.5, "maxX": 523.5, "maxY": 461.5}, "class_id": 0, "box_caption": "person 0.013", "scores": {"class_score": 0.01287078857421875}, "domain": "pixel"}, {"position": {"minX": 245.25, "minY": 381.0, "maxX": 368.25, "maxY": 546.5}, "class_id": 0, "box_caption": "person 0.012", "scores": {"class_score": 0.01233673095703125}, "domain": "pixel"}, {"position": {"minX": 523.5, "minY": 317.25, "maxX": 601.5, "maxY": 532.0}, "class_id": 0, "box_caption": "person 0.012", "scores": {"class_score": 0.011962890625}, "domain": "pixel"}, {"position": {"minX": 19.03125, "minY": 476.25, "maxX": 90.0, "maxY": 648.5}, "class_id": 0, "box_caption": "person 0.012", "scores": {"class_score": 0.011688232421875}, "domain": "pixel"}, {"position": {"minX": 457.0, "minY": 323.75, "maxX": 491.5, "maxY": 417.75}, "class_id": 0, "box_caption": "person 0.012", "scores": {"class_score": 0.011505126953125}, "domain": "pixel"}, {"position": {"minX": 321.0, "minY": 412.0, "maxX": 362.0, "maxY": 497.5}, "class_id": 0, "box_caption": "person 0.011", "scores": {"class_score": 0.01107025146484375}, "domain": "pixel"}, {"position": {"minX": 414.0, "minY": 294.25, "maxX": 433.0, "maxY": 336.25}, "class_id": 0, "box_caption": "person 0.009", "scores": {"class_score": 0.00937652587890625}, "domain": "pixel"}, {"position": {"minX": 418.25, "minY": 304.25, "maxX": 434.25, "maxY": 336.75}, "class_id": 0, "box_caption": "person 0.009", "scores": {"class_score": 0.00937652587890625}, "domain": "pixel"}, {"position": {"minX": 470.25, "minY": 347.25, "maxX": 507.75, "maxY": 446.25}, "class_id": 0, "box_caption": "person 0.009", "scores": {"class_score": 0.00933837890625}, "domain": "pixel"}, {"position": {"minX": 289.25, "minY": 415.75, "maxX": 340.75, "maxY": 497.25}, "class_id": 0, "box_caption": "person 0.009", "scores": {"class_score": 0.00926971435546875}, "domain": "pixel"}, {"position": {"minX": 488.25, "minY": 269.0, "maxX": 579.0, "maxY": 519.5}, "class_id": 0, "box_caption": "person 0.009", "scores": {"class_score": 0.00881195068359375}, "domain": "pixel"}, {"position": {"minX": 288.75, "minY": 398.75, "maxX": 363.75, "maxY": 513.0}, "class_id": 0, "box_caption": "person 0.009", "scores": {"class_score": 0.0087127685546875}, "domain": "pixel"}, {"position": {"minX": 537.5, "minY": 381.0, "maxX": 577.5, "maxY": 462.0}, "class_id": 0, "box_caption": "person 0.008", "scores": {"class_score": 0.0082855224609375}, "domain": "pixel"}, {"position": {"minX": 426.25, "minY": 263.75, "maxX": 454.75, "maxY": 335.75}, "class_id": 0, "box_caption": "person 0.008", "scores": {"class_score": 0.00809478759765625}, "domain": "pixel"}, {"position": {"minX": 443.5, "minY": 253.375, "maxX": 509.0, "maxY": 438.5}, "class_id": 0, "box_caption": "person 0.008", "scores": {"class_score": 0.007904052734375}, "domain": "pixel"}, {"position": {"minX": 377.5, "minY": 234.25, "maxX": 432.5, "maxY": 336.25}, "class_id": 0, "box_caption": "person 0.008", "scores": {"class_score": 0.007694244384765625}, "domain": "pixel"}, {"position": {"minX": 572.0, "minY": 253.875, "maxX": 673.0, "maxY": 669.0}, "class_id": 0, "box_caption": "person 0.007", "scores": {"class_score": 0.007259368896484375}, "domain": "pixel"}, {"position": {"minX": 514.5, "minY": 341.25, "maxX": 560.5, "maxY": 450.25}, "class_id": 0, "box_caption": "person 0.007", "scores": {"class_score": 0.007175445556640625}, "domain": "pixel"}, {"position": {"minX": 423.0, "minY": 506.75, "maxX": 460.0, "maxY": 586.5}, "class_id": 0, "box_caption": "person 0.007", "scores": {"class_score": 0.0070648193359375}, "domain": "pixel"}, {"position": {"minX": 452.0, "minY": 126.875, "maxX": 536.0, "maxY": 422.5}, "class_id": 0, "box_caption": "person 0.007", "scores": {"class_score": 0.006877899169921875}, "domain": "pixel"}, {"position": {"minX": 403.0, "minY": 153.75, "maxX": 518.5, "maxY": 412.25}, "class_id": 0, "box_caption": "person 0.007", "scores": {"class_score": 0.006824493408203125}, "domain": "pixel"}, {"position": {"minX": 363.0, "minY": 542.0, "maxX": 399.0, "maxY": 616.0}, "class_id": 0, "box_caption": "person 0.007", "scores": {"class_score": 0.00679779052734375}, "domain": "pixel"}, {"position": {"minX": 605.5, "minY": 119.375, "maxX": 673.5, "maxY": 610.0}, "class_id": 0, "box_caption": "person 0.007", "scores": {"class_score": 0.006511688232421875}, "domain": "pixel"}, {"position": {"minX": 423.25, "minY": 291.5, "maxX": 443.25, "maxY": 335.0}, "class_id": 0, "box_caption": "person 0.006", "scores": {"class_score": 0.006488800048828125}, "domain": "pixel"}, {"position": {"minX": 474.0, "minY": 366.75, "maxX": 503.0, "maxY": 442.25}, "class_id": 0, "box_caption": "person 0.006", "scores": {"class_score": 0.006488800048828125}, "domain": "pixel"}, {"position": {"minX": 465.5, "minY": 415.25, "maxX": 614.5, "maxY": 642.0}, "class_id": 0, "box_caption": "person 0.006", "scores": {"class_score": 0.006389617919921875}, "domain": "pixel"}, {"position": {"minX": 524.5, "minY": 279.0, "maxX": 576.5, "maxY": 482.0}, "class_id": 0, "box_caption": "person 0.006", "scores": {"class_score": 0.006191253662109375}, "domain": "pixel"}, {"position": {"minX": 462.75, "minY": 117.375, "maxX": 522.5, "maxY": 306.0}, "class_id": 0, "box_caption": "person 0.006", "scores": {"class_score": 0.006145477294921875}, "domain": "pixel"}, {"position": {"minX": 471.0, "minY": 379.5, "maxX": 497.0, "maxY": 440.0}, "class_id": 0, "box_caption": "person 0.006", "scores": {"class_score": 0.00609588623046875}, "domain": "pixel"}, {"position": {"minX": 605.0, "minY": -9.625, "maxX": 677.0, "maxY": 491.5}, "class_id": 0, "box_caption": "person 0.006", "scores": {"class_score": 0.00605010986328125}, "domain": "pixel"}, {"position": {"minX": 302.0, "minY": 559.0, "maxX": 359.5, "maxY": 653.0}, "class_id": 0, "box_caption": "person 0.006", "scores": {"class_score": 0.00591278076171875}, "domain": "pixel"}, {"position": {"minX": 13.84375, "minY": 417.0, "maxX": 137.875, "maxY": 653.0}, "class_id": 0, "box_caption": "person 0.006", "scores": {"class_score": 0.005889892578125}, "domain": "pixel"}, {"position": {"minX": 291.5, "minY": 631.5, "maxX": 302.0, "maxY": 655.5}, "class_id": 0, "box_caption": "person 0.006", "scores": {"class_score": 0.005687713623046875}, "domain": "pixel"}, {"position": {"minX": 203.375, "minY": 353.75, "maxX": 255.875, "maxY": 476.25}, "class_id": 0, "box_caption": "person 0.005", "scores": {"class_score": 0.005161285400390625}, "domain": "pixel"}, {"position": {"minX": 21.8125, "minY": 514.5, "maxX": 127.9375, "maxY": 653.5}, "class_id": 0, "box_caption": "person 0.005", "scores": {"class_score": 0.00511932373046875}, "domain": "pixel"}, {"position": {"minX": 419.25, "minY": 223.5, "maxX": 472.25, "maxY": 367.5}, "class_id": 0, "box_caption": "person 0.005", "scores": {"class_score": 0.00498199462890625}, "domain": "pixel"}, {"position": {"minX": 462.75, "minY": 374.75, "maxX": 491.75, "maxY": 444.75}, "class_id": 0, "box_caption": "person 0.005", "scores": {"class_score": 0.00482940673828125}, "domain": "pixel"}, {"position": {"minX": 379.25, "minY": 113.625, "maxX": 549.0, "maxY": 450.5}, "class_id": 0, "box_caption": "person 0.004", "scores": {"class_score": 0.004467010498046875}, "domain": "pixel"}, {"position": {"minX": 542.0, "minY": 401.0, "maxX": 580.0, "maxY": 478.5}, "class_id": 0, "box_caption": "person 0.004", "scores": {"class_score": 0.004383087158203125}, "domain": "pixel"}, {"position": {"minX": 429.5, "minY": 504.0, "maxX": 469.5, "maxY": 575.0}, "class_id": 0, "box_caption": "person 0.004", "scores": {"class_score": 0.004364013671875}, "domain": "pixel"}, {"position": {"minX": 446.25, "minY": 274.25, "maxX": 634.5, "maxY": 655.0}, "class_id": 0, "box_caption": "person 0.004", "scores": {"class_score": 0.004364013671875}, "domain": "pixel"}, {"position": {"minX": 521.0, "minY": 287.5, "maxX": 661.0, "maxY": 578.5}, "class_id": 0, "box_caption": "person 0.004", "scores": {"class_score": 0.0043487548828125}, "domain": "pixel"}, {"position": {"minX": 6.0, "minY": 347.5, "maxX": 224.5, "maxY": 646.0}, "class_id": 0, "box_caption": "person 0.004", "scores": {"class_score": 0.004329681396484375}, "domain": "pixel"}, {"position": {"minX": 402.75, "minY": 238.5, "maxX": 454.75, "maxY": 397.5}, "class_id": 0, "box_caption": "person 0.004", "scores": {"class_score": 0.004314422607421875}, "domain": "pixel"}, {"position": {"minX": 451.75, "minY": 280.5, "maxX": 496.75, "maxY": 423.5}, "class_id": 0, "box_caption": "person 0.004", "scores": {"class_score": 0.004230499267578125}, "domain": "pixel"}, {"position": {"minX": 272.5, "minY": 414.5, "maxX": 326.5, "maxY": 496.5}, "class_id": 0, "box_caption": "person 0.004", "scores": {"class_score": 0.004199981689453125}, "domain": "pixel"}, {"position": {"minX": 189.375, "minY": 445.75, "maxX": 272.75, "maxY": 648.0}, "class_id": 0, "box_caption": "person 0.004", "scores": {"class_score": 0.0041656494140625}, "domain": "pixel"}, {"position": {"minX": 175.875, "minY": 394.5, "maxX": 237.125, "maxY": 583.0}, "class_id": 0, "box_caption": "person 0.004", "scores": {"class_score": 0.0041351318359375}, "domain": "pixel"}, {"position": {"minX": 275.0, "minY": 514.0, "maxX": 398.0, "maxY": 648.0}, "class_id": 0, "box_caption": "person 0.004", "scores": {"class_score": 0.004100799560546875}, "domain": "pixel"}, {"position": {"minX": 432.0, "minY": 286.0, "maxX": 547.0, "maxY": 467.5}, "class_id": 0, "box_caption": "person 0.004", "scores": {"class_score": 0.004070281982421875}, "domain": "pixel"}, {"position": {"minX": 400.5, "minY": 235.625, "maxX": 437.5, "maxY": 317.5}, "class_id": 0, "box_caption": "person 0.004", "scores": {"class_score": 0.004055023193359375}, "domain": "pixel"}, {"position": {"minX": 539.5, "minY": 358.5, "maxX": 570.5, "maxY": 432.0}, "class_id": 0, "box_caption": "person 0.004", "scores": {"class_score": 0.00400543212890625}, "domain": "pixel"}, {"position": {"minX": 510.0, "minY": 206.125, "maxX": 593.0, "maxY": 487.0}, "class_id": 0, "box_caption": "person 0.004", "scores": {"class_score": 0.00397491455078125}, "domain": "pixel"}, {"position": {"minX": 527.0, "minY": 368.5, "maxX": 548.0, "maxY": 437.0}, "class_id": 0, "box_caption": "person 0.004", "scores": {"class_score": 0.00394439697265625}, "domain": "pixel"}, {"position": {"minX": 321.5, "minY": 558.5, "maxX": 398.5, "maxY": 656.5}, "class_id": 0, "box_caption": "person 0.004", "scores": {"class_score": 0.00394439697265625}, "domain": "pixel"}, {"position": {"minX": 185.0, "minY": 265.0, "maxX": 352.5, "maxY": 559.0}, "class_id": 0, "box_caption": "person 0.004", "scores": {"class_score": 0.00394439697265625}, "domain": "pixel"}, {"position": {"minX": 74.4375, "minY": 520.5, "maxX": 83.9375, "maxY": 541.5}, "class_id": 0, "box_caption": "person 0.004", "scores": {"class_score": 0.00391387939453125}, "domain": "pixel"}, {"position": {"minX": 413.0, "minY": 509.5, "maxX": 473.5, "maxY": 599.5}, "class_id": 0, "box_caption": "person 0.004", "scores": {"class_score": 0.00391387939453125}, "domain": "pixel"}, {"position": {"minX": 531.5, "minY": 379.5, "maxX": 550.5, "maxY": 437.5}, "class_id": 0, "box_caption": "person 0.004", "scores": {"class_score": 0.003795623779296875}, "domain": "pixel"}, {"position": {"minX": 408.5, "minY": 499.0, "maxX": 500.5, "maxY": 611.0}, "class_id": 0, "box_caption": "person 0.004", "scores": {"class_score": 0.003749847412109375}, "domain": "pixel"}, {"position": {"minX": 465.25, "minY": 121.875, "maxX": 587.5, "maxY": 439.5}, "class_id": 0, "box_caption": "person 0.004", "scores": {"class_score": 0.0037364959716796875}, "domain": "pixel"}, {"position": {"minX": 302.25, "minY": 541.0, "maxX": 347.75, "maxY": 637.0}, "class_id": 0, "box_caption": "person 0.004", "scores": {"class_score": 0.003650665283203125}, "domain": "pixel"}, {"position": {"minX": 453.0, "minY": 342.5, "maxX": 484.5, "maxY": 440.0}, "class_id": 0, "box_caption": "person 0.004", "scores": {"class_score": 0.0036220550537109375}, "domain": "pixel"}, {"position": {"minX": 248.5, "minY": 495.25, "maxX": 377.5, "maxY": 644.5}, "class_id": 0, "box_caption": "person 0.004", "scores": {"class_score": 0.0035800933837890625}, "domain": "pixel"}, {"position": {"minX": 390.75, "minY": 218.25, "maxX": 468.25, "maxY": 423.25}, "class_id": 0, "box_caption": "person 0.004", "scores": {"class_score": 0.003551483154296875}, "domain": "pixel"}, {"position": {"minX": 444.0, "minY": 292.0, "maxX": 529.0, "maxY": 539.0}, "class_id": 0, "box_caption": "person 0.003", "scores": {"class_score": 0.0034694671630859375}, "domain": "pixel"}, {"position": {"minX": 457.25, "minY": 157.5, "maxX": 522.0, "maxY": 361.5}, "class_id": 0, "box_caption": "person 0.003", "scores": {"class_score": 0.003429412841796875}, "domain": "pixel"}, {"position": {"minX": 425.5, "minY": 122.1875, "maxX": 526.0, "maxY": 369.25}, "class_id": 0, "box_caption": "person 0.003", "scores": {"class_score": 0.0034027099609375}, "domain": "pixel"}, {"position": {"minX": 198.125, "minY": 160.625, "maxX": 403.5, "maxY": 571.0}, "class_id": 0, "box_caption": "person 0.003", "scores": {"class_score": 0.0033626556396484375}, "domain": "pixel"}, {"position": {"minX": 340.75, "minY": 212.0, "maxX": 401.25, "maxY": 339.0}, "class_id": 0, "box_caption": "person 0.003", "scores": {"class_score": 0.0033512115478515625}, "domain": "pixel"}, {"position": {"minX": 329.75, "minY": 397.5, "maxX": 364.75, "maxY": 490.5}, "class_id": 0, "box_caption": "person 0.003", "scores": {"class_score": 0.0033245086669921875}, "domain": "pixel"}, {"position": {"minX": 13.875, "minY": 371.25, "maxX": 83.625, "maxY": 636.0}, "class_id": 0, "box_caption": "person 0.003", "scores": {"class_score": 0.0033245086669921875}, "domain": "pixel"}, {"position": {"minX": 461.5, "minY": 179.0, "maxX": 516.5, "maxY": 313.0}, "class_id": 0, "box_caption": "person 0.003", "scores": {"class_score": 0.0032978057861328125}, "domain": "pixel"}, {"position": {"minX": 483.0, "minY": 332.5, "maxX": 602.0, "maxY": 600.5}, "class_id": 0, "box_caption": "person 0.003", "scores": {"class_score": 0.0032863616943359375}, "domain": "pixel"}, {"position": {"minX": 266.5, "minY": 369.25, "maxX": 388.0, "maxY": 610.0}, "class_id": 0, "box_caption": "person 0.003", "scores": {"class_score": 0.0032482147216796875}, "domain": "pixel"}, {"position": {"minX": 441.5, "minY": 150.5, "maxX": 513.0, "maxY": 334.0}, "class_id": 0, "box_caption": "person 0.003", "scores": {"class_score": 0.00323486328125}, "domain": "pixel"}, {"position": {"minX": 511.0, "minY": 141.875, "maxX": 619.0, "maxY": 466.5}, "class_id": 0, "box_caption": "person 0.003", "scores": {"class_score": 0.0032100677490234375}, "domain": "pixel"}, {"position": {"minX": 527.5, "minY": 324.5, "maxX": 569.5, "maxY": 435.5}, "class_id": 0, "box_caption": "person 0.003", "scores": {"class_score": 0.00319671630859375}, "domain": "pixel"}, {"position": {"minX": 576.0, "minY": 299.5, "maxX": 663.0, "maxY": 576.5}, "class_id": 0, "box_caption": "person 0.003", "scores": {"class_score": 0.003147125244140625}, "domain": "pixel"}, {"position": {"minX": 368.0, "minY": 210.625, "maxX": 433.5, "maxY": 447.0}, "class_id": 0, "box_caption": "person 0.003", "scores": {"class_score": 0.003147125244140625}, "domain": "pixel"}, {"position": {"minX": 307.0, "minY": 531.0, "maxX": 465.5, "maxY": 656.0}, "class_id": 0, "box_caption": "person 0.003", "scores": {"class_score": 0.0031108856201171875}, "domain": "pixel"}, {"position": {"minX": 298.5, "minY": 554.0, "maxX": 338.5, "maxY": 650.0}, "class_id": 0, "box_caption": "person 0.003", "scores": {"class_score": 0.00307464599609375}, "domain": "pixel"}, {"position": {"minX": 455.5, "minY": 335.25, "maxX": 497.0, "maxY": 486.75}, "class_id": 0, "box_caption": "person 0.003", "scores": {"class_score": 0.003063201904296875}, "domain": "pixel"}, {"position": {"minX": 353.0, "minY": 188.625, "maxX": 446.5, "maxY": 467.5}, "class_id": 0, "box_caption": "person 0.003", "scores": {"class_score": 0.0030517578125}, "domain": "pixel"}, {"position": {"minX": 332.75, "minY": 555.0, "maxX": 444.75, "maxY": 659.0}, "class_id": 0, "box_caption": "person 0.003", "scores": {"class_score": 0.003040313720703125}, "domain": "pixel"}, {"position": {"minX": 334.75, "minY": 204.0, "maxX": 405.25, "maxY": 394.0}, "class_id": 0, "box_caption": "person 0.003", "scores": {"class_score": 0.0030269622802734375}, "domain": "pixel"}, {"position": {"minX": 533.0, "minY": 357.5, "maxX": 562.0, "maxY": 424.0}, "class_id": 0, "box_caption": "person 0.003", "scores": {"class_score": 0.0030040740966796875}, "domain": "pixel"}, {"position": {"minX": 508.0, "minY": 345.25, "maxX": 619.0, "maxY": 565.0}, "class_id": 0, "box_caption": "person 0.003", "scores": {"class_score": 0.0029582977294921875}, "domain": "pixel"}, {"position": {"minX": 422.75, "minY": 275.25, "maxX": 446.75, "maxY": 324.75}, "class_id": 0, "box_caption": "person 0.003", "scores": {"class_score": 0.0028667449951171875}, "domain": "pixel"}, {"position": {"minX": 327.25, "minY": 428.75, "maxX": 356.25, "maxY": 499.25}, "class_id": 0, "box_caption": "person 0.003", "scores": {"class_score": 0.00284576416015625}, "domain": "pixel"}, {"position": {"minX": 141.0, "minY": 366.25, "maxX": 233.0, "maxY": 612.5}, "class_id": 0, "box_caption": "person 0.003", "scores": {"class_score": 0.002834320068359375}, "domain": "pixel"}, {"position": {"minX": 430.0, "minY": 500.75, "maxX": 492.0, "maxY": 583.0}, "class_id": 0, "box_caption": "person 0.003", "scores": {"class_score": 0.002834320068359375}, "domain": "pixel"}, {"position": {"minX": 453.75, "minY": 313.0, "maxX": 481.75, "maxY": 416.5}, "class_id": 0, "box_caption": "person 0.003", "scores": {"class_score": 0.00279998779296875}, "domain": "pixel"}, {"position": {"minX": 320.5, "minY": 532.5, "maxX": 396.0, "maxY": 613.5}, "class_id": 0, "box_caption": "person 0.003", "scores": {"class_score": 0.002758026123046875}, "domain": "pixel"}, {"position": {"minX": 371.5, "minY": 351.5, "maxX": 407.0, "maxY": 472.5}, "class_id": 0, "box_caption": "person 0.003", "scores": {"class_score": 0.002758026123046875}, "domain": "pixel"}, {"position": {"minX": 200.0, "minY": 326.5, "maxX": 287.5, "maxY": 496.5}, "class_id": 0, "box_caption": "person 0.003", "scores": {"class_score": 0.00269317626953125}, "domain": "pixel"}, {"position": {"minX": 314.5, "minY": 406.0, "maxX": 350.0, "maxY": 483.0}, "class_id": 0, "box_caption": "person 0.003", "scores": {"class_score": 0.0026836395263671875}, "domain": "pixel"}, {"position": {"minX": 474.25, "minY": 330.0, "maxX": 513.5, "maxY": 434.5}, "class_id": 0, "box_caption": "person 0.003", "scores": {"class_score": 0.0026721954345703125}, "domain": "pixel"}, {"position": {"minX": 337.0, "minY": 521.0, "maxX": 446.5, "maxY": 628.0}, "class_id": 0, "box_caption": "person 0.003", "scores": {"class_score": 0.0026721954345703125}, "domain": "pixel"}, {"position": {"minX": 458.75, "minY": 320.0, "maxX": 482.25, "maxY": 396.5}, "class_id": 0, "box_caption": "person 0.003", "scores": {"class_score": 0.00266265869140625}, "domain": "pixel"}, {"position": {"minX": 407.75, "minY": 201.0, "maxX": 533.5, "maxY": 478.0}, "class_id": 0, "box_caption": "person 0.003", "scores": {"class_score": 0.002620697021484375}, "domain": "pixel"}, {"position": {"minX": 360.0, "minY": 529.5, "maxX": 515.5, "maxY": 654.5}, "class_id": 0, "box_caption": "person 0.003", "scores": {"class_score": 0.00260162353515625}, "domain": "pixel"}, {"position": {"minX": 228.0, "minY": 376.5, "maxX": 333.0, "maxY": 537.5}, "class_id": 0, "box_caption": "person 0.003", "scores": {"class_score": 0.00257110595703125}, "domain": "pixel"}, {"position": {"minX": 205.875, "minY": 352.0, "maxX": 354.0, "maxY": 590.0}, "class_id": 0, "box_caption": "person 0.003", "scores": {"class_score": 0.0025615692138671875}, "domain": "pixel"}, {"position": {"minX": 23.5, "minY": 470.0, "maxX": 188.25, "maxY": 651.0}, "class_id": 0, "box_caption": "person 0.003", "scores": {"class_score": 0.0025501251220703125}, "domain": "pixel"}, {"position": {"minX": 424.5, "minY": 441.5, "maxX": 641.5, "maxY": 662.5}, "class_id": 0, "box_caption": "person 0.002", "scores": {"class_score": 0.002471923828125}, "domain": "pixel"}, {"position": {"minX": 25.96875, "minY": 203.625, "maxX": 33.15625, "maxY": 224.625}, "class_id": 0, "box_caption": "person 0.002", "scores": {"class_score": 0.002414703369140625}, "domain": "pixel"}, {"position": {"minX": 208.5, "minY": 387.25, "maxX": 276.5, "maxY": 558.0}, "class_id": 0, "box_caption": "person 0.002", "scores": {"class_score": 0.002414703369140625}, "domain": "pixel"}, {"position": {"minX": 310.0, "minY": 162.625, "maxX": 430.5, "maxY": 504.5}, "class_id": 0, "box_caption": "person 0.002", "scores": {"class_score": 0.002414703369140625}, "domain": "pixel"}, {"position": {"minX": 435.75, "minY": 456.5, "maxX": 557.0, "maxY": 614.5}, "class_id": 0, "box_caption": "person 0.002", "scores": {"class_score": 0.0023593902587890625}, "domain": "pixel"}, {"position": {"minX": 394.5, "minY": 587.5, "maxX": 536.5, "maxY": 653.5}, "class_id": 0, "box_caption": "person 0.002", "scores": {"class_score": 0.0023326873779296875}, "domain": "pixel"}, {"position": {"minX": 537.5, "minY": 118.875, "maxX": 647.5, "maxY": 435.5}, "class_id": 0, "box_caption": "person 0.002", "scores": {"class_score": 0.002323150634765625}, "domain": "pixel"}, {"position": {"minX": 630.5, "minY": 164.5, "maxX": 667.5, "maxY": 490.0}, "class_id": 0, "box_caption": "person 0.002", "scores": {"class_score": 0.00229644775390625}, "domain": "pixel"}, {"position": {"minX": 613.0, "minY": -3.25, "maxX": 670.0, "maxY": 358.5}, "class_id": 0, "box_caption": "person 0.002", "scores": {"class_score": 0.0022792816162109375}, "domain": "pixel"}, {"position": {"minX": 396.0, "minY": 468.0, "maxX": 597.0, "maxY": 652.0}, "class_id": 0, "box_caption": "person 0.002", "scores": {"class_score": 0.002269744873046875}, "domain": "pixel"}, {"position": {"minX": 604.0, "minY": 39.375, "maxX": 667.0, "maxY": 250.125}, "class_id": 0, "box_caption": "person 0.002", "scores": {"class_score": 0.0022602081298828125}, "domain": "pixel"}, {"position": {"minX": 549.0, "minY": 376.25, "maxX": 577.0, "maxY": 449.25}, "class_id": 0, "box_caption": "person 0.002", "scores": {"class_score": 0.0022335052490234375}, "domain": "pixel"}, {"position": {"minX": 259.5, "minY": 386.75, "maxX": 333.0, "maxY": 504.75}, "class_id": 0, "box_caption": "person 0.002", "scores": {"class_score": 0.0021991729736328125}, "domain": "pixel"}, {"position": {"minX": 450.5, "minY": 501.25, "maxX": 487.5, "maxY": 570.0}, "class_id": 0, "box_caption": "person 0.002", "scores": {"class_score": 0.0021915435791015625}, "domain": "pixel"}, {"position": {"minX": 526.0, "minY": 338.25, "maxX": 559.0, "maxY": 426.25}, "class_id": 0, "box_caption": "person 0.002", "scores": {"class_score": 0.00217437744140625}, "domain": "pixel"}, {"position": {"minX": 535.5, "minY": 364.5, "maxX": 662.5, "maxY": 641.0}, "class_id": 0, "box_caption": "person 0.002", "scores": {"class_score": 0.0021648406982421875}, "domain": "pixel"}, {"position": {"minX": 202.75, "minY": 464.75, "maxX": 325.25, "maxY": 636.0}, "class_id": 0, "box_caption": "person 0.002", "scores": {"class_score": 0.002140045166015625}, "domain": "pixel"}, {"position": {"minX": 364.75, "minY": 575.5, "maxX": 511.25, "maxY": 654.5}, "class_id": 0, "box_caption": "person 0.002", "scores": {"class_score": 0.002140045166015625}, "domain": "pixel"}, {"position": {"minX": 426.75, "minY": 247.75, "maxX": 459.25, "maxY": 321.25}, "class_id": 0, "box_caption": "person 0.002", "scores": {"class_score": 0.002124786376953125}, "domain": "pixel"}, {"position": {"minX": 598.0, "minY": 224.0, "maxX": 669.0, "maxY": 556.5}, "class_id": 0, "box_caption": "person 0.002", "scores": {"class_score": 0.0020751953125}, "domain": "pixel"}, {"position": {"minX": 487.25, "minY": 452.5, "maxX": 584.0, "maxY": 613.5}, "class_id": 0, "box_caption": "person 0.002", "scores": {"class_score": 0.0020580291748046875}, "domain": "pixel"}, {"position": {"minX": 17.375, "minY": 573.0, "maxX": 84.125, "maxY": 656.0}, "class_id": 0, "box_caption": "person 0.002", "scores": {"class_score": 0.0020580291748046875}, "domain": "pixel"}, {"position": {"minX": 20.671875, "minY": 148.125, "maxX": 33.1875, "maxY": 179.625}, "class_id": 0, "box_caption": "person 0.002", "scores": {"class_score": 0.0020351409912109375}, "domain": "pixel"}, {"position": {"minX": 617.0, "minY": 14.5625, "maxX": 665.0, "maxY": 216.0}, "class_id": 0, "box_caption": "person 0.002", "scores": {"class_score": 0.0020275115966796875}, "domain": "pixel"}, {"position": {"minX": 517.5, "minY": 340.5, "maxX": 568.5, "maxY": 490.5}, "class_id": 0, "box_caption": "person 0.002", "scores": {"class_score": 0.0020198822021484375}, "domain": "pixel"}, {"position": {"minX": 388.25, "minY": 247.75, "maxX": 486.75, "maxY": 495.25}, "class_id": 0, "box_caption": "person 0.002", "scores": {"class_score": 0.001995086669921875}, "domain": "pixel"}, {"position": {"minX": 223.75, "minY": 384.5, "maxX": 300.75, "maxY": 526.0}, "class_id": 0, "box_caption": "person 0.002", "scores": {"class_score": 0.001972198486328125}, "domain": "pixel"}, {"position": {"minX": 318.0, "minY": 218.75, "maxX": 365.0, "maxY": 343.75}, "class_id": 0, "box_caption": "person 0.002", "scores": {"class_score": 0.001956939697265625}, "domain": "pixel"}, {"position": {"minX": 182.375, "minY": 482.0, "maxX": 256.0, "maxY": 654.0}, "class_id": 0, "box_caption": "person 0.002", "scores": {"class_score": 0.001941680908203125}, "domain": "pixel"}, {"position": {"minX": 419.0, "minY": 593.0, "maxX": 495.0, "maxY": 651.0}, "class_id": 0, "box_caption": "person 0.002", "scores": {"class_score": 0.001926422119140625}, "domain": "pixel"}, {"position": {"minX": 237.0, "minY": 329.0, "maxX": 415.5, "maxY": 590.5}, "class_id": 0, "box_caption": "person 0.002", "scores": {"class_score": 0.001918792724609375}, "domain": "pixel"}, {"position": {"minX": 367.0, "minY": 214.75, "maxX": 409.5, "maxY": 347.25}, "class_id": 0, "box_caption": "person 0.002", "scores": {"class_score": 0.0019121170043945312}, "domain": "pixel"}, {"position": {"minX": 592.0, "minY": 87.75, "maxX": 669.0, "maxY": 403.75}, "class_id": 0, "box_caption": "person 0.002", "scores": {"class_score": 0.0018968582153320312}, "domain": "pixel"}, {"position": {"minX": 417.5, "minY": 510.25, "maxX": 450.0, "maxY": 592.0}, "class_id": 0, "box_caption": "person 0.002", "scores": {"class_score": 0.0018892288208007812}, "domain": "pixel"}, {"position": {"minX": 253.25, "minY": 408.5, "maxX": 308.75, "maxY": 501.5}, "class_id": 0, "box_caption": "person 0.002", "scores": {"class_score": 0.0018825531005859375}, "domain": "pixel"}, {"position": {"minX": 625.0, "minY": 276.75, "maxX": 663.0, "maxY": 572.0}, "class_id": 0, "box_caption": "person 0.002", "scores": {"class_score": 0.0018825531005859375}, "domain": "pixel"}, {"position": {"minX": 275.0, "minY": 246.5, "maxX": 392.5, "maxY": 563.5}, "class_id": 0, "box_caption": "person 0.002", "scores": {"class_score": 0.0018825531005859375}, "domain": "pixel"}, {"position": {"minX": 350.5, "minY": 267.25, "maxX": 435.0, "maxY": 548.0}, "class_id": 0, "box_caption": "person 0.002", "scores": {"class_score": 0.0018825531005859375}, "domain": "pixel"}, {"position": {"minX": 212.625, "minY": 387.0, "maxX": 306.0, "maxY": 590.0}, "class_id": 0, "box_caption": "person 0.002", "scores": {"class_score": 0.0018606185913085938}, "domain": "pixel"}, {"position": {"minX": 363.0, "minY": 172.25, "maxX": 498.0, "maxY": 399.75}, "class_id": 0, "box_caption": "person 0.002", "scores": {"class_score": 0.0018606185913085938}, "domain": "pixel"}, {"position": {"minX": 18.015625, "minY": 127.125, "maxX": 32.625, "maxY": 190.125}, "class_id": 0, "box_caption": "person 0.002", "scores": {"class_score": 0.0018529891967773438}, "domain": "pixel"}, {"position": {"minX": 426.0, "minY": 262.5, "maxX": 464.0, "maxY": 355.0}, "class_id": 0, "box_caption": "person 0.002", "scores": {"class_score": 0.0018529891967773438}, "domain": "pixel"}, {"position": {"minX": 39.75, "minY": 462.0, "maxX": 103.0, "maxY": 612.0}, "class_id": 0, "box_caption": "person 0.002", "scores": {"class_score": 0.0018529891967773438}, "domain": "pixel"}, {"position": {"minX": 477.5, "minY": 97.3125, "maxX": 523.0, "maxY": 270.75}, "class_id": 0, "box_caption": "person 0.002", "scores": {"class_score": 0.00183868408203125}, "domain": "pixel"}, {"position": {"minX": 24.34375, "minY": 198.375, "maxX": 36.09375, "maxY": 230.125}, "class_id": 0, "box_caption": "person 0.002", "scores": {"class_score": 0.0018177032470703125}, "domain": "pixel"}, {"position": {"minX": 546.5, "minY": 420.25, "maxX": 571.5, "maxY": 469.25}, "class_id": 0, "box_caption": "person 0.002", "scores": {"class_score": 0.0018100738525390625}, "domain": "pixel"}, {"position": {"minX": 305.75, "minY": 216.0, "maxX": 372.25, "maxY": 379.5}, "class_id": 0, "box_caption": "person 0.002", "scores": {"class_score": 0.0018033981323242188}, "domain": "pixel"}, {"position": {"minX": 19.90625, "minY": 43.53125, "maxX": 34.59375, "maxY": 98.875}, "class_id": 0, "box_caption": "person 0.002", "scores": {"class_score": 0.0017824172973632812}, "domain": "pixel"}, {"position": {"minX": 23.40625, "minY": 191.125, "maxX": 33.46875, "maxY": 236.625}, "class_id": 0, "box_caption": "person 0.002", "scores": {"class_score": 0.0017480850219726562}, "domain": "pixel"}, {"position": {"minX": 441.25, "minY": 607.0, "maxX": 503.75, "maxY": 650.0}, "class_id": 0, "box_caption": "person 0.002", "scores": {"class_score": 0.0017480850219726562}, "domain": "pixel"}, {"position": {"minX": 303.5, "minY": 395.75, "maxX": 346.0, "maxY": 476.75}, "class_id": 0, "box_caption": "person 0.002", "scores": {"class_score": 0.0017414093017578125}, "domain": "pixel"}, {"position": {"minX": -0.68359375, "minY": 650.5, "maxX": 6.33984375, "maxY": 672.5}, "class_id": 0, "box_caption": "person 0.002", "scores": {"class_score": 0.001720428466796875}, "domain": "pixel"}, {"position": {"minX": 469.75, "minY": 206.25, "maxX": 509.75, "maxY": 313.75}, "class_id": 0, "box_caption": "person 0.002", "scores": {"class_score": 0.0017137527465820312}, "domain": "pixel"}, {"position": {"minX": 611.0, "minY": 311.0, "maxX": 673.0, "maxY": 680.5}, "class_id": 0, "box_caption": "person 0.002", "scores": {"class_score": 0.0017137527465820312}, "domain": "pixel"}, {"position": {"minX": 425.75, "minY": 303.5, "maxX": 440.25, "maxY": 337.0}, "class_id": 0, "box_caption": "person 0.002", "scores": {"class_score": 0.0017070770263671875}, "domain": "pixel"}, {"position": {"minX": 321.75, "minY": 384.25, "maxX": 367.25, "maxY": 477.25}, "class_id": 0, "box_caption": "person 0.002", "scores": {"class_score": 0.0017070770263671875}, "domain": "pixel"}, {"position": {"minX": 261.25, "minY": 425.0, "maxX": 407.75, "maxY": 638.0}, "class_id": 0, "box_caption": "person 0.002", "scores": {"class_score": 0.0017070770263671875}, "domain": "pixel"}, {"position": {"minX": 397.5, "minY": 212.625, "maxX": 449.5, "maxY": 332.75}, "class_id": 0, "box_caption": "person 0.002", "scores": {"class_score": 0.0017004013061523438}, "domain": "pixel"}, {"position": {"minX": 508.0, "minY": 474.75, "maxX": 551.0, "maxY": 571.5}, "class_id": 0, "box_caption": "person 0.002", "scores": {"class_score": 0.001674652099609375}, "domain": "pixel"}, {"position": {"minX": 282.75, "minY": 174.5, "maxX": 390.75, "maxY": 430.5}, "class_id": 0, "box_caption": "person 0.002", "scores": {"class_score": 0.001674652099609375}, "domain": "pixel"}, {"position": {"minX": 578.5, "minY": 396.5, "maxX": 660.5, "maxY": 650.5}, "class_id": 0, "box_caption": "person 0.002", "scores": {"class_score": 0.0016546249389648438}, "domain": "pixel"}, {"position": {"minX": 313.0, "minY": 518.0, "maxX": 553.0, "maxY": 656.0}, "class_id": 0, "box_caption": "person 0.002", "scores": {"class_score": 0.0016546249389648438}, "domain": "pixel"}, {"position": {"minX": 429.25, "minY": 284.25, "maxX": 449.25, "maxY": 329.75}, "class_id": 0, "box_caption": "person 0.002", "scores": {"class_score": 0.0016355514526367188}, "domain": "pixel"}, {"position": {"minX": 20.84375, "minY": 507.0, "maxX": 67.0, "maxY": 665.0}, "class_id": 0, "box_caption": "person 0.002", "scores": {"class_score": 0.001628875732421875}, "domain": "pixel"}, {"position": {"minX": 474.0, "minY": 277.0, "maxX": 518.0, "maxY": 454.0}, "class_id": 0, "box_caption": "person 0.002", "scores": {"class_score": 0.0016231536865234375}, "domain": "pixel"}, {"position": {"minX": 461.75, "minY": 275.0, "maxX": 509.75, "maxY": 421.5}, "class_id": 0, "box_caption": "person 0.002", "scores": {"class_score": 0.0016164779663085938}, "domain": "pixel"}, {"position": {"minX": 545.0, "minY": 107.75, "maxX": 621.0, "maxY": 390.25}, "class_id": 0, "box_caption": "person 0.002", "scores": {"class_score": 0.0016107559204101562}, "domain": "pixel"}, {"position": {"minX": 13.734375, "minY": 219.125, "maxX": 27.015625, "maxY": 282.0}, "class_id": 0, "box_caption": "person 0.002", "scores": {"class_score": 0.0016040802001953125}, "domain": "pixel"}, {"position": {"minX": 527.5, "minY": 380.25, "maxX": 558.5, "maxY": 449.25}, "class_id": 0, "box_caption": "person 0.002", "scores": {"class_score": 0.0016040802001953125}, "domain": "pixel"}, {"position": {"minX": 286.5, "minY": 524.0, "maxX": 379.5, "maxY": 626.0}, "class_id": 0, "box_caption": "person 0.002", "scores": {"class_score": 0.0016040802001953125}, "domain": "pixel"}, {"position": {"minX": 440.25, "minY": 603.0, "maxX": 528.5, "maxY": 656.0}, "class_id": 0, "box_caption": "person 0.002", "scores": {"class_score": 0.0015916824340820312}, "domain": "pixel"}, {"position": {"minX": 319.5, "minY": 540.0, "maxX": 361.5, "maxY": 588.0}, "class_id": 0, "box_caption": "person 0.002", "scores": {"class_score": 0.0015850067138671875}, "domain": "pixel"}, {"position": {"minX": 198.875, "minY": 417.0, "maxX": 266.75, "maxY": 591.0}, "class_id": 0, "box_caption": "person 0.002", "scores": {"class_score": 0.0015735626220703125}, "domain": "pixel"}, {"position": {"minX": 22.78125, "minY": 566.5, "maxX": 135.5, "maxY": 658.5}, "class_id": 0, "box_caption": "person 0.002", "scores": {"class_score": 0.0015668869018554688}, "domain": "pixel"}, {"position": {"minX": 531.0, "minY": 371.5, "maxX": 552.0, "maxY": 420.5}, "class_id": 0, "box_caption": "person 0.002", "scores": {"class_score": 0.0015544891357421875}, "domain": "pixel"}, {"position": {"minX": 643.5, "minY": 209.0, "maxX": 669.5, "maxY": 452.0}, "class_id": 0, "box_caption": "person 0.002", "scores": {"class_score": 0.0015544891357421875}, "domain": "pixel"}, {"position": {"minX": 338.25, "minY": 442.0, "maxX": 360.25, "maxY": 494.0}, "class_id": 0, "box_caption": "person 0.002", "scores": {"class_score": 0.0015430450439453125}, "domain": "pixel"}, {"position": {"minX": 518.5, "minY": 264.0, "maxX": 564.5, "maxY": 459.5}, "class_id": 0, "box_caption": "person 0.002", "scores": {"class_score": 0.0015363693237304688}, "domain": "pixel"}, {"position": {"minX": 167.0, "minY": 234.5, "maxX": 190.5, "maxY": 270.5}, "class_id": 0, "box_caption": "person 0.002", "scores": {"class_score": 0.0015249252319335938}, "domain": "pixel"}, {"position": {"minX": 450.25, "minY": 188.875, "maxX": 503.75, "maxY": 306.75}, "class_id": 0, "box_caption": "person 0.001", "scores": {"class_score": 0.0014781951904296875}, "domain": "pixel"}, {"position": {"minX": 617.0, "minY": 326.75, "maxX": 668.0, "maxY": 596.0}, "class_id": 0, "box_caption": "person 0.001", "scores": {"class_score": 0.0014781951904296875}, "domain": "pixel"}, {"position": {"minX": 626.0, "minY": 14.25, "maxX": 663.0, "maxY": 291.75}, "class_id": 0, "box_caption": "person 0.001", "scores": {"class_score": 0.001461029052734375}, "domain": "pixel"}, {"position": {"minX": 428.5, "minY": 610.5, "maxX": 479.5, "maxY": 651.5}, "class_id": 0, "box_caption": "person 0.001", "scores": {"class_score": 0.0014553070068359375}, "domain": "pixel"}, {"position": {"minX": 9.609375, "minY": 474.0, "maxX": 58.0, "maxY": 651.0}, "class_id": 0, "box_caption": "person 0.001", "scores": {"class_score": 0.0014553070068359375}, "domain": "pixel"}, {"position": {"minX": 426.5, "minY": 495.25, "maxX": 456.0, "maxY": 570.5}, "class_id": 0, "box_caption": "person 0.001", "scores": {"class_score": 0.0014438629150390625}, "domain": "pixel"}, {"position": {"minX": 615.5, "minY": 20.0625, "maxX": 660.5, "maxY": 152.5}, "class_id": 0, "box_caption": "person 0.001", "scores": {"class_score": 0.001438140869140625}, "domain": "pixel"}, {"position": {"minX": 464.5, "minY": 469.25, "maxX": 499.5, "maxY": 574.0}, "class_id": 0, "box_caption": "person 0.001", "scores": {"class_score": 0.001438140869140625}, "domain": "pixel"}, {"position": {"minX": 403.25, "minY": 280.5, "maxX": 475.25, "maxY": 458.0}, "class_id": 0, "box_caption": "person 0.001", "scores": {"class_score": 0.00142669677734375}, "domain": "pixel"}, {"position": {"minX": 327.25, "minY": 222.125, "maxX": 391.75, "maxY": 364.5}, "class_id": 0, "box_caption": "person 0.001", "scores": {"class_score": 0.0014162063598632812}, "domain": "pixel"}, {"position": {"minX": -0.359375, "minY": 658.0, "maxX": 9.046875, "maxY": 674.0}, "class_id": 0, "box_caption": "person 0.001", "scores": {"class_score": 0.0014104843139648438}, "domain": "pixel"}, {"position": {"minX": 549.0, "minY": 406.5, "maxX": 576.0, "maxY": 470.5}, "class_id": 0, "box_caption": "person 0.001", "scores": {"class_score": 0.0014104843139648438}, "domain": "pixel"}, {"position": {"minX": 326.0, "minY": 402.25, "maxX": 374.5, "maxY": 509.25}, "class_id": 0, "box_caption": "person 0.001", "scores": {"class_score": 0.0014104843139648438}, "domain": "pixel"}, {"position": {"minX": 460.75, "minY": 488.0, "maxX": 491.25, "maxY": 559.0}, "class_id": 0, "box_caption": "person 0.001", "scores": {"class_score": 0.0013942718505859375}, "domain": "pixel"}, {"position": {"minX": 478.0, "minY": 125.9375, "maxX": 554.0, "maxY": 362.5}, "class_id": 0, "box_caption": "person 0.001", "scores": {"class_score": 0.0013942718505859375}, "domain": "pixel"}, {"position": {"minX": 399.75, "minY": 266.5, "maxX": 432.25, "maxY": 347.0}, "class_id": 0, "box_caption": "person 0.001", "scores": {"class_score": 0.0013885498046875}, "domain": "pixel"}, {"position": {"minX": 418.0, "minY": 245.5, "maxX": 453.0, "maxY": 328.5}, "class_id": 0, "box_caption": "person 0.001", "scores": {"class_score": 0.0013828277587890625}, "domain": "pixel"}, {"position": {"minX": 429.5, "minY": 617.0, "maxX": 457.0, "maxY": 655.0}, "class_id": 0, "box_caption": "person 0.001", "scores": {"class_score": 0.0013780593872070312}, "domain": "pixel"}, {"position": {"minX": 342.25, "minY": 395.5, "maxX": 383.25, "maxY": 478.5}, "class_id": 0, "box_caption": "person 0.001", "scores": {"class_score": 0.0013723373413085938}, "domain": "pixel"}, {"position": {"minX": 404.5, "minY": 264.5, "maxX": 594.5, "maxY": 581.0}, "class_id": 0, "box_caption": "person 0.001", "scores": {"class_score": 0.0013723373413085938}, "domain": "pixel"}, {"position": {"minX": 511.25, "minY": 383.5, "maxX": 592.5, "maxY": 563.5}, "class_id": 0, "box_caption": "person 0.001", "scores": {"class_score": 0.0013666152954101562}, "domain": "pixel"}, {"position": {"minX": 410.0, "minY": 198.25, "maxX": 466.0, "maxY": 342.75}, "class_id": 0, "box_caption": "person 0.001", "scores": {"class_score": 0.0013666152954101562}, "domain": "pixel"}, {"position": {"minX": 10.4375, "minY": 531.0, "maxX": 53.3125, "maxY": 654.0}, "class_id": 0, "box_caption": "person 0.001", "scores": {"class_score": 0.0013666152954101562}, "domain": "pixel"}, {"position": {"minX": 537.5, "minY": 409.0, "maxX": 584.5, "maxY": 498.0}, "class_id": 0, "box_caption": "person 0.001", "scores": {"class_score": 0.001361846923828125}, "domain": "pixel"}, {"position": {"minX": 390.5, "minY": 155.125, "maxX": 471.5, "maxY": 349.0}, "class_id": 0, "box_caption": "person 0.001", "scores": {"class_score": 0.0013561248779296875}, "domain": "pixel"}, {"position": {"minX": 350.75, "minY": 143.75, "maxX": 438.75, "maxY": 357.75}, "class_id": 0, "box_caption": "person 0.001", "scores": {"class_score": 0.0013456344604492188}, "domain": "pixel"}, {"position": {"minX": 506.0, "minY": 427.25, "maxX": 667.0, "maxY": 669.0}, "class_id": 0, "box_caption": "person 0.001", "scores": {"class_score": 0.0013456344604492188}, "domain": "pixel"}, {"position": {"minX": 435.0, "minY": 90.375, "maxX": 551.5, "maxY": 333.5}, "class_id": 0, "box_caption": "person 0.001", "scores": {"class_score": 0.0013456344604492188}, "domain": "pixel"}, {"position": {"minX": 211.625, "minY": 471.75, "maxX": 275.0, "maxY": 632.0}, "class_id": 0, "box_caption": "person 0.001", "scores": {"class_score": 0.00133514404296875}, "domain": "pixel"}, {"position": {"minX": 616.5, "minY": 120.5, "maxX": 673.5, "maxY": 425.5}, "class_id": 0, "box_caption": "person 0.001", "scores": {"class_score": 0.00133514404296875}, "domain": "pixel"}, {"position": {"minX": 521.5, "minY": 415.25, "maxX": 612.5, "maxY": 590.0}, "class_id": 0, "box_caption": "person 0.001", "scores": {"class_score": 0.0013303756713867188}, "domain": "pixel"}, {"position": {"minX": 469.75, "minY": 371.0, "maxX": 494.75, "maxY": 421.0}, "class_id": 0, "box_caption": "person 0.001", "scores": {"class_score": 0.0013246536254882812}, "domain": "pixel"}, {"position": {"minX": 16.328125, "minY": 144.25, "maxX": 28.234375, "maxY": 184.25}, "class_id": 0, "box_caption": "person 0.001", "scores": {"class_score": 0.0013246536254882812}, "domain": "pixel"}, {"position": {"minX": 363.5, "minY": 168.0, "maxX": 425.0, "maxY": 334.0}, "class_id": 0, "box_caption": "person 0.001", "scores": {"class_score": 0.0013246536254882812}, "domain": "pixel"}, {"position": {"minX": 604.0, "minY": 348.5, "maxX": 663.0, "maxY": 526.0}, "class_id": 0, "box_caption": "person 0.001", "scores": {"class_score": 0.0013151168823242188}, "domain": "pixel"}, {"position": {"minX": 533.0, "minY": 387.5, "maxX": 548.0, "maxY": 429.5}, "class_id": 0, "box_caption": "person 0.001", "scores": {"class_score": 0.00130462646484375}, "domain": "pixel"}, {"position": {"minX": 628.0, "minY": 6.3125, "maxX": 657.0, "maxY": 168.0}, "class_id": 0, "box_caption": "person 0.001", "scores": {"class_score": 0.00130462646484375}, "domain": "pixel"}, {"position": {"minX": 583.0, "minY": 36.75, "maxX": 695.0, "maxY": 510.25}, "class_id": 0, "box_caption": "person 0.001", "scores": {"class_score": 0.00130462646484375}, "domain": "pixel"}, {"position": {"minX": 289.25, "minY": 453.75, "maxX": 330.25, "maxY": 513.0}, "class_id": 0, "box_caption": "person 0.001", "scores": {"class_score": 0.0012941360473632812}, "domain": "pixel"}, {"position": {"minX": 20.46875, "minY": 51.875, "maxX": 41.78125, "maxY": 95.375}, "class_id": 0, "box_caption": "person 0.001", "scores": {"class_score": 0.0012788772583007812}, "domain": "pixel"}, {"position": {"minX": 545.0, "minY": 351.5, "maxX": 580.0, "maxY": 437.5}, "class_id": 0, "box_caption": "person 0.001", "scores": {"class_score": 0.0012788772583007812}, "domain": "pixel"}, {"position": {"minX": 73.75, "minY": 516.5, "maxX": 86.75, "maxY": 540.5}, "class_id": 0, "box_caption": "person 0.001", "scores": {"class_score": 0.00127410888671875}, "domain": "pixel"}, {"position": {"minX": 334.5, "minY": 634.0, "maxX": 346.0, "maxY": 653.0}, "class_id": 0, "box_caption": "person 0.001", "scores": {"class_score": 0.00127410888671875}, "domain": "pixel"}, {"position": {"minX": 114.875, "minY": 324.25, "maxX": 258.5, "maxY": 561.5}, "class_id": 0, "box_caption": "person 0.001", "scores": {"class_score": 0.00127410888671875}, "domain": "pixel"}, {"position": {"minX": 0.84375, "minY": 353.0, "maxX": 116.0, "maxY": 643.5}, "class_id": 0, "box_caption": "person 0.001", "scores": {"class_score": 0.0012598037719726562}, "domain": "pixel"}, {"position": {"minX": 300.0, "minY": 378.0, "maxX": 355.0, "maxY": 485.5}, "class_id": 0, "box_caption": "person 0.001", "scores": {"class_score": 0.001239776611328125}, "domain": "pixel"}, {"position": {"minX": 424.25, "minY": 614.5, "maxX": 448.75, "maxY": 655.5}, "class_id": 0, "box_caption": "person 0.001", "scores": {"class_score": 0.0012254714965820312}, "domain": "pixel"}, {"position": {"minX": 19.640625, "minY": 546.5, "maxX": 61.6875, "maxY": 654.5}, "class_id": 0, "box_caption": "person 0.001", "scores": {"class_score": 0.0012254714965820312}, "domain": "pixel"}, {"position": {"minX": 184.875, "minY": 427.75, "maxX": 228.125, "maxY": 582.0}, "class_id": 0, "box_caption": "person 0.001", "scores": {"class_score": 0.001220703125}, "domain": "pixel"}, {"position": {"minX": 291.25, "minY": 348.25, "maxX": 408.75, "maxY": 569.5}, "class_id": 0, "box_caption": "person 0.001", "scores": {"class_score": 0.0012159347534179688}, "domain": "pixel"}, {"position": {"minX": 420.25, "minY": 612.5, "maxX": 461.75, "maxY": 650.5}, "class_id": 0, "box_caption": "person 0.001", "scores": {"class_score": 0.0012111663818359375}, "domain": "pixel"}, {"position": {"minX": 22.53125, "minY": 51.3125, "maxX": 34.15625, "maxY": 89.8125}, "class_id": 0, "box_caption": "person 0.001", "scores": {"class_score": 0.0012063980102539062}, "domain": "pixel"}, {"position": {"minX": 18.21875, "minY": 442.0, "maxX": 68.875, "maxY": 634.0}, "class_id": 0, "box_caption": "person 0.001", "scores": {"class_score": 0.001201629638671875}, "domain": "pixel"}, {"position": {"minX": 329.75, "minY": 143.5, "maxX": 415.25, "maxY": 351.75}, "class_id": 0, "box_caption": "person 0.001", "scores": {"class_score": 0.0011968612670898438}, "domain": "pixel"}, {"position": {"minX": 215.875, "minY": 351.5, "maxX": 306.25, "maxY": 498.0}, "class_id": 0, "box_caption": "person 0.001", "scores": {"class_score": 0.0011920928955078125}, "domain": "pixel"}, {"position": {"minX": 404.0, "minY": 586.0, "maxX": 477.5, "maxY": 656.0}, "class_id": 0, "box_caption": "person 0.001", "scores": {"class_score": 0.0011920928955078125}, "domain": "pixel"}, {"position": {"minX": 441.5, "minY": 278.75, "maxX": 475.5, "maxY": 378.25}, "class_id": 0, "box_caption": "person 0.001", "scores": {"class_score": 0.0011882781982421875}, "domain": "pixel"}, {"position": {"minX": 469.25, "minY": 232.0, "maxX": 526.5, "maxY": 425.5}, "class_id": 0, "box_caption": "person 0.001", "scores": {"class_score": 0.0011882781982421875}, "domain": "pixel"}, {"position": {"minX": 482.25, "minY": 101.0, "maxX": 523.0, "maxY": 203.75}, "class_id": 0, "box_caption": "person 0.001", "scores": {"class_score": 0.0011835098266601562}, "domain": "pixel"}, {"position": {"minX": 483.25, "minY": 119.25, "maxX": 534.0, "maxY": 293.75}, "class_id": 0, "box_caption": "person 0.001", "scores": {"class_score": 0.0011835098266601562}, "domain": "pixel"}, {"position": {"minX": 406.75, "minY": 14.90625, "maxX": 434.75, "maxY": 72.25}, "class_id": 0, "box_caption": "person 0.001", "scores": {"class_score": 0.0011739730834960938}, "domain": "pixel"}, {"position": {"minX": 163.0, "minY": 442.0, "maxX": 208.0, "maxY": 562.0}, "class_id": 0, "box_caption": "person 0.001", "scores": {"class_score": 0.001155853271484375}, "domain": "pixel"}, {"position": {"minX": 351.75, "minY": 530.5, "maxX": 417.25, "maxY": 615.5}, "class_id": 0, "box_caption": "person 0.001", "scores": {"class_score": 0.001155853271484375}, "domain": "pixel"}, {"position": {"minX": 296.0, "minY": 519.0, "maxX": 395.0, "maxY": 598.0}, "class_id": 0, "box_caption": "person 0.001", "scores": {"class_score": 0.0011510848999023438}, "domain": "pixel"}, {"position": {"minX": 319.0, "minY": 267.5, "maxX": 416.0, "maxY": 539.0}, "class_id": 0, "box_caption": "person 0.001", "scores": {"class_score": 0.0011472702026367188}, "domain": "pixel"}, {"position": {"minX": 547.5, "minY": 421.75, "maxX": 578.5, "maxY": 480.75}, "class_id": 0, "box_caption": "person 0.001", "scores": {"class_score": 0.001129150390625}, "domain": "pixel"}, {"position": {"minX": 27.6875, "minY": 436.0, "maxX": 83.9375, "maxY": 605.0}, "class_id": 0, "box_caption": "person 0.001", "scores": {"class_score": 0.001129150390625}, "domain": "pixel"}, {"position": {"minX": 507.25, "minY": 339.0, "maxX": 542.5, "maxY": 447.5}, "class_id": 0, "box_caption": "person 0.001", "scores": {"class_score": 0.001129150390625}, "domain": "pixel"}, {"position": {"minX": 327.25, "minY": 168.125, "maxX": 394.75, "maxY": 335.0}, "class_id": 0, "box_caption": "person 0.001", "scores": {"class_score": 0.0011157989501953125}, "domain": "pixel"}, {"position": {"minX": 408.0, "minY": 575.5, "maxX": 580.0, "maxY": 658.5}, "class_id": 0, "box_caption": "person 0.001", "scores": {"class_score": 0.0011157989501953125}, "domain": "pixel"}, {"position": {"minX": 456.0, "minY": 479.25, "maxX": 507.0, "maxY": 588.5}, "class_id": 0, "box_caption": "person 0.001", "scores": {"class_score": 0.0011119842529296875}, "domain": "pixel"}, {"position": {"minX": 347.0, "minY": 202.75, "maxX": 520.5, "maxY": 446.75}, "class_id": 0, "box_caption": "person 0.001", "scores": {"class_score": 0.0011119842529296875}, "domain": "pixel"}, {"position": {"minX": 133.0, "minY": 628.0, "maxX": 146.75, "maxY": 656.0}, "class_id": 0, "box_caption": "person 0.001", "scores": {"class_score": 0.0011072158813476562}, "domain": "pixel"}, {"position": {"minX": 287.0, "minY": 400.0, "maxX": 329.0, "maxY": 487.5}, "class_id": 0, "box_caption": "person 0.001", "scores": {"class_score": 0.0011072158813476562}, "domain": "pixel"}, {"position": {"minX": 36.75, "minY": 152.875, "maxX": 47.5, "maxY": 177.875}, "class_id": 0, "box_caption": "person 0.001", "scores": {"class_score": 0.001094818115234375}, "domain": "pixel"}, {"position": {"minX": 130.375, "minY": 102.0, "maxX": 136.875, "maxY": 120.125}, "class_id": 0, "box_caption": "person 0.001", "scores": {"class_score": 0.0010814666748046875}, "domain": "pixel"}, {"position": {"minX": 585.5, "minY": 334.5, "maxX": 655.5, "maxY": 508.5}, "class_id": 0, "box_caption": "person 0.001", "scores": {"class_score": 0.0010776519775390625}, "domain": "pixel"}, {"position": {"minX": 416.0, "minY": 220.125, "maxX": 459.0, "maxY": 318.5}, "class_id": 0, "box_caption": "person 0.001", "scores": {"class_score": 0.0010690689086914062}, "domain": "pixel"}, {"position": {"minX": 223.75, "minY": 227.25, "maxX": 387.25, "maxY": 506.25}, "class_id": 0, "box_caption": "person 0.001", "scores": {"class_score": 0.0010690689086914062}, "domain": "pixel"}, {"position": {"minX": 240.125, "minY": 309.25, "maxX": 369.0, "maxY": 504.75}, "class_id": 0, "box_caption": "person 0.001", "scores": {"class_score": 0.0010690689086914062}, "domain": "pixel"}, {"position": {"minX": 476.75, "minY": 380.5, "maxX": 499.75, "maxY": 428.5}, "class_id": 0, "box_caption": "person 0.001", "scores": {"class_score": 0.0010528564453125}, "domain": "pixel"}, {"position": {"minX": 478.5, "minY": 189.125, "maxX": 563.5, "maxY": 470.5}, "class_id": 0, "box_caption": "person 0.001", "scores": {"class_score": 0.0010528564453125}, "domain": "pixel"}], "class_labels": {"0": "person"}}