{"box_data": [{"position": {"minX": 182.625, "minY": 338.5, "maxX": 273.0, "maxY": 608.0}, "class_id": 0, "box_caption": "person 0.466", "scores": {"class_score": 0.4658203125}, "domain": "pixel"}, {"position": {"minX": 511.75, "minY": 395.5, "maxX": 613.5, "maxY": 605.5}, "class_id": 0, "box_caption": "person 0.218", "scores": {"class_score": 0.2183837890625}, "domain": "pixel"}, {"position": {"minX": 190.25, "minY": 344.5, "maxX": 259.0, "maxY": 556.5}, "class_id": 0, "box_caption": "person 0.136", "scores": {"class_score": 0.1361083984375}, "domain": "pixel"}, {"position": {"minX": 455.75, "minY": 338.25, "maxX": 499.25, "maxY": 438.75}, "class_id": 0, "box_caption": "person 0.104", "scores": {"class_score": 0.10394287109375}, "domain": "pixel"}, {"position": {"minX": 406.75, "minY": 258.75, "maxX": 446.75, "maxY": 336.25}, "class_id": 0, "box_caption": "person 0.093", "scores": {"class_score": 0.093017578125}, "domain": "pixel"}, {"position": {"minX": 418.75, "minY": 266.0, "maxX": 448.75, "maxY": 331.0}, "class_id": 0, "box_caption": "person 0.092", "scores": {"class_score": 0.092041015625}, "domain": "pixel"}, {"position": {"minX": 287.0, "minY": 403.25, "maxX": 348.0, "maxY": 510.75}, "class_id": 0, "box_caption": "person 0.085", "scores": {"class_score": 0.0850830078125}, "domain": "pixel"}, {"position": {"minX": 300.0, "minY": 400.25, "maxX": 356.0, "maxY": 493.75}, "class_id": 0, "box_caption": "person 0.071", "scores": {"class_score": 0.07080078125}, "domain": "pixel"}, {"position": {"minX": 516.0, "minY": 229.375, "maxX": 584.0, "maxY": 447.0}, "class_id": 0, "box_caption": "person 0.065", "scores": {"class_score": 0.06488037109375}, "domain": "pixel"}, {"position": {"minX": 174.5, "minY": 353.0, "maxX": 247.0, "maxY": 594.0}, "class_id": 0, "box_caption": "person 0.055", "scores": {"class_score": 0.0552978515625}, "domain": "pixel"}, {"position": {"minX": 416.5, "minY": 277.75, "maxX": 442.0, "maxY": 334.75}, "class_id": 0, "box_caption": "person 0.055", "scores": {"class_score": 0.055206298828125}, "domain": "pixel"}, {"position": {"minX": 195.0, "minY": 350.0, "maxX": 309.75, "maxY": 629.0}, "class_id": 0, "box_caption": "person 0.054", "scores": {"class_score": 0.0537109375}, "domain": "pixel"}, {"position": {"minX": 517.5, "minY": 319.5, "maxX": 602.5, "maxY": 556.5}, "class_id": 0, "box_caption": "person 0.046", "scores": {"class_score": 0.045684814453125}, "domain": "pixel"}, {"position": {"minX": 530.5, "minY": 354.75, "maxX": 571.5, "maxY": 462.25}, "class_id": 0, "box_caption": "person 0.045", "scores": {"class_score": 0.044921875}, "domain": "pixel"}, {"position": {"minX": 511.5, "minY": 420.0, "maxX": 577.5, "maxY": 612.0}, "class_id": 0, "box_caption": "person 0.043", "scores": {"class_score": 0.043365478515625}, "domain": "pixel"}, {"position": {"minX": 510.5, "minY": 365.0, "maxX": 586.5, "maxY": 585.5}, "class_id": 0, "box_caption": "person 0.042", "scores": {"class_score": 0.04217529296875}, "domain": "pixel"}, {"position": {"minX": 297.75, "minY": 539.5, "maxX": 393.25, "maxY": 641.5}, "class_id": 0, "box_caption": "person 0.040", "scores": {"class_score": 0.039703369140625}, "domain": "pixel"}, {"position": {"minX": 421.5, "minY": 505.25, "maxX": 454.0, "maxY": 586.0}, "class_id": 0, "box_caption": "person 0.039", "scores": {"class_score": 0.0386962890625}, "domain": "pixel"}, {"position": {"minX": 188.125, "minY": 378.75, "maxX": 255.375, "maxY": 637.0}, "class_id": 0, "box_caption": "person 0.037", "scores": {"class_score": 0.03656005859375}, "domain": "pixel"}, {"position": {"minX": 520.5, "minY": 378.75, "maxX": 641.5, "maxY": 574.5}, "class_id": 0, "box_caption": "person 0.030", "scores": {"class_score": 0.0301055908203125}, "domain": "pixel"}, {"position": {"minX": 530.0, "minY": 370.75, "maxX": 554.0, "maxY": 436.25}, "class_id": 0, "box_caption": "person 0.030", "scores": {"class_score": 0.0300445556640625}, "domain": "pixel"}, {"position": {"minX": 198.5, "minY": 343.25, "maxX": 267.25, "maxY": 494.75}, "class_id": 0, "box_caption": "person 0.027", "scores": {"class_score": 0.0273284912109375}, "domain": "pixel"}, {"position": {"minX": 313.25, "minY": 405.25, "maxX": 349.75, "maxY": 483.25}, "class_id": 0, "box_caption": "person 0.025", "scores": {"class_score": 0.0252685546875}, "domain": "pixel"}, {"position": {"minX": 418.75, "minY": 247.75, "maxX": 456.75, "maxY": 327.75}, "class_id": 0, "box_caption": "person 0.023", "scores": {"class_score": 0.023193359375}, "domain": "pixel"}, {"position": {"minX": 317.5, "minY": 412.75, "maxX": 359.5, "maxY": 497.25}, "class_id": 0, "box_caption": "person 0.023", "scores": {"class_score": 0.0230255126953125}, "domain": "pixel"}, {"position": {"minX": 399.0, "minY": 256.75, "maxX": 436.0, "maxY": 334.25}, "class_id": 0, "box_caption": "person 0.021", "scores": {"class_score": 0.0210418701171875}, "domain": "pixel"}, {"position": {"minX": 523.0, "minY": 293.25, "maxX": 588.0, "maxY": 508.75}, "class_id": 0, "box_caption": "person 0.020", "scores": {"class_score": 0.020294189453125}, "domain": "pixel"}, {"position": {"minX": 281.0, "minY": 431.5, "maxX": 324.5, "maxY": 508.0}, "class_id": 0, "box_caption": "person 0.020", "scores": {"class_score": 0.0197601318359375}, "domain": "pixel"}, {"position": {"minX": 405.0, "minY": 279.0, "maxX": 435.5, "maxY": 335.5}, "class_id": 0, "box_caption": "person 0.019", "scores": {"class_score": 0.01934814453125}, "domain": "pixel"}, {"position": {"minX": 118.3125, "minY": 348.75, "maxX": 270.25, "maxY": 637.0}, "class_id": 0, "box_caption": "person 0.019", "scores": {"class_score": 0.019195556640625}, "domain": "pixel"}, {"position": {"minX": 519.0, "minY": 318.25, "maxX": 570.0, "maxY": 473.75}, "class_id": 0, "box_caption": "person 0.019", "scores": {"class_score": 0.0191650390625}, "domain": "pixel"}, {"position": {"minX": 517.5, "minY": 264.0, "maxX": 564.5, "maxY": 444.5}, "class_id": 0, "box_caption": "person 0.019", "scores": {"class_score": 0.018646240234375}, "domain": "pixel"}, {"position": {"minX": 456.75, "minY": 362.75, "maxX": 491.75, "maxY": 440.75}, "class_id": 0, "box_caption": "person 0.019", "scores": {"class_score": 0.018646240234375}, "domain": "pixel"}, {"position": {"minX": 426.0, "minY": 272.0, "maxX": 454.0, "maxY": 329.0}, "class_id": 0, "box_caption": "person 0.018", "scores": {"class_score": 0.018402099609375}, "domain": "pixel"}, {"position": {"minX": 504.5, "minY": 200.625, "maxX": 616.5, "maxY": 522.5}, "class_id": 0, "box_caption": "person 0.018", "scores": {"class_score": 0.0177154541015625}, "domain": "pixel"}, {"position": {"minX": 515.5, "minY": 293.75, "maxX": 653.5, "maxY": 580.0}, "class_id": 0, "box_caption": "person 0.017", "scores": {"class_score": 0.016845703125}, "domain": "pixel"}, {"position": {"minX": 465.0, "minY": 366.25, "maxX": 500.0, "maxY": 438.75}, "class_id": 0, "box_caption": "person 0.017", "scores": {"class_score": 0.01678466796875}, "domain": "pixel"}, {"position": {"minX": 301.0, "minY": 425.5, "maxX": 347.5, "maxY": 505.5}, "class_id": 0, "box_caption": "person 0.016", "scores": {"class_score": 0.0162200927734375}, "domain": "pixel"}, {"position": {"minX": 257.5, "minY": 386.0, "maxX": 357.0, "maxY": 581.5}, "class_id": 0, "box_caption": "person 0.016", "scores": {"class_score": 0.015960693359375}, "domain": "pixel"}, {"position": {"minX": 343.75, "minY": 539.5, "maxX": 401.25, "maxY": 634.5}, "class_id": 0, "box_caption": "person 0.015", "scores": {"class_score": 0.01495361328125}, "domain": "pixel"}, {"position": {"minX": 206.875, "minY": 342.5, "maxX": 312.25, "maxY": 537.5}, "class_id": 0, "box_caption": "person 0.014", "scores": {"class_score": 0.0141754150390625}, "domain": "pixel"}, {"position": {"minX": 330.0, "minY": 402.0, "maxX": 364.0, "maxY": 485.5}, "class_id": 0, "box_caption": "person 0.014", "scores": {"class_score": 0.0139007568359375}, "domain": "pixel"}, {"position": {"minX": 530.5, "minY": 377.75, "maxX": 579.5, "maxY": 493.75}, "class_id": 0, "box_caption": "person 0.014", "scores": {"class_score": 0.0139007568359375}, "domain": "pixel"}, {"position": {"minX": 574.5, "minY": 402.75, "maxX": 650.5, "maxY": 593.0}, "class_id": 0, "box_caption": "person 0.014", "scores": {"class_score": 0.0136871337890625}, "domain": "pixel"}, {"position": {"minX": 19.265625, "minY": 466.5, "maxX": 82.4375, "maxY": 647.5}, "class_id": 0, "box_caption": "person 0.013", "scores": {"class_score": 0.01312255859375}, "domain": "pixel"}, {"position": {"minX": 280.75, "minY": 457.75, "maxX": 313.75, "maxY": 509.25}, "class_id": 0, "box_caption": "person 0.012", "scores": {"class_score": 0.01214599609375}, "domain": "pixel"}, {"position": {"minX": 539.0, "minY": 381.5, "maxX": 577.0, "maxY": 466.5}, "class_id": 0, "box_caption": "person 0.012", "scores": {"class_score": 0.011871337890625}, "domain": "pixel"}, {"position": {"minX": 293.25, "minY": 550.0, "maxX": 365.25, "maxY": 640.0}, "class_id": 0, "box_caption": "person 0.012", "scores": {"class_score": 0.011871337890625}, "domain": "pixel"}, {"position": {"minX": 514.5, "minY": 236.25, "maxX": 568.5, "maxY": 399.25}, "class_id": 0, "box_caption": "person 0.012", "scores": {"class_score": 0.0117340087890625}, "domain": "pixel"}, {"position": {"minX": 423.75, "minY": 276.0, "maxX": 446.25, "maxY": 324.5}, "class_id": 0, "box_caption": "person 0.012", "scores": {"class_score": 0.0115966796875}, "domain": "pixel"}, {"position": {"minX": 515.0, "minY": 245.5, "maxX": 548.0, "maxY": 314.5}, "class_id": 0, "box_caption": "person 0.012", "scores": {"class_score": 0.011505126953125}, "domain": "pixel"}, {"position": {"minX": 179.25, "minY": 403.75, "maxX": 234.0, "maxY": 599.5}, "class_id": 0, "box_caption": "person 0.011", "scores": {"class_score": 0.01137542724609375}, "domain": "pixel"}, {"position": {"minX": 515.0, "minY": 253.375, "maxX": 538.0, "maxY": 311.75}, "class_id": 0, "box_caption": "person 0.011", "scores": {"class_score": 0.01116180419921875}, "domain": "pixel"}, {"position": {"minX": 588.0, "minY": 393.5, "maxX": 650.0, "maxY": 541.5}, "class_id": 0, "box_caption": "person 0.011", "scores": {"class_score": 0.01078033447265625}, "domain": "pixel"}, {"position": {"minX": 417.25, "minY": 260.0, "maxX": 469.25, "maxY": 339.5}, "class_id": 0, "box_caption": "person 0.011", "scores": {"class_score": 0.01061248779296875}, "domain": "pixel"}, {"position": {"minX": 461.75, "minY": 264.0, "maxX": 515.0, "maxY": 431.0}, "class_id": 0, "box_caption": "person 0.010", "scores": {"class_score": 0.01036834716796875}, "domain": "pixel"}, {"position": {"minX": 362.5, "minY": 541.5, "maxX": 395.5, "maxY": 619.5}, "class_id": 0, "box_caption": "person 0.010", "scores": {"class_score": 0.01009368896484375}, "domain": "pixel"}, {"position": {"minX": 417.0, "minY": 293.5, "maxX": 437.0, "maxY": 335.0}, "class_id": 0, "box_caption": "person 0.010", "scores": {"class_score": 0.0099334716796875}, "domain": "pixel"}, {"position": {"minX": 530.0, "minY": 363.75, "maxX": 564.0, "maxY": 425.75}, "class_id": 0, "box_caption": "person 0.010", "scores": {"class_score": 0.009857177734375}, "domain": "pixel"}, {"position": {"minX": 202.25, "minY": 390.5, "maxX": 279.75, "maxY": 613.5}, "class_id": 0, "box_caption": "person 0.010", "scores": {"class_score": 0.0097808837890625}, "domain": "pixel"}, {"position": {"minX": 475.5, "minY": 372.0, "maxX": 504.0, "maxY": 437.0}, "class_id": 0, "box_caption": "person 0.009", "scores": {"class_score": 0.00948333740234375}, "domain": "pixel"}, {"position": {"minX": 430.0, "minY": 501.0, "maxX": 478.5, "maxY": 578.0}, "class_id": 0, "box_caption": "person 0.009", "scores": {"class_score": 0.0094146728515625}, "domain": "pixel"}, {"position": {"minX": 529.0, "minY": 374.5, "maxX": 562.0, "maxY": 460.5}, "class_id": 0, "box_caption": "person 0.009", "scores": {"class_score": 0.00933837890625}, "domain": "pixel"}, {"position": {"minX": 638.5, "minY": 270.75, "maxX": 661.5, "maxY": 392.25}, "class_id": 0, "box_caption": "person 0.009", "scores": {"class_score": 0.00926971435546875}, "domain": "pixel"}, {"position": {"minX": 187.0, "minY": 311.5, "maxX": 330.5, "maxY": 570.5}, "class_id": 0, "box_caption": "person 0.009", "scores": {"class_score": 0.00908660888671875}, "domain": "pixel"}, {"position": {"minX": 288.25, "minY": 450.75, "maxX": 325.75, "maxY": 510.25}, "class_id": 0, "box_caption": "person 0.009", "scores": {"class_score": 0.0089874267578125}, "domain": "pixel"}, {"position": {"minX": 428.25, "minY": 253.75, "maxX": 457.25, "maxY": 317.75}, "class_id": 0, "box_caption": "person 0.009", "scores": {"class_score": 0.00878143310546875}, "domain": "pixel"}, {"position": {"minX": 451.0, "minY": 501.5, "maxX": 493.0, "maxY": 571.5}, "class_id": 0, "box_caption": "person 0.009", "scores": {"class_score": 0.00864410400390625}, "domain": "pixel"}, {"position": {"minX": 18.5625, "minY": 470.0, "maxX": 123.1875, "maxY": 650.0}, "class_id": 0, "box_caption": "person 0.009", "scores": {"class_score": 0.00864410400390625}, "domain": "pixel"}, {"position": {"minX": 400.0, "minY": 241.5, "maxX": 436.0, "maxY": 312.5}, "class_id": 0, "box_caption": "person 0.008", "scores": {"class_score": 0.0083465576171875}, "domain": "pixel"}, {"position": {"minX": 213.625, "minY": 350.0, "maxX": 388.0, "maxY": 626.0}, "class_id": 0, "box_caption": "person 0.008", "scores": {"class_score": 0.00812530517578125}, "domain": "pixel"}, {"position": {"minX": 280.25, "minY": 469.75, "maxX": 305.75, "maxY": 510.75}, "class_id": 0, "box_caption": "person 0.008", "scores": {"class_score": 0.007843017578125}, "domain": "pixel"}, {"position": {"minX": 299.5, "minY": 341.25, "maxX": 364.5, "maxY": 488.25}, "class_id": 0, "box_caption": "person 0.008", "scores": {"class_score": 0.007724761962890625}, "domain": "pixel"}, {"position": {"minX": 297.0, "minY": 418.0, "maxX": 335.0, "maxY": 500.0}, "class_id": 0, "box_caption": "person 0.008", "scores": {"class_score": 0.00763702392578125}, "domain": "pixel"}, {"position": {"minX": 455.25, "minY": 343.75, "maxX": 482.75, "maxY": 443.25}, "class_id": 0, "box_caption": "person 0.008", "scores": {"class_score": 0.00757598876953125}, "domain": "pixel"}, {"position": {"minX": 536.0, "minY": 413.25, "maxX": 655.0, "maxY": 619.0}, "class_id": 0, "box_caption": "person 0.008", "scores": {"class_score": 0.007518768310546875}, "domain": "pixel"}, {"position": {"minX": 587.0, "minY": 313.25, "maxX": 658.0, "maxY": 555.0}, "class_id": 0, "box_caption": "person 0.007", "scores": {"class_score": 0.007488250732421875}, "domain": "pixel"}, {"position": {"minX": 20.1875, "minY": 146.5, "maxX": 35.125, "maxY": 180.0}, "class_id": 0, "box_caption": "person 0.007", "scores": {"class_score": 0.0074615478515625}, "domain": "pixel"}, {"position": {"minX": 473.75, "minY": 342.0, "maxX": 508.25, "maxY": 437.0}, "class_id": 0, "box_caption": "person 0.007", "scores": {"class_score": 0.007404327392578125}, "domain": "pixel"}, {"position": {"minX": 522.0, "minY": 214.25, "maxX": 582.0, "maxY": 346.75}, "class_id": 0, "box_caption": "person 0.007", "scores": {"class_score": 0.007289886474609375}, "domain": "pixel"}, {"position": {"minX": 492.5, "minY": 411.25, "maxX": 642.5, "maxY": 649.0}, "class_id": 0, "box_caption": "person 0.007", "scores": {"class_score": 0.007232666015625}, "domain": "pixel"}, {"position": {"minX": 317.5, "minY": 525.0, "maxX": 401.5, "maxY": 626.0}, "class_id": 0, "box_caption": "person 0.007", "scores": {"class_score": 0.0070648193359375}, "domain": "pixel"}, {"position": {"minX": 303.75, "minY": 393.5, "maxX": 348.75, "maxY": 473.0}, "class_id": 0, "box_caption": "person 0.007", "scores": {"class_score": 0.007038116455078125}, "domain": "pixel"}, {"position": {"minX": 449.0, "minY": 269.5, "maxX": 503.0, "maxY": 424.5}, "class_id": 0, "box_caption": "person 0.007", "scores": {"class_score": 0.00701141357421875}, "domain": "pixel"}, {"position": {"minX": 518.0, "minY": 184.25, "maxX": 592.0, "maxY": 381.25}, "class_id": 0, "box_caption": "person 0.007", "scores": {"class_score": 0.00701141357421875}, "domain": "pixel"}, {"position": {"minX": 478.5, "minY": 99.25, "maxX": 529.5, "maxY": 198.25}, "class_id": 0, "box_caption": "person 0.007", "scores": {"class_score": 0.00690460205078125}, "domain": "pixel"}, {"position": {"minX": 514.0, "minY": 237.5, "maxX": 563.0, "maxY": 321.5}, "class_id": 0, "box_caption": "person 0.007", "scores": {"class_score": 0.00679779052734375}, "domain": "pixel"}, {"position": {"minX": 593.0, "minY": 352.0, "maxX": 655.0, "maxY": 516.5}, "class_id": 0, "box_caption": "person 0.007", "scores": {"class_score": 0.006717681884765625}, "domain": "pixel"}, {"position": {"minX": 305.0, "minY": 413.5, "maxX": 342.5, "maxY": 490.5}, "class_id": 0, "box_caption": "person 0.007", "scores": {"class_score": 0.0066680908203125}, "domain": "pixel"}, {"position": {"minX": 322.75, "minY": 429.25, "maxX": 354.75, "maxY": 503.25}, "class_id": 0, "box_caption": "person 0.007", "scores": {"class_score": 0.006565093994140625}, "domain": "pixel"}, {"position": {"minX": 486.0, "minY": 225.75, "maxX": 598.0, "maxY": 455.75}, "class_id": 0, "box_caption": "person 0.007", "scores": {"class_score": 0.006565093994140625}, "domain": "pixel"}, {"position": {"minX": 470.5, "minY": 383.5, "maxX": 497.5, "maxY": 437.5}, "class_id": 0, "box_caption": "person 0.006", "scores": {"class_score": 0.006290435791015625}, "domain": "pixel"}, {"position": {"minX": 235.875, "minY": 361.75, "maxX": 379.5, "maxY": 561.0}, "class_id": 0, "box_caption": "person 0.006", "scores": {"class_score": 0.006122589111328125}, "domain": "pixel"}, {"position": {"minX": 644.5, "minY": 293.25, "maxX": 664.5, "maxY": 391.25}, "class_id": 0, "box_caption": "person 0.006", "scores": {"class_score": 0.00609588623046875}, "domain": "pixel"}, {"position": {"minX": 416.25, "minY": 499.0, "maxX": 464.75, "maxY": 591.0}, "class_id": 0, "box_caption": "person 0.006", "scores": {"class_score": 0.00609588623046875}, "domain": "pixel"}, {"position": {"minX": 394.5, "minY": 239.25, "maxX": 445.5, "maxY": 327.75}, "class_id": 0, "box_caption": "person 0.006", "scores": {"class_score": 0.00582122802734375}, "domain": "pixel"}, {"position": {"minX": 551.0, "minY": 395.5, "maxX": 649.0, "maxY": 552.0}, "class_id": 0, "box_caption": "person 0.006", "scores": {"class_score": 0.005641937255859375}, "domain": "pixel"}, {"position": {"minX": 503.0, "minY": 463.75, "maxX": 564.0, "maxY": 600.0}, "class_id": 0, "box_caption": "person 0.005", "scores": {"class_score": 0.00547027587890625}, "domain": "pixel"}, {"position": {"minX": 17.0625, "minY": 344.25, "maxX": 257.5, "maxY": 651.0}, "class_id": 0, "box_caption": "person 0.005", "scores": {"class_score": 0.00547027587890625}, "domain": "pixel"}, {"position": {"minX": 191.75, "minY": 445.5, "maxX": 264.75, "maxY": 623.5}, "class_id": 0, "box_caption": "person 0.005", "scores": {"class_score": 0.005405426025390625}, "domain": "pixel"}, {"position": {"minX": 529.0, "minY": 393.75, "maxX": 591.0, "maxY": 521.5}, "class_id": 0, "box_caption": "person 0.005", "scores": {"class_score": 0.005199432373046875}, "domain": "pixel"}, {"position": {"minX": 187.0, "minY": 399.0, "maxX": 247.25, "maxY": 572.5}, "class_id": 0, "box_caption": "person 0.005", "scores": {"class_score": 0.00518035888671875}, "domain": "pixel"}, {"position": {"minX": 139.0, "minY": 364.0, "maxX": 242.0, "maxY": 614.5}, "class_id": 0, "box_caption": "person 0.005", "scores": {"class_score": 0.00518035888671875}, "domain": "pixel"}, {"position": {"minX": 188.75, "minY": 327.0, "maxX": 293.25, "maxY": 509.5}, "class_id": 0, "box_caption": "person 0.005", "scores": {"class_score": 0.00518035888671875}, "domain": "pixel"}, {"position": {"minX": 403.25, "minY": 260.25, "maxX": 453.25, "maxY": 367.25}, "class_id": 0, "box_caption": "person 0.005", "scores": {"class_score": 0.0050811767578125}, "domain": "pixel"}, {"position": {"minX": 526.0, "minY": 365.0, "maxX": 549.0, "maxY": 427.5}, "class_id": 0, "box_caption": "person 0.005", "scores": {"class_score": 0.00498199462890625}, "domain": "pixel"}, {"position": {"minX": 459.25, "minY": 308.0, "maxX": 494.75, "maxY": 429.0}, "class_id": 0, "box_caption": "person 0.005", "scores": {"class_score": 0.00498199462890625}, "domain": "pixel"}, {"position": {"minX": 307.0, "minY": 542.0, "maxX": 352.5, "maxY": 634.0}, "class_id": 0, "box_caption": "person 0.005", "scores": {"class_score": 0.004962921142578125}, "domain": "pixel"}, {"position": {"minX": 500.25, "minY": 250.5, "maxX": 557.0, "maxY": 432.5}, "class_id": 0, "box_caption": "person 0.005", "scores": {"class_score": 0.00494384765625}, "domain": "pixel"}, {"position": {"minX": 333.5, "minY": 537.0, "maxX": 421.5, "maxY": 641.0}, "class_id": 0, "box_caption": "person 0.005", "scores": {"class_score": 0.00482940673828125}, "domain": "pixel"}, {"position": {"minX": 427.5, "minY": 246.5, "maxX": 475.0, "maxY": 315.5}, "class_id": 0, "box_caption": "person 0.005", "scores": {"class_score": 0.004791259765625}, "domain": "pixel"}, {"position": {"minX": 333.5, "minY": 427.75, "maxX": 358.5, "maxY": 496.75}, "class_id": 0, "box_caption": "person 0.005", "scores": {"class_score": 0.004756927490234375}, "domain": "pixel"}, {"position": {"minX": 457.0, "minY": 384.5, "maxX": 483.5, "maxY": 444.0}, "class_id": 0, "box_caption": "person 0.005", "scores": {"class_score": 0.004718780517578125}, "domain": "pixel"}, {"position": {"minX": 470.5, "minY": 261.5, "maxX": 616.5, "maxY": 611.5}, "class_id": 0, "box_caption": "person 0.005", "scores": {"class_score": 0.004627227783203125}, "domain": "pixel"}, {"position": {"minX": 431.0, "minY": 279.0, "maxX": 460.0, "maxY": 339.5}, "class_id": 0, "box_caption": "person 0.005", "scores": {"class_score": 0.004608154296875}, "domain": "pixel"}, {"position": {"minX": 586.5, "minY": 187.0, "maxX": 668.5, "maxY": 554.0}, "class_id": 0, "box_caption": "person 0.005", "scores": {"class_score": 0.00455474853515625}, "domain": "pixel"}, {"position": {"minX": 183.125, "minY": 489.25, "maxX": 253.625, "maxY": 647.0}, "class_id": 0, "box_caption": "person 0.004", "scores": {"class_score": 0.004467010498046875}, "domain": "pixel"}, {"position": {"minX": 24.1875, "minY": 143.25, "maxX": 46.5625, "maxY": 179.5}, "class_id": 0, "box_caption": "person 0.004", "scores": {"class_score": 0.00443267822265625}, "domain": "pixel"}, {"position": {"minX": 278.75, "minY": 428.0, "maxX": 386.75, "maxY": 636.0}, "class_id": 0, "box_caption": "person 0.004", "scores": {"class_score": 0.0043487548828125}, "domain": "pixel"}, {"position": {"minX": 525.5, "minY": 233.75, "maxX": 575.5, "maxY": 325.75}, "class_id": 0, "box_caption": "person 0.004", "scores": {"class_score": 0.004329681396484375}, "domain": "pixel"}, {"position": {"minX": 257.25, "minY": 321.25, "maxX": 366.25, "maxY": 506.75}, "class_id": 0, "box_caption": "person 0.004", "scores": {"class_score": 0.004329681396484375}, "domain": "pixel"}, {"position": {"minX": 427.25, "minY": 234.75, "maxX": 461.75, "maxY": 301.75}, "class_id": 0, "box_caption": "person 0.004", "scores": {"class_score": 0.004299163818359375}, "domain": "pixel"}, {"position": {"minX": 292.0, "minY": 632.5, "maxX": 301.0, "maxY": 654.5}, "class_id": 0, "box_caption": "person 0.004", "scores": {"class_score": 0.00426483154296875}, "domain": "pixel"}, {"position": {"minX": 423.5, "minY": 292.0, "maxX": 445.5, "maxY": 334.5}, "class_id": 0, "box_caption": "person 0.004", "scores": {"class_score": 0.0041656494140625}, "domain": "pixel"}, {"position": {"minX": 273.75, "minY": 447.5, "maxX": 323.25, "maxY": 518.0}, "class_id": 0, "box_caption": "person 0.004", "scores": {"class_score": 0.0041656494140625}, "domain": "pixel"}, {"position": {"minX": 518.0, "minY": 237.0, "maxX": 552.0, "maxY": 300.5}, "class_id": 0, "box_caption": "person 0.004", "scores": {"class_score": 0.004150390625}, "domain": "pixel"}, {"position": {"minX": 539.5, "minY": 368.0, "maxX": 571.5, "maxY": 440.0}, "class_id": 0, "box_caption": "person 0.004", "scores": {"class_score": 0.004070281982421875}, "domain": "pixel"}, {"position": {"minX": 605.5, "minY": 401.75, "maxX": 650.5, "maxY": 507.25}, "class_id": 0, "box_caption": "person 0.004", "scores": {"class_score": 0.00400543212890625}, "domain": "pixel"}, {"position": {"minX": 375.5, "minY": 97.75, "maxX": 387.0, "maxY": 124.875}, "class_id": 0, "box_caption": "person 0.004", "scores": {"class_score": 0.00397491455078125}, "domain": "pixel"}, {"position": {"minX": 525.0, "minY": 315.0, "maxX": 557.0, "maxY": 439.5}, "class_id": 0, "box_caption": "person 0.004", "scores": {"class_score": 0.00395965576171875}, "domain": "pixel"}, {"position": {"minX": 294.25, "minY": 439.5, "maxX": 337.25, "maxY": 510.5}, "class_id": 0, "box_caption": "person 0.004", "scores": {"class_score": 0.00394439697265625}, "domain": "pixel"}, {"position": {"minX": 522.5, "minY": 133.75, "maxX": 629.5, "maxY": 488.25}, "class_id": 0, "box_caption": "person 0.004", "scores": {"class_score": 0.00391387939453125}, "domain": "pixel"}, {"position": {"minX": 630.0, "minY": 252.5, "maxX": 670.0, "maxY": 417.0}, "class_id": 0, "box_caption": "person 0.004", "scores": {"class_score": 0.0038547515869140625}, "domain": "pixel"}, {"position": {"minX": 279.25, "minY": 400.75, "maxX": 323.75, "maxY": 490.75}, "class_id": 0, "box_caption": "person 0.004", "scores": {"class_score": 0.0038394927978515625}, "domain": "pixel"}, {"position": {"minX": 234.25, "minY": 372.0, "maxX": 335.75, "maxY": 543.0}, "class_id": 0, "box_caption": "person 0.004", "scores": {"class_score": 0.0038089752197265625}, "domain": "pixel"}, {"position": {"minX": 209.0, "minY": 341.25, "maxX": 267.25, "maxY": 427.75}, "class_id": 0, "box_caption": "person 0.004", "scores": {"class_score": 0.0037364959716796875}, "domain": "pixel"}, {"position": {"minX": 468.0, "minY": 243.375, "maxX": 520.0, "maxY": 368.5}, "class_id": 0, "box_caption": "person 0.004", "scores": {"class_score": 0.0036220550537109375}, "domain": "pixel"}, {"position": {"minX": 570.0, "minY": 398.25, "maxX": 639.0, "maxY": 516.0}, "class_id": 0, "box_caption": "person 0.003", "scores": {"class_score": 0.0034427642822265625}, "domain": "pixel"}, {"position": {"minX": 254.5, "minY": 494.0, "maxX": 380.5, "maxY": 637.0}, "class_id": 0, "box_caption": "person 0.003", "scores": {"class_score": 0.0034160614013671875}, "domain": "pixel"}, {"position": {"minX": 477.25, "minY": 259.75, "maxX": 506.25, "maxY": 304.25}, "class_id": 0, "box_caption": "person 0.003", "scores": {"class_score": 0.0033512115478515625}, "domain": "pixel"}, {"position": {"minX": 509.75, "minY": 255.375, "maxX": 529.5, "maxY": 313.75}, "class_id": 0, "box_caption": "person 0.003", "scores": {"class_score": 0.0033245086669921875}, "domain": "pixel"}, {"position": {"minX": 458.5, "minY": 485.25, "maxX": 513.5, "maxY": 585.0}, "class_id": 0, "box_caption": "person 0.003", "scores": {"class_score": 0.0032596588134765625}, "domain": "pixel"}, {"position": {"minX": 34.03125, "minY": 148.25, "maxX": 49.15625, "maxY": 180.75}, "class_id": 0, "box_caption": "person 0.003", "scores": {"class_score": 0.0032482147216796875}, "domain": "pixel"}, {"position": {"minX": 517.0, "minY": 270.5, "maxX": 534.0, "maxY": 312.0}, "class_id": 0, "box_caption": "person 0.003", "scores": {"class_score": 0.003223419189453125}, "domain": "pixel"}, {"position": {"minX": 596.0, "minY": 415.25, "maxX": 644.0, "maxY": 497.75}, "class_id": 0, "box_caption": "person 0.003", "scores": {"class_score": 0.0032100677490234375}, "domain": "pixel"}, {"position": {"minX": 513.5, "minY": 257.5, "maxX": 543.5, "maxY": 368.0}, "class_id": 0, "box_caption": "person 0.003", "scores": {"class_score": 0.0031719207763671875}, "domain": "pixel"}, {"position": {"minX": 392.25, "minY": 244.0, "maxX": 418.25, "maxY": 310.5}, "class_id": 0, "box_caption": "person 0.003", "scores": {"class_score": 0.00307464599609375}, "domain": "pixel"}, {"position": {"minX": 626.0, "minY": 213.625, "maxX": 672.0, "maxY": 459.5}, "class_id": 0, "box_caption": "person 0.003", "scores": {"class_score": 0.0030517578125}, "domain": "pixel"}, {"position": {"minX": 208.0, "minY": 369.25, "maxX": 270.25, "maxY": 541.5}, "class_id": 0, "box_caption": "person 0.003", "scores": {"class_score": 0.003040313720703125}, "domain": "pixel"}, {"position": {"minX": 508.25, "minY": 484.0, "maxX": 545.5, "maxY": 590.0}, "class_id": 0, "box_caption": "person 0.003", "scores": {"class_score": 0.0030155181884765625}, "domain": "pixel"}, {"position": {"minX": 198.5, "minY": 413.0, "maxX": 260.25, "maxY": 587.0}, "class_id": 0, "box_caption": "person 0.003", "scores": {"class_score": 0.0029926300048828125}, "domain": "pixel"}, {"position": {"minX": 485.5, "minY": 261.5, "maxX": 509.5, "maxY": 306.5}, "class_id": 0, "box_caption": "person 0.003", "scores": {"class_score": 0.0029811859130859375}, "domain": "pixel"}, {"position": {"minX": 206.0, "minY": 349.25, "maxX": 247.25, "maxY": 442.25}, "class_id": 0, "box_caption": "person 0.003", "scores": {"class_score": 0.0029582977294921875}, "domain": "pixel"}, {"position": {"minX": 418.0, "minY": 305.25, "maxX": 435.0, "maxY": 336.25}, "class_id": 0, "box_caption": "person 0.003", "scores": {"class_score": 0.0029354095458984375}, "domain": "pixel"}, {"position": {"minX": 456.25, "minY": 221.5, "maxX": 533.0, "maxY": 394.0}, "class_id": 0, "box_caption": "person 0.003", "scores": {"class_score": 0.0029354095458984375}, "domain": "pixel"}, {"position": {"minX": 21.4375, "minY": 467.5, "maxX": 189.75, "maxY": 653.5}, "class_id": 0, "box_caption": "person 0.003", "scores": {"class_score": 0.002834320068359375}, "domain": "pixel"}, {"position": {"minX": 586.0, "minY": 428.25, "maxX": 623.0, "maxY": 488.75}, "class_id": 0, "box_caption": "person 0.003", "scores": {"class_score": 0.002811431884765625}, "domain": "pixel"}, {"position": {"minX": 15.984375, "minY": 405.0, "maxX": 68.8125, "maxY": 640.0}, "class_id": 0, "box_caption": "person 0.003", "scores": {"class_score": 0.0027904510498046875}, "domain": "pixel"}, {"position": {"minX": 313.0, "minY": 328.5, "maxX": 350.0, "maxY": 369.5}, "class_id": 0, "box_caption": "person 0.003", "scores": {"class_score": 0.0027790069580078125}, "domain": "pixel"}, {"position": {"minX": 530.5, "minY": 223.5, "maxX": 586.5, "maxY": 402.0}, "class_id": 0, "box_caption": "person 0.003", "scores": {"class_score": 0.0027790069580078125}, "domain": "pixel"}, {"position": {"minX": 527.5, "minY": 230.5, "maxX": 624.5, "maxY": 449.0}, "class_id": 0, "box_caption": "person 0.003", "scores": {"class_score": 0.0027790069580078125}, "domain": "pixel"}, {"position": {"minX": 484.0, "minY": 100.25, "maxX": 522.0, "maxY": 178.75}, "class_id": 0, "box_caption": "person 0.003", "scores": {"class_score": 0.00274658203125}, "domain": "pixel"}, {"position": {"minX": 546.5, "minY": 360.0, "maxX": 578.5, "maxY": 429.0}, "class_id": 0, "box_caption": "person 0.003", "scores": {"class_score": 0.0027256011962890625}, "domain": "pixel"}, {"position": {"minX": 435.5, "minY": 280.75, "maxX": 546.0, "maxY": 468.25}, "class_id": 0, "box_caption": "person 0.003", "scores": {"class_score": 0.0027256011962890625}, "domain": "pixel"}, {"position": {"minX": 230.0, "minY": 290.0, "maxX": 377.0, "maxY": 532.5}, "class_id": 0, "box_caption": "person 0.003", "scores": {"class_score": 0.0027256011962890625}, "domain": "pixel"}, {"position": {"minX": 17.03125, "minY": 138.625, "maxX": 31.125, "maxY": 178.375}, "class_id": 0, "box_caption": "person 0.003", "scores": {"class_score": 0.0027141571044921875}, "domain": "pixel"}, {"position": {"minX": 226.625, "minY": 422.5, "maxX": 294.0, "maxY": 617.5}, "class_id": 0, "box_caption": "person 0.003", "scores": {"class_score": 0.00269317626953125}, "domain": "pixel"}, {"position": {"minX": 507.75, "minY": 241.25, "maxX": 549.5, "maxY": 383.75}, "class_id": 0, "box_caption": "person 0.003", "scores": {"class_score": 0.0026836395263671875}, "domain": "pixel"}, {"position": {"minX": 318.75, "minY": 393.25, "maxX": 360.25, "maxY": 470.75}, "class_id": 0, "box_caption": "person 0.003", "scores": {"class_score": 0.0026721954345703125}, "domain": "pixel"}, {"position": {"minX": 469.5, "minY": 274.75, "maxX": 483.0, "maxY": 310.25}, "class_id": 0, "box_caption": "person 0.003", "scores": {"class_score": 0.002620697021484375}, "domain": "pixel"}, {"position": {"minX": 435.0, "minY": 259.5, "maxX": 464.0, "maxY": 307.5}, "class_id": 0, "box_caption": "person 0.003", "scores": {"class_score": 0.002590179443359375}, "domain": "pixel"}, {"position": {"minX": 313.0, "minY": 310.0, "maxX": 360.5, "maxY": 370.0}, "class_id": 0, "box_caption": "person 0.003", "scores": {"class_score": 0.002590179443359375}, "domain": "pixel"}, {"position": {"minX": 301.75, "minY": 316.75, "maxX": 362.75, "maxY": 418.75}, "class_id": 0, "box_caption": "person 0.003", "scores": {"class_score": 0.00257110595703125}, "domain": "pixel"}, {"position": {"minX": 641.5, "minY": 254.875, "maxX": 659.5, "maxY": 350.75}, "class_id": 0, "box_caption": "person 0.003", "scores": {"class_score": 0.0025615692138671875}, "domain": "pixel"}, {"position": {"minX": 553.5, "minY": 338.5, "maxX": 667.5, "maxY": 601.0}, "class_id": 0, "box_caption": "person 0.003", "scores": {"class_score": 0.0025615692138671875}, "domain": "pixel"}, {"position": {"minX": 410.0, "minY": 294.0, "maxX": 433.5, "maxY": 335.5}, "class_id": 0, "box_caption": "person 0.003", "scores": {"class_score": 0.0025501251220703125}, "domain": "pixel"}, {"position": {"minX": 541.5, "minY": 402.25, "maxX": 571.5, "maxY": 468.25}, "class_id": 0, "box_caption": "person 0.003", "scores": {"class_score": 0.0025501251220703125}, "domain": "pixel"}, {"position": {"minX": 604.5, "minY": 322.0, "maxX": 657.5, "maxY": 494.0}, "class_id": 0, "box_caption": "person 0.003", "scores": {"class_score": 0.0025501251220703125}, "domain": "pixel"}, {"position": {"minX": 517.5, "minY": 273.75, "maxX": 539.5, "maxY": 323.25}, "class_id": 0, "box_caption": "person 0.003", "scores": {"class_score": 0.0025310516357421875}, "domain": "pixel"}, {"position": {"minX": 183.75, "minY": 364.0, "maxX": 239.25, "maxY": 526.0}, "class_id": 0, "box_caption": "person 0.003", "scores": {"class_score": 0.0025310516357421875}, "domain": "pixel"}, {"position": {"minX": 471.75, "minY": 241.375, "maxX": 515.0, "maxY": 305.5}, "class_id": 0, "box_caption": "person 0.003", "scores": {"class_score": 0.002521514892578125}, "domain": "pixel"}, {"position": {"minX": 430.5, "minY": 270.25, "maxX": 452.0, "maxY": 316.25}, "class_id": 0, "box_caption": "person 0.002", "scores": {"class_score": 0.002471923828125}, "domain": "pixel"}, {"position": {"minX": 642.5, "minY": 308.75, "maxX": 660.5, "maxY": 381.25}, "class_id": 0, "box_caption": "person 0.002", "scores": {"class_score": 0.002471923828125}, "domain": "pixel"}, {"position": {"minX": 13.859375, "minY": 470.0, "maxX": 59.4375, "maxY": 650.0}, "class_id": 0, "box_caption": "person 0.002", "scores": {"class_score": 0.002471923828125}, "domain": "pixel"}, {"position": {"minX": 475.75, "minY": 243.75, "maxX": 526.0, "maxY": 415.75}, "class_id": 0, "box_caption": "person 0.002", "scores": {"class_score": 0.0024433135986328125}, "domain": "pixel"}, {"position": {"minX": 646.0, "minY": 269.25, "maxX": 664.0, "maxY": 345.75}, "class_id": 0, "box_caption": "person 0.002", "scores": {"class_score": 0.0023975372314453125}, "domain": "pixel"}, {"position": {"minX": 496.5, "minY": 108.875, "maxX": 535.5, "maxY": 196.125}, "class_id": 0, "box_caption": "person 0.002", "scores": {"class_score": 0.0023975372314453125}, "domain": "pixel"}, {"position": {"minX": 222.25, "minY": 379.25, "maxX": 291.25, "maxY": 564.5}, "class_id": 0, "box_caption": "person 0.002", "scores": {"class_score": 0.00238800048828125}, "domain": "pixel"}, {"position": {"minX": 484.5, "minY": 366.25, "maxX": 510.0, "maxY": 442.25}, "class_id": 0, "box_caption": "person 0.002", "scores": {"class_score": 0.0023593902587890625}, "domain": "pixel"}, {"position": {"minX": 551.0, "minY": 374.0, "maxX": 576.0, "maxY": 436.0}, "class_id": 0, "box_caption": "person 0.002", "scores": {"class_score": 0.002349853515625}, "domain": "pixel"}, {"position": {"minX": 303.25, "minY": 331.5, "maxX": 346.75, "maxY": 375.5}, "class_id": 0, "box_caption": "person 0.002", "scores": {"class_score": 0.00234222412109375}, "domain": "pixel"}, {"position": {"minX": 17.84375, "minY": 138.75, "maxX": 38.09375, "maxY": 180.75}, "class_id": 0, "box_caption": "person 0.002", "scores": {"class_score": 0.00234222412109375}, "domain": "pixel"}, {"position": {"minX": 460.25, "minY": 346.25, "maxX": 507.75, "maxY": 480.25}, "class_id": 0, "box_caption": "person 0.002", "scores": {"class_score": 0.00234222412109375}, "domain": "pixel"}, {"position": {"minX": 262.5, "minY": 408.0, "maxX": 309.0, "maxY": 504.5}, "class_id": 0, "box_caption": "person 0.002", "scores": {"class_score": 0.0023326873779296875}, "domain": "pixel"}, {"position": {"minX": 465.5, "minY": 271.5, "maxX": 485.5, "maxY": 314.5}, "class_id": 0, "box_caption": "person 0.002", "scores": {"class_score": 0.0023136138916015625}, "domain": "pixel"}, {"position": {"minX": 615.0, "minY": 256.5, "maxX": 666.0, "maxY": 541.5}, "class_id": 0, "box_caption": "person 0.002", "scores": {"class_score": 0.0022792816162109375}, "domain": "pixel"}, {"position": {"minX": 598.5, "minY": 270.5, "maxX": 665.5, "maxY": 469.5}, "class_id": 0, "box_caption": "person 0.002", "scores": {"class_score": 0.0022602081298828125}, "domain": "pixel"}, {"position": {"minX": 374.5, "minY": 516.0, "maxX": 381.5, "maxY": 530.0}, "class_id": 0, "box_caption": "person 0.002", "scores": {"class_score": 0.0022525787353515625}, "domain": "pixel"}, {"position": {"minX": 580.0, "minY": 417.5, "maxX": 631.0, "maxY": 496.5}, "class_id": 0, "box_caption": "person 0.002", "scores": {"class_score": 0.0022525787353515625}, "domain": "pixel"}, {"position": {"minX": 531.5, "minY": 367.75, "maxX": 551.5, "maxY": 412.75}, "class_id": 0, "box_caption": "person 0.002", "scores": {"class_score": 0.0022335052490234375}, "domain": "pixel"}, {"position": {"minX": 412.75, "minY": 286.0, "maxX": 438.25, "maxY": 346.0}, "class_id": 0, "box_caption": "person 0.002", "scores": {"class_score": 0.0022335052490234375}, "domain": "pixel"}, {"position": {"minX": 165.875, "minY": 236.0, "maxX": 191.375, "maxY": 270.25}, "class_id": 0, "box_caption": "person 0.002", "scores": {"class_score": 0.002216339111328125}, "domain": "pixel"}, {"position": {"minX": 458.25, "minY": 490.75, "maxX": 492.25, "maxY": 558.5}, "class_id": 0, "box_caption": "person 0.002", "scores": {"class_score": 0.0021991729736328125}, "domain": "pixel"}, {"position": {"minX": 550.5, "minY": 269.75, "maxX": 654.5, "maxY": 512.5}, "class_id": 0, "box_caption": "person 0.002", "scores": {"class_score": 0.0021991729736328125}, "domain": "pixel"}, {"position": {"minX": 317.75, "minY": 246.0, "maxX": 366.75, "maxY": 356.0}, "class_id": 0, "box_caption": "person 0.002", "scores": {"class_score": 0.0021820068359375}, "domain": "pixel"}, {"position": {"minX": 412.25, "minY": 304.0, "maxX": 430.75, "maxY": 337.5}, "class_id": 0, "box_caption": "person 0.002", "scores": {"class_score": 0.00217437744140625}, "domain": "pixel"}, {"position": {"minX": 479.25, "minY": 389.0, "maxX": 501.75, "maxY": 434.0}, "class_id": 0, "box_caption": "person 0.002", "scores": {"class_score": 0.0021648406982421875}, "domain": "pixel"}, {"position": {"minX": 475.25, "minY": 393.0, "maxX": 506.25, "maxY": 443.5}, "class_id": 0, "box_caption": "person 0.002", "scores": {"class_score": 0.0021648406982421875}, "domain": "pixel"}, {"position": {"minX": 445.0, "minY": 317.25, "maxX": 507.5, "maxY": 503.75}, "class_id": 0, "box_caption": "person 0.002", "scores": {"class_score": 0.0021572113037109375}, "domain": "pixel"}, {"position": {"minX": 528.0, "minY": 347.0, "maxX": 557.0, "maxY": 417.0}, "class_id": 0, "box_caption": "person 0.002", "scores": {"class_score": 0.0021495819091796875}, "domain": "pixel"}, {"position": {"minX": 256.25, "minY": 425.25, "maxX": 337.25, "maxY": 566.0}, "class_id": 0, "box_caption": "person 0.002", "scores": {"class_score": 0.002140045166015625}, "domain": "pixel"}, {"position": {"minX": 485.75, "minY": 99.1875, "maxX": 539.0, "maxY": 231.5}, "class_id": 0, "box_caption": "person 0.002", "scores": {"class_score": 0.002140045166015625}, "domain": "pixel"}, {"position": {"minX": 467.0, "minY": 483.5, "maxX": 496.0, "maxY": 563.5}, "class_id": 0, "box_caption": "person 0.002", "scores": {"class_score": 0.002132415771484375}, "domain": "pixel"}, {"position": {"minX": 457.25, "minY": 401.25, "maxX": 474.75, "maxY": 450.75}, "class_id": 0, "box_caption": "person 0.002", "scores": {"class_score": 0.0020999908447265625}, "domain": "pixel"}, {"position": {"minX": 377.25, "minY": 215.875, "maxX": 487.75, "maxY": 357.0}, "class_id": 0, "box_caption": "person 0.002", "scores": {"class_score": 0.0020999908447265625}, "domain": "pixel"}, {"position": {"minX": 406.0, "minY": 214.625, "maxX": 456.5, "maxY": 307.5}, "class_id": 0, "box_caption": "person 0.002", "scores": {"class_score": 0.0020751953125}, "domain": "pixel"}, {"position": {"minX": 319.0, "minY": 331.25, "maxX": 356.5, "maxY": 376.75}, "class_id": 0, "box_caption": "person 0.002", "scores": {"class_score": 0.00206756591796875}, "domain": "pixel"}, {"position": {"minX": 391.0, "minY": 245.125, "maxX": 424.5, "maxY": 337.25}, "class_id": 0, "box_caption": "person 0.002", "scores": {"class_score": 0.0020503997802734375}, "domain": "pixel"}, {"position": {"minX": 512.5, "minY": 232.375, "maxX": 539.5, "maxY": 303.0}, "class_id": 0, "box_caption": "person 0.002", "scores": {"class_score": 0.0020275115966796875}, "domain": "pixel"}, {"position": {"minX": 532.0, "minY": 231.75, "maxX": 563.0, "maxY": 302.25}, "class_id": 0, "box_caption": "person 0.002", "scores": {"class_score": 0.0020275115966796875}, "domain": "pixel"}, {"position": {"minX": 354.0, "minY": 524.0, "maxX": 433.0, "maxY": 616.0}, "class_id": 0, "box_caption": "person 0.002", "scores": {"class_score": 0.0020275115966796875}, "domain": "pixel"}, {"position": {"minX": 541.5, "minY": 365.5, "maxX": 569.5, "maxY": 415.5}, "class_id": 0, "box_caption": "person 0.002", "scores": {"class_score": 0.0020198822021484375}, "domain": "pixel"}, {"position": {"minX": 616.5, "minY": 374.75, "maxX": 661.5, "maxY": 548.5}, "class_id": 0, "box_caption": "person 0.002", "scores": {"class_score": 0.002010345458984375}, "domain": "pixel"}, {"position": {"minX": 601.0, "minY": 406.5, "maxX": 653.0, "maxY": 569.5}, "class_id": 0, "box_caption": "person 0.002", "scores": {"class_score": 0.001995086669921875}, "domain": "pixel"}, {"position": {"minX": 463.0, "minY": 260.75, "maxX": 488.5, "maxY": 308.25}, "class_id": 0, "box_caption": "person 0.002", "scores": {"class_score": 0.001987457275390625}, "domain": "pixel"}, {"position": {"minX": 331.5, "minY": 236.0, "maxX": 389.0, "maxY": 354.0}, "class_id": 0, "box_caption": "person 0.002", "scores": {"class_score": 0.001987457275390625}, "domain": "pixel"}, {"position": {"minX": 539.0, "minY": 224.5, "maxX": 586.0, "maxY": 337.0}, "class_id": 0, "box_caption": "person 0.002", "scores": {"class_score": 0.001964569091796875}, "domain": "pixel"}, {"position": {"minX": 277.0, "minY": 415.25, "maxX": 312.0, "maxY": 504.75}, "class_id": 0, "box_caption": "person 0.002", "scores": {"class_score": 0.001941680908203125}, "domain": "pixel"}, {"position": {"minX": 341.5, "minY": 435.5, "maxX": 361.5, "maxY": 496.5}, "class_id": 0, "box_caption": "person 0.002", "scores": {"class_score": 0.001941680908203125}, "domain": "pixel"}, {"position": {"minX": 20.5, "minY": 55.78125, "maxX": 39.75, "maxY": 90.0}, "class_id": 0, "box_caption": "person 0.002", "scores": {"class_score": 0.001926422119140625}, "domain": "pixel"}, {"position": {"minX": 419.5, "minY": 270.25, "maxX": 440.0, "maxY": 318.25}, "class_id": 0, "box_caption": "person 0.002", "scores": {"class_score": 0.001918792724609375}, "domain": "pixel"}, {"position": {"minX": 643.5, "minY": 253.875, "maxX": 664.5, "maxY": 371.5}, "class_id": 0, "box_caption": "person 0.002", "scores": {"class_score": 0.0018672943115234375}, "domain": "pixel"}, {"position": {"minX": 74.5, "minY": 521.0, "maxX": 86.5, "maxY": 539.0}, "class_id": 0, "box_caption": "person 0.002", "scores": {"class_score": 0.0018529891967773438}, "domain": "pixel"}, {"position": {"minX": 13.25, "minY": 362.0, "maxX": 144.25, "maxY": 646.0}, "class_id": 0, "box_caption": "person 0.002", "scores": {"class_score": 0.0018529891967773438}, "domain": "pixel"}, {"position": {"minX": 373.0, "minY": 513.5, "maxX": 382.5, "maxY": 531.5}, "class_id": 0, "box_caption": "person 0.002", "scores": {"class_score": 0.0018463134765625}, "domain": "pixel"}, {"position": {"minX": 388.25, "minY": 250.125, "maxX": 436.25, "maxY": 395.5}, "class_id": 0, "box_caption": "person 0.002", "scores": {"class_score": 0.0018310546875}, "domain": "pixel"}, {"position": {"minX": 448.75, "minY": 472.0, "maxX": 526.0, "maxY": 591.0}, "class_id": 0, "box_caption": "person 0.002", "scores": {"class_score": 0.0018310546875}, "domain": "pixel"}, {"position": {"minX": 541.5, "minY": 312.5, "maxX": 584.5, "maxY": 440.5}, "class_id": 0, "box_caption": "person 0.002", "scores": {"class_score": 0.0018177032470703125}, "domain": "pixel"}, {"position": {"minX": 532.5, "minY": 379.75, "maxX": 558.5, "maxY": 425.75}, "class_id": 0, "box_caption": "person 0.002", "scores": {"class_score": 0.0017824172973632812}, "domain": "pixel"}, {"position": {"minX": 539.0, "minY": 392.75, "maxX": 624.0, "maxY": 523.0}, "class_id": 0, "box_caption": "person 0.002", "scores": {"class_score": 0.0017824172973632812}, "domain": "pixel"}, {"position": {"minX": 270.0, "minY": 445.0, "maxX": 302.5, "maxY": 510.0}, "class_id": 0, "box_caption": "person 0.002", "scores": {"class_score": 0.0017747879028320312}, "domain": "pixel"}, {"position": {"minX": 312.0, "minY": 561.5, "maxX": 410.5, "maxY": 653.5}, "class_id": 0, "box_caption": "person 0.002", "scores": {"class_score": 0.0017747879028320312}, "domain": "pixel"}, {"position": {"minX": 642.5, "minY": 282.75, "maxX": 661.5, "maxY": 367.75}, "class_id": 0, "box_caption": "person 0.002", "scores": {"class_score": 0.0017547607421875}, "domain": "pixel"}, {"position": {"minX": 540.0, "minY": 413.5, "maxX": 577.0, "maxY": 490.5}, "class_id": 0, "box_caption": "person 0.002", "scores": {"class_score": 0.0017547607421875}, "domain": "pixel"}, {"position": {"minX": 162.875, "minY": 416.0, "maxX": 217.125, "maxY": 560.5}, "class_id": 0, "box_caption": "person 0.002", "scores": {"class_score": 0.0017337799072265625}, "domain": "pixel"}, {"position": {"minX": 612.5, "minY": 245.25, "maxX": 667.5, "maxY": 431.25}, "class_id": 0, "box_caption": "person 0.002", "scores": {"class_score": 0.0017137527465820312}, "domain": "pixel"}, {"position": {"minX": 215.0, "minY": 396.5, "maxX": 343.0, "maxY": 644.5}, "class_id": 0, "box_caption": "person 0.002", "scores": {"class_score": 0.0017070770263671875}, "domain": "pixel"}, {"position": {"minX": 17.828125, "minY": 573.0, "maxX": 76.25, "maxY": 654.0}, "class_id": 0, "box_caption": "person 0.002", "scores": {"class_score": 0.0017004013061523438}, "domain": "pixel"}, {"position": {"minX": 554.0, "minY": 156.625, "maxX": 671.0, "maxY": 592.0}, "class_id": 0, "box_caption": "person 0.002", "scores": {"class_score": 0.0016937255859375}, "domain": "pixel"}, {"position": {"minX": 291.0, "minY": 472.25, "maxX": 321.0, "maxY": 508.25}, "class_id": 0, "box_caption": "person 0.002", "scores": {"class_score": 0.0016870498657226562}, "domain": "pixel"}, {"position": {"minX": 453.75, "minY": 362.25, "maxX": 475.75, "maxY": 444.75}, "class_id": 0, "box_caption": "person 0.002", "scores": {"class_score": 0.001674652099609375}, "domain": "pixel"}, {"position": {"minX": 175.75, "minY": 450.5, "maxX": 285.75, "maxY": 644.5}, "class_id": 0, "box_caption": "person 0.002", "scores": {"class_score": 0.001674652099609375}, "domain": "pixel"}, {"position": {"minX": 440.0, "minY": 618.0, "maxX": 464.0, "maxY": 654.0}, "class_id": 0, "box_caption": "person 0.002", "scores": {"class_score": 0.0016489028930664062}, "domain": "pixel"}, {"position": {"minX": 303.25, "minY": 525.5, "maxX": 464.75, "maxY": 655.5}, "class_id": 0, "box_caption": "person 0.002", "scores": {"class_score": 0.0016489028930664062}, "domain": "pixel"}, {"position": {"minX": 300.5, "minY": 386.0, "maxX": 387.5, "maxY": 534.0}, "class_id": 0, "box_caption": "person 0.002", "scores": {"class_score": 0.0016231536865234375}, "domain": "pixel"}, {"position": {"minX": 14.8125, "minY": 523.0, "maxX": 54.375, "maxY": 656.0}, "class_id": 0, "box_caption": "person 0.002", "scores": {"class_score": 0.0015850067138671875}, "domain": "pixel"}, {"position": {"minX": 489.5, "minY": 269.5, "maxX": 513.5, "maxY": 313.5}, "class_id": 0, "box_caption": "person 0.002", "scores": {"class_score": 0.00157928466796875}, "domain": "pixel"}, {"position": {"minX": 482.75, "minY": 256.5, "maxX": 517.0, "maxY": 365.5}, "class_id": 0, "box_caption": "person 0.002", "scores": {"class_score": 0.0015668869018554688}, "domain": "pixel"}, {"position": {"minX": 387.0, "minY": 238.5, "maxX": 409.5, "maxY": 313.5}, "class_id": 0, "box_caption": "person 0.002", "scores": {"class_score": 0.00154876708984375}, "domain": "pixel"}, {"position": {"minX": 459.5, "minY": 260.25, "maxX": 491.0, "maxY": 363.75}, "class_id": 0, "box_caption": "person 0.002", "scores": {"class_score": 0.0015430450439453125}, "domain": "pixel"}, {"position": {"minX": 463.0, "minY": 389.5, "maxX": 489.5, "maxY": 445.5}, "class_id": 0, "box_caption": "person 0.002", "scores": {"class_score": 0.0015249252319335938}, "domain": "pixel"}, {"position": {"minX": 401.5, "minY": 289.0, "maxX": 429.5, "maxY": 339.0}, "class_id": 0, "box_caption": "person 0.002", "scores": {"class_score": 0.0015192031860351562}, "domain": "pixel"}, {"position": {"minX": 318.75, "minY": 419.0, "maxX": 344.25, "maxY": 468.0}, "class_id": 0, "box_caption": "person 0.002", "scores": {"class_score": 0.0015010833740234375}, "domain": "pixel"}, {"position": {"minX": 18.96875, "minY": 543.0, "maxX": 123.375, "maxY": 654.0}, "class_id": 0, "box_caption": "person 0.001", "scores": {"class_score": 0.001483917236328125}, "domain": "pixel"}, {"position": {"minX": 449.5, "minY": 291.0, "maxX": 483.5, "maxY": 435.0}, "class_id": 0, "box_caption": "person 0.001", "scores": {"class_score": 0.00147247314453125}, "domain": "pixel"}, {"position": {"minX": 627.0, "minY": 358.0, "maxX": 657.0, "maxY": 522.5}, "class_id": 0, "box_caption": "person 0.001", "scores": {"class_score": 0.0014667510986328125}, "domain": "pixel"}, {"position": {"minX": 306.0, "minY": 565.5, "maxX": 379.5, "maxY": 649.5}, "class_id": 0, "box_caption": "person 0.001", "scores": {"class_score": 0.0014495849609375}, "domain": "pixel"}, {"position": {"minX": 594.5, "minY": 421.75, "maxX": 629.5, "maxY": 485.25}, "class_id": 0, "box_caption": "person 0.001", "scores": {"class_score": 0.0014438629150390625}, "domain": "pixel"}, {"position": {"minX": 286.0, "minY": 453.5, "maxX": 330.5, "maxY": 540.5}, "class_id": 0, "box_caption": "person 0.001", "scores": {"class_score": 0.0014438629150390625}, "domain": "pixel"}, {"position": {"minX": 325.75, "minY": 229.75, "maxX": 364.75, "maxY": 335.25}, "class_id": 0, "box_caption": "person 0.001", "scores": {"class_score": 0.0014324188232421875}, "domain": "pixel"}, {"position": {"minX": 210.75, "minY": 476.5, "maxX": 325.75, "maxY": 631.5}, "class_id": 0, "box_caption": "person 0.001", "scores": {"class_score": 0.0014324188232421875}, "domain": "pixel"}, {"position": {"minX": 446.0, "minY": 290.0, "maxX": 472.0, "maxY": 367.5}, "class_id": 0, "box_caption": "person 0.001", "scores": {"class_score": 0.0014209747314453125}, "domain": "pixel"}, {"position": {"minX": 335.75, "minY": 399.5, "maxX": 360.25, "maxY": 447.0}, "class_id": 0, "box_caption": "person 0.001", "scores": {"class_score": 0.0014104843139648438}, "domain": "pixel"}, {"position": {"minX": 299.25, "minY": 564.5, "maxX": 347.75, "maxY": 640.5}, "class_id": 0, "box_caption": "person 0.001", "scores": {"class_score": 0.0014104843139648438}, "domain": "pixel"}, {"position": {"minX": 531.5, "minY": 385.5, "maxX": 550.5, "maxY": 430.5}, "class_id": 0, "box_caption": "person 0.001", "scores": {"class_score": 0.0014047622680664062}, "domain": "pixel"}, {"position": {"minX": 589.5, "minY": 336.5, "maxX": 649.5, "maxY": 444.0}, "class_id": 0, "box_caption": "person 0.001", "scores": {"class_score": 0.0013942718505859375}, "domain": "pixel"}, {"position": {"minX": 489.5, "minY": 370.25, "maxX": 571.5, "maxY": 606.0}, "class_id": 0, "box_caption": "person 0.001", "scores": {"class_score": 0.0013942718505859375}, "domain": "pixel"}, {"position": {"minX": 455.75, "minY": 489.25, "maxX": 540.5, "maxY": 607.0}, "class_id": 0, "box_caption": "person 0.001", "scores": {"class_score": 0.0013885498046875}, "domain": "pixel"}, {"position": {"minX": 418.5, "minY": 509.0, "maxX": 446.5, "maxY": 601.0}, "class_id": 0, "box_caption": "person 0.001", "scores": {"class_score": 0.0013828277587890625}, "domain": "pixel"}, {"position": {"minX": 453.25, "minY": 246.0, "maxX": 497.25, "maxY": 379.0}, "class_id": 0, "box_caption": "person 0.001", "scores": {"class_score": 0.0013780593872070312}, "domain": "pixel"}, {"position": {"minX": 464.25, "minY": 318.5, "maxX": 499.75, "maxY": 411.5}, "class_id": 0, "box_caption": "person 0.001", "scores": {"class_score": 0.0013561248779296875}, "domain": "pixel"}, {"position": {"minX": 316.5, "minY": 357.75, "maxX": 365.5, "maxY": 467.25}, "class_id": 0, "box_caption": "person 0.001", "scores": {"class_score": 0.0013561248779296875}, "domain": "pixel"}, {"position": {"minX": 262.75, "minY": 449.0, "maxX": 312.25, "maxY": 523.5}, "class_id": 0, "box_caption": "person 0.001", "scores": {"class_score": 0.0013561248779296875}, "domain": "pixel"}, {"position": {"minX": 641.0, "minY": 278.25, "maxX": 657.0, "maxY": 336.25}, "class_id": 0, "box_caption": "person 0.001", "scores": {"class_score": 0.0013513565063476562}, "domain": "pixel"}, {"position": {"minX": 580.0, "minY": 440.0, "maxX": 659.0, "maxY": 658.0}, "class_id": 0, "box_caption": "person 0.001", "scores": {"class_score": 0.0013456344604492188}, "domain": "pixel"}, {"position": {"minX": 498.0, "minY": 497.25, "maxX": 567.0, "maxY": 634.0}, "class_id": 0, "box_caption": "person 0.001", "scores": {"class_score": 0.0013408660888671875}, "domain": "pixel"}, {"position": {"minX": 508.5, "minY": 290.5, "maxX": 548.5, "maxY": 425.0}, "class_id": 0, "box_caption": "person 0.001", "scores": {"class_score": 0.00133514404296875}, "domain": "pixel"}, {"position": {"minX": 426.5, "minY": 492.25, "maxX": 455.5, "maxY": 569.5}, "class_id": 0, "box_caption": "person 0.001", "scores": {"class_score": 0.00133514404296875}, "domain": "pixel"}, {"position": {"minX": 71.75, "minY": 519.0, "maxX": 84.375, "maxY": 542.0}, "class_id": 0, "box_caption": "person 0.001", "scores": {"class_score": 0.0013303756713867188}, "domain": "pixel"}, {"position": {"minX": 506.25, "minY": 182.25, "maxX": 564.0, "maxY": 321.25}, "class_id": 0, "box_caption": "person 0.001", "scores": {"class_score": 0.0013246536254882812}, "domain": "pixel"}, {"position": {"minX": 459.0, "minY": 424.0, "maxX": 536.5, "maxY": 591.0}, "class_id": 0, "box_caption": "person 0.001", "scores": {"class_score": 0.0013246536254882812}, "domain": "pixel"}, {"position": {"minX": 404.0, "minY": 291.5, "maxX": 532.0, "maxY": 493.0}, "class_id": 0, "box_caption": "person 0.001", "scores": {"class_score": 0.0013246536254882812}, "domain": "pixel"}, {"position": {"minX": 329.5, "minY": 560.0, "maxX": 455.5, "maxY": 653.0}, "class_id": 0, "box_caption": "person 0.001", "scores": {"class_score": 0.00131988525390625}, "domain": "pixel"}, {"position": {"minX": 28.046875, "minY": 154.125, "maxX": 43.8125, "maxY": 182.125}, "class_id": 0, "box_caption": "person 0.001", "scores": {"class_score": 0.0013151168823242188}, "domain": "pixel"}, {"position": {"minX": 428.75, "minY": 270.75, "maxX": 466.75, "maxY": 327.75}, "class_id": 0, "box_caption": "person 0.001", "scores": {"class_score": 0.0012941360473632812}, "domain": "pixel"}, {"position": {"minX": 634.0, "minY": 291.25, "maxX": 662.0, "maxY": 416.75}, "class_id": 0, "box_caption": "person 0.001", "scores": {"class_score": 0.0012941360473632812}, "domain": "pixel"}, {"position": {"minX": 463.25, "minY": 380.0, "maxX": 488.25, "maxY": 428.5}, "class_id": 0, "box_caption": "person 0.001", "scores": {"class_score": 0.00128936767578125}, "domain": "pixel"}, {"position": {"minX": 511.25, "minY": 276.5, "maxX": 529.0, "maxY": 320.5}, "class_id": 0, "box_caption": "person 0.001", "scores": {"class_score": 0.0012845993041992188}, "domain": "pixel"}, {"position": {"minX": 397.75, "minY": 249.625, "maxX": 484.25, "maxY": 490.5}, "class_id": 0, "box_caption": "person 0.001", "scores": {"class_score": 0.0012845993041992188}, "domain": "pixel"}, {"position": {"minX": 319.5, "minY": 434.5, "maxX": 344.0, "maxY": 482.5}, "class_id": 0, "box_caption": "person 0.001", "scores": {"class_score": 0.00127410888671875}, "domain": "pixel"}], "class_labels": {"0": "person"}}