{"box_data": [{"position": {"minX": 193.0, "minY": 134.25, "maxX": 243.0, "maxY": 233.5}, "class_id": 0, "box_caption": "person 0.168", "scores": {"class_score": 0.167724609375}, "domain": "pixel"}, {"position": {"minX": 187.125, "minY": 130.5, "maxX": 246.125, "maxY": 273.75}, "class_id": 0, "box_caption": "person 0.163", "scores": {"class_score": 0.1629638671875}, "domain": "pixel"}, {"position": {"minX": 305.75, "minY": 119.375, "maxX": 354.25, "maxY": 230.875}, "class_id": 0, "box_caption": "person 0.074", "scores": {"class_score": 0.073974609375}, "domain": "pixel"}, {"position": {"minX": 28.1875, "minY": 324.5, "maxX": 127.5625, "maxY": 469.0}, "class_id": 0, "box_caption": "person 0.070", "scores": {"class_score": 0.070068359375}, "domain": "pixel"}, {"position": {"minX": 290.25, "minY": 116.8125, "maxX": 358.25, "maxY": 289.25}, "class_id": 0, "box_caption": "person 0.065", "scores": {"class_score": 0.06488037109375}, "domain": "pixel"}, {"position": {"minX": 202.5, "minY": 149.5, "maxX": 246.5, "maxY": 246.75}, "class_id": 0, "box_caption": "person 0.059", "scores": {"class_score": 0.0592041015625}, "domain": "pixel"}, {"position": {"minX": 164.0, "minY": 285.5, "maxX": 382.5, "maxY": 594.5}, "class_id": 0, "box_caption": "person 0.051", "scores": {"class_score": 0.05108642578125}, "domain": "pixel"}, {"position": {"minX": 516.0, "minY": 346.5, "maxX": 563.0, "maxY": 497.5}, "class_id": 0, "box_caption": "person 0.046", "scores": {"class_score": 0.04595947265625}, "domain": "pixel"}, {"position": {"minX": 13.71875, "minY": 239.125, "maxX": 63.59375, "maxY": 369.5}, "class_id": 0, "box_caption": "person 0.046", "scores": {"class_score": 0.0457763671875}, "domain": "pixel"}, {"position": {"minX": 200.5, "minY": 160.125, "maxX": 253.5, "maxY": 285.75}, "class_id": 0, "box_caption": "person 0.044", "scores": {"class_score": 0.04351806640625}, "domain": "pixel"}, {"position": {"minX": 13.03125, "minY": 278.0, "maxX": 101.125, "maxY": 459.5}, "class_id": 0, "box_caption": "person 0.043", "scores": {"class_score": 0.042572021484375}, "domain": "pixel"}, {"position": {"minX": 183.5, "minY": 121.125, "maxX": 235.0, "maxY": 214.375}, "class_id": 0, "box_caption": "person 0.041", "scores": {"class_score": 0.041473388671875}, "domain": "pixel"}, {"position": {"minX": 8.40625, "minY": 239.5, "maxX": 82.0, "maxY": 448.5}, "class_id": 0, "box_caption": "person 0.041", "scores": {"class_score": 0.040924072265625}, "domain": "pixel"}, {"position": {"minX": 159.625, "minY": 134.375, "maxX": 220.125, "maxY": 224.625}, "class_id": 0, "box_caption": "person 0.040", "scores": {"class_score": 0.040313720703125}, "domain": "pixel"}, {"position": {"minX": 586.0, "minY": 14.625, "maxX": 667.0, "maxY": 280.5}, "class_id": 0, "box_caption": "person 0.036", "scores": {"class_score": 0.036285400390625}, "domain": "pixel"}, {"position": {"minX": 116.8125, "minY": 220.625, "maxX": 143.625, "maxY": 296.0}, "class_id": 0, "box_caption": "person 0.035", "scores": {"class_score": 0.035400390625}, "domain": "pixel"}, {"position": {"minX": 425.25, "minY": 411.0, "maxX": 505.25, "maxY": 573.0}, "class_id": 0, "box_caption": "person 0.035", "scores": {"class_score": 0.035064697265625}, "domain": "pixel"}, {"position": {"minX": 188.625, "minY": 71.75, "maxX": 416.0, "maxY": 612.0}, "class_id": 0, "box_caption": "person 0.033", "scores": {"class_score": 0.0333251953125}, "domain": "pixel"}, {"position": {"minX": 42.0625, "minY": 365.75, "maxX": 132.75, "maxY": 466.75}, "class_id": 0, "box_caption": "person 0.033", "scores": {"class_score": 0.0330810546875}, "domain": "pixel"}, {"position": {"minX": 10.703125, "minY": 254.25, "maxX": 57.25, "maxY": 346.75}, "class_id": 0, "box_caption": "person 0.031", "scores": {"class_score": 0.03143310546875}, "domain": "pixel"}, {"position": {"minX": 10.171875, "minY": 208.0, "maxX": 67.625, "maxY": 347.5}, "class_id": 0, "box_caption": "person 0.029", "scores": {"class_score": 0.0285491943359375}, "domain": "pixel"}, {"position": {"minX": 301.5, "minY": 100.25, "maxX": 361.5, "maxY": 212.75}, "class_id": 0, "box_caption": "person 0.027", "scores": {"class_score": 0.0271148681640625}, "domain": "pixel"}, {"position": {"minX": 415.75, "minY": 21.84375, "maxX": 473.25, "maxY": 140.125}, "class_id": 0, "box_caption": "person 0.025", "scores": {"class_score": 0.0253753662109375}, "domain": "pixel"}, {"position": {"minX": 318.25, "minY": 122.3125, "maxX": 359.75, "maxY": 219.75}, "class_id": 0, "box_caption": "person 0.023", "scores": {"class_score": 0.0231475830078125}, "domain": "pixel"}, {"position": {"minX": 158.125, "minY": 134.75, "maxX": 189.625, "maxY": 208.5}, "class_id": 0, "box_caption": "person 0.023", "scores": {"class_score": 0.02288818359375}, "domain": "pixel"}, {"position": {"minX": 498.5, "minY": 12.75, "maxX": 578.5, "maxY": 157.25}, "class_id": 0, "box_caption": "person 0.023", "scores": {"class_score": 0.022796630859375}, "domain": "pixel"}, {"position": {"minX": 521.0, "minY": 296.0, "maxX": 570.0, "maxY": 495.0}, "class_id": 0, "box_caption": "person 0.022", "scores": {"class_score": 0.0220794677734375}, "domain": "pixel"}, {"position": {"minX": 144.25, "minY": 125.875, "maxX": 225.25, "maxY": 282.0}, "class_id": 0, "box_caption": "person 0.022", "scores": {"class_score": 0.0218658447265625}, "domain": "pixel"}, {"position": {"minX": 101.875, "minY": 224.625, "maxX": 142.0, "maxY": 298.5}, "class_id": 0, "box_caption": "person 0.022", "scores": {"class_score": 0.0217437744140625}, "domain": "pixel"}, {"position": {"minX": 405.0, "minY": 16.875, "maxX": 476.5, "maxY": 206.875}, "class_id": 0, "box_caption": "person 0.021", "scores": {"class_score": 0.0213623046875}, "domain": "pixel"}, {"position": {"minX": 472.5, "minY": 119.125, "maxX": 603.5, "maxY": 560.0}, "class_id": 0, "box_caption": "person 0.021", "scores": {"class_score": 0.0210418701171875}, "domain": "pixel"}, {"position": {"minX": 153.625, "minY": 122.5, "maxX": 265.5, "maxY": 283.0}, "class_id": 0, "box_caption": "person 0.021", "scores": {"class_score": 0.020721435546875}, "domain": "pixel"}, {"position": {"minX": 17.546875, "minY": 259.75, "maxX": 61.6875, "maxY": 328.25}, "class_id": 0, "box_caption": "person 0.020", "scores": {"class_score": 0.0203704833984375}, "domain": "pixel"}, {"position": {"minX": 277.25, "minY": 155.75, "maxX": 351.25, "maxY": 302.75}, "class_id": 0, "box_caption": "person 0.020", "scores": {"class_score": 0.020294189453125}, "domain": "pixel"}, {"position": {"minX": 278.5, "minY": 83.375, "maxX": 350.5, "maxY": 216.875}, "class_id": 0, "box_caption": "person 0.020", "scores": {"class_score": 0.020294189453125}, "domain": "pixel"}, {"position": {"minX": 505.5, "minY": 211.25, "maxX": 594.5, "maxY": 531.0}, "class_id": 0, "box_caption": "person 0.020", "scores": {"class_score": 0.0201416015625}, "domain": "pixel"}, {"position": {"minX": 210.125, "minY": 169.625, "maxX": 242.375, "maxY": 237.875}, "class_id": 0, "box_caption": "person 0.020", "scores": {"class_score": 0.0199432373046875}, "domain": "pixel"}, {"position": {"minX": 240.75, "minY": 58.3125, "maxX": 298.25, "maxY": 219.75}, "class_id": 0, "box_caption": "person 0.020", "scores": {"class_score": 0.0199432373046875}, "domain": "pixel"}, {"position": {"minX": 209.5, "minY": 91.0625, "maxX": 272.75, "maxY": 225.0}, "class_id": 0, "box_caption": "person 0.019", "scores": {"class_score": 0.0190582275390625}, "domain": "pixel"}, {"position": {"minX": 579.5, "minY": -10.75, "maxX": 671.5, "maxY": 412.25}, "class_id": 0, "box_caption": "person 0.018", "scores": {"class_score": 0.01812744140625}, "domain": "pixel"}, {"position": {"minX": 69.5, "minY": 396.25, "maxX": 133.0, "maxY": 462.75}, "class_id": 0, "box_caption": "person 0.018", "scores": {"class_score": 0.017913818359375}, "domain": "pixel"}, {"position": {"minX": 593.5, "minY": 15.25, "maxX": 666.5, "maxY": 165.25}, "class_id": 0, "box_caption": "person 0.018", "scores": {"class_score": 0.017913818359375}, "domain": "pixel"}, {"position": {"minX": 9.6875, "minY": 261.75, "maxX": 45.96875, "maxY": 330.25}, "class_id": 0, "box_caption": "person 0.016", "scores": {"class_score": 0.016021728515625}, "domain": "pixel"}, {"position": {"minX": 421.25, "minY": 115.375, "maxX": 571.0, "maxY": 568.5}, "class_id": 0, "box_caption": "person 0.016", "scores": {"class_score": 0.015899658203125}, "domain": "pixel"}, {"position": {"minX": 80.6875, "minY": 402.0, "maxX": 117.9375, "maxY": 469.0}, "class_id": 0, "box_caption": "person 0.015", "scores": {"class_score": 0.0154266357421875}, "domain": "pixel"}, {"position": {"minX": 111.75, "minY": 198.625, "maxX": 159.25, "maxY": 295.0}, "class_id": 0, "box_caption": "person 0.015", "scores": {"class_score": 0.0153045654296875}, "domain": "pixel"}, {"position": {"minX": 256.0, "minY": 120.4375, "maxX": 375.0, "maxY": 305.5}, "class_id": 0, "box_caption": "person 0.015", "scores": {"class_score": 0.0153045654296875}, "domain": "pixel"}, {"position": {"minX": 499.25, "minY": 351.25, "maxX": 547.0, "maxY": 496.25}, "class_id": 0, "box_caption": "person 0.014", "scores": {"class_score": 0.01395416259765625}, "domain": "pixel"}, {"position": {"minX": 10.875, "minY": 333.75, "maxX": 153.375, "maxY": 660.0}, "class_id": 0, "box_caption": "person 0.014", "scores": {"class_score": 0.01395416259765625}, "domain": "pixel"}, {"position": {"minX": 204.25, "minY": 124.125, "maxX": 248.25, "maxY": 220.625}, "class_id": 0, "box_caption": "person 0.014", "scores": {"class_score": 0.0137939453125}, "domain": "pixel"}, {"position": {"minX": 409.0, "minY": 182.625, "maxX": 525.5, "maxY": 556.5}, "class_id": 0, "box_caption": "person 0.013", "scores": {"class_score": 0.01332855224609375}, "domain": "pixel"}, {"position": {"minX": 155.75, "minY": 136.875, "maxX": 206.25, "maxY": 210.625}, "class_id": 0, "box_caption": "person 0.013", "scores": {"class_score": 0.013275146484375}, "domain": "pixel"}, {"position": {"minX": 302.5, "minY": 420.75, "maxX": 374.0, "maxY": 582.0}, "class_id": 0, "box_caption": "person 0.013", "scores": {"class_score": 0.01322174072265625}, "domain": "pixel"}, {"position": {"minX": 209.0, "minY": 186.0, "maxX": 251.5, "maxY": 297.25}, "class_id": 0, "box_caption": "person 0.013", "scores": {"class_score": 0.0129241943359375}, "domain": "pixel"}, {"position": {"minX": 100.75, "minY": 309.5, "maxX": 332.75, "maxY": 608.5}, "class_id": 0, "box_caption": "person 0.013", "scores": {"class_score": 0.01267242431640625}, "domain": "pixel"}, {"position": {"minX": 205.25, "minY": 175.875, "maxX": 235.75, "maxY": 243.875}, "class_id": 0, "box_caption": "person 0.012", "scores": {"class_score": 0.01233673095703125}, "domain": "pixel"}, {"position": {"minX": 430.75, "minY": 342.5, "maxX": 504.75, "maxY": 532.5}, "class_id": 0, "box_caption": "person 0.012", "scores": {"class_score": 0.012237548828125}, "domain": "pixel"}, {"position": {"minX": 539.5, "minY": 14.75, "maxX": 673.5, "maxY": 348.75}, "class_id": 0, "box_caption": "person 0.012", "scores": {"class_score": 0.012054443359375}, "domain": "pixel"}, {"position": {"minX": 170.25, "minY": 285.5, "maxX": 318.0, "maxY": 539.0}, "class_id": 0, "box_caption": "person 0.012", "scores": {"class_score": 0.011962890625}, "domain": "pixel"}, {"position": {"minX": 507.0, "minY": 13.34375, "maxX": 571.0, "maxY": 99.125}, "class_id": 0, "box_caption": "person 0.012", "scores": {"class_score": 0.0119171142578125}, "domain": "pixel"}, {"position": {"minX": 99.1875, "minY": 247.25, "maxX": 119.1875, "maxY": 313.75}, "class_id": 0, "box_caption": "person 0.012", "scores": {"class_score": 0.0118255615234375}, "domain": "pixel"}, {"position": {"minX": 153.625, "minY": 318.0, "maxX": 283.0, "maxY": 548.5}, "class_id": 0, "box_caption": "person 0.012", "scores": {"class_score": 0.0115509033203125}, "domain": "pixel"}, {"position": {"minX": 95.3125, "minY": 77.625, "maxX": 137.5, "maxY": 204.375}, "class_id": 0, "box_caption": "person 0.011", "scores": {"class_score": 0.01142120361328125}, "domain": "pixel"}, {"position": {"minX": 452.5, "minY": 392.5, "maxX": 515.0, "maxY": 540.5}, "class_id": 0, "box_caption": "person 0.011", "scores": {"class_score": 0.01107025146484375}, "domain": "pixel"}, {"position": {"minX": 244.25, "minY": 106.5, "maxX": 296.25, "maxY": 238.75}, "class_id": 0, "box_caption": "person 0.011", "scores": {"class_score": 0.01085662841796875}, "domain": "pixel"}, {"position": {"minX": 307.75, "minY": 128.625, "maxX": 344.75, "maxY": 215.125}, "class_id": 0, "box_caption": "person 0.010", "scores": {"class_score": 0.01036834716796875}, "domain": "pixel"}, {"position": {"minX": 528.5, "minY": -27.75, "maxX": 667.5, "maxY": 498.75}, "class_id": 0, "box_caption": "person 0.010", "scores": {"class_score": 0.01024627685546875}, "domain": "pixel"}, {"position": {"minX": 237.5, "minY": 137.125, "maxX": 308.5, "maxY": 285.0}, "class_id": 0, "box_caption": "person 0.010", "scores": {"class_score": 0.009857177734375}, "domain": "pixel"}, {"position": {"minX": 438.75, "minY": -20.625, "maxX": 623.0, "maxY": 427.0}, "class_id": 0, "box_caption": "person 0.010", "scores": {"class_score": 0.00974273681640625}, "domain": "pixel"}, {"position": {"minX": 8.875, "minY": 143.0, "maxX": 75.125, "maxY": 357.5}, "class_id": 0, "box_caption": "person 0.010", "scores": {"class_score": 0.009674072265625}, "domain": "pixel"}, {"position": {"minX": 190.0, "minY": 133.625, "maxX": 224.25, "maxY": 212.875}, "class_id": 0, "box_caption": "person 0.010", "scores": {"class_score": 0.0095977783203125}, "domain": "pixel"}, {"position": {"minX": 250.75, "minY": 27.875, "maxX": 352.75, "maxY": 213.875}, "class_id": 0, "box_caption": "person 0.010", "scores": {"class_score": 0.009521484375}, "domain": "pixel"}, {"position": {"minX": 93.875, "minY": 218.75, "maxX": 128.25, "maxY": 312.25}, "class_id": 0, "box_caption": "person 0.009", "scores": {"class_score": 0.0094146728515625}, "domain": "pixel"}, {"position": {"minX": 426.5, "minY": 405.0, "maxX": 486.5, "maxY": 537.5}, "class_id": 0, "box_caption": "person 0.009", "scores": {"class_score": 0.00916290283203125}, "domain": "pixel"}, {"position": {"minX": 461.25, "minY": 349.25, "maxX": 528.5, "maxY": 514.0}, "class_id": 0, "box_caption": "person 0.009", "scores": {"class_score": 0.00916290283203125}, "domain": "pixel"}, {"position": {"minX": 196.0, "minY": 148.75, "maxX": 232.75, "maxY": 229.0}, "class_id": 0, "box_caption": "person 0.009", "scores": {"class_score": 0.00908660888671875}, "domain": "pixel"}, {"position": {"minX": 265.75, "minY": 146.875, "maxX": 333.75, "maxY": 294.0}, "class_id": 0, "box_caption": "person 0.009", "scores": {"class_score": 0.0089874267578125}, "domain": "pixel"}, {"position": {"minX": 96.125, "minY": 191.25, "maxX": 149.125, "maxY": 309.75}, "class_id": 0, "box_caption": "person 0.009", "scores": {"class_score": 0.0089874267578125}, "domain": "pixel"}, {"position": {"minX": 99.125, "minY": 265.5, "maxX": 115.125, "maxY": 317.5}, "class_id": 0, "box_caption": "person 0.009", "scores": {"class_score": 0.00891876220703125}, "domain": "pixel"}, {"position": {"minX": 143.5, "minY": 115.125, "maxX": 224.25, "maxY": 210.125}, "class_id": 0, "box_caption": "person 0.009", "scores": {"class_score": 0.0087127685546875}, "domain": "pixel"}, {"position": {"minX": 290.5, "minY": 98.625, "maxX": 429.0, "maxY": 590.0}, "class_id": 0, "box_caption": "person 0.009", "scores": {"class_score": 0.0087127685546875}, "domain": "pixel"}, {"position": {"minX": 393.5, "minY": 8.625, "maxX": 485.5, "maxY": 292.5}, "class_id": 0, "box_caption": "person 0.009", "scores": {"class_score": 0.008575439453125}, "domain": "pixel"}, {"position": {"minX": 311.5, "minY": 115.8125, "maxX": 352.0, "maxY": 199.75}, "class_id": 0, "box_caption": "person 0.008", "scores": {"class_score": 0.0083770751953125}, "domain": "pixel"}, {"position": {"minX": 245.75, "minY": 28.375, "maxX": 295.75, "maxY": 137.0}, "class_id": 0, "box_caption": "person 0.008", "scores": {"class_score": 0.0083770751953125}, "domain": "pixel"}, {"position": {"minX": 291.5, "minY": 28.1875, "maxX": 367.5, "maxY": 219.75}, "class_id": 0, "box_caption": "person 0.008", "scores": {"class_score": 0.00809478759765625}, "domain": "pixel"}, {"position": {"minX": 284.75, "minY": 356.0, "maxX": 390.75, "maxY": 582.5}, "class_id": 0, "box_caption": "person 0.008", "scores": {"class_score": 0.00806427001953125}, "domain": "pixel"}, {"position": {"minX": 179.75, "minY": 329.75, "maxX": 258.75, "maxY": 489.75}, "class_id": 0, "box_caption": "person 0.008", "scores": {"class_score": 0.00800323486328125}, "domain": "pixel"}, {"position": {"minX": 322.0, "minY": 417.25, "maxX": 389.0, "maxY": 573.0}, "class_id": 0, "box_caption": "person 0.008", "scores": {"class_score": 0.007965087890625}, "domain": "pixel"}, {"position": {"minX": 512.5, "minY": 397.75, "maxX": 554.5, "maxY": 500.25}, "class_id": 0, "box_caption": "person 0.008", "scores": {"class_score": 0.00787353515625}, "domain": "pixel"}, {"position": {"minX": 143.0, "minY": 94.375, "maxX": 355.5, "maxY": 564.5}, "class_id": 0, "box_caption": "person 0.008", "scores": {"class_score": 0.00787353515625}, "domain": "pixel"}, {"position": {"minX": 413.5, "minY": 371.75, "maxX": 520.5, "maxY": 568.0}, "class_id": 0, "box_caption": "person 0.008", "scores": {"class_score": 0.00766754150390625}, "domain": "pixel"}, {"position": {"minX": 168.375, "minY": 100.5625, "maxX": 284.5, "maxY": 261.5}, "class_id": 0, "box_caption": "person 0.008", "scores": {"class_score": 0.00763702392578125}, "domain": "pixel"}, {"position": {"minX": 105.75, "minY": 120.0, "maxX": 184.0, "maxY": 303.5}, "class_id": 0, "box_caption": "person 0.008", "scores": {"class_score": 0.00760650634765625}, "domain": "pixel"}, {"position": {"minX": 161.25, "minY": 144.5, "maxX": 247.0, "maxY": 308.25}, "class_id": 0, "box_caption": "person 0.008", "scores": {"class_score": 0.00757598876953125}, "domain": "pixel"}, {"position": {"minX": 489.5, "minY": 291.0, "maxX": 563.5, "maxY": 501.5}, "class_id": 0, "box_caption": "person 0.008", "scores": {"class_score": 0.007518768310546875}, "domain": "pixel"}, {"position": {"minX": 112.375, "minY": 102.1875, "maxX": 185.125, "maxY": 250.75}, "class_id": 0, "box_caption": "person 0.007", "scores": {"class_score": 0.007259368896484375}, "domain": "pixel"}, {"position": {"minX": 104.25, "minY": 86.0, "maxX": 164.5, "maxY": 209.75}, "class_id": 0, "box_caption": "person 0.007", "scores": {"class_score": 0.007232666015625}, "domain": "pixel"}, {"position": {"minX": 333.75, "minY": 384.75, "maxX": 395.25, "maxY": 558.0}, "class_id": 0, "box_caption": "person 0.007", "scores": {"class_score": 0.007175445556640625}, "domain": "pixel"}, {"position": {"minX": 446.0, "minY": 280.25, "maxX": 540.5, "maxY": 524.0}, "class_id": 0, "box_caption": "person 0.007", "scores": {"class_score": 0.007038116455078125}, "domain": "pixel"}, {"position": {"minX": 26.5625, "minY": 358.75, "maxX": 139.0, "maxY": 571.0}, "class_id": 0, "box_caption": "person 0.007", "scores": {"class_score": 0.006931304931640625}, "domain": "pixel"}, {"position": {"minX": 219.375, "minY": 130.375, "maxX": 263.0, "maxY": 234.375}, "class_id": 0, "box_caption": "person 0.007", "scores": {"class_score": 0.006744384765625}, "domain": "pixel"}, {"position": {"minX": 92.1875, "minY": 68.875, "maxX": 141.75, "maxY": 270.5}, "class_id": 0, "box_caption": "person 0.007", "scores": {"class_score": 0.0066680908203125}, "domain": "pixel"}, {"position": {"minX": 13.5625, "minY": 353.5, "maxX": 102.875, "maxY": 488.5}, "class_id": 0, "box_caption": "person 0.007", "scores": {"class_score": 0.0066680908203125}, "domain": "pixel"}, {"position": {"minX": 564.0, "minY": 22.75, "maxX": 660.0, "maxY": 199.5}, "class_id": 0, "box_caption": "person 0.007", "scores": {"class_score": 0.0066680908203125}, "domain": "pixel"}, {"position": {"minX": 268.75, "minY": 93.0, "maxX": 393.25, "maxY": 530.5}, "class_id": 0, "box_caption": "person 0.007", "scores": {"class_score": 0.0066680908203125}, "domain": "pixel"}, {"position": {"minX": 270.0, "minY": 88.6875, "maxX": 384.5, "maxY": 260.5}, "class_id": 0, "box_caption": "person 0.007", "scores": {"class_score": 0.006587982177734375}, "domain": "pixel"}, {"position": {"minX": 22.640625, "minY": 227.875, "maxX": 74.75, "maxY": 389.5}, "class_id": 0, "box_caption": "person 0.007", "scores": {"class_score": 0.00653839111328125}, "domain": "pixel"}, {"position": {"minX": 469.0, "minY": 30.375, "maxX": 593.0, "maxY": 459.5}, "class_id": 0, "box_caption": "person 0.007", "scores": {"class_score": 0.00653839111328125}, "domain": "pixel"}, {"position": {"minX": 221.375, "minY": 30.375, "maxX": 291.0, "maxY": 219.375}, "class_id": 0, "box_caption": "person 0.006", "scores": {"class_score": 0.006412506103515625}, "domain": "pixel"}, {"position": {"minX": 215.25, "minY": 149.75, "maxX": 258.5, "maxY": 253.0}, "class_id": 0, "box_caption": "person 0.006", "scores": {"class_score": 0.00634002685546875}, "domain": "pixel"}, {"position": {"minX": 10.484375, "minY": 264.75, "maxX": 34.0, "maxY": 334.25}, "class_id": 0, "box_caption": "person 0.006", "scores": {"class_score": 0.0062408447265625}, "domain": "pixel"}, {"position": {"minX": 115.0, "minY": 117.5, "maxX": 222.25, "maxY": 306.75}, "class_id": 0, "box_caption": "person 0.006", "scores": {"class_score": 0.006168365478515625}, "domain": "pixel"}, {"position": {"minX": 232.5, "minY": 385.5, "maxX": 394.0, "maxY": 599.5}, "class_id": 0, "box_caption": "person 0.006", "scores": {"class_score": 0.0059356689453125}, "domain": "pixel"}, {"position": {"minX": 480.0, "minY": 310.25, "maxX": 531.5, "maxY": 508.75}, "class_id": 0, "box_caption": "person 0.006", "scores": {"class_score": 0.00591278076171875}, "domain": "pixel"}, {"position": {"minX": 20.40625, "minY": 547.0, "maxX": 131.375, "maxY": 657.0}, "class_id": 0, "box_caption": "person 0.006", "scores": {"class_score": 0.00579833984375}, "domain": "pixel"}, {"position": {"minX": 256.75, "minY": 134.5, "maxX": 283.25, "maxY": 208.0}, "class_id": 0, "box_caption": "person 0.006", "scores": {"class_score": 0.0057525634765625}, "domain": "pixel"}, {"position": {"minX": 307.0, "minY": 128.5, "maxX": 364.5, "maxY": 266.5}, "class_id": 0, "box_caption": "person 0.006", "scores": {"class_score": 0.0057525634765625}, "domain": "pixel"}, {"position": {"minX": 469.25, "minY": 279.5, "maxX": 590.0, "maxY": 525.5}, "class_id": 0, "box_caption": "person 0.006", "scores": {"class_score": 0.005619049072265625}, "domain": "pixel"}, {"position": {"minX": 392.0, "minY": 11.25, "maxX": 524.5, "maxY": 336.25}, "class_id": 0, "box_caption": "person 0.006", "scores": {"class_score": 0.00557708740234375}, "domain": "pixel"}, {"position": {"minX": 248.75, "minY": 278.25, "maxX": 416.75, "maxY": 586.0}, "class_id": 0, "box_caption": "person 0.005", "scores": {"class_score": 0.00547027587890625}, "domain": "pixel"}, {"position": {"minX": 520.5, "minY": 99.375, "maxX": 646.5, "maxY": 576.0}, "class_id": 0, "box_caption": "person 0.005", "scores": {"class_score": 0.00536346435546875}, "domain": "pixel"}, {"position": {"minX": 477.25, "minY": 23.375, "maxX": 587.0, "maxY": 183.25}, "class_id": 0, "box_caption": "person 0.005", "scores": {"class_score": 0.005344390869140625}, "domain": "pixel"}, {"position": {"minX": 6.03125, "minY": 56.875, "maxX": 91.5, "maxY": 356.5}, "class_id": 0, "box_caption": "person 0.005", "scores": {"class_score": 0.005279541015625}, "domain": "pixel"}, {"position": {"minX": 102.6875, "minY": 231.25, "maxX": 132.125, "maxY": 310.75}, "class_id": 0, "box_caption": "person 0.005", "scores": {"class_score": 0.00518035888671875}, "domain": "pixel"}, {"position": {"minX": 14.75, "minY": 321.0, "maxX": 259.5, "maxY": 616.0}, "class_id": 0, "box_caption": "person 0.005", "scores": {"class_score": 0.00518035888671875}, "domain": "pixel"}, {"position": {"minX": 323.5, "minY": 251.25, "maxX": 343.5, "maxY": 305.75}, "class_id": 0, "box_caption": "person 0.005", "scores": {"class_score": 0.005062103271484375}, "domain": "pixel"}, {"position": {"minX": 5.90625, "minY": 168.25, "maxX": 115.125, "maxY": 445.25}, "class_id": 0, "box_caption": "person 0.005", "scores": {"class_score": 0.00498199462890625}, "domain": "pixel"}, {"position": {"minX": 9.0625, "minY": 348.0, "maxX": 99.4375, "maxY": 651.5}, "class_id": 0, "box_caption": "person 0.005", "scores": {"class_score": 0.00494384765625}, "domain": "pixel"}, {"position": {"minX": 315.5, "minY": 108.0, "maxX": 371.0, "maxY": 235.75}, "class_id": 0, "box_caption": "person 0.005", "scores": {"class_score": 0.004924774169921875}, "domain": "pixel"}, {"position": {"minX": 268.0, "minY": 455.25, "maxX": 371.0, "maxY": 595.0}, "class_id": 0, "box_caption": "person 0.005", "scores": {"class_score": 0.0048675537109375}, "domain": "pixel"}, {"position": {"minX": 90.625, "minY": 39.75, "maxX": 145.875, "maxY": 210.25}, "class_id": 0, "box_caption": "person 0.005", "scores": {"class_score": 0.004848480224609375}, "domain": "pixel"}, {"position": {"minX": 115.25, "minY": 341.75, "maxX": 257.75, "maxY": 516.0}, "class_id": 0, "box_caption": "person 0.005", "scores": {"class_score": 0.004791259765625}, "domain": "pixel"}, {"position": {"minX": 91.625, "minY": 113.375, "maxX": 147.75, "maxY": 310.5}, "class_id": 0, "box_caption": "person 0.005", "scores": {"class_score": 0.00473785400390625}, "domain": "pixel"}, {"position": {"minX": 469.75, "minY": 8.125, "maxX": 597.0, "maxY": 293.5}, "class_id": 0, "box_caption": "person 0.005", "scores": {"class_score": 0.00473785400390625}, "domain": "pixel"}, {"position": {"minX": 260.75, "minY": 132.25, "maxX": 292.25, "maxY": 211.25}, "class_id": 0, "box_caption": "person 0.005", "scores": {"class_score": 0.004718780517578125}, "domain": "pixel"}, {"position": {"minX": 570.0, "minY": 12.125, "maxX": 649.0, "maxY": 157.125}, "class_id": 0, "box_caption": "person 0.005", "scores": {"class_score": 0.004718780517578125}, "domain": "pixel"}, {"position": {"minX": 288.5, "minY": 117.5, "maxX": 343.5, "maxY": 201.75}, "class_id": 0, "box_caption": "person 0.005", "scores": {"class_score": 0.004680633544921875}, "domain": "pixel"}, {"position": {"minX": 81.125, "minY": 341.5, "maxX": 284.5, "maxY": 578.0}, "class_id": 0, "box_caption": "person 0.005", "scores": {"class_score": 0.00464630126953125}, "domain": "pixel"}, {"position": {"minX": 211.125, "minY": 20.125, "maxX": 335.75, "maxY": 221.625}, "class_id": 0, "box_caption": "person 0.005", "scores": {"class_score": 0.00453948974609375}, "domain": "pixel"}, {"position": {"minX": 249.875, "minY": 119.625, "maxX": 281.75, "maxY": 218.625}, "class_id": 0, "box_caption": "person 0.005", "scores": {"class_score": 0.004520416259765625}, "domain": "pixel"}, {"position": {"minX": 419.5, "minY": 240.875, "maxX": 450.0, "maxY": 325.25}, "class_id": 0, "box_caption": "person 0.004", "scores": {"class_score": 0.00443267822265625}, "domain": "pixel"}, {"position": {"minX": 4.765625, "minY": 223.125, "maxX": 59.125, "maxY": 462.0}, "class_id": 0, "box_caption": "person 0.004", "scores": {"class_score": 0.00443267822265625}, "domain": "pixel"}, {"position": {"minX": 64.5, "minY": 334.75, "maxX": 194.75, "maxY": 475.25}, "class_id": 0, "box_caption": "person 0.004", "scores": {"class_score": 0.00443267822265625}, "domain": "pixel"}, {"position": {"minX": 242.25, "minY": 86.875, "maxX": 283.75, "maxY": 221.125}, "class_id": 0, "box_caption": "person 0.004", "scores": {"class_score": 0.004398345947265625}, "domain": "pixel"}, {"position": {"minX": -6.0, "minY": 299.0, "maxX": 363.0, "maxY": 627.5}, "class_id": 0, "box_caption": "person 0.004", "scores": {"class_score": 0.0043487548828125}, "domain": "pixel"}, {"position": {"minX": 186.5, "minY": 456.5, "maxX": 207.5, "maxY": 514.5}, "class_id": 0, "box_caption": "person 0.004", "scores": {"class_score": 0.004329681396484375}, "domain": "pixel"}, {"position": {"minX": 119.125, "minY": 105.0625, "maxX": 247.375, "maxY": 250.75}, "class_id": 0, "box_caption": "person 0.004", "scores": {"class_score": 0.004314422607421875}, "domain": "pixel"}, {"position": {"minX": 281.0, "minY": 132.375, "maxX": 317.5, "maxY": 205.375}, "class_id": 0, "box_caption": "person 0.004", "scores": {"class_score": 0.00428009033203125}, "domain": "pixel"}, {"position": {"minX": 61.8125, "minY": 387.5, "maxX": 166.5, "maxY": 465.0}, "class_id": 0, "box_caption": "person 0.004", "scores": {"class_score": 0.00426483154296875}, "domain": "pixel"}, {"position": {"minX": 15.21875, "minY": 568.0, "maxX": 107.375, "maxY": 664.0}, "class_id": 0, "box_caption": "person 0.004", "scores": {"class_score": 0.00426483154296875}, "domain": "pixel"}, {"position": {"minX": 486.0, "minY": 357.75, "maxX": 523.0, "maxY": 491.75}, "class_id": 0, "box_caption": "person 0.004", "scores": {"class_score": 0.004230499267578125}, "domain": "pixel"}, {"position": {"minX": 474.5, "minY": 3.0, "maxX": 643.5, "maxY": 361.5}, "class_id": 0, "box_caption": "person 0.004", "scores": {"class_score": 0.004199981689453125}, "domain": "pixel"}, {"position": {"minX": 9.0, "minY": 254.375, "maxX": 36.1875, "maxY": 318.5}, "class_id": 0, "box_caption": "person 0.004", "scores": {"class_score": 0.0041656494140625}, "domain": "pixel"}, {"position": {"minX": 36.125, "minY": 348.0, "maxX": 165.125, "maxY": 495.0}, "class_id": 0, "box_caption": "person 0.004", "scores": {"class_score": 0.004150390625}, "domain": "pixel"}, {"position": {"minX": 432.75, "minY": 439.5, "maxX": 524.0, "maxY": 597.5}, "class_id": 0, "box_caption": "person 0.004", "scores": {"class_score": 0.004100799560546875}, "domain": "pixel"}, {"position": {"minX": 191.375, "minY": 117.5, "maxX": 228.875, "maxY": 199.0}, "class_id": 0, "box_caption": "person 0.004", "scores": {"class_score": 0.004085540771484375}, "domain": "pixel"}, {"position": {"minX": 171.0, "minY": 149.75, "maxX": 293.0, "maxY": 304.0}, "class_id": 0, "box_caption": "person 0.004", "scores": {"class_score": 0.004070281982421875}, "domain": "pixel"}, {"position": {"minX": 517.0, "minY": 11.90625, "maxX": 576.0, "maxY": 76.375}, "class_id": 0, "box_caption": "person 0.004", "scores": {"class_score": 0.00399017333984375}, "domain": "pixel"}, {"position": {"minX": 170.25, "minY": 345.75, "maxX": 328.25, "maxY": 596.0}, "class_id": 0, "box_caption": "person 0.004", "scores": {"class_score": 0.00395965576171875}, "domain": "pixel"}, {"position": {"minX": 423.75, "minY": 164.75, "maxX": 503.75, "maxY": 444.25}, "class_id": 0, "box_caption": "person 0.004", "scores": {"class_score": 0.00394439697265625}, "domain": "pixel"}, {"position": {"minX": 500.0, "minY": 378.0, "maxX": 563.0, "maxY": 520.0}, "class_id": 0, "box_caption": "person 0.004", "scores": {"class_score": 0.00392913818359375}, "domain": "pixel"}, {"position": {"minX": 112.875, "minY": 208.625, "maxX": 139.5, "maxY": 284.5}, "class_id": 0, "box_caption": "person 0.004", "scores": {"class_score": 0.00391387939453125}, "domain": "pixel"}, {"position": {"minX": 294.0, "minY": 472.75, "maxX": 366.0, "maxY": 591.0}, "class_id": 0, "box_caption": "person 0.004", "scores": {"class_score": 0.00391387939453125}, "domain": "pixel"}, {"position": {"minX": 351.5, "minY": 372.75, "maxX": 400.5, "maxY": 541.5}, "class_id": 0, "box_caption": "person 0.004", "scores": {"class_score": 0.00391387939453125}, "domain": "pixel"}, {"position": {"minX": 329.25, "minY": 120.875, "maxX": 366.75, "maxY": 213.125}, "class_id": 0, "box_caption": "person 0.004", "scores": {"class_score": 0.0038852691650390625}, "domain": "pixel"}, {"position": {"minX": 401.5, "minY": 5.875, "maxX": 598.5, "maxY": 353.0}, "class_id": 0, "box_caption": "person 0.004", "scores": {"class_score": 0.0038852691650390625}, "domain": "pixel"}, {"position": {"minX": 216.75, "minY": 175.375, "maxX": 250.25, "maxY": 246.125}, "class_id": 0, "box_caption": "person 0.004", "scores": {"class_score": 0.0038089752197265625}, "domain": "pixel"}, {"position": {"minX": 298.0, "minY": 147.75, "maxX": 375.5, "maxY": 311.75}, "class_id": 0, "box_caption": "person 0.004", "scores": {"class_score": 0.003795623779296875}, "domain": "pixel"}, {"position": {"minX": 599.0, "minY": 38.25, "maxX": 660.0, "maxY": 197.75}, "class_id": 0, "box_caption": "person 0.004", "scores": {"class_score": 0.003765106201171875}, "domain": "pixel"}, {"position": {"minX": 273.5, "minY": 192.875, "maxX": 327.5, "maxY": 293.25}, "class_id": 0, "box_caption": "person 0.004", "scores": {"class_score": 0.003749847412109375}, "domain": "pixel"}, {"position": {"minX": 249.0, "minY": 25.5, "maxX": 292.0, "maxY": 96.0625}, "class_id": 0, "box_caption": "person 0.004", "scores": {"class_score": 0.0037078857421875}, "domain": "pixel"}, {"position": {"minX": 309.5, "minY": 253.25, "maxX": 346.0, "maxY": 328.25}, "class_id": 0, "box_caption": "person 0.004", "scores": {"class_score": 0.0036220550537109375}, "domain": "pixel"}, {"position": {"minX": 180.0, "minY": 127.375, "maxX": 218.75, "maxY": 216.625}, "class_id": 0, "box_caption": "person 0.003", "scores": {"class_score": 0.0034961700439453125}, "domain": "pixel"}, {"position": {"minX": 617.5, "minY": 10.8125, "maxX": 660.5, "maxY": 167.0}, "class_id": 0, "box_caption": "person 0.003", "scores": {"class_score": 0.0034961700439453125}, "domain": "pixel"}, {"position": {"minX": 412.25, "minY": 242.0, "maxX": 443.75, "maxY": 314.5}, "class_id": 0, "box_caption": "person 0.003", "scores": {"class_score": 0.00345611572265625}, "domain": "pixel"}, {"position": {"minX": 11.40625, "minY": 212.25, "maxX": 49.5625, "maxY": 326.75}, "class_id": 0, "box_caption": "person 0.003", "scores": {"class_score": 0.00345611572265625}, "domain": "pixel"}, {"position": {"minX": 53.5625, "minY": 325.5, "maxX": 150.5, "maxY": 466.0}, "class_id": 0, "box_caption": "person 0.003", "scores": {"class_score": 0.003429412841796875}, "domain": "pixel"}, {"position": {"minX": 282.5, "minY": 214.0, "maxX": 349.5, "maxY": 307.0}, "class_id": 0, "box_caption": "person 0.003", "scores": {"class_score": 0.0033626556396484375}, "domain": "pixel"}, {"position": {"minX": 66.6875, "minY": 233.375, "maxX": 80.5625, "maxY": 260.0}, "class_id": 0, "box_caption": "person 0.003", "scores": {"class_score": 0.0033512115478515625}, "domain": "pixel"}, {"position": {"minX": 187.0, "minY": 112.8125, "maxX": 351.0, "maxY": 304.5}, "class_id": 0, "box_caption": "person 0.003", "scores": {"class_score": 0.0033512115478515625}, "domain": "pixel"}, {"position": {"minX": 166.0, "minY": 132.0, "maxX": 269.25, "maxY": 398.0}, "class_id": 0, "box_caption": "person 0.003", "scores": {"class_score": 0.003337860107421875}, "domain": "pixel"}, {"position": {"minX": 314.25, "minY": 74.375, "maxX": 366.75, "maxY": 209.375}, "class_id": 0, "box_caption": "person 0.003", "scores": {"class_score": 0.0033245086669921875}, "domain": "pixel"}, {"position": {"minX": 25.0625, "minY": 233.75, "maxX": 70.25, "maxY": 336.75}, "class_id": 0, "box_caption": "person 0.003", "scores": {"class_score": 0.0033245086669921875}, "domain": "pixel"}, {"position": {"minX": 456.0, "minY": 456.75, "maxX": 511.5, "maxY": 549.0}, "class_id": 0, "box_caption": "person 0.003", "scores": {"class_score": 0.0033111572265625}, "domain": "pixel"}, {"position": {"minX": 172.875, "minY": 411.5, "maxX": 224.125, "maxY": 545.0}, "class_id": 0, "box_caption": "person 0.003", "scores": {"class_score": 0.0032863616943359375}, "domain": "pixel"}, {"position": {"minX": 307.0, "minY": 116.4375, "maxX": 387.0, "maxY": 293.5}, "class_id": 0, "box_caption": "person 0.003", "scores": {"class_score": 0.00327301025390625}, "domain": "pixel"}, {"position": {"minX": 510.75, "minY": 351.75, "maxX": 574.5, "maxY": 557.0}, "class_id": 0, "box_caption": "person 0.003", "scores": {"class_score": 0.00327301025390625}, "domain": "pixel"}, {"position": {"minX": 138.375, "minY": 121.1875, "maxX": 202.125, "maxY": 202.5}, "class_id": 0, "box_caption": "person 0.003", "scores": {"class_score": 0.0032596588134765625}, "domain": "pixel"}, {"position": {"minX": 128.5, "minY": 125.25, "maxX": 154.75, "maxY": 203.75}, "class_id": 0, "box_caption": "person 0.003", "scores": {"class_score": 0.0032482147216796875}, "domain": "pixel"}, {"position": {"minX": 382.5, "minY": 115.375, "maxX": 499.0, "maxY": 572.0}, "class_id": 0, "box_caption": "person 0.003", "scores": {"class_score": 0.0032482147216796875}, "domain": "pixel"}, {"position": {"minX": 414.0, "minY": 33.59375, "maxX": 454.0, "maxY": 114.375}, "class_id": 0, "box_caption": "person 0.003", "scores": {"class_score": 0.0032100677490234375}, "domain": "pixel"}, {"position": {"minX": 319.25, "minY": 349.75, "maxX": 400.75, "maxY": 568.0}, "class_id": 0, "box_caption": "person 0.003", "scores": {"class_score": 0.0032100677490234375}, "domain": "pixel"}, {"position": {"minX": 268.75, "minY": 159.0, "maxX": 359.75, "maxY": 371.0}, "class_id": 0, "box_caption": "person 0.003", "scores": {"class_score": 0.0032100677490234375}, "domain": "pixel"}, {"position": {"minX": 418.0, "minY": 255.375, "maxX": 563.0, "maxY": 542.0}, "class_id": 0, "box_caption": "person 0.003", "scores": {"class_score": 0.00319671630859375}, "domain": "pixel"}, {"position": {"minX": 150.25, "minY": 93.125, "maxX": 256.75, "maxY": 234.125}, "class_id": 0, "box_caption": "person 0.003", "scores": {"class_score": 0.003185272216796875}, "domain": "pixel"}, {"position": {"minX": 255.5, "minY": 172.0, "maxX": 316.5, "maxY": 293.0}, "class_id": 0, "box_caption": "person 0.003", "scores": {"class_score": 0.0031719207763671875}, "domain": "pixel"}, {"position": {"minX": 370.0, "minY": 377.0, "maxX": 404.5, "maxY": 510.0}, "class_id": 0, "box_caption": "person 0.003", "scores": {"class_score": 0.003147125244140625}, "domain": "pixel"}, {"position": {"minX": 433.5, "minY": 383.25, "maxX": 480.0, "maxY": 508.75}, "class_id": 0, "box_caption": "person 0.003", "scores": {"class_score": 0.003147125244140625}, "domain": "pixel"}, {"position": {"minX": 370.75, "minY": 19.5625, "maxX": 399.25, "maxY": 89.6875}, "class_id": 0, "box_caption": "person 0.003", "scores": {"class_score": 0.00313568115234375}, "domain": "pixel"}, {"position": {"minX": 33.5625, "minY": 261.25, "maxX": 63.375, "maxY": 331.25}, "class_id": 0, "box_caption": "person 0.003", "scores": {"class_score": 0.003124237060546875}, "domain": "pixel"}, {"position": {"minX": 258.25, "minY": 37.84375, "maxX": 291.25, "maxY": 104.875}, "class_id": 0, "box_caption": "person 0.003", "scores": {"class_score": 0.003124237060546875}, "domain": "pixel"}, {"position": {"minX": 275.0, "minY": 103.875, "maxX": 320.5, "maxY": 213.125}, "class_id": 0, "box_caption": "person 0.003", "scores": {"class_score": 0.003124237060546875}, "domain": "pixel"}, {"position": {"minX": 128.875, "minY": 130.75, "maxX": 174.625, "maxY": 206.5}, "class_id": 0, "box_caption": "person 0.003", "scores": {"class_score": 0.0031108856201171875}, "domain": "pixel"}, {"position": {"minX": 616.0, "minY": -6.75, "maxX": 669.0, "maxY": 340.5}, "class_id": 0, "box_caption": "person 0.003", "scores": {"class_score": 0.0030994415283203125}, "domain": "pixel"}, {"position": {"minX": 175.875, "minY": 344.0, "maxX": 221.125, "maxY": 506.0}, "class_id": 0, "box_caption": "person 0.003", "scores": {"class_score": 0.0030994415283203125}, "domain": "pixel"}, {"position": {"minX": 520.0, "minY": 407.75, "maxX": 548.0, "maxY": 495.25}, "class_id": 0, "box_caption": "person 0.003", "scores": {"class_score": 0.00307464599609375}, "domain": "pixel"}, {"position": {"minX": 413.75, "minY": 324.0, "maxX": 428.25, "maxY": 355.5}, "class_id": 0, "box_caption": "person 0.003", "scores": {"class_score": 0.0030517578125}, "domain": "pixel"}, {"position": {"minX": 244.5, "minY": 24.9375, "maxX": 307.0, "maxY": 189.0}, "class_id": 0, "box_caption": "person 0.003", "scores": {"class_score": 0.0030269622802734375}, "domain": "pixel"}, {"position": {"minX": 376.25, "minY": 20.09375, "maxX": 436.75, "maxY": 139.125}, "class_id": 0, "box_caption": "person 0.003", "scores": {"class_score": 0.0030269622802734375}, "domain": "pixel"}, {"position": {"minX": 24.6875, "minY": 198.25, "maxX": 99.25, "maxY": 412.75}, "class_id": 0, "box_caption": "person 0.003", "scores": {"class_score": 0.0030269622802734375}, "domain": "pixel"}, {"position": {"minX": 256.5, "minY": 26.875, "maxX": 336.5, "maxY": 147.375}, "class_id": 0, "box_caption": "person 0.003", "scores": {"class_score": 0.0030155181884765625}, "domain": "pixel"}, {"position": {"minX": 68.4375, "minY": 411.0, "maxX": 121.1875, "maxY": 473.5}, "class_id": 0, "box_caption": "person 0.003", "scores": {"class_score": 0.0029926300048828125}, "domain": "pixel"}, {"position": {"minX": 198.75, "minY": 127.375, "maxX": 238.25, "maxY": 206.625}, "class_id": 0, "box_caption": "person 0.003", "scores": {"class_score": 0.0029697418212890625}, "domain": "pixel"}, {"position": {"minX": 23.0, "minY": 52.9375, "maxX": 124.625, "maxY": 301.0}, "class_id": 0, "box_caption": "person 0.003", "scores": {"class_score": 0.0029697418212890625}, "domain": "pixel"}, {"position": {"minX": 370.25, "minY": 120.0, "maxX": 392.75, "maxY": 189.75}, "class_id": 0, "box_caption": "person 0.003", "scores": {"class_score": 0.0029582977294921875}, "domain": "pixel"}, {"position": {"minX": 470.0, "minY": -36.5, "maxX": 655.0, "maxY": 591.5}, "class_id": 0, "box_caption": "person 0.003", "scores": {"class_score": 0.0029582977294921875}, "domain": "pixel"}, {"position": {"minX": 522.5, "minY": 311.5, "maxX": 561.5, "maxY": 447.5}, "class_id": 0, "box_caption": "person 0.003", "scores": {"class_score": 0.0029239654541015625}, "domain": "pixel"}, {"position": {"minX": 293.0, "minY": 123.0, "maxX": 324.0, "maxY": 220.75}, "class_id": 0, "box_caption": "person 0.003", "scores": {"class_score": 0.0029010772705078125}, "domain": "pixel"}, {"position": {"minX": 33.75, "minY": 399.5, "maxX": 117.625, "maxY": 471.5}, "class_id": 0, "box_caption": "person 0.003", "scores": {"class_score": 0.0028781890869140625}, "domain": "pixel"}, {"position": {"minX": 122.4375, "minY": 224.625, "maxX": 140.875, "maxY": 271.75}, "class_id": 0, "box_caption": "person 0.003", "scores": {"class_score": 0.0028228759765625}, "domain": "pixel"}, {"position": {"minX": 49.25, "minY": 218.0, "maxX": 101.625, "maxY": 324.5}, "class_id": 0, "box_caption": "person 0.003", "scores": {"class_score": 0.0028228759765625}, "domain": "pixel"}, {"position": {"minX": 574.5, "minY": 82.0, "maxX": 664.5, "maxY": 522.5}, "class_id": 0, "box_caption": "person 0.003", "scores": {"class_score": 0.002811431884765625}, "domain": "pixel"}, {"position": {"minX": 208.5, "minY": 177.0, "maxX": 271.5, "maxY": 308.5}, "class_id": 0, "box_caption": "person 0.003", "scores": {"class_score": 0.00279998779296875}, "domain": "pixel"}, {"position": {"minX": 180.0, "minY": 438.0, "maxX": 215.0, "maxY": 535.0}, "class_id": 0, "box_caption": "person 0.003", "scores": {"class_score": 0.00279998779296875}, "domain": "pixel"}, {"position": {"minX": 454.5, "minY": 283.75, "maxX": 482.5, "maxY": 342.25}, "class_id": 0, "box_caption": "person 0.003", "scores": {"class_score": 0.0027790069580078125}, "domain": "pixel"}, {"position": {"minX": 408.75, "minY": 209.5, "maxX": 461.75, "maxY": 344.5}, "class_id": 0, "box_caption": "person 0.003", "scores": {"class_score": 0.0027675628662109375}, "domain": "pixel"}, {"position": {"minX": 503.0, "minY": 223.375, "maxX": 536.0, "maxY": 312.0}, "class_id": 0, "box_caption": "person 0.003", "scores": {"class_score": 0.002758026123046875}, "domain": "pixel"}, {"position": {"minX": 468.75, "minY": 399.5, "maxX": 515.0, "maxY": 515.0}, "class_id": 0, "box_caption": "person 0.003", "scores": {"class_score": 0.002758026123046875}, "domain": "pixel"}, {"position": {"minX": 62.28125, "minY": 230.0, "maxX": 76.625, "maxY": 263.0}, "class_id": 0, "box_caption": "person 0.003", "scores": {"class_score": 0.00269317626953125}, "domain": "pixel"}, {"position": {"minX": 8.15625, "minY": 41.0625, "maxX": 84.75, "maxY": 258.5}, "class_id": 0, "box_caption": "person 0.003", "scores": {"class_score": 0.00269317626953125}, "domain": "pixel"}, {"position": {"minX": 264.25, "minY": 64.0625, "maxX": 326.25, "maxY": 211.75}, "class_id": 0, "box_caption": "person 0.003", "scores": {"class_score": 0.00266265869140625}, "domain": "pixel"}, {"position": {"minX": 30.9375, "minY": 183.375, "maxX": 110.0625, "maxY": 361.0}, "class_id": 0, "box_caption": "person 0.003", "scores": {"class_score": 0.0026531219482421875}, "domain": "pixel"}, {"position": {"minX": 214.125, "minY": 179.5, "maxX": 238.875, "maxY": 226.5}, "class_id": 0, "box_caption": "person 0.003", "scores": {"class_score": 0.0026111602783203125}, "domain": "pixel"}, {"position": {"minX": 410.5, "minY": 449.0, "maxX": 498.0, "maxY": 592.0}, "class_id": 0, "box_caption": "person 0.003", "scores": {"class_score": 0.0026111602783203125}, "domain": "pixel"}, {"position": {"minX": 452.0, "minY": 18.96875, "maxX": 559.0, "maxY": 144.5}, "class_id": 0, "box_caption": "person 0.003", "scores": {"class_score": 0.0026111602783203125}, "domain": "pixel"}, {"position": {"minX": 614.0, "minY": 1.6875, "maxX": 670.0, "maxY": 118.125}, "class_id": 0, "box_caption": "person 0.003", "scores": {"class_score": 0.00260162353515625}, "domain": "pixel"}, {"position": {"minX": 433.75, "minY": 65.875, "maxX": 566.0, "maxY": 427.0}, "class_id": 0, "box_caption": "person 0.003", "scores": {"class_score": 0.00260162353515625}, "domain": "pixel"}, {"position": {"minX": 119.9375, "minY": 110.875, "maxX": 180.125, "maxY": 207.375}, "class_id": 0, "box_caption": "person 0.003", "scores": {"class_score": 0.00257110595703125}, "domain": "pixel"}, {"position": {"minX": 6.625, "minY": 569.0, "maxX": 168.125, "maxY": 661.0}, "class_id": 0, "box_caption": "person 0.003", "scores": {"class_score": 0.0025615692138671875}, "domain": "pixel"}, {"position": {"minX": 42.71875, "minY": 61.5625, "maxX": 128.75, "maxY": 234.0}, "class_id": 0, "box_caption": "person 0.003", "scores": {"class_score": 0.0025501251220703125}, "domain": "pixel"}, {"position": {"minX": 309.0, "minY": 230.75, "maxX": 347.5, "maxY": 305.75}, "class_id": 0, "box_caption": "person 0.003", "scores": {"class_score": 0.00254058837890625}, "domain": "pixel"}, {"position": {"minX": 371.0, "minY": 39.6875, "maxX": 452.0, "maxY": 248.5}, "class_id": 0, "box_caption": "person 0.003", "scores": {"class_score": 0.00254058837890625}, "domain": "pixel"}, {"position": {"minX": 380.5, "minY": 12.6875, "maxX": 490.5, "maxY": 152.25}, "class_id": 0, "box_caption": "person 0.003", "scores": {"class_score": 0.0025310516357421875}, "domain": "pixel"}, {"position": {"minX": 131.5, "minY": 141.0, "maxX": 307.5, "maxY": 517.5}, "class_id": 0, "box_caption": "person 0.003", "scores": {"class_score": 0.002521514892578125}, "domain": "pixel"}, {"position": {"minX": 76.5, "minY": 410.75, "maxX": 149.125, "maxY": 464.25}, "class_id": 0, "box_caption": "person 0.002", "scores": {"class_score": 0.0024929046630859375}, "domain": "pixel"}, {"position": {"minX": 119.875, "minY": 233.375, "maxX": 140.375, "maxY": 282.5}, "class_id": 0, "box_caption": "person 0.002", "scores": {"class_score": 0.002452850341796875}, "domain": "pixel"}, {"position": {"minX": 496.25, "minY": 16.453125, "maxX": 556.0, "maxY": 72.3125}, "class_id": 0, "box_caption": "person 0.002", "scores": {"class_score": 0.002452850341796875}, "domain": "pixel"}, {"position": {"minX": 253.875, "minY": 95.375, "maxX": 298.5, "maxY": 213.875}, "class_id": 0, "box_caption": "person 0.002", "scores": {"class_score": 0.00243377685546875}, "domain": "pixel"}, {"position": {"minX": 413.5, "minY": 306.5, "maxX": 430.5, "maxY": 362.5}, "class_id": 0, "box_caption": "person 0.002", "scores": {"class_score": 0.00243377685546875}, "domain": "pixel"}, {"position": {"minX": 319.25, "minY": 238.375, "maxX": 353.75, "maxY": 321.75}, "class_id": 0, "box_caption": "person 0.002", "scores": {"class_score": 0.002414703369140625}, "domain": "pixel"}, {"position": {"minX": 1.65625, "minY": 323.25, "maxX": 122.625, "maxY": 519.0}, "class_id": 0, "box_caption": "person 0.002", "scores": {"class_score": 0.0024051666259765625}, "domain": "pixel"}, {"position": {"minX": 527.0, "minY": 403.0, "maxX": 559.0, "maxY": 502.5}, "class_id": 0, "box_caption": "person 0.002", "scores": {"class_score": 0.0023975372314453125}, "domain": "pixel"}, {"position": {"minX": 178.75, "minY": 172.125, "maxX": 256.25, "maxY": 349.0}, "class_id": 0, "box_caption": "person 0.002", "scores": {"class_score": 0.0023975372314453125}, "domain": "pixel"}, {"position": {"minX": 432.5, "minY": 237.875, "maxX": 476.0, "maxY": 311.5}, "class_id": 0, "box_caption": "person 0.002", "scores": {"class_score": 0.0023784637451171875}, "domain": "pixel"}, {"position": {"minX": 389.5, "minY": 32.0, "maxX": 469.0, "maxY": 239.75}, "class_id": 0, "box_caption": "person 0.002", "scores": {"class_score": 0.0023593902587890625}, "domain": "pixel"}, {"position": {"minX": 445.5, "minY": 462.75, "maxX": 519.0, "maxY": 571.0}, "class_id": 0, "box_caption": "person 0.002", "scores": {"class_score": 0.00234222412109375}, "domain": "pixel"}, {"position": {"minX": 111.4375, "minY": 102.5, "maxX": 154.75, "maxY": 204.0}, "class_id": 0, "box_caption": "person 0.002", "scores": {"class_score": 0.0023326873779296875}, "domain": "pixel"}, {"position": {"minX": 78.4375, "minY": 73.5, "maxX": 219.5, "maxY": 282.0}, "class_id": 0, "box_caption": "person 0.002", "scores": {"class_score": 0.002323150634765625}, "domain": "pixel"}, {"position": {"minX": 101.5625, "minY": 279.25, "maxX": 114.8125, "maxY": 313.25}, "class_id": 0, "box_caption": "person 0.002", "scores": {"class_score": 0.0023059844970703125}, "domain": "pixel"}, {"position": {"minX": 9.25, "minY": 248.625, "maxX": 47.0625, "maxY": 307.0}, "class_id": 0, "box_caption": "person 0.002", "scores": {"class_score": 0.0023059844970703125}, "domain": "pixel"}, {"position": {"minX": 163.375, "minY": 147.5, "maxX": 183.625, "maxY": 195.5}, "class_id": 0, "box_caption": "person 0.002", "scores": {"class_score": 0.0022869110107421875}, "domain": "pixel"}, {"position": {"minX": 180.125, "minY": 365.0, "maxX": 216.625, "maxY": 485.0}, "class_id": 0, "box_caption": "person 0.002", "scores": {"class_score": 0.0022869110107421875}, "domain": "pixel"}, {"position": {"minX": 441.75, "minY": 252.75, "maxX": 485.25, "maxY": 344.25}, "class_id": 0, "box_caption": "person 0.002", "scores": {"class_score": 0.0022869110107421875}, "domain": "pixel"}, {"position": {"minX": 61.59375, "minY": 399.0, "maxX": 143.125, "maxY": 491.5}, "class_id": 0, "box_caption": "person 0.002", "scores": {"class_score": 0.0022792816162109375}, "domain": "pixel"}, {"position": {"minX": 593.5, "minY": 97.5, "maxX": 663.5, "maxY": 375.0}, "class_id": 0, "box_caption": "person 0.002", "scores": {"class_score": 0.0022525787353515625}, "domain": "pixel"}, {"position": {"minX": 10.734375, "minY": 245.0, "maxX": 50.8125, "maxY": 409.0}, "class_id": 0, "box_caption": "person 0.002", "scores": {"class_score": 0.002216339111328125}, "domain": "pixel"}, {"position": {"minX": 121.5, "minY": 210.25, "maxX": 147.0, "maxY": 282.25}, "class_id": 0, "box_caption": "person 0.002", "scores": {"class_score": 0.0021991729736328125}, "domain": "pixel"}, {"position": {"minX": 243.375, "minY": 143.125, "maxX": 282.75, "maxY": 257.0}, "class_id": 0, "box_caption": "person 0.002", "scores": {"class_score": 0.0021820068359375}, "domain": "pixel"}, {"position": {"minX": 14.421875, "minY": 314.5, "maxX": 71.1875, "maxY": 470.5}, "class_id": 0, "box_caption": "person 0.002", "scores": {"class_score": 0.0021820068359375}, "domain": "pixel"}, {"position": {"minX": 422.25, "minY": 187.0, "maxX": 489.75, "maxY": 365.0}, "class_id": 0, "box_caption": "person 0.002", "scores": {"class_score": 0.00217437744140625}, "domain": "pixel"}, {"position": {"minX": 100.75, "minY": 15.1875, "maxX": 150.75, "maxY": 158.0}, "class_id": 0, "box_caption": "person 0.002", "scores": {"class_score": 0.002124786376953125}, "domain": "pixel"}, {"position": {"minX": 29.90625, "minY": 201.0, "maxX": 77.5, "maxY": 291.5}, "class_id": 0, "box_caption": "person 0.002", "scores": {"class_score": 0.0021152496337890625}, "domain": "pixel"}, {"position": {"minX": 163.0, "minY": 354.5, "maxX": 235.0, "maxY": 558.5}, "class_id": 0, "box_caption": "person 0.002", "scores": {"class_score": 0.0021152496337890625}, "domain": "pixel"}, {"position": {"minX": 531.0, "minY": 11.375, "maxX": 671.0, "maxY": 162.875}, "class_id": 0, "box_caption": "person 0.002", "scores": {"class_score": 0.0020999908447265625}, "domain": "pixel"}, {"position": {"minX": 487.75, "minY": 422.5, "maxX": 563.0, "maxY": 554.0}, "class_id": 0, "box_caption": "person 0.002", "scores": {"class_score": 0.00208282470703125}, "domain": "pixel"}, {"position": {"minX": 115.0625, "minY": 13.3125, "maxX": 161.5, "maxY": 81.1875}, "class_id": 0, "box_caption": "person 0.002", "scores": {"class_score": 0.0020751953125}, "domain": "pixel"}, {"position": {"minX": 29.75, "minY": 333.75, "maxX": 235.75, "maxY": 517.5}, "class_id": 0, "box_caption": "person 0.002", "scores": {"class_score": 0.00206756591796875}, "domain": "pixel"}, {"position": {"minX": 462.0, "minY": 312.25, "maxX": 481.0, "maxY": 346.25}, "class_id": 0, "box_caption": "person 0.002", "scores": {"class_score": 0.0020503997802734375}, "domain": "pixel"}, {"position": {"minX": 496.5, "minY": 7.578125, "maxX": 573.5, "maxY": 60.8125}, "class_id": 0, "box_caption": "person 0.002", "scores": {"class_score": 0.0020351409912109375}, "domain": "pixel"}, {"position": {"minX": 13.65625, "minY": 481.5, "maxX": 92.25, "maxY": 655.5}, "class_id": 0, "box_caption": "person 0.002", "scores": {"class_score": 0.0020351409912109375}, "domain": "pixel"}, {"position": {"minX": 377.75, "minY": 130.25, "maxX": 395.25, "maxY": 186.25}, "class_id": 0, "box_caption": "person 0.002", "scores": {"class_score": 0.001995086669921875}, "domain": "pixel"}, {"position": {"minX": 270.0, "minY": 127.875, "maxX": 321.0, "maxY": 236.125}, "class_id": 0, "box_caption": "person 0.002", "scores": {"class_score": 0.001987457275390625}, "domain": "pixel"}, {"position": {"minX": 175.75, "minY": 449.75, "maxX": 199.0, "maxY": 498.25}, "class_id": 0, "box_caption": "person 0.002", "scores": {"class_score": 0.001972198486328125}, "domain": "pixel"}, {"position": {"minX": 373.25, "minY": 17.21875, "maxX": 418.25, "maxY": 93.75}, "class_id": 0, "box_caption": "person 0.002", "scores": {"class_score": 0.001956939697265625}, "domain": "pixel"}, {"position": {"minX": 406.0, "minY": 81.9375, "maxX": 470.5, "maxY": 327.25}, "class_id": 0, "box_caption": "person 0.002", "scores": {"class_score": 0.001956939697265625}, "domain": "pixel"}, {"position": {"minX": 277.75, "minY": 128.5, "maxX": 307.75, "maxY": 217.5}, "class_id": 0, "box_caption": "person 0.002", "scores": {"class_score": 0.001941680908203125}, "domain": "pixel"}, {"position": {"minX": 17.375, "minY": 473.0, "maxX": 138.375, "maxY": 659.0}, "class_id": 0, "box_caption": "person 0.002", "scores": {"class_score": 0.001918792724609375}, "domain": "pixel"}, {"position": {"minX": 103.4375, "minY": 182.75, "maxX": 136.75, "maxY": 295.25}, "class_id": 0, "box_caption": "person 0.002", "scores": {"class_score": 0.0019121170043945312}, "domain": "pixel"}, {"position": {"minX": 405.0, "minY": 181.375, "maxX": 472.0, "maxY": 413.5}, "class_id": 0, "box_caption": "person 0.002", "scores": {"class_score": 0.0019121170043945312}, "domain": "pixel"}, {"position": {"minX": 192.875, "minY": 48.5625, "maxX": 274.0, "maxY": 230.5}, "class_id": 0, "box_caption": "person 0.002", "scores": {"class_score": 0.0019044876098632812}, "domain": "pixel"}, {"position": {"minX": 119.25, "minY": 189.75, "maxX": 149.5, "maxY": 292.25}, "class_id": 0, "box_caption": "person 0.002", "scores": {"class_score": 0.0018892288208007812}, "domain": "pixel"}, {"position": {"minX": 412.5, "minY": 69.5, "maxX": 507.5, "maxY": 332.0}, "class_id": 0, "box_caption": "person 0.002", "scores": {"class_score": 0.0018825531005859375}, "domain": "pixel"}, {"position": {"minX": 122.0, "minY": 150.0, "maxX": 231.25, "maxY": 382.0}, "class_id": 0, "box_caption": "person 0.002", "scores": {"class_score": 0.0018529891967773438}, "domain": "pixel"}, {"position": {"minX": 489.5, "minY": 316.0, "maxX": 523.5, "maxY": 470.5}, "class_id": 0, "box_caption": "person 0.002", "scores": {"class_score": 0.0018463134765625}, "domain": "pixel"}, {"position": {"minX": 86.625, "minY": 209.5, "maxX": 135.75, "maxY": 368.0}, "class_id": 0, "box_caption": "person 0.002", "scores": {"class_score": 0.00183868408203125}, "domain": "pixel"}, {"position": {"minX": 315.75, "minY": 210.375, "maxX": 416.25, "maxY": 529.0}, "class_id": 0, "box_caption": "person 0.002", "scores": {"class_score": 0.00183868408203125}, "domain": "pixel"}, {"position": {"minX": 168.875, "minY": 432.0, "maxX": 206.375, "maxY": 517.0}, "class_id": 0, "box_caption": "person 0.002", "scores": {"class_score": 0.0018310546875}, "domain": "pixel"}, {"position": {"minX": 329.5, "minY": 27.5, "maxX": 390.5, "maxY": 205.5}, "class_id": 0, "box_caption": "person 0.002", "scores": {"class_score": 0.0018310546875}, "domain": "pixel"}, {"position": {"minX": 261.25, "minY": 140.625, "maxX": 308.25, "maxY": 259.0}, "class_id": 0, "box_caption": "person 0.002", "scores": {"class_score": 0.0018243789672851562}, "domain": "pixel"}, {"position": {"minX": 413.0, "minY": 190.25, "maxX": 458.0, "maxY": 312.0}, "class_id": 0, "box_caption": "person 0.002", "scores": {"class_score": 0.0018243789672851562}, "domain": "pixel"}], "class_labels": {"0": "person"}}