{"box_data": [{"position": {"minX": 186.5, "minY": 348.0, "maxX": 281.5, "maxY": 576.5}, "class_id": 0, "box_caption": "person 0.331", "scores": {"class_score": 0.3310546875}, "domain": "pixel"}, {"position": {"minX": 210.875, "minY": 353.75, "maxX": 283.5, "maxY": 526.0}, "class_id": 0, "box_caption": "person 0.126", "scores": {"class_score": 0.1259765625}, "domain": "pixel"}, {"position": {"minX": 195.5, "minY": 356.0, "maxX": 317.5, "maxY": 637.0}, "class_id": 0, "box_caption": "person 0.126", "scores": {"class_score": 0.125732421875}, "domain": "pixel"}, {"position": {"minX": 199.5, "minY": 347.0, "maxX": 265.0, "maxY": 508.0}, "class_id": 0, "box_caption": "person 0.122", "scores": {"class_score": 0.12213134765625}, "domain": "pixel"}, {"position": {"minX": 186.75, "minY": 348.75, "maxX": 253.75, "maxY": 537.0}, "class_id": 0, "box_caption": "person 0.116", "scores": {"class_score": 0.11553955078125}, "domain": "pixel"}, {"position": {"minX": 204.75, "minY": 360.25, "maxX": 302.25, "maxY": 562.0}, "class_id": 0, "box_caption": "person 0.108", "scores": {"class_score": 0.10797119140625}, "domain": "pixel"}, {"position": {"minX": 176.125, "minY": 362.75, "maxX": 259.25, "maxY": 612.5}, "class_id": 0, "box_caption": "person 0.107", "scores": {"class_score": 0.107421875}, "domain": "pixel"}, {"position": {"minX": 507.0, "minY": 408.0, "maxX": 595.0, "maxY": 599.0}, "class_id": 0, "box_caption": "person 0.107", "scores": {"class_score": 0.10687255859375}, "domain": "pixel"}, {"position": {"minX": 502.5, "minY": 445.5, "maxX": 571.5, "maxY": 602.5}, "class_id": 0, "box_caption": "person 0.084", "scores": {"class_score": 0.0838623046875}, "domain": "pixel"}, {"position": {"minX": 292.25, "minY": 632.5, "maxX": 302.25, "maxY": 653.5}, "class_id": 0, "box_caption": "person 0.072", "scores": {"class_score": 0.07159423828125}, "domain": "pixel"}, {"position": {"minX": 504.5, "minY": 477.5, "maxX": 540.5, "maxY": 569.5}, "class_id": 0, "box_caption": "person 0.059", "scores": {"class_score": 0.059417724609375}, "domain": "pixel"}, {"position": {"minX": 178.25, "minY": 371.5, "maxX": 237.0, "maxY": 571.5}, "class_id": 0, "box_caption": "person 0.053", "scores": {"class_score": 0.052703857421875}, "domain": "pixel"}, {"position": {"minX": 520.5, "minY": 391.75, "maxX": 587.5, "maxY": 556.5}, "class_id": 0, "box_caption": "person 0.048", "scores": {"class_score": 0.04803466796875}, "domain": "pixel"}, {"position": {"minX": 302.0, "minY": 540.5, "maxX": 351.5, "maxY": 629.5}, "class_id": 0, "box_caption": "person 0.048", "scores": {"class_score": 0.047607421875}, "domain": "pixel"}, {"position": {"minX": 229.0, "minY": 368.75, "maxX": 290.0, "maxY": 513.0}, "class_id": 0, "box_caption": "person 0.042", "scores": {"class_score": 0.042022705078125}, "domain": "pixel"}, {"position": {"minX": 358.0, "minY": 541.5, "maxX": 398.5, "maxY": 621.5}, "class_id": 0, "box_caption": "person 0.036", "scores": {"class_score": 0.03607177734375}, "domain": "pixel"}, {"position": {"minX": 272.0, "minY": 395.5, "maxX": 337.5, "maxY": 519.0}, "class_id": 0, "box_caption": "person 0.036", "scores": {"class_score": 0.035552978515625}, "domain": "pixel"}, {"position": {"minX": 463.0, "minY": 351.0, "maxX": 493.0, "maxY": 433.0}, "class_id": 0, "box_caption": "person 0.032", "scores": {"class_score": 0.0318603515625}, "domain": "pixel"}, {"position": {"minX": 303.0, "minY": 389.25, "maxX": 350.5, "maxY": 492.25}, "class_id": 0, "box_caption": "person 0.030", "scores": {"class_score": 0.029876708984375}, "domain": "pixel"}, {"position": {"minX": 515.0, "minY": 207.375, "maxX": 577.0, "maxY": 468.5}, "class_id": 0, "box_caption": "person 0.030", "scores": {"class_score": 0.029876708984375}, "domain": "pixel"}, {"position": {"minX": 521.0, "minY": 416.0, "maxX": 643.0, "maxY": 629.0}, "class_id": 0, "box_caption": "person 0.029", "scores": {"class_score": 0.02886962890625}, "domain": "pixel"}, {"position": {"minX": 182.0, "minY": 415.0, "maxX": 279.5, "maxY": 659.0}, "class_id": 0, "box_caption": "person 0.028", "scores": {"class_score": 0.027801513671875}, "domain": "pixel"}, {"position": {"minX": 238.75, "minY": 373.25, "maxX": 351.75, "maxY": 620.5}, "class_id": 0, "box_caption": "person 0.027", "scores": {"class_score": 0.02691650390625}, "domain": "pixel"}, {"position": {"minX": 220.75, "minY": 348.5, "maxX": 268.75, "maxY": 473.5}, "class_id": 0, "box_caption": "person 0.025", "scores": {"class_score": 0.0252227783203125}, "domain": "pixel"}, {"position": {"minX": 541.5, "minY": 399.75, "maxX": 574.5, "maxY": 482.25}, "class_id": 0, "box_caption": "person 0.025", "scores": {"class_score": 0.0251312255859375}, "domain": "pixel"}, {"position": {"minX": 502.75, "minY": 450.75, "maxX": 607.0, "maxY": 641.0}, "class_id": 0, "box_caption": "person 0.024", "scores": {"class_score": 0.0244293212890625}, "domain": "pixel"}, {"position": {"minX": 549.0, "minY": 409.5, "maxX": 576.0, "maxY": 472.5}, "class_id": 0, "box_caption": "person 0.024", "scores": {"class_score": 0.024383544921875}, "domain": "pixel"}, {"position": {"minX": 361.5, "minY": 544.0, "maxX": 393.5, "maxY": 603.0}, "class_id": 0, "box_caption": "person 0.023", "scores": {"class_score": 0.02337646484375}, "domain": "pixel"}, {"position": {"minX": 288.0, "minY": 406.25, "maxX": 338.5, "maxY": 501.75}, "class_id": 0, "box_caption": "person 0.022", "scores": {"class_score": 0.0222015380859375}, "domain": "pixel"}, {"position": {"minX": 336.25, "minY": 540.5, "maxX": 395.75, "maxY": 633.5}, "class_id": 0, "box_caption": "person 0.021", "scores": {"class_score": 0.0208892822265625}, "domain": "pixel"}, {"position": {"minX": 531.0, "minY": 362.75, "maxX": 578.0, "maxY": 509.25}, "class_id": 0, "box_caption": "person 0.021", "scores": {"class_score": 0.020843505859375}, "domain": "pixel"}, {"position": {"minX": 275.25, "minY": 503.75, "maxX": 355.25, "maxY": 630.0}, "class_id": 0, "box_caption": "person 0.020", "scores": {"class_score": 0.0197906494140625}, "domain": "pixel"}, {"position": {"minX": 528.5, "minY": 362.25, "maxX": 552.5, "maxY": 430.75}, "class_id": 0, "box_caption": "person 0.020", "scores": {"class_score": 0.019561767578125}, "domain": "pixel"}, {"position": {"minX": 28.6875, "minY": 536.5, "maxX": 135.5, "maxY": 653.5}, "class_id": 0, "box_caption": "person 0.019", "scores": {"class_score": 0.0188751220703125}, "domain": "pixel"}, {"position": {"minX": 471.0, "minY": 369.5, "maxX": 493.5, "maxY": 425.5}, "class_id": 0, "box_caption": "person 0.018", "scores": {"class_score": 0.018341064453125}, "domain": "pixel"}, {"position": {"minX": 478.0, "minY": 481.25, "maxX": 540.0, "maxY": 581.0}, "class_id": 0, "box_caption": "person 0.018", "scores": {"class_score": 0.018341064453125}, "domain": "pixel"}, {"position": {"minX": 489.5, "minY": 164.625, "maxX": 580.5, "maxY": 456.5}, "class_id": 0, "box_caption": "person 0.018", "scores": {"class_score": 0.018341064453125}, "domain": "pixel"}, {"position": {"minX": 182.25, "minY": 421.5, "maxX": 246.5, "maxY": 621.5}, "class_id": 0, "box_caption": "person 0.017", "scores": {"class_score": 0.017303466796875}, "domain": "pixel"}, {"position": {"minX": 526.0, "minY": 424.75, "maxX": 604.0, "maxY": 576.0}, "class_id": 0, "box_caption": "person 0.017", "scores": {"class_score": 0.0169219970703125}, "domain": "pixel"}, {"position": {"minX": 154.5, "minY": 347.5, "maxX": 243.5, "maxY": 590.0}, "class_id": 0, "box_caption": "person 0.017", "scores": {"class_score": 0.016845703125}, "domain": "pixel"}, {"position": {"minX": 518.5, "minY": 274.5, "maxX": 581.5, "maxY": 525.5}, "class_id": 0, "box_caption": "person 0.017", "scores": {"class_score": 0.0165863037109375}, "domain": "pixel"}, {"position": {"minX": 179.75, "minY": 417.5, "maxX": 228.0, "maxY": 590.5}, "class_id": 0, "box_caption": "person 0.016", "scores": {"class_score": 0.015777587890625}, "domain": "pixel"}, {"position": {"minX": 524.0, "minY": 288.5, "maxX": 572.0, "maxY": 465.0}, "class_id": 0, "box_caption": "person 0.015", "scores": {"class_score": 0.01507568359375}, "domain": "pixel"}, {"position": {"minX": 641.0, "minY": 306.25, "maxX": 658.0, "maxY": 372.25}, "class_id": 0, "box_caption": "person 0.015", "scores": {"class_score": 0.014617919921875}, "domain": "pixel"}, {"position": {"minX": 426.25, "minY": 503.5, "maxX": 460.25, "maxY": 574.5}, "class_id": 0, "box_caption": "person 0.014", "scores": {"class_score": 0.0141754150390625}, "domain": "pixel"}, {"position": {"minX": 244.625, "minY": 389.75, "maxX": 307.0, "maxY": 520.5}, "class_id": 0, "box_caption": "person 0.014", "scores": {"class_score": 0.0141143798828125}, "domain": "pixel"}, {"position": {"minX": 620.5, "minY": 29.625, "maxX": 666.5, "maxY": 197.125}, "class_id": 0, "box_caption": "person 0.014", "scores": {"class_score": 0.01395416259765625}, "domain": "pixel"}, {"position": {"minX": 498.75, "minY": 485.25, "maxX": 530.5, "maxY": 559.5}, "class_id": 0, "box_caption": "person 0.014", "scores": {"class_score": 0.0135345458984375}, "domain": "pixel"}, {"position": {"minX": 314.75, "minY": 539.5, "maxX": 364.75, "maxY": 610.5}, "class_id": 0, "box_caption": "person 0.013", "scores": {"class_score": 0.01332855224609375}, "domain": "pixel"}, {"position": {"minX": 201.75, "minY": 351.5, "maxX": 244.25, "maxY": 474.0}, "class_id": 0, "box_caption": "person 0.013", "scores": {"class_score": 0.01306915283203125}, "domain": "pixel"}, {"position": {"minX": 435.0, "minY": 505.25, "maxX": 469.5, "maxY": 567.5}, "class_id": 0, "box_caption": "person 0.013", "scores": {"class_score": 0.012969970703125}, "domain": "pixel"}, {"position": {"minX": 209.375, "minY": 355.5, "maxX": 257.25, "maxY": 440.5}, "class_id": 0, "box_caption": "person 0.013", "scores": {"class_score": 0.0125274658203125}, "domain": "pixel"}, {"position": {"minX": 139.125, "minY": 390.5, "maxX": 250.375, "maxY": 647.5}, "class_id": 0, "box_caption": "person 0.012", "scores": {"class_score": 0.01233673095703125}, "domain": "pixel"}, {"position": {"minX": 510.5, "minY": 253.0, "maxX": 567.5, "maxY": 436.5}, "class_id": 0, "box_caption": "person 0.012", "scores": {"class_score": 0.01214599609375}, "domain": "pixel"}, {"position": {"minX": 418.25, "minY": 296.0, "maxX": 436.75, "maxY": 335.0}, "class_id": 0, "box_caption": "person 0.012", "scores": {"class_score": 0.0120086669921875}, "domain": "pixel"}, {"position": {"minX": 498.75, "minY": 556.0, "maxX": 508.25, "maxY": 584.0}, "class_id": 0, "box_caption": "person 0.012", "scores": {"class_score": 0.011962890625}, "domain": "pixel"}, {"position": {"minX": 287.5, "minY": 531.0, "maxX": 347.5, "maxY": 619.0}, "class_id": 0, "box_caption": "person 0.012", "scores": {"class_score": 0.0115966796875}, "domain": "pixel"}, {"position": {"minX": 292.5, "minY": 631.0, "maxX": 306.0, "maxY": 659.0}, "class_id": 0, "box_caption": "person 0.012", "scores": {"class_score": 0.011505126953125}, "domain": "pixel"}, {"position": {"minX": 640.5, "minY": 282.0, "maxX": 659.5, "maxY": 387.0}, "class_id": 0, "box_caption": "person 0.011", "scores": {"class_score": 0.01142120361328125}, "domain": "pixel"}, {"position": {"minX": 273.25, "minY": 410.75, "maxX": 323.25, "maxY": 503.25}, "class_id": 0, "box_caption": "person 0.011", "scores": {"class_score": 0.01142120361328125}, "domain": "pixel"}, {"position": {"minX": 502.0, "minY": 451.25, "maxX": 549.0, "maxY": 571.5}, "class_id": 0, "box_caption": "person 0.011", "scores": {"class_score": 0.01111602783203125}, "domain": "pixel"}, {"position": {"minX": 188.25, "minY": 337.5, "maxX": 291.5, "maxY": 501.5}, "class_id": 0, "box_caption": "person 0.011", "scores": {"class_score": 0.0110321044921875}, "domain": "pixel"}, {"position": {"minX": 557.0, "minY": 420.0, "maxX": 577.0, "maxY": 471.5}, "class_id": 0, "box_caption": "person 0.011", "scores": {"class_score": 0.0106964111328125}, "domain": "pixel"}, {"position": {"minX": 465.5, "minY": 606.0, "maxX": 511.5, "maxY": 655.0}, "class_id": 0, "box_caption": "person 0.011", "scores": {"class_score": 0.01056671142578125}, "domain": "pixel"}, {"position": {"minX": 528.0, "minY": 343.5, "maxX": 555.0, "maxY": 446.0}, "class_id": 0, "box_caption": "person 0.010", "scores": {"class_score": 0.0103302001953125}, "domain": "pixel"}, {"position": {"minX": 533.5, "minY": 360.75, "maxX": 567.5, "maxY": 455.25}, "class_id": 0, "box_caption": "person 0.010", "scores": {"class_score": 0.0103302001953125}, "domain": "pixel"}, {"position": {"minX": 579.5, "minY": 377.0, "maxX": 658.5, "maxY": 621.5}, "class_id": 0, "box_caption": "person 0.010", "scores": {"class_score": 0.0102081298828125}, "domain": "pixel"}, {"position": {"minX": 318.5, "minY": 398.5, "maxX": 359.0, "maxY": 488.5}, "class_id": 0, "box_caption": "person 0.010", "scores": {"class_score": 0.01016998291015625}, "domain": "pixel"}, {"position": {"minX": 24.0, "minY": 543.0, "maxX": 96.8125, "maxY": 650.0}, "class_id": 0, "box_caption": "person 0.010", "scores": {"class_score": 0.0099334716796875}, "domain": "pixel"}, {"position": {"minX": 527.0, "minY": 366.5, "maxX": 634.0, "maxY": 584.5}, "class_id": 0, "box_caption": "person 0.010", "scores": {"class_score": 0.0099334716796875}, "domain": "pixel"}, {"position": {"minX": 480.5, "minY": 382.0, "maxX": 496.5, "maxY": 428.5}, "class_id": 0, "box_caption": "person 0.010", "scores": {"class_score": 0.009857177734375}, "domain": "pixel"}, {"position": {"minX": 226.875, "minY": 363.75, "maxX": 261.25, "maxY": 443.25}, "class_id": 0, "box_caption": "person 0.010", "scores": {"class_score": 0.00971221923828125}, "domain": "pixel"}, {"position": {"minX": 592.5, "minY": 277.5, "maxX": 667.5, "maxY": 587.0}, "class_id": 0, "box_caption": "person 0.010", "scores": {"class_score": 0.0095977783203125}, "domain": "pixel"}, {"position": {"minX": 636.5, "minY": 256.75, "maxX": 661.5, "maxY": 407.75}, "class_id": 0, "box_caption": "person 0.009", "scores": {"class_score": 0.00945281982421875}, "domain": "pixel"}, {"position": {"minX": 359.0, "minY": 526.5, "maxX": 415.0, "maxY": 611.5}, "class_id": 0, "box_caption": "person 0.009", "scores": {"class_score": 0.0094146728515625}, "domain": "pixel"}, {"position": {"minX": 441.0, "minY": 505.75, "maxX": 468.5, "maxY": 552.5}, "class_id": 0, "box_caption": "person 0.009", "scores": {"class_score": 0.00933837890625}, "domain": "pixel"}, {"position": {"minX": 198.875, "minY": 389.0, "maxX": 263.75, "maxY": 553.5}, "class_id": 0, "box_caption": "person 0.009", "scores": {"class_score": 0.00933837890625}, "domain": "pixel"}, {"position": {"minX": 521.0, "minY": 465.0, "maxX": 579.0, "maxY": 600.0}, "class_id": 0, "box_caption": "person 0.009", "scores": {"class_score": 0.00933837890625}, "domain": "pixel"}, {"position": {"minX": 294.75, "minY": 553.0, "maxX": 339.25, "maxY": 638.0}, "class_id": 0, "box_caption": "person 0.009", "scores": {"class_score": 0.00919342041015625}, "domain": "pixel"}, {"position": {"minX": 206.5, "minY": 357.25, "maxX": 249.0, "maxY": 419.25}, "class_id": 0, "box_caption": "person 0.009", "scores": {"class_score": 0.009124755859375}, "domain": "pixel"}, {"position": {"minX": 470.0, "minY": 487.5, "maxX": 495.0, "maxY": 551.5}, "class_id": 0, "box_caption": "person 0.009", "scores": {"class_score": 0.008575439453125}, "domain": "pixel"}, {"position": {"minX": 460.25, "minY": 323.0, "maxX": 484.75, "maxY": 408.5}, "class_id": 0, "box_caption": "person 0.008", "scores": {"class_score": 0.00844573974609375}, "domain": "pixel"}, {"position": {"minX": 338.75, "minY": 544.5, "maxX": 386.75, "maxY": 602.5}, "class_id": 0, "box_caption": "person 0.008", "scores": {"class_score": 0.0083770751953125}, "domain": "pixel"}, {"position": {"minX": 467.0, "minY": 120.125, "maxX": 528.0, "maxY": 305.0}, "class_id": 0, "box_caption": "person 0.008", "scores": {"class_score": 0.0082550048828125}, "domain": "pixel"}, {"position": {"minX": 424.75, "minY": 283.25, "maxX": 444.25, "maxY": 333.75}, "class_id": 0, "box_caption": "person 0.008", "scores": {"class_score": 0.00821685791015625}, "domain": "pixel"}, {"position": {"minX": 201.625, "minY": 394.5, "maxX": 291.0, "maxY": 614.5}, "class_id": 0, "box_caption": "person 0.008", "scores": {"class_score": 0.00818634033203125}, "domain": "pixel"}, {"position": {"minX": 447.0, "minY": 313.5, "maxX": 490.0, "maxY": 435.0}, "class_id": 0, "box_caption": "person 0.008", "scores": {"class_score": 0.00815582275390625}, "domain": "pixel"}, {"position": {"minX": 281.25, "minY": 438.75, "maxX": 373.75, "maxY": 628.0}, "class_id": 0, "box_caption": "person 0.008", "scores": {"class_score": 0.00803375244140625}, "domain": "pixel"}, {"position": {"minX": 47.96875, "minY": 566.0, "maxX": 167.75, "maxY": 653.0}, "class_id": 0, "box_caption": "person 0.008", "scores": {"class_score": 0.007965087890625}, "domain": "pixel"}, {"position": {"minX": 457.5, "minY": 601.0, "maxX": 493.5, "maxY": 648.0}, "class_id": 0, "box_caption": "person 0.008", "scores": {"class_score": 0.007904052734375}, "domain": "pixel"}, {"position": {"minX": 24.90625, "minY": 582.0, "maxX": 94.75, "maxY": 654.0}, "class_id": 0, "box_caption": "person 0.008", "scores": {"class_score": 0.007724761962890625}, "domain": "pixel"}, {"position": {"minX": 157.875, "minY": 393.0, "maxX": 225.625, "maxY": 609.0}, "class_id": 0, "box_caption": "person 0.008", "scores": {"class_score": 0.007694244384765625}, "domain": "pixel"}, {"position": {"minX": 450.5, "minY": 501.5, "maxX": 486.0, "maxY": 571.5}, "class_id": 0, "box_caption": "person 0.007", "scores": {"class_score": 0.0074615478515625}, "domain": "pixel"}, {"position": {"minX": 466.25, "minY": 489.5, "maxX": 543.5, "maxY": 611.5}, "class_id": 0, "box_caption": "person 0.007", "scores": {"class_score": 0.007404327392578125}, "domain": "pixel"}, {"position": {"minX": 523.5, "minY": 311.5, "maxX": 560.5, "maxY": 446.0}, "class_id": 0, "box_caption": "person 0.007", "scores": {"class_score": 0.007373809814453125}, "domain": "pixel"}, {"position": {"minX": 473.5, "minY": 375.5, "maxX": 491.0, "maxY": 418.5}, "class_id": 0, "box_caption": "person 0.007", "scores": {"class_score": 0.00731658935546875}, "domain": "pixel"}, {"position": {"minX": 497.75, "minY": 204.625, "maxX": 610.0, "maxY": 527.5}, "class_id": 0, "box_caption": "person 0.007", "scores": {"class_score": 0.007205963134765625}, "domain": "pixel"}, {"position": {"minX": 525.5, "minY": 370.5, "maxX": 546.5, "maxY": 436.0}, "class_id": 0, "box_caption": "person 0.007", "scores": {"class_score": 0.007122039794921875}, "domain": "pixel"}, {"position": {"minX": 484.5, "minY": 479.75, "maxX": 500.5, "maxY": 520.5}, "class_id": 0, "box_caption": "person 0.007", "scores": {"class_score": 0.00690460205078125}, "domain": "pixel"}, {"position": {"minX": 531.5, "minY": 354.25, "maxX": 560.5, "maxY": 435.25}, "class_id": 0, "box_caption": "person 0.007", "scores": {"class_score": 0.00690460205078125}, "domain": "pixel"}, {"position": {"minX": 496.5, "minY": 374.0, "maxX": 583.5, "maxY": 570.5}, "class_id": 0, "box_caption": "person 0.007", "scores": {"class_score": 0.006824493408203125}, "domain": "pixel"}, {"position": {"minX": 362.5, "minY": 208.375, "maxX": 429.0, "maxY": 472.5}, "class_id": 0, "box_caption": "person 0.007", "scores": {"class_score": 0.006824493408203125}, "domain": "pixel"}, {"position": {"minX": 456.25, "minY": 148.0, "maxX": 552.5, "maxY": 471.0}, "class_id": 0, "box_caption": "person 0.007", "scores": {"class_score": 0.00661468505859375}, "domain": "pixel"}, {"position": {"minX": 291.0, "minY": 630.0, "maxX": 300.5, "maxY": 651.0}, "class_id": 0, "box_caption": "person 0.007", "scores": {"class_score": 0.006587982177734375}, "domain": "pixel"}, {"position": {"minX": 521.5, "minY": 241.625, "maxX": 580.5, "maxY": 416.0}, "class_id": 0, "box_caption": "person 0.007", "scores": {"class_score": 0.00653839111328125}, "domain": "pixel"}, {"position": {"minX": 390.25, "minY": 11.09375, "maxX": 457.75, "maxY": 82.875}, "class_id": 0, "box_caption": "person 0.007", "scores": {"class_score": 0.00653839111328125}, "domain": "pixel"}, {"position": {"minX": 293.5, "minY": 638.5, "maxX": 302.5, "maxY": 657.5}, "class_id": 0, "box_caption": "person 0.006", "scores": {"class_score": 0.006439208984375}, "domain": "pixel"}, {"position": {"minX": 459.75, "minY": 315.75, "maxX": 481.75, "maxY": 384.25}, "class_id": 0, "box_caption": "person 0.006", "scores": {"class_score": 0.006439208984375}, "domain": "pixel"}, {"position": {"minX": 206.75, "minY": 350.25, "maxX": 239.25, "maxY": 439.25}, "class_id": 0, "box_caption": "person 0.006", "scores": {"class_score": 0.006439208984375}, "domain": "pixel"}, {"position": {"minX": 525.5, "minY": 188.125, "maxX": 588.5, "maxY": 404.0}, "class_id": 0, "box_caption": "person 0.006", "scores": {"class_score": 0.006412506103515625}, "domain": "pixel"}, {"position": {"minX": 477.5, "minY": 484.0, "maxX": 500.5, "maxY": 534.5}, "class_id": 0, "box_caption": "person 0.006", "scores": {"class_score": 0.006389617919921875}, "domain": "pixel"}, {"position": {"minX": 458.5, "minY": 493.75, "maxX": 489.5, "maxY": 555.5}, "class_id": 0, "box_caption": "person 0.006", "scores": {"class_score": 0.0063629150390625}, "domain": "pixel"}, {"position": {"minX": 624.5, "minY": 210.75, "maxX": 668.5, "maxY": 461.25}, "class_id": 0, "box_caption": "person 0.006", "scores": {"class_score": 0.00634002685546875}, "domain": "pixel"}, {"position": {"minX": 494.0, "minY": 479.75, "maxX": 546.0, "maxY": 610.5}, "class_id": 0, "box_caption": "person 0.006", "scores": {"class_score": 0.006313323974609375}, "domain": "pixel"}, {"position": {"minX": 611.5, "minY": 37.5625, "maxX": 668.5, "maxY": 250.0}, "class_id": 0, "box_caption": "person 0.006", "scores": {"class_score": 0.006313323974609375}, "domain": "pixel"}, {"position": {"minX": 475.75, "minY": 386.0, "maxX": 494.25, "maxY": 433.0}, "class_id": 0, "box_caption": "person 0.006", "scores": {"class_score": 0.006290435791015625}, "domain": "pixel"}, {"position": {"minX": 219.25, "minY": 458.0, "maxX": 322.75, "maxY": 641.0}, "class_id": 0, "box_caption": "person 0.006", "scores": {"class_score": 0.00626373291015625}, "domain": "pixel"}, {"position": {"minX": 430.0, "minY": 504.25, "maxX": 481.0, "maxY": 593.0}, "class_id": 0, "box_caption": "person 0.006", "scores": {"class_score": 0.0062408447265625}, "domain": "pixel"}, {"position": {"minX": 457.5, "minY": 364.75, "maxX": 483.0, "maxY": 429.25}, "class_id": 0, "box_caption": "person 0.006", "scores": {"class_score": 0.00621795654296875}, "domain": "pixel"}, {"position": {"minX": 302.75, "minY": 337.0, "maxX": 364.25, "maxY": 485.5}, "class_id": 0, "box_caption": "person 0.006", "scores": {"class_score": 0.006145477294921875}, "domain": "pixel"}, {"position": {"minX": 454.75, "minY": 276.75, "maxX": 519.0, "maxY": 468.75}, "class_id": 0, "box_caption": "person 0.006", "scores": {"class_score": 0.006122589111328125}, "domain": "pixel"}, {"position": {"minX": 28.890625, "minY": 208.875, "maxX": 35.71875, "maxY": 227.875}, "class_id": 0, "box_caption": "person 0.006", "scores": {"class_score": 0.006072998046875}, "domain": "pixel"}, {"position": {"minX": 414.0, "minY": 506.75, "maxX": 460.0, "maxY": 597.0}, "class_id": 0, "box_caption": "person 0.006", "scores": {"class_score": 0.00605010986328125}, "domain": "pixel"}, {"position": {"minX": 398.5, "minY": 17.9375, "maxX": 446.0, "maxY": 90.9375}, "class_id": 0, "box_caption": "person 0.006", "scores": {"class_score": 0.00595855712890625}, "domain": "pixel"}, {"position": {"minX": 311.75, "minY": 547.0, "maxX": 367.25, "maxY": 640.0}, "class_id": 0, "box_caption": "person 0.006", "scores": {"class_score": 0.0059356689453125}, "domain": "pixel"}, {"position": {"minX": 553.5, "minY": 423.75, "maxX": 572.5, "maxY": 465.25}, "class_id": 0, "box_caption": "person 0.006", "scores": {"class_score": 0.00591278076171875}, "domain": "pixel"}, {"position": {"minX": 618.0, "minY": 235.75, "maxX": 661.0, "maxY": 562.0}, "class_id": 0, "box_caption": "person 0.006", "scores": {"class_score": 0.00591278076171875}, "domain": "pixel"}, {"position": {"minX": 16.6875, "minY": 525.5, "maxX": 188.0, "maxY": 650.5}, "class_id": 0, "box_caption": "person 0.006", "scores": {"class_score": 0.00586700439453125}, "domain": "pixel"}, {"position": {"minX": 463.0, "minY": 306.0, "maxX": 507.5, "maxY": 438.0}, "class_id": 0, "box_caption": "person 0.006", "scores": {"class_score": 0.0058441162109375}, "domain": "pixel"}, {"position": {"minX": 77.375, "minY": 521.5, "maxX": 87.25, "maxY": 541.5}, "class_id": 0, "box_caption": "person 0.006", "scores": {"class_score": 0.0055999755859375}, "domain": "pixel"}, {"position": {"minX": 471.5, "minY": 226.875, "maxX": 591.5, "maxY": 500.0}, "class_id": 0, "box_caption": "person 0.006", "scores": {"class_score": 0.00557708740234375}, "domain": "pixel"}, {"position": {"minX": 170.125, "minY": 445.0, "maxX": 240.625, "maxY": 654.0}, "class_id": 0, "box_caption": "person 0.006", "scores": {"class_score": 0.005535125732421875}, "domain": "pixel"}, {"position": {"minX": 25.65625, "minY": 199.625, "maxX": 38.59375, "maxY": 232.125}, "class_id": 0, "box_caption": "person 0.006", "scores": {"class_score": 0.005512237548828125}, "domain": "pixel"}, {"position": {"minX": 228.0, "minY": 359.25, "maxX": 368.5, "maxY": 522.5}, "class_id": 0, "box_caption": "person 0.005", "scores": {"class_score": 0.0054473876953125}, "domain": "pixel"}, {"position": {"minX": 270.25, "minY": 521.5, "maxX": 391.25, "maxY": 647.5}, "class_id": 0, "box_caption": "person 0.005", "scores": {"class_score": 0.0054473876953125}, "domain": "pixel"}, {"position": {"minX": 26.9375, "minY": 203.75, "maxX": 34.0625, "maxY": 226.0}, "class_id": 0, "box_caption": "person 0.005", "scores": {"class_score": 0.005428314208984375}, "domain": "pixel"}, {"position": {"minX": 531.0, "minY": 231.5, "maxX": 590.0, "maxY": 457.5}, "class_id": 0, "box_caption": "person 0.005", "scores": {"class_score": 0.005428314208984375}, "domain": "pixel"}, {"position": {"minX": 240.5, "minY": 480.5, "maxX": 370.0, "maxY": 643.5}, "class_id": 0, "box_caption": "person 0.005", "scores": {"class_score": 0.005344390869140625}, "domain": "pixel"}, {"position": {"minX": 465.25, "minY": 140.125, "maxX": 537.0, "maxY": 399.5}, "class_id": 0, "box_caption": "person 0.005", "scores": {"class_score": 0.005321502685546875}, "domain": "pixel"}, {"position": {"minX": 183.5, "minY": 351.0, "maxX": 233.0, "maxY": 505.0}, "class_id": 0, "box_caption": "person 0.005", "scores": {"class_score": 0.00530242919921875}, "domain": "pixel"}, {"position": {"minX": 443.25, "minY": 603.5, "maxX": 505.75, "maxY": 652.5}, "class_id": 0, "box_caption": "person 0.005", "scores": {"class_score": 0.005279541015625}, "domain": "pixel"}, {"position": {"minX": 443.0, "minY": 503.75, "maxX": 462.0, "maxY": 545.0}, "class_id": 0, "box_caption": "person 0.005", "scores": {"class_score": 0.005260467529296875}, "domain": "pixel"}, {"position": {"minX": 477.75, "minY": 369.0, "maxX": 498.75, "maxY": 429.5}, "class_id": 0, "box_caption": "person 0.005", "scores": {"class_score": 0.005260467529296875}, "domain": "pixel"}, {"position": {"minX": 506.5, "minY": 476.5, "maxX": 531.5, "maxY": 546.5}, "class_id": 0, "box_caption": "person 0.005", "scores": {"class_score": 0.00524139404296875}, "domain": "pixel"}, {"position": {"minX": 478.25, "minY": 613.5, "maxX": 519.0, "maxY": 655.5}, "class_id": 0, "box_caption": "person 0.005", "scores": {"class_score": 0.00518035888671875}, "domain": "pixel"}, {"position": {"minX": 291.5, "minY": 514.5, "maxX": 362.5, "maxY": 604.5}, "class_id": 0, "box_caption": "person 0.005", "scores": {"class_score": 0.005161285400390625}, "domain": "pixel"}, {"position": {"minX": 445.5, "minY": 625.0, "maxX": 465.5, "maxY": 652.0}, "class_id": 0, "box_caption": "person 0.005", "scores": {"class_score": 0.005138397216796875}, "domain": "pixel"}, {"position": {"minX": 496.0, "minY": 541.0, "maxX": 508.0, "maxY": 590.0}, "class_id": 0, "box_caption": "person 0.005", "scores": {"class_score": 0.00490570068359375}, "domain": "pixel"}, {"position": {"minX": 287.0, "minY": 385.25, "maxX": 346.5, "maxY": 477.25}, "class_id": 0, "box_caption": "person 0.005", "scores": {"class_score": 0.00490570068359375}, "domain": "pixel"}, {"position": {"minX": 540.0, "minY": 212.125, "maxX": 583.0, "maxY": 379.5}, "class_id": 0, "box_caption": "person 0.005", "scores": {"class_score": 0.00490570068359375}, "domain": "pixel"}, {"position": {"minX": 465.75, "minY": 86.5, "maxX": 590.0, "maxY": 470.0}, "class_id": 0, "box_caption": "person 0.005", "scores": {"class_score": 0.00490570068359375}, "domain": "pixel"}, {"position": {"minX": 550.0, "minY": 371.5, "maxX": 574.0, "maxY": 446.0}, "class_id": 0, "box_caption": "person 0.005", "scores": {"class_score": 0.004886627197265625}, "domain": "pixel"}, {"position": {"minX": 195.5, "minY": 452.5, "maxX": 266.0, "maxY": 619.5}, "class_id": 0, "box_caption": "person 0.005", "scores": {"class_score": 0.004886627197265625}, "domain": "pixel"}, {"position": {"minX": 546.5, "minY": 354.5, "maxX": 579.5, "maxY": 464.0}, "class_id": 0, "box_caption": "person 0.005", "scores": {"class_score": 0.0048675537109375}, "domain": "pixel"}, {"position": {"minX": 628.5, "minY": 14.75, "maxX": 658.5, "maxY": 163.5}, "class_id": 0, "box_caption": "person 0.005", "scores": {"class_score": 0.00482940673828125}, "domain": "pixel"}, {"position": {"minX": 602.5, "minY": 6.0, "maxX": 673.5, "maxY": 344.0}, "class_id": 0, "box_caption": "person 0.005", "scores": {"class_score": 0.00482940673828125}, "domain": "pixel"}, {"position": {"minX": 196.75, "minY": 311.0, "maxX": 274.25, "maxY": 458.0}, "class_id": 0, "box_caption": "person 0.005", "scores": {"class_score": 0.004810333251953125}, "domain": "pixel"}, {"position": {"minX": 416.5, "minY": 281.5, "maxX": 441.0, "maxY": 336.5}, "class_id": 0, "box_caption": "person 0.005", "scores": {"class_score": 0.004756927490234375}, "domain": "pixel"}, {"position": {"minX": 168.875, "minY": 413.75, "maxX": 216.375, "maxY": 564.5}, "class_id": 0, "box_caption": "person 0.005", "scores": {"class_score": 0.004756927490234375}, "domain": "pixel"}, {"position": {"minX": 286.75, "minY": 632.0, "maxX": 308.25, "maxY": 657.0}, "class_id": 0, "box_caption": "person 0.005", "scores": {"class_score": 0.004718780517578125}, "domain": "pixel"}, {"position": {"minX": 206.25, "minY": 456.5, "maxX": 285.25, "maxY": 644.5}, "class_id": 0, "box_caption": "person 0.005", "scores": {"class_score": 0.004680633544921875}, "domain": "pixel"}, {"position": {"minX": 27.125, "minY": 489.5, "maxX": 146.125, "maxY": 645.5}, "class_id": 0, "box_caption": "person 0.005", "scores": {"class_score": 0.004665374755859375}, "domain": "pixel"}, {"position": {"minX": 463.75, "minY": 380.5, "maxX": 488.25, "maxY": 442.0}, "class_id": 0, "box_caption": "person 0.005", "scores": {"class_score": 0.00464630126953125}, "domain": "pixel"}, {"position": {"minX": 483.0, "minY": 385.0, "maxX": 503.0, "maxY": 428.5}, "class_id": 0, "box_caption": "person 0.005", "scores": {"class_score": 0.0045928955078125}, "domain": "pixel"}, {"position": {"minX": 494.75, "minY": 538.5, "maxX": 513.0, "maxY": 594.5}, "class_id": 0, "box_caption": "person 0.005", "scores": {"class_score": 0.00455474853515625}, "domain": "pixel"}, {"position": {"minX": 119.875, "minY": 341.75, "maxX": 274.0, "maxY": 604.0}, "class_id": 0, "box_caption": "person 0.005", "scores": {"class_score": 0.00455474853515625}, "domain": "pixel"}, {"position": {"minX": 357.0, "minY": 538.0, "maxX": 390.0, "maxY": 591.0}, "class_id": 0, "box_caption": "person 0.004", "scores": {"class_score": 0.004486083984375}, "domain": "pixel"}, {"position": {"minX": 384.5, "minY": 408.5, "maxX": 404.5, "maxY": 479.5}, "class_id": 0, "box_caption": "person 0.004", "scores": {"class_score": 0.004467010498046875}, "domain": "pixel"}, {"position": {"minX": 308.0, "minY": 535.5, "maxX": 353.5, "maxY": 594.5}, "class_id": 0, "box_caption": "person 0.004", "scores": {"class_score": 0.004467010498046875}, "domain": "pixel"}, {"position": {"minX": 334.75, "minY": 187.75, "maxX": 414.75, "maxY": 491.25}, "class_id": 0, "box_caption": "person 0.004", "scores": {"class_score": 0.004467010498046875}, "domain": "pixel"}, {"position": {"minX": 461.5, "minY": 229.0, "maxX": 539.0, "maxY": 449.0}, "class_id": 0, "box_caption": "person 0.004", "scores": {"class_score": 0.00441741943359375}, "domain": "pixel"}, {"position": {"minX": 388.0, "minY": 232.75, "maxX": 455.5, "maxY": 453.75}, "class_id": 0, "box_caption": "person 0.004", "scores": {"class_score": 0.004398345947265625}, "domain": "pixel"}, {"position": {"minX": 461.25, "minY": 452.5, "maxX": 547.5, "maxY": 571.0}, "class_id": 0, "box_caption": "person 0.004", "scores": {"class_score": 0.004398345947265625}, "domain": "pixel"}, {"position": {"minX": 537.5, "minY": 427.5, "maxX": 620.5, "maxY": 608.5}, "class_id": 0, "box_caption": "person 0.004", "scores": {"class_score": 0.004383087158203125}, "domain": "pixel"}, {"position": {"minX": 298.75, "minY": 416.0, "maxX": 348.75, "maxY": 511.5}, "class_id": 0, "box_caption": "person 0.004", "scores": {"class_score": 0.004299163818359375}, "domain": "pixel"}, {"position": {"minX": 443.75, "minY": 616.0, "maxX": 474.25, "maxY": 651.0}, "class_id": 0, "box_caption": "person 0.004", "scores": {"class_score": 0.00426483154296875}, "domain": "pixel"}, {"position": {"minX": 643.0, "minY": 316.75, "maxX": 656.0, "maxY": 361.75}, "class_id": 0, "box_caption": "person 0.004", "scores": {"class_score": 0.004230499267578125}, "domain": "pixel"}, {"position": {"minX": 532.0, "minY": 381.25, "maxX": 548.0, "maxY": 425.25}, "class_id": 0, "box_caption": "person 0.004", "scores": {"class_score": 0.004230499267578125}, "domain": "pixel"}, {"position": {"minX": 290.5, "minY": 638.0, "maxX": 300.5, "maxY": 658.0}, "class_id": 0, "box_caption": "person 0.004", "scores": {"class_score": 0.004230499267578125}, "domain": "pixel"}, {"position": {"minX": 496.75, "minY": 292.5, "maxX": 618.0, "maxY": 579.0}, "class_id": 0, "box_caption": "person 0.004", "scores": {"class_score": 0.004230499267578125}, "domain": "pixel"}, {"position": {"minX": 471.5, "minY": 273.25, "maxX": 483.5, "maxY": 312.75}, "class_id": 0, "box_caption": "person 0.004", "scores": {"class_score": 0.004215240478515625}, "domain": "pixel"}, {"position": {"minX": 455.5, "minY": 302.25, "maxX": 486.0, "maxY": 397.75}, "class_id": 0, "box_caption": "person 0.004", "scores": {"class_score": 0.0041656494140625}, "domain": "pixel"}, {"position": {"minX": 181.125, "minY": 454.75, "maxX": 210.875, "maxY": 544.0}, "class_id": 0, "box_caption": "person 0.004", "scores": {"class_score": 0.0041351318359375}, "domain": "pixel"}, {"position": {"minX": 24.546875, "minY": 193.25, "maxX": 35.90625, "maxY": 236.25}, "class_id": 0, "box_caption": "person 0.004", "scores": {"class_score": 0.004100799560546875}, "domain": "pixel"}, {"position": {"minX": 410.75, "minY": 268.0, "maxX": 440.25, "maxY": 332.5}, "class_id": 0, "box_caption": "person 0.004", "scores": {"class_score": 0.004085540771484375}, "domain": "pixel"}, {"position": {"minX": 611.0, "minY": 8.125, "maxX": 669.0, "maxY": 165.375}, "class_id": 0, "box_caption": "person 0.004", "scores": {"class_score": 0.004070281982421875}, "domain": "pixel"}, {"position": {"minX": 422.0, "minY": 494.0, "maxX": 452.0, "maxY": 569.0}, "class_id": 0, "box_caption": "person 0.004", "scores": {"class_score": 0.004055023193359375}, "domain": "pixel"}, {"position": {"minX": 252.75, "minY": 370.0, "maxX": 399.75, "maxY": 629.0}, "class_id": 0, "box_caption": "person 0.004", "scores": {"class_score": 0.00399017333984375}, "domain": "pixel"}, {"position": {"minX": 269.25, "minY": 348.5, "maxX": 346.25, "maxY": 485.0}, "class_id": 0, "box_caption": "person 0.004", "scores": {"class_score": 0.0039005279541015625}, "domain": "pixel"}, {"position": {"minX": 335.0, "minY": 381.0, "maxX": 375.5, "maxY": 482.0}, "class_id": 0, "box_caption": "person 0.004", "scores": {"class_score": 0.0039005279541015625}, "domain": "pixel"}, {"position": {"minX": 459.5, "minY": 381.0, "maxX": 479.5, "maxY": 441.5}, "class_id": 0, "box_caption": "person 0.004", "scores": {"class_score": 0.0038852691650390625}, "domain": "pixel"}, {"position": {"minX": 599.5, "minY": 159.25, "maxX": 672.5, "maxY": 520.0}, "class_id": 0, "box_caption": "person 0.004", "scores": {"class_score": 0.0038700103759765625}, "domain": "pixel"}, {"position": {"minX": 331.0, "minY": 397.0, "maxX": 359.5, "maxY": 475.5}, "class_id": 0, "box_caption": "person 0.004", "scores": {"class_score": 0.0038394927978515625}, "domain": "pixel"}, {"position": {"minX": 493.75, "minY": 507.0, "maxX": 523.0, "maxY": 599.0}, "class_id": 0, "box_caption": "person 0.004", "scores": {"class_score": 0.0038394927978515625}, "domain": "pixel"}, {"position": {"minX": 75.375, "minY": 545.0, "maxX": 186.375, "maxY": 644.0}, "class_id": 0, "box_caption": "person 0.004", "scores": {"class_score": 0.0038394927978515625}, "domain": "pixel"}, {"position": {"minX": 409.75, "minY": 271.25, "maxX": 437.25, "maxY": 373.75}, "class_id": 0, "box_caption": "person 0.004", "scores": {"class_score": 0.003795623779296875}, "domain": "pixel"}, {"position": {"minX": 474.5, "minY": 484.0, "maxX": 492.0, "maxY": 535.5}, "class_id": 0, "box_caption": "person 0.004", "scores": {"class_score": 0.003765106201171875}, "domain": "pixel"}, {"position": {"minX": 205.625, "minY": 354.75, "maxX": 235.375, "maxY": 408.25}, "class_id": 0, "box_caption": "person 0.004", "scores": {"class_score": 0.0037364959716796875}, "domain": "pixel"}, {"position": {"minX": 531.5, "minY": 228.125, "maxX": 638.5, "maxY": 578.0}, "class_id": 0, "box_caption": "person 0.004", "scores": {"class_score": 0.0037364959716796875}, "domain": "pixel"}, {"position": {"minX": 250.25, "minY": 398.5, "maxX": 339.75, "maxY": 572.0}, "class_id": 0, "box_caption": "person 0.004", "scores": {"class_score": 0.003692626953125}, "domain": "pixel"}, {"position": {"minX": 190.75, "minY": 438.75, "maxX": 343.25, "maxY": 659.0}, "class_id": 0, "box_caption": "person 0.004", "scores": {"class_score": 0.0036792755126953125}, "domain": "pixel"}, {"position": {"minX": 478.25, "minY": 99.625, "maxX": 556.0, "maxY": 383.5}, "class_id": 0, "box_caption": "person 0.004", "scores": {"class_score": 0.003635406494140625}, "domain": "pixel"}, {"position": {"minX": 586.0, "minY": 381.0, "maxX": 644.0, "maxY": 558.0}, "class_id": 0, "box_caption": "person 0.004", "scores": {"class_score": 0.0036220550537109375}, "domain": "pixel"}, {"position": {"minX": 369.25, "minY": 218.75, "maxX": 424.75, "maxY": 396.75}, "class_id": 0, "box_caption": "person 0.004", "scores": {"class_score": 0.0036220550537109375}, "domain": "pixel"}, {"position": {"minX": 423.0, "minY": 271.25, "maxX": 448.0, "maxY": 329.75}, "class_id": 0, "box_caption": "person 0.004", "scores": {"class_score": 0.00359344482421875}, "domain": "pixel"}, {"position": {"minX": 431.25, "minY": 178.125, "maxX": 577.0, "maxY": 497.0}, "class_id": 0, "box_caption": "person 0.004", "scores": {"class_score": 0.0035381317138671875}, "domain": "pixel"}, {"position": {"minX": 459.25, "minY": 325.0, "maxX": 476.75, "maxY": 374.5}, "class_id": 0, "box_caption": "person 0.003", "scores": {"class_score": 0.0034961700439453125}, "domain": "pixel"}, {"position": {"minX": 514.0, "minY": 260.75, "maxX": 668.0, "maxY": 617.0}, "class_id": 0, "box_caption": "person 0.003", "scores": {"class_score": 0.0034694671630859375}, "domain": "pixel"}, {"position": {"minX": 297.0, "minY": 526.0, "maxX": 427.0, "maxY": 647.0}, "class_id": 0, "box_caption": "person 0.003", "scores": {"class_score": 0.0034694671630859375}, "domain": "pixel"}, {"position": {"minX": 450.0, "minY": 304.5, "maxX": 473.0, "maxY": 388.0}, "class_id": 0, "box_caption": "person 0.003", "scores": {"class_score": 0.00345611572265625}, "domain": "pixel"}, {"position": {"minX": 464.75, "minY": 495.5, "maxX": 496.75, "maxY": 568.5}, "class_id": 0, "box_caption": "person 0.003", "scores": {"class_score": 0.0034427642822265625}, "domain": "pixel"}, {"position": {"minX": 489.0, "minY": 475.0, "maxX": 518.0, "maxY": 540.5}, "class_id": 0, "box_caption": "person 0.003", "scores": {"class_score": 0.003429412841796875}, "domain": "pixel"}, {"position": {"minX": 336.0, "minY": 264.5, "maxX": 404.0, "maxY": 478.5}, "class_id": 0, "box_caption": "person 0.003", "scores": {"class_score": 0.003429412841796875}, "domain": "pixel"}, {"position": {"minX": 20.5625, "minY": 571.0, "maxX": 123.9375, "maxY": 653.0}, "class_id": 0, "box_caption": "person 0.003", "scores": {"class_score": 0.0034160614013671875}, "domain": "pixel"}, {"position": {"minX": 390.25, "minY": 23.4375, "maxX": 434.75, "maxY": 87.875}, "class_id": 0, "box_caption": "person 0.003", "scores": {"class_score": 0.0033893585205078125}, "domain": "pixel"}, {"position": {"minX": 356.5, "minY": 542.5, "maxX": 414.0, "maxY": 647.5}, "class_id": 0, "box_caption": "person 0.003", "scores": {"class_score": 0.003376007080078125}, "domain": "pixel"}, {"position": {"minX": 333.75, "minY": 327.5, "maxX": 389.25, "maxY": 477.5}, "class_id": 0, "box_caption": "person 0.003", "scores": {"class_score": 0.0033626556396484375}, "domain": "pixel"}, {"position": {"minX": 426.75, "minY": 616.5, "maxX": 457.75, "maxY": 651.5}, "class_id": 0, "box_caption": "person 0.003", "scores": {"class_score": 0.0033512115478515625}, "domain": "pixel"}, {"position": {"minX": 313.75, "minY": 528.0, "maxX": 370.25, "maxY": 593.0}, "class_id": 0, "box_caption": "person 0.003", "scores": {"class_score": 0.003337860107421875}, "domain": "pixel"}, {"position": {"minX": 494.5, "minY": 482.5, "maxX": 580.5, "maxY": 645.5}, "class_id": 0, "box_caption": "person 0.003", "scores": {"class_score": 0.003337860107421875}, "domain": "pixel"}, {"position": {"minX": 215.625, "minY": 435.5, "maxX": 280.25, "maxY": 604.5}, "class_id": 0, "box_caption": "person 0.003", "scores": {"class_score": 0.0033245086669921875}, "domain": "pixel"}, {"position": {"minX": 531.0, "minY": 460.0, "maxX": 596.0, "maxY": 608.0}, "class_id": 0, "box_caption": "person 0.003", "scores": {"class_score": 0.0033111572265625}, "domain": "pixel"}, {"position": {"minX": 562.5, "minY": 313.0, "maxX": 674.5, "maxY": 626.0}, "class_id": 0, "box_caption": "person 0.003", "scores": {"class_score": 0.00319671630859375}, "domain": "pixel"}, {"position": {"minX": 263.25, "minY": 350.5, "maxX": 385.25, "maxY": 566.5}, "class_id": 0, "box_caption": "person 0.003", "scores": {"class_score": 0.003124237060546875}, "domain": "pixel"}, {"position": {"minX": 418.75, "minY": 443.5, "maxX": 593.0, "maxY": 620.5}, "class_id": 0, "box_caption": "person 0.003", "scores": {"class_score": 0.003124237060546875}, "domain": "pixel"}, {"position": {"minX": 377.25, "minY": 247.5, "maxX": 438.25, "maxY": 440.5}, "class_id": 0, "box_caption": "person 0.003", "scores": {"class_score": 0.0030994415283203125}, "domain": "pixel"}, {"position": {"minX": 535.5, "minY": 129.5, "maxX": 621.5, "maxY": 487.5}, "class_id": 0, "box_caption": "person 0.003", "scores": {"class_score": 0.0030994415283203125}, "domain": "pixel"}, {"position": {"minX": 221.0, "minY": 346.5, "maxX": 263.75, "maxY": 417.5}, "class_id": 0, "box_caption": "person 0.003", "scores": {"class_score": 0.00307464599609375}, "domain": "pixel"}, {"position": {"minX": 334.5, "minY": 563.5, "maxX": 401.5, "maxY": 652.5}, "class_id": 0, "box_caption": "person 0.003", "scores": {"class_score": 0.00307464599609375}, "domain": "pixel"}, {"position": {"minX": 333.75, "minY": 635.5, "maxX": 345.25, "maxY": 651.5}, "class_id": 0, "box_caption": "person 0.003", "scores": {"class_score": 0.003063201904296875}, "domain": "pixel"}, {"position": {"minX": 447.0, "minY": 293.25, "maxX": 471.0, "maxY": 368.75}, "class_id": 0, "box_caption": "person 0.003", "scores": {"class_score": 0.0030517578125}, "domain": "pixel"}, {"position": {"minX": 464.5, "minY": 148.75, "maxX": 519.5, "maxY": 342.5}, "class_id": 0, "box_caption": "person 0.003", "scores": {"class_score": 0.0030517578125}, "domain": "pixel"}, {"position": {"minX": 494.0, "minY": 246.625, "maxX": 558.0, "maxY": 467.5}, "class_id": 0, "box_caption": "person 0.003", "scores": {"class_score": 0.0030040740966796875}, "domain": "pixel"}, {"position": {"minX": 456.75, "minY": 594.0, "maxX": 520.5, "maxY": 658.0}, "class_id": 0, "box_caption": "person 0.003", "scores": {"class_score": 0.0030040740966796875}, "domain": "pixel"}, {"position": {"minX": 465.0, "minY": 484.0, "maxX": 491.0, "maxY": 538.5}, "class_id": 0, "box_caption": "person 0.003", "scores": {"class_score": 0.0029811859130859375}, "domain": "pixel"}, {"position": {"minX": 185.25, "minY": 461.75, "maxX": 225.75, "maxY": 608.5}, "class_id": 0, "box_caption": "person 0.003", "scores": {"class_score": 0.0029811859130859375}, "domain": "pixel"}, {"position": {"minX": 403.25, "minY": 254.75, "maxX": 442.25, "maxY": 392.75}, "class_id": 0, "box_caption": "person 0.003", "scores": {"class_score": 0.0029697418212890625}, "domain": "pixel"}, {"position": {"minX": 486.0, "minY": 534.5, "maxX": 511.5, "maxY": 594.5}, "class_id": 0, "box_caption": "person 0.003", "scores": {"class_score": 0.0029468536376953125}, "domain": "pixel"}, {"position": {"minX": 412.5, "minY": 296.0, "maxX": 432.5, "maxY": 335.0}, "class_id": 0, "box_caption": "person 0.003", "scores": {"class_score": 0.0029239654541015625}, "domain": "pixel"}, {"position": {"minX": 442.75, "minY": 619.0, "maxX": 462.75, "maxY": 655.0}, "class_id": 0, "box_caption": "person 0.003", "scores": {"class_score": 0.0029239654541015625}, "domain": "pixel"}, {"position": {"minX": 607.0, "minY": 329.75, "maxX": 657.0, "maxY": 548.0}, "class_id": 0, "box_caption": "person 0.003", "scores": {"class_score": 0.0029239654541015625}, "domain": "pixel"}, {"position": {"minX": 519.5, "minY": 349.0, "maxX": 566.5, "maxY": 488.0}, "class_id": 0, "box_caption": "person 0.003", "scores": {"class_score": 0.0029125213623046875}, "domain": "pixel"}, {"position": {"minX": 432.0, "minY": 287.0, "maxX": 449.5, "maxY": 333.5}, "class_id": 0, "box_caption": "person 0.003", "scores": {"class_score": 0.0029010772705078125}, "domain": "pixel"}, {"position": {"minX": 606.0, "minY": 258.5, "maxX": 667.0, "maxY": 486.0}, "class_id": 0, "box_caption": "person 0.003", "scores": {"class_score": 0.0028667449951171875}, "domain": "pixel"}, {"position": {"minX": 546.0, "minY": 350.5, "maxX": 622.0, "maxY": 525.0}, "class_id": 0, "box_caption": "person 0.003", "scores": {"class_score": 0.0028667449951171875}, "domain": "pixel"}, {"position": {"minX": 322.5, "minY": 548.5, "maxX": 353.5, "maxY": 626.5}, "class_id": 0, "box_caption": "person 0.003", "scores": {"class_score": 0.0028553009033203125}, "domain": "pixel"}, {"position": {"minX": 490.0, "minY": 476.0, "maxX": 505.5, "maxY": 523.5}, "class_id": 0, "box_caption": "person 0.003", "scores": {"class_score": 0.00284576416015625}, "domain": "pixel"}, {"position": {"minX": 625.5, "minY": 5.6875, "maxX": 664.5, "maxY": 108.9375}, "class_id": 0, "box_caption": "person 0.003", "scores": {"class_score": 0.002834320068359375}, "domain": "pixel"}, {"position": {"minX": 494.75, "minY": 422.0, "maxX": 558.0, "maxY": 563.5}, "class_id": 0, "box_caption": "person 0.003", "scores": {"class_score": 0.002811431884765625}, "domain": "pixel"}, {"position": {"minX": 615.5, "minY": 338.5, "maxX": 665.5, "maxY": 591.0}, "class_id": 0, "box_caption": "person 0.003", "scores": {"class_score": 0.002811431884765625}, "domain": "pixel"}, {"position": {"minX": 14.8359375, "minY": 141.0, "maxX": 27.71875, "maxY": 187.5}, "class_id": 0, "box_caption": "person 0.003", "scores": {"class_score": 0.00279998779296875}, "domain": "pixel"}, {"position": {"minX": 562.0, "minY": 379.0, "maxX": 576.0, "maxY": 427.5}, "class_id": 0, "box_caption": "person 0.003", "scores": {"class_score": 0.00279998779296875}, "domain": "pixel"}, {"position": {"minX": 163.625, "minY": 307.5, "maxX": 274.25, "maxY": 523.5}, "class_id": 0, "box_caption": "person 0.003", "scores": {"class_score": 0.00279998779296875}, "domain": "pixel"}, {"position": {"minX": 78.875, "minY": 577.5, "maxX": 188.875, "maxY": 651.5}, "class_id": 0, "box_caption": "person 0.003", "scores": {"class_score": 0.0027904510498046875}, "domain": "pixel"}, {"position": {"minX": 590.0, "minY": 428.25, "maxX": 621.0, "maxY": 485.75}, "class_id": 0, "box_caption": "person 0.003", "scores": {"class_score": 0.0027790069580078125}, "domain": "pixel"}, {"position": {"minX": 421.0, "minY": 288.5, "maxX": 438.5, "maxY": 329.5}, "class_id": 0, "box_caption": "person 0.003", "scores": {"class_score": 0.0027675628662109375}, "domain": "pixel"}, {"position": {"minX": 466.0, "minY": 372.75, "maxX": 486.5, "maxY": 416.75}, "class_id": 0, "box_caption": "person 0.003", "scores": {"class_score": 0.0027675628662109375}, "domain": "pixel"}, {"position": {"minX": 273.0, "minY": 410.5, "maxX": 348.5, "maxY": 555.0}, "class_id": 0, "box_caption": "person 0.003", "scores": {"class_score": 0.0027675628662109375}, "domain": "pixel"}, {"position": {"minX": 12.6953125, "minY": 226.625, "maxX": 26.0, "maxY": 278.0}, "class_id": 0, "box_caption": "person 0.003", "scores": {"class_score": 0.0027370452880859375}, "domain": "pixel"}, {"position": {"minX": 425.75, "minY": 520.5, "maxX": 447.25, "maxY": 590.5}, "class_id": 0, "box_caption": "person 0.003", "scores": {"class_score": 0.0027370452880859375}, "domain": "pixel"}, {"position": {"minX": 593.5, "minY": 396.0, "maxX": 640.5, "maxY": 516.0}, "class_id": 0, "box_caption": "person 0.003", "scores": {"class_score": 0.0027370452880859375}, "domain": "pixel"}, {"position": {"minX": 255.75, "minY": 447.5, "maxX": 337.75, "maxY": 623.5}, "class_id": 0, "box_caption": "person 0.003", "scores": {"class_score": 0.0027256011962890625}, "domain": "pixel"}, {"position": {"minX": 28.75, "minY": 205.0, "maxX": 35.4375, "maxY": 223.25}, "class_id": 0, "box_caption": "person 0.003", "scores": {"class_score": 0.0027141571044921875}, "domain": "pixel"}, {"position": {"minX": 325.75, "minY": 350.5, "maxX": 380.75, "maxY": 512.0}, "class_id": 0, "box_caption": "person 0.003", "scores": {"class_score": 0.0027141571044921875}, "domain": "pixel"}, {"position": {"minX": 335.75, "minY": 187.5, "maxX": 403.25, "maxY": 362.5}, "class_id": 0, "box_caption": "person 0.003", "scores": {"class_score": 0.002704620361328125}, "domain": "pixel"}, {"position": {"minX": 47.34375, "minY": 323.5, "maxX": 53.90625, "maxY": 339.5}, "class_id": 0, "box_caption": "person 0.003", "scores": {"class_score": 0.00269317626953125}, "domain": "pixel"}, {"position": {"minX": 345.5, "minY": 540.5, "maxX": 383.0, "maxY": 589.5}, "class_id": 0, "box_caption": "person 0.003", "scores": {"class_score": 0.0026721954345703125}, "domain": "pixel"}, {"position": {"minX": 163.5, "minY": 372.75, "maxX": 221.75, "maxY": 543.5}, "class_id": 0, "box_caption": "person 0.003", "scores": {"class_score": 0.0026721954345703125}, "domain": "pixel"}, {"position": {"minX": 578.0, "minY": 459.5, "maxX": 663.0, "maxY": 656.5}, "class_id": 0, "box_caption": "person 0.003", "scores": {"class_score": 0.0026721954345703125}, "domain": "pixel"}, {"position": {"minX": 20.0, "minY": 144.375, "maxX": 33.53125, "maxY": 180.625}, "class_id": 0, "box_caption": "person 0.003", "scores": {"class_score": 0.0026531219482421875}, "domain": "pixel"}, {"position": {"minX": 283.25, "minY": 402.5, "maxX": 316.75, "maxY": 487.0}, "class_id": 0, "box_caption": "person 0.003", "scores": {"class_score": 0.0026531219482421875}, "domain": "pixel"}, {"position": {"minX": 449.0, "minY": 311.25, "maxX": 479.5, "maxY": 408.75}, "class_id": 0, "box_caption": "person 0.003", "scores": {"class_score": 0.0026531219482421875}, "domain": "pixel"}, {"position": {"minX": 378.0, "minY": 409.75, "maxX": 398.5, "maxY": 478.25}, "class_id": 0, "box_caption": "person 0.003", "scores": {"class_score": 0.0026416778564453125}, "domain": "pixel"}, {"position": {"minX": 459.25, "minY": 393.25, "maxX": 475.75, "maxY": 447.25}, "class_id": 0, "box_caption": "person 0.003", "scores": {"class_score": 0.0026111602783203125}, "domain": "pixel"}, {"position": {"minX": 438.25, "minY": 257.0, "maxX": 490.75, "maxY": 433.0}, "class_id": 0, "box_caption": "person 0.003", "scores": {"class_score": 0.0025806427001953125}, "domain": "pixel"}, {"position": {"minX": 569.0, "minY": 400.0, "maxX": 638.0, "maxY": 542.0}, "class_id": 0, "box_caption": "person 0.003", "scores": {"class_score": 0.0025615692138671875}, "domain": "pixel"}, {"position": {"minX": 331.5, "minY": 544.5, "maxX": 359.0, "maxY": 615.5}, "class_id": 0, "box_caption": "person 0.003", "scores": {"class_score": 0.0025501251220703125}, "domain": "pixel"}, {"position": {"minX": 598.0, "minY": 414.5, "maxX": 634.0, "maxY": 496.5}, "class_id": 0, "box_caption": "person 0.003", "scores": {"class_score": 0.0025501251220703125}, "domain": "pixel"}, {"position": {"minX": 234.0, "minY": 348.5, "maxX": 278.0, "maxY": 445.0}, "class_id": 0, "box_caption": "person 0.003", "scores": {"class_score": 0.00254058837890625}, "domain": "pixel"}, {"position": {"minX": 181.625, "minY": 491.5, "maxX": 247.625, "maxY": 641.5}, "class_id": 0, "box_caption": "person 0.003", "scores": {"class_score": 0.0025310516357421875}, "domain": "pixel"}, {"position": {"minX": 507.5, "minY": 470.0, "maxX": 547.5, "maxY": 545.0}, "class_id": 0, "box_caption": "person 0.003", "scores": {"class_score": 0.002521514892578125}, "domain": "pixel"}, {"position": {"minX": 554.0, "minY": 366.75, "maxX": 575.0, "maxY": 426.25}, "class_id": 0, "box_caption": "person 0.003", "scores": {"class_score": 0.0025119781494140625}, "domain": "pixel"}, {"position": {"minX": 336.5, "minY": 418.0, "maxX": 364.0, "maxY": 490.5}, "class_id": 0, "box_caption": "person 0.003", "scores": {"class_score": 0.0025119781494140625}, "domain": "pixel"}, {"position": {"minX": 617.0, "minY": 22.875, "maxX": 671.0, "maxY": 452.0}, "class_id": 0, "box_caption": "person 0.003", "scores": {"class_score": 0.0025119781494140625}, "domain": "pixel"}, {"position": {"minX": 405.75, "minY": 23.6875, "maxX": 462.25, "maxY": 87.6875}, "class_id": 0, "box_caption": "person 0.003", "scores": {"class_score": 0.00250244140625}, "domain": "pixel"}, {"position": {"minX": 483.0, "minY": 98.5625, "maxX": 540.5, "maxY": 322.5}, "class_id": 0, "box_caption": "person 0.002", "scores": {"class_score": 0.0024929046630859375}, "domain": "pixel"}, {"position": {"minX": 450.25, "minY": 631.0, "maxX": 464.25, "maxY": 653.0}, "class_id": 0, "box_caption": "person 0.002", "scores": {"class_score": 0.002471923828125}, "domain": "pixel"}, {"position": {"minX": 261.0, "minY": 516.0, "maxX": 338.5, "maxY": 624.0}, "class_id": 0, "box_caption": "person 0.002", "scores": {"class_score": 0.002471923828125}, "domain": "pixel"}, {"position": {"minX": 542.5, "minY": 484.5, "maxX": 570.5, "maxY": 564.5}, "class_id": 0, "box_caption": "person 0.002", "scores": {"class_score": 0.002452850341796875}, "domain": "pixel"}, {"position": {"minX": 289.5, "minY": 565.0, "maxX": 334.5, "maxY": 656.0}, "class_id": 0, "box_caption": "person 0.002", "scores": {"class_score": 0.002452850341796875}, "domain": "pixel"}, {"position": {"minX": 455.75, "minY": 338.5, "maxX": 485.25, "maxY": 424.5}, "class_id": 0, "box_caption": "person 0.002", "scores": {"class_score": 0.00243377685546875}, "domain": "pixel"}, {"position": {"minX": 319.25, "minY": 347.5, "maxX": 368.25, "maxY": 476.0}, "class_id": 0, "box_caption": "person 0.002", "scores": {"class_score": 0.00243377685546875}, "domain": "pixel"}, {"position": {"minX": -4.03125, "minY": 521.5, "maxX": 123.125, "maxY": 660.5}, "class_id": 0, "box_caption": "person 0.002", "scores": {"class_score": 0.0024242401123046875}, "domain": "pixel"}, {"position": {"minX": 369.0, "minY": 548.0, "maxX": 391.0, "maxY": 594.0}, "class_id": 0, "box_caption": "person 0.002", "scores": {"class_score": 0.002414703369140625}, "domain": "pixel"}, {"position": {"minX": 431.75, "minY": 497.0, "maxX": 458.25, "maxY": 550.0}, "class_id": 0, "box_caption": "person 0.002", "scores": {"class_score": 0.002414703369140625}, "domain": "pixel"}, {"position": {"minX": 462.75, "minY": 542.5, "maxX": 525.5, "maxY": 652.5}, "class_id": 0, "box_caption": "person 0.002", "scores": {"class_score": 0.002414703369140625}, "domain": "pixel"}, {"position": {"minX": 236.25, "minY": 406.0, "maxX": 315.25, "maxY": 602.0}, "class_id": 0, "box_caption": "person 0.002", "scores": {"class_score": 0.0024051666259765625}, "domain": "pixel"}, {"position": {"minX": 428.25, "minY": 279.75, "maxX": 443.75, "maxY": 321.75}, "class_id": 0, "box_caption": "person 0.002", "scores": {"class_score": 0.0023975372314453125}, "domain": "pixel"}, {"position": {"minX": 527.5, "minY": 375.5, "maxX": 560.5, "maxY": 460.5}, "class_id": 0, "box_caption": "person 0.002", "scores": {"class_score": 0.0023975372314453125}, "domain": "pixel"}, {"position": {"minX": 229.75, "minY": 405.5, "maxX": 297.25, "maxY": 569.0}, "class_id": 0, "box_caption": "person 0.002", "scores": {"class_score": 0.0023975372314453125}, "domain": "pixel"}], "class_labels": {"0": "person"}}