{"box_data": [{"position": {"minX": 514.0, "minY": 197.375, "maxX": 661.0, "maxY": 670.0}, "class_id": 0, "box_caption": "person 0.167", "scores": {"class_score": 0.1669921875}, "domain": "pixel"}, {"position": {"minX": 256.25, "minY": 139.5, "maxX": 408.75, "maxY": 516.5}, "class_id": 0, "box_caption": "person 0.139", "scores": {"class_score": 0.139404296875}, "domain": "pixel"}, {"position": {"minX": 516.0, "minY": 389.5, "maxX": 654.0, "maxY": 649.5}, "class_id": 0, "box_caption": "person 0.089", "scores": {"class_score": 0.0885009765625}, "domain": "pixel"}, {"position": {"minX": 337.75, "minY": 309.25, "maxX": 411.25, "maxY": 480.25}, "class_id": 0, "box_caption": "person 0.079", "scores": {"class_score": 0.0792236328125}, "domain": "pixel"}, {"position": {"minX": 7.375, "minY": 268.75, "maxX": 87.0, "maxY": 531.0}, "class_id": 0, "box_caption": "person 0.051", "scores": {"class_score": 0.050506591796875}, "domain": "pixel"}, {"position": {"minX": 486.25, "minY": 58.5, "maxX": 655.5, "maxY": 635.5}, "class_id": 0, "box_caption": "person 0.047", "scores": {"class_score": 0.047149658203125}, "domain": "pixel"}, {"position": {"minX": 276.5, "minY": 230.625, "maxX": 394.5, "maxY": 500.5}, "class_id": 0, "box_caption": "person 0.046", "scores": {"class_score": 0.0460205078125}, "domain": "pixel"}, {"position": {"minX": 250.25, "minY": 274.25, "maxX": 359.75, "maxY": 516.0}, "class_id": 0, "box_caption": "person 0.039", "scores": {"class_score": 0.038909912109375}, "domain": "pixel"}, {"position": {"minX": 292.5, "minY": 299.5, "maxX": 388.0, "maxY": 496.0}, "class_id": 0, "box_caption": "person 0.038", "scores": {"class_score": 0.038238525390625}, "domain": "pixel"}, {"position": {"minX": 446.75, "minY": 173.25, "maxX": 647.0, "maxY": 697.0}, "class_id": 0, "box_caption": "person 0.035", "scores": {"class_score": 0.034820556640625}, "domain": "pixel"}, {"position": {"minX": 544.5, "minY": 95.0, "maxX": 671.5, "maxY": 645.5}, "class_id": 0, "box_caption": "person 0.034", "scores": {"class_score": 0.03436279296875}, "domain": "pixel"}, {"position": {"minX": 301.0, "minY": 176.0, "maxX": 415.0, "maxY": 486.5}, "class_id": 0, "box_caption": "person 0.034", "scores": {"class_score": 0.033966064453125}, "domain": "pixel"}, {"position": {"minX": 133.0, "minY": 55.75, "maxX": 418.0, "maxY": 550.0}, "class_id": 0, "box_caption": "person 0.029", "scores": {"class_score": 0.02947998046875}, "domain": "pixel"}, {"position": {"minX": 6.53125, "minY": 252.0, "maxX": 91.5, "maxY": 665.0}, "class_id": 0, "box_caption": "person 0.026", "scores": {"class_score": 0.0257568359375}, "domain": "pixel"}, {"position": {"minX": 13.21875, "minY": 284.0, "maxX": 76.75, "maxY": 464.5}, "class_id": 0, "box_caption": "person 0.025", "scores": {"class_score": 0.0251312255859375}, "domain": "pixel"}, {"position": {"minX": 197.75, "minY": 195.0, "maxX": 368.75, "maxY": 532.5}, "class_id": 0, "box_caption": "person 0.018", "scores": {"class_score": 0.017852783203125}, "domain": "pixel"}, {"position": {"minX": 16.3125, "minY": 228.25, "maxX": 108.6875, "maxY": 517.0}, "class_id": 0, "box_caption": "person 0.015", "scores": {"class_score": 0.0153045654296875}, "domain": "pixel"}, {"position": {"minX": 10.25, "minY": 66.75, "maxX": 100.0, "maxY": 542.0}, "class_id": 0, "box_caption": "person 0.015", "scores": {"class_score": 0.01495361328125}, "domain": "pixel"}, {"position": {"minX": 3.25, "minY": 46.0, "maxX": 147.5, "maxY": 559.0}, "class_id": 0, "box_caption": "person 0.015", "scores": {"class_score": 0.01450347900390625}, "domain": "pixel"}, {"position": {"minX": 313.0, "minY": 316.5, "maxX": 379.0, "maxY": 470.0}, "class_id": 0, "box_caption": "person 0.014", "scores": {"class_score": 0.0135345458984375}, "domain": "pixel"}, {"position": {"minX": 399.25, "minY": 618.5, "maxX": 440.75, "maxY": 658.5}, "class_id": 0, "box_caption": "person 0.013", "scores": {"class_score": 0.0129241943359375}, "domain": "pixel"}, {"position": {"minX": 244.875, "minY": 302.5, "maxX": 323.0, "maxY": 515.0}, "class_id": 0, "box_caption": "person 0.012", "scores": {"class_score": 0.01214599609375}, "domain": "pixel"}, {"position": {"minX": 629.5, "minY": 553.5, "maxX": 663.5, "maxY": 654.5}, "class_id": 0, "box_caption": "person 0.012", "scores": {"class_score": 0.0120086669921875}, "domain": "pixel"}, {"position": {"minX": 530.5, "minY": 275.5, "maxX": 650.5, "maxY": 604.0}, "class_id": 0, "box_caption": "person 0.012", "scores": {"class_score": 0.011962890625}, "domain": "pixel"}, {"position": {"minX": 8.0, "minY": 286.75, "maxX": 61.75, "maxY": 514.0}, "class_id": 0, "box_caption": "person 0.012", "scores": {"class_score": 0.01177978515625}, "domain": "pixel"}, {"position": {"minX": 282.5, "minY": 129.375, "maxX": 406.0, "maxY": 346.5}, "class_id": 0, "box_caption": "person 0.012", "scores": {"class_score": 0.011688232421875}, "domain": "pixel"}, {"position": {"minX": 475.25, "minY": 585.0, "maxX": 502.75, "maxY": 654.0}, "class_id": 0, "box_caption": "person 0.011", "scores": {"class_score": 0.01146697998046875}, "domain": "pixel"}, {"position": {"minX": 350.5, "minY": 332.5, "maxX": 417.5, "maxY": 514.0}, "class_id": 0, "box_caption": "person 0.011", "scores": {"class_score": 0.0112457275390625}, "domain": "pixel"}, {"position": {"minX": 438.5, "minY": 327.0, "maxX": 643.5, "maxY": 654.5}, "class_id": 0, "box_caption": "person 0.011", "scores": {"class_score": 0.011199951171875}, "domain": "pixel"}, {"position": {"minX": 439.0, "minY": 498.5, "maxX": 464.5, "maxY": 565.5}, "class_id": 0, "box_caption": "person 0.011", "scores": {"class_score": 0.01090240478515625}, "domain": "pixel"}, {"position": {"minX": 3.5625, "minY": 261.5, "maxX": 68.4375, "maxY": 604.5}, "class_id": 0, "box_caption": "person 0.011", "scores": {"class_score": 0.01090240478515625}, "domain": "pixel"}, {"position": {"minX": 315.0, "minY": 145.5, "maxX": 406.5, "maxY": 321.25}, "class_id": 0, "box_caption": "person 0.011", "scores": {"class_score": 0.01061248779296875}, "domain": "pixel"}, {"position": {"minX": 45.75, "minY": -11.25, "maxX": 383.25, "maxY": 554.0}, "class_id": 0, "box_caption": "person 0.011", "scores": {"class_score": 0.01061248779296875}, "domain": "pixel"}, {"position": {"minX": 555.0, "minY": 418.0, "maxX": 665.0, "maxY": 656.0}, "class_id": 0, "box_caption": "person 0.010", "scores": {"class_score": 0.01016998291015625}, "domain": "pixel"}, {"position": {"minX": 86.625, "minY": 208.0, "maxX": 311.5, "maxY": 527.0}, "class_id": 0, "box_caption": "person 0.010", "scores": {"class_score": 0.01009368896484375}, "domain": "pixel"}, {"position": {"minX": 250.125, "minY": 345.5, "maxX": 309.75, "maxY": 503.5}, "class_id": 0, "box_caption": "person 0.010", "scores": {"class_score": 0.010009765625}, "domain": "pixel"}, {"position": {"minX": 455.25, "minY": 369.75, "maxX": 474.75, "maxY": 411.75}, "class_id": 0, "box_caption": "person 0.010", "scores": {"class_score": 0.00981903076171875}, "domain": "pixel"}, {"position": {"minX": -2.25, "minY": 24.0, "maxX": 222.5, "maxY": 584.5}, "class_id": 0, "box_caption": "person 0.010", "scores": {"class_score": 0.009521484375}, "domain": "pixel"}, {"position": {"minX": 362.25, "minY": 434.5, "maxX": 387.75, "maxY": 497.5}, "class_id": 0, "box_caption": "person 0.009", "scores": {"class_score": 0.00908660888671875}, "domain": "pixel"}, {"position": {"minX": 325.0, "minY": 330.5, "maxX": 398.5, "maxY": 504.5}, "class_id": 0, "box_caption": "person 0.009", "scores": {"class_score": 0.0089874267578125}, "domain": "pixel"}, {"position": {"minX": 359.75, "minY": 301.5, "maxX": 406.25, "maxY": 417.0}, "class_id": 0, "box_caption": "person 0.008", "scores": {"class_score": 0.00844573974609375}, "domain": "pixel"}, {"position": {"minX": 36.5, "minY": 576.0, "maxX": 187.875, "maxY": 662.0}, "class_id": 0, "box_caption": "person 0.008", "scores": {"class_score": 0.00841522216796875}, "domain": "pixel"}, {"position": {"minX": 355.5, "minY": 418.25, "maxX": 393.5, "maxY": 499.75}, "class_id": 0, "box_caption": "person 0.008", "scores": {"class_score": 0.0083160400390625}, "domain": "pixel"}, {"position": {"minX": 335.0, "minY": 185.25, "maxX": 429.5, "maxY": 491.25}, "class_id": 0, "box_caption": "person 0.008", "scores": {"class_score": 0.007755279541015625}, "domain": "pixel"}, {"position": {"minX": 263.25, "minY": 299.5, "maxX": 403.75, "maxY": 535.5}, "class_id": 0, "box_caption": "person 0.007", "scores": {"class_score": 0.0074310302734375}, "domain": "pixel"}, {"position": {"minX": 422.5, "minY": 534.0, "maxX": 439.0, "maxY": 564.0}, "class_id": 0, "box_caption": "person 0.007", "scores": {"class_score": 0.00731658935546875}, "domain": "pixel"}, {"position": {"minX": 6.65625, "minY": 321.25, "maxX": 45.3125, "maxY": 594.0}, "class_id": 0, "box_caption": "person 0.007", "scores": {"class_score": 0.007205963134765625}, "domain": "pixel"}, {"position": {"minX": 311.0, "minY": 315.5, "maxX": 421.0, "maxY": 516.0}, "class_id": 0, "box_caption": "person 0.007", "scores": {"class_score": 0.00701141357421875}, "domain": "pixel"}, {"position": {"minX": 165.375, "minY": 296.75, "maxX": 204.125, "maxY": 420.25}, "class_id": 0, "box_caption": "person 0.007", "scores": {"class_score": 0.00690460205078125}, "domain": "pixel"}, {"position": {"minX": 259.75, "minY": 323.5, "maxX": 329.75, "maxY": 489.0}, "class_id": 0, "box_caption": "person 0.007", "scores": {"class_score": 0.0068511962890625}, "domain": "pixel"}, {"position": {"minX": 346.5, "minY": 386.0, "maxX": 398.5, "maxY": 513.5}, "class_id": 0, "box_caption": "person 0.007", "scores": {"class_score": 0.00679779052734375}, "domain": "pixel"}, {"position": {"minX": 380.5, "minY": 598.5, "maxX": 445.0, "maxY": 665.5}, "class_id": 0, "box_caption": "person 0.007", "scores": {"class_score": 0.00679779052734375}, "domain": "pixel"}, {"position": {"minX": 456.5, "minY": 373.5, "maxX": 482.5, "maxY": 409.0}, "class_id": 0, "box_caption": "person 0.007", "scores": {"class_score": 0.006744384765625}, "domain": "pixel"}, {"position": {"minX": 460.75, "minY": 372.0, "maxX": 485.75, "maxY": 422.5}, "class_id": 0, "box_caption": "person 0.007", "scores": {"class_score": 0.00669097900390625}, "domain": "pixel"}, {"position": {"minX": 427.25, "minY": 502.5, "maxX": 457.75, "maxY": 570.5}, "class_id": 0, "box_caption": "person 0.006", "scores": {"class_score": 0.006191253662109375}, "domain": "pixel"}, {"position": {"minX": 404.0, "minY": 104.3125, "maxX": 436.0, "maxY": 174.0}, "class_id": 0, "box_caption": "person 0.006", "scores": {"class_score": 0.0059356689453125}, "domain": "pixel"}, {"position": {"minX": 124.0625, "minY": 220.125, "maxX": 359.25, "maxY": 570.5}, "class_id": 0, "box_caption": "person 0.006", "scores": {"class_score": 0.00591278076171875}, "domain": "pixel"}, {"position": {"minX": 142.0, "minY": 250.25, "maxX": 257.25, "maxY": 483.75}, "class_id": 0, "box_caption": "person 0.006", "scores": {"class_score": 0.00579833984375}, "domain": "pixel"}, {"position": {"minX": 487.75, "minY": 206.125, "maxX": 623.0, "maxY": 612.0}, "class_id": 0, "box_caption": "person 0.006", "scores": {"class_score": 0.00572967529296875}, "domain": "pixel"}, {"position": {"minX": 8.765625, "minY": 306.5, "maxX": 49.3125, "maxY": 475.5}, "class_id": 0, "box_caption": "person 0.006", "scores": {"class_score": 0.0055999755859375}, "domain": "pixel"}, {"position": {"minX": 404.5, "minY": 73.0, "maxX": 596.5, "maxY": 607.0}, "class_id": 0, "box_caption": "person 0.006", "scores": {"class_score": 0.00557708740234375}, "domain": "pixel"}, {"position": {"minX": 11.90625, "minY": 247.0, "maxX": 128.125, "maxY": 596.0}, "class_id": 0, "box_caption": "person 0.006", "scores": {"class_score": 0.005512237548828125}, "domain": "pixel"}, {"position": {"minX": 544.5, "minY": 305.5, "maxX": 677.5, "maxY": 673.0}, "class_id": 0, "box_caption": "person 0.005", "scores": {"class_score": 0.0053863525390625}, "domain": "pixel"}, {"position": {"minX": 296.5, "minY": 135.25, "maxX": 390.0, "maxY": 292.0}, "class_id": 0, "box_caption": "person 0.005", "scores": {"class_score": 0.005344390869140625}, "domain": "pixel"}, {"position": {"minX": 594.0, "minY": 110.625, "maxX": 658.0, "maxY": 237.375}, "class_id": 0, "box_caption": "person 0.005", "scores": {"class_score": 0.005344390869140625}, "domain": "pixel"}, {"position": {"minX": 54.5625, "minY": 564.0, "maxX": 144.75, "maxY": 634.0}, "class_id": 0, "box_caption": "person 0.005", "scores": {"class_score": 0.005321502685546875}, "domain": "pixel"}, {"position": {"minX": 209.25, "minY": 83.5, "maxX": 414.25, "maxY": 403.5}, "class_id": 0, "box_caption": "person 0.005", "scores": {"class_score": 0.0050811767578125}, "domain": "pixel"}, {"position": {"minX": 15.5, "minY": 153.0, "maxX": 329.25, "maxY": 586.0}, "class_id": 0, "box_caption": "person 0.005", "scores": {"class_score": 0.00494384765625}, "domain": "pixel"}, {"position": {"minX": 421.5, "minY": 519.5, "maxX": 443.0, "maxY": 570.5}, "class_id": 0, "box_caption": "person 0.005", "scores": {"class_score": 0.004886627197265625}, "domain": "pixel"}, {"position": {"minX": 585.5, "minY": 85.625, "maxX": 665.5, "maxY": 330.5}, "class_id": 0, "box_caption": "person 0.005", "scores": {"class_score": 0.0048675537109375}, "domain": "pixel"}, {"position": {"minX": 3.9375, "minY": 183.5, "maxX": 68.4375, "maxY": 503.5}, "class_id": 0, "box_caption": "person 0.005", "scores": {"class_score": 0.0048675537109375}, "domain": "pixel"}, {"position": {"minX": 363.25, "minY": 300.75, "maxX": 399.75, "maxY": 381.75}, "class_id": 0, "box_caption": "person 0.005", "scores": {"class_score": 0.004772186279296875}, "domain": "pixel"}, {"position": {"minX": 420.0, "minY": 203.375, "maxX": 576.0, "maxY": 674.0}, "class_id": 0, "box_caption": "person 0.005", "scores": {"class_score": 0.004756927490234375}, "domain": "pixel"}, {"position": {"minX": 364.5, "minY": 453.25, "maxX": 383.5, "maxY": 497.75}, "class_id": 0, "box_caption": "person 0.005", "scores": {"class_score": 0.004718780517578125}, "domain": "pixel"}, {"position": {"minX": 350.25, "minY": 222.25, "maxX": 419.25, "maxY": 455.75}, "class_id": 0, "box_caption": "person 0.005", "scores": {"class_score": 0.004718780517578125}, "domain": "pixel"}, {"position": {"minX": 232.0, "minY": 294.25, "maxX": 359.0, "maxY": 620.0}, "class_id": 0, "box_caption": "person 0.005", "scores": {"class_score": 0.00469970703125}, "domain": "pixel"}, {"position": {"minX": 13.3046875, "minY": 431.5, "maxX": 29.1875, "maxY": 489.5}, "class_id": 0, "box_caption": "person 0.005", "scores": {"class_score": 0.004680633544921875}, "domain": "pixel"}, {"position": {"minX": 356.0, "minY": 129.0, "maxX": 417.0, "maxY": 287.75}, "class_id": 0, "box_caption": "person 0.004", "scores": {"class_score": 0.004486083984375}, "domain": "pixel"}, {"position": {"minX": 395.5, "minY": 114.375, "maxX": 431.0, "maxY": 189.125}, "class_id": 0, "box_caption": "person 0.004", "scores": {"class_score": 0.004451751708984375}, "domain": "pixel"}, {"position": {"minX": 375.5, "minY": 112.5625, "maxX": 426.5, "maxY": 247.75}, "class_id": 0, "box_caption": "person 0.004", "scores": {"class_score": 0.004451751708984375}, "domain": "pixel"}, {"position": {"minX": 634.5, "minY": 552.0, "maxX": 657.5, "maxY": 642.0}, "class_id": 0, "box_caption": "person 0.004", "scores": {"class_score": 0.004329681396484375}, "domain": "pixel"}, {"position": {"minX": 410.0, "minY": 626.5, "maxX": 444.0, "maxY": 658.5}, "class_id": 0, "box_caption": "person 0.004", "scores": {"class_score": 0.004199981689453125}, "domain": "pixel"}, {"position": {"minX": 171.625, "minY": 290.0, "maxX": 218.125, "maxY": 427.0}, "class_id": 0, "box_caption": "person 0.004", "scores": {"class_score": 0.0041351318359375}, "domain": "pixel"}, {"position": {"minX": 23.65625, "minY": 297.0, "maxX": 105.625, "maxY": 487.5}, "class_id": 0, "box_caption": "person 0.004", "scores": {"class_score": 0.004116058349609375}, "domain": "pixel"}, {"position": {"minX": 314.25, "minY": 125.0, "maxX": 428.25, "maxY": 438.5}, "class_id": 0, "box_caption": "person 0.004", "scores": {"class_score": 0.004085540771484375}, "domain": "pixel"}, {"position": {"minX": 452.25, "minY": 362.25, "maxX": 476.75, "maxY": 420.25}, "class_id": 0, "box_caption": "person 0.004", "scores": {"class_score": 0.004024505615234375}, "domain": "pixel"}, {"position": {"minX": 398.0, "minY": 109.0625, "maxX": 439.5, "maxY": 229.0}, "class_id": 0, "box_caption": "person 0.004", "scores": {"class_score": 0.00397491455078125}, "domain": "pixel"}, {"position": {"minX": 375.5, "minY": 622.0, "maxX": 440.0, "maxY": 664.0}, "class_id": 0, "box_caption": "person 0.004", "scores": {"class_score": 0.00397491455078125}, "domain": "pixel"}, {"position": {"minX": 5.375, "minY": 224.875, "maxX": 212.625, "maxY": 626.5}, "class_id": 0, "box_caption": "person 0.004", "scores": {"class_score": 0.00397491455078125}, "domain": "pixel"}, {"position": {"minX": 19.8125, "minY": 567.0, "maxX": 259.0, "maxY": 664.0}, "class_id": 0, "box_caption": "person 0.004", "scores": {"class_score": 0.0038700103759765625}, "domain": "pixel"}, {"position": {"minX": 595.0, "minY": 190.125, "maxX": 679.0, "maxY": 669.5}, "class_id": 0, "box_caption": "person 0.004", "scores": {"class_score": 0.0038089752197265625}, "domain": "pixel"}, {"position": {"minX": 637.5, "minY": 158.625, "maxX": 661.5, "maxY": 250.875}, "class_id": 0, "box_caption": "person 0.004", "scores": {"class_score": 0.003765106201171875}, "domain": "pixel"}, {"position": {"minX": 433.5, "minY": 488.25, "maxX": 458.5, "maxY": 559.0}, "class_id": 0, "box_caption": "person 0.004", "scores": {"class_score": 0.0036640167236328125}, "domain": "pixel"}, {"position": {"minX": 466.25, "minY": 579.5, "maxX": 515.5, "maxY": 649.5}, "class_id": 0, "box_caption": "person 0.004", "scores": {"class_score": 0.0036640167236328125}, "domain": "pixel"}, {"position": {"minX": 632.0, "minY": 609.5, "maxX": 651.0, "maxY": 658.5}, "class_id": 0, "box_caption": "person 0.004", "scores": {"class_score": 0.0035800933837890625}, "domain": "pixel"}, {"position": {"minX": 457.0, "minY": 356.0, "maxX": 484.5, "maxY": 414.0}, "class_id": 0, "box_caption": "person 0.004", "scores": {"class_score": 0.0035800933837890625}, "domain": "pixel"}, {"position": {"minX": 364.75, "minY": 432.75, "maxX": 400.25, "maxY": 506.75}, "class_id": 0, "box_caption": "person 0.004", "scores": {"class_score": 0.0035648345947265625}, "domain": "pixel"}, {"position": {"minX": 338.75, "minY": 156.375, "maxX": 407.75, "maxY": 300.0}, "class_id": 0, "box_caption": "person 0.004", "scores": {"class_score": 0.0035381317138671875}, "domain": "pixel"}, {"position": {"minX": 520.5, "minY": 64.0, "maxX": 663.5, "maxY": 495.5}, "class_id": 0, "box_caption": "person 0.004", "scores": {"class_score": 0.0035381317138671875}, "domain": "pixel"}, {"position": {"minX": 599.0, "minY": 525.0, "maxX": 664.0, "maxY": 655.0}, "class_id": 0, "box_caption": "person 0.003", "scores": {"class_score": 0.003429412841796875}, "domain": "pixel"}, {"position": {"minX": 10.890625, "minY": 411.0, "maxX": 36.8125, "maxY": 531.0}, "class_id": 0, "box_caption": "person 0.003", "scores": {"class_score": 0.0033512115478515625}, "domain": "pixel"}, {"position": {"minX": 465.0, "minY": 371.5, "maxX": 488.0, "maxY": 411.0}, "class_id": 0, "box_caption": "person 0.003", "scores": {"class_score": 0.003337860107421875}, "domain": "pixel"}, {"position": {"minX": 468.25, "minY": 557.0, "maxX": 507.25, "maxY": 662.0}, "class_id": 0, "box_caption": "person 0.003", "scores": {"class_score": 0.003337860107421875}, "domain": "pixel"}, {"position": {"minX": 596.5, "minY": 146.375, "maxX": 627.5, "maxY": 214.125}, "class_id": 0, "box_caption": "person 0.003", "scores": {"class_score": 0.0033111572265625}, "domain": "pixel"}, {"position": {"minX": 568.0, "minY": 100.25, "maxX": 648.0, "maxY": 252.25}, "class_id": 0, "box_caption": "person 0.003", "scores": {"class_score": 0.003223419189453125}, "domain": "pixel"}, {"position": {"minX": 67.4375, "minY": 565.0, "maxX": 175.25, "maxY": 639.0}, "class_id": 0, "box_caption": "person 0.003", "scores": {"class_score": 0.0032100677490234375}, "domain": "pixel"}, {"position": {"minX": 458.0, "minY": 556.5, "maxX": 523.0, "maxY": 653.5}, "class_id": 0, "box_caption": "person 0.003", "scores": {"class_score": 0.003147125244140625}, "domain": "pixel"}, {"position": {"minX": 232.25, "minY": 154.75, "maxX": 362.25, "maxY": 473.25}, "class_id": 0, "box_caption": "person 0.003", "scores": {"class_score": 0.0030994415283203125}, "domain": "pixel"}, {"position": {"minX": 616.5, "minY": 77.375, "maxX": 669.5, "maxY": 348.0}, "class_id": 0, "box_caption": "person 0.003", "scores": {"class_score": 0.0030040740966796875}, "domain": "pixel"}, {"position": {"minX": 363.5, "minY": 626.5, "maxX": 413.0, "maxY": 661.5}, "class_id": 0, "box_caption": "person 0.003", "scores": {"class_score": 0.0029811859130859375}, "domain": "pixel"}, {"position": {"minX": -3.90625, "minY": 31.625, "maxX": 72.875, "maxY": 524.5}, "class_id": 0, "box_caption": "person 0.003", "scores": {"class_score": 0.0029811859130859375}, "domain": "pixel"}, {"position": {"minX": 266.0, "minY": 308.5, "maxX": 352.0, "maxY": 476.5}, "class_id": 0, "box_caption": "person 0.003", "scores": {"class_score": 0.0029582977294921875}, "domain": "pixel"}, {"position": {"minX": 326.5, "minY": 114.5, "maxX": 407.5, "maxY": 268.0}, "class_id": 0, "box_caption": "person 0.003", "scores": {"class_score": 0.0029582977294921875}, "domain": "pixel"}, {"position": {"minX": 244.0, "minY": 104.5625, "maxX": 391.0, "maxY": 313.5}, "class_id": 0, "box_caption": "person 0.003", "scores": {"class_score": 0.0029582977294921875}, "domain": "pixel"}, {"position": {"minX": 411.5, "minY": 108.125, "maxX": 444.5, "maxY": 170.625}, "class_id": 0, "box_caption": "person 0.003", "scores": {"class_score": 0.0029125213623046875}, "domain": "pixel"}, {"position": {"minX": 637.5, "minY": 571.5, "maxX": 668.5, "maxY": 657.5}, "class_id": 0, "box_caption": "person 0.003", "scores": {"class_score": 0.0029010772705078125}, "domain": "pixel"}, {"position": {"minX": 402.0, "minY": 624.0, "maxX": 458.5, "maxY": 662.0}, "class_id": 0, "box_caption": "person 0.003", "scores": {"class_score": 0.0028896331787109375}, "domain": "pixel"}, {"position": {"minX": 231.75, "minY": 337.0, "maxX": 313.75, "maxY": 569.5}, "class_id": 0, "box_caption": "person 0.003", "scores": {"class_score": 0.0027904510498046875}, "domain": "pixel"}, {"position": {"minX": 388.75, "minY": 540.5, "maxX": 466.75, "maxY": 661.5}, "class_id": 0, "box_caption": "person 0.003", "scores": {"class_score": 0.0027904510498046875}, "domain": "pixel"}, {"position": {"minX": 380.5, "minY": 343.25, "maxX": 429.5, "maxY": 504.25}, "class_id": 0, "box_caption": "person 0.003", "scores": {"class_score": 0.0027790069580078125}, "domain": "pixel"}, {"position": {"minX": 12.125, "minY": 602.0, "maxX": 166.75, "maxY": 660.0}, "class_id": 0, "box_caption": "person 0.003", "scores": {"class_score": 0.0027370452880859375}, "domain": "pixel"}, {"position": {"minX": 632.5, "minY": 597.5, "maxX": 657.5, "maxY": 657.5}, "class_id": 0, "box_caption": "person 0.003", "scores": {"class_score": 0.0027141571044921875}, "domain": "pixel"}, {"position": {"minX": 67.0, "minY": 563.5, "maxX": 107.625, "maxY": 612.5}, "class_id": 0, "box_caption": "person 0.003", "scores": {"class_score": 0.0027141571044921875}, "domain": "pixel"}, {"position": {"minX": 362.5, "minY": 398.5, "maxX": 412.0, "maxY": 513.5}, "class_id": 0, "box_caption": "person 0.003", "scores": {"class_score": 0.0027141571044921875}, "domain": "pixel"}, {"position": {"minX": 597.0, "minY": 34.0625, "maxX": 661.0, "maxY": 205.25}, "class_id": 0, "box_caption": "person 0.003", "scores": {"class_score": 0.0026721954345703125}, "domain": "pixel"}, {"position": {"minX": 13.625, "minY": 156.625, "maxX": 82.9375, "maxY": 455.5}, "class_id": 0, "box_caption": "person 0.003", "scores": {"class_score": 0.0026721954345703125}, "domain": "pixel"}, {"position": {"minX": 425.25, "minY": 532.0, "maxX": 442.75, "maxY": 567.0}, "class_id": 0, "box_caption": "person 0.003", "scores": {"class_score": 0.0026531219482421875}, "domain": "pixel"}, {"position": {"minX": 60.5625, "minY": 566.5, "maxX": 115.1875, "maxY": 626.5}, "class_id": 0, "box_caption": "person 0.003", "scores": {"class_score": 0.0026531219482421875}, "domain": "pixel"}, {"position": {"minX": 63.25, "minY": 601.5, "maxX": 206.75, "maxY": 657.5}, "class_id": 0, "box_caption": "person 0.003", "scores": {"class_score": 0.0026531219482421875}, "domain": "pixel"}, {"position": {"minX": 244.0, "minY": 329.0, "maxX": 340.0, "maxY": 581.0}, "class_id": 0, "box_caption": "person 0.003", "scores": {"class_score": 0.0026531219482421875}, "domain": "pixel"}, {"position": {"minX": 438.0, "minY": 585.0, "maxX": 508.5, "maxY": 657.0}, "class_id": 0, "box_caption": "person 0.003", "scores": {"class_score": 0.00263214111328125}, "domain": "pixel"}, {"position": {"minX": 159.375, "minY": 236.625, "maxX": 244.125, "maxY": 448.0}, "class_id": 0, "box_caption": "person 0.003", "scores": {"class_score": 0.002620697021484375}, "domain": "pixel"}, {"position": {"minX": 430.75, "minY": 475.0, "maxX": 474.25, "maxY": 586.0}, "class_id": 0, "box_caption": "person 0.003", "scores": {"class_score": 0.002620697021484375}, "domain": "pixel"}, {"position": {"minX": 295.25, "minY": 136.375, "maxX": 464.75, "maxY": 475.0}, "class_id": 0, "box_caption": "person 0.003", "scores": {"class_score": 0.00260162353515625}, "domain": "pixel"}, {"position": {"minX": 10.0, "minY": 238.125, "maxX": 58.1875, "maxY": 451.0}, "class_id": 0, "box_caption": "person 0.003", "scores": {"class_score": 0.002590179443359375}, "domain": "pixel"}, {"position": {"minX": 71.0, "minY": 564.5, "maxX": 127.125, "maxY": 613.5}, "class_id": 0, "box_caption": "person 0.003", "scores": {"class_score": 0.00257110595703125}, "domain": "pixel"}, {"position": {"minX": 621.0, "minY": 473.5, "maxX": 667.0, "maxY": 654.5}, "class_id": 0, "box_caption": "person 0.003", "scores": {"class_score": 0.00257110595703125}, "domain": "pixel"}, {"position": {"minX": 366.5, "minY": 552.5, "maxX": 378.0, "maxY": 581.5}, "class_id": 0, "box_caption": "person 0.003", "scores": {"class_score": 0.002521514892578125}, "domain": "pixel"}, {"position": {"minX": 16.5, "minY": 613.0, "maxX": 201.75, "maxY": 668.0}, "class_id": 0, "box_caption": "person 0.003", "scores": {"class_score": 0.002521514892578125}, "domain": "pixel"}, {"position": {"minX": 621.5, "minY": 569.5, "maxX": 657.5, "maxY": 659.5}, "class_id": 0, "box_caption": "person 0.002", "scores": {"class_score": 0.0024929046630859375}, "domain": "pixel"}, {"position": {"minX": 15.5546875, "minY": 460.75, "maxX": 29.875, "maxY": 506.75}, "class_id": 0, "box_caption": "person 0.002", "scores": {"class_score": 0.002471923828125}, "domain": "pixel"}, {"position": {"minX": 9.6171875, "minY": 409.5, "maxX": 26.6875, "maxY": 506.5}, "class_id": 0, "box_caption": "person 0.002", "scores": {"class_score": 0.002471923828125}, "domain": "pixel"}, {"position": {"minX": 597.0, "minY": 131.0, "maxX": 641.0, "maxY": 215.0}, "class_id": 0, "box_caption": "person 0.002", "scores": {"class_score": 0.002452850341796875}, "domain": "pixel"}, {"position": {"minX": 355.0, "minY": 429.0, "maxX": 382.5, "maxY": 505.0}, "class_id": 0, "box_caption": "person 0.002", "scores": {"class_score": 0.002452850341796875}, "domain": "pixel"}, {"position": {"minX": 565.5, "minY": 245.5, "maxX": 659.5, "maxY": 558.5}, "class_id": 0, "box_caption": "person 0.002", "scores": {"class_score": 0.002452850341796875}, "domain": "pixel"}, {"position": {"minX": 355.75, "minY": 630.5, "maxX": 398.75, "maxY": 660.5}, "class_id": 0, "box_caption": "person 0.002", "scores": {"class_score": 0.0024433135986328125}, "domain": "pixel"}, {"position": {"minX": 490.0, "minY": 70.625, "maxX": 638.0, "maxY": 426.5}, "class_id": 0, "box_caption": "person 0.002", "scores": {"class_score": 0.002414703369140625}, "domain": "pixel"}, {"position": {"minX": 299.75, "minY": 269.0, "maxX": 379.75, "maxY": 453.5}, "class_id": 0, "box_caption": "person 0.002", "scores": {"class_score": 0.0023975372314453125}, "domain": "pixel"}, {"position": {"minX": 622.0, "minY": 119.875, "maxX": 667.0, "maxY": 303.5}, "class_id": 0, "box_caption": "person 0.002", "scores": {"class_score": 0.0023975372314453125}, "domain": "pixel"}, {"position": {"minX": 322.75, "minY": 277.0, "maxX": 400.25, "maxY": 448.0}, "class_id": 0, "box_caption": "person 0.002", "scores": {"class_score": 0.00238800048828125}, "domain": "pixel"}, {"position": {"minX": 446.75, "minY": 499.25, "maxX": 466.75, "maxY": 561.0}, "class_id": 0, "box_caption": "person 0.002", "scores": {"class_score": 0.0023593902587890625}, "domain": "pixel"}, {"position": {"minX": 386.5, "minY": 580.5, "maxX": 457.0, "maxY": 662.5}, "class_id": 0, "box_caption": "person 0.002", "scores": {"class_score": 0.0022602081298828125}, "domain": "pixel"}, {"position": {"minX": 169.375, "minY": 325.0, "maxX": 200.375, "maxY": 413.0}, "class_id": 0, "box_caption": "person 0.002", "scores": {"class_score": 0.0022335052490234375}, "domain": "pixel"}, {"position": {"minX": 256.0, "minY": 384.5, "maxX": 302.5, "maxY": 515.5}, "class_id": 0, "box_caption": "person 0.002", "scores": {"class_score": 0.0022335052490234375}, "domain": "pixel"}, {"position": {"minX": 143.5, "minY": 39.0, "maxX": 392.5, "maxY": 395.5}, "class_id": 0, "box_caption": "person 0.002", "scores": {"class_score": 0.0022335052490234375}, "domain": "pixel"}, {"position": {"minX": 432.75, "minY": 441.75, "maxX": 466.75, "maxY": 574.5}, "class_id": 0, "box_caption": "person 0.002", "scores": {"class_score": 0.002216339111328125}, "domain": "pixel"}, {"position": {"minX": 414.0, "minY": 273.5, "maxX": 507.5, "maxY": 593.0}, "class_id": 0, "box_caption": "person 0.002", "scores": {"class_score": 0.0021991729736328125}, "domain": "pixel"}, {"position": {"minX": 244.875, "minY": 289.75, "maxX": 418.0, "maxY": 628.0}, "class_id": 0, "box_caption": "person 0.002", "scores": {"class_score": 0.0021820068359375}, "domain": "pixel"}, {"position": {"minX": 387.25, "minY": 114.75, "maxX": 425.25, "maxY": 217.75}, "class_id": 0, "box_caption": "person 0.002", "scores": {"class_score": 0.0021648406982421875}, "domain": "pixel"}, {"position": {"minX": 8.421875, "minY": 369.0, "maxX": 28.046875, "maxY": 546.0}, "class_id": 0, "box_caption": "person 0.002", "scores": {"class_score": 0.0021648406982421875}, "domain": "pixel"}, {"position": {"minX": 422.0, "minY": 543.0, "maxX": 515.0, "maxY": 662.0}, "class_id": 0, "box_caption": "person 0.002", "scores": {"class_score": 0.0021648406982421875}, "domain": "pixel"}, {"position": {"minX": 59.25, "minY": 255.125, "maxX": 343.5, "maxY": 665.0}, "class_id": 0, "box_caption": "person 0.002", "scores": {"class_score": 0.0021572113037109375}, "domain": "pixel"}, {"position": {"minX": 434.0, "minY": 471.75, "maxX": 455.0, "maxY": 545.0}, "class_id": 0, "box_caption": "person 0.002", "scores": {"class_score": 0.0021495819091796875}, "domain": "pixel"}, {"position": {"minX": 446.5, "minY": 365.25, "maxX": 476.0, "maxY": 438.25}, "class_id": 0, "box_caption": "person 0.002", "scores": {"class_score": 0.002124786376953125}, "domain": "pixel"}, {"position": {"minX": 552.0, "minY": 99.375, "maxX": 652.0, "maxY": 317.0}, "class_id": 0, "box_caption": "person 0.002", "scores": {"class_score": 0.002124786376953125}, "domain": "pixel"}, {"position": {"minX": 15.71875, "minY": 582.5, "maxX": 94.375, "maxY": 668.5}, "class_id": 0, "box_caption": "person 0.002", "scores": {"class_score": 0.0020904541015625}, "domain": "pixel"}, {"position": {"minX": 349.25, "minY": 415.25, "maxX": 379.75, "maxY": 487.75}, "class_id": 0, "box_caption": "person 0.002", "scores": {"class_score": 0.00206756591796875}, "domain": "pixel"}, {"position": {"minX": 28.75, "minY": 256.0, "maxX": 183.625, "maxY": 543.5}, "class_id": 0, "box_caption": "person 0.002", "scores": {"class_score": 0.00206756591796875}, "domain": "pixel"}, {"position": {"minX": 438.25, "minY": 446.0, "maxX": 633.5, "maxY": 659.0}, "class_id": 0, "box_caption": "person 0.002", "scores": {"class_score": 0.0020580291748046875}, "domain": "pixel"}, {"position": {"minX": 158.625, "minY": 281.25, "maxX": 378.0, "maxY": 635.0}, "class_id": 0, "box_caption": "person 0.002", "scores": {"class_score": 0.0020580291748046875}, "domain": "pixel"}, {"position": {"minX": 583.5, "minY": 77.375, "maxX": 652.5, "maxY": 230.125}, "class_id": 0, "box_caption": "person 0.002", "scores": {"class_score": 0.0020503997802734375}, "domain": "pixel"}, {"position": {"minX": 254.25, "minY": 355.75, "maxX": 327.25, "maxY": 550.0}, "class_id": 0, "box_caption": "person 0.002", "scores": {"class_score": 0.0020503997802734375}, "domain": "pixel"}, {"position": {"minX": 102.5, "minY": 536.0, "maxX": 114.75, "maxY": 556.0}, "class_id": 0, "box_caption": "person 0.002", "scores": {"class_score": 0.0020351409912109375}, "domain": "pixel"}, {"position": {"minX": 645.0, "minY": 171.0, "maxX": 664.0, "maxY": 262.5}, "class_id": 0, "box_caption": "person 0.002", "scores": {"class_score": 0.0020351409912109375}, "domain": "pixel"}, {"position": {"minX": 506.0, "minY": 129.125, "maxX": 631.0, "maxY": 532.0}, "class_id": 0, "box_caption": "person 0.002", "scores": {"class_score": 0.002010345458984375}, "domain": "pixel"}, {"position": {"minX": 442.75, "minY": 484.75, "maxX": 478.75, "maxY": 584.0}, "class_id": 0, "box_caption": "person 0.002", "scores": {"class_score": 0.002002716064453125}, "domain": "pixel"}, {"position": {"minX": 227.75, "minY": 73.25, "maxX": 315.25, "maxY": 209.25}, "class_id": 0, "box_caption": "person 0.002", "scores": {"class_score": 0.001995086669921875}, "domain": "pixel"}, {"position": {"minX": 408.0, "minY": 119.25, "maxX": 447.0, "maxY": 208.75}, "class_id": 0, "box_caption": "person 0.002", "scores": {"class_score": 0.001987457275390625}, "domain": "pixel"}, {"position": {"minX": 193.625, "minY": 54.5, "maxX": 292.5, "maxY": 232.25}, "class_id": 0, "box_caption": "person 0.002", "scores": {"class_score": 0.001987457275390625}, "domain": "pixel"}, {"position": {"minX": 532.5, "minY": 189.5, "maxX": 653.5, "maxY": 497.0}, "class_id": 0, "box_caption": "person 0.002", "scores": {"class_score": 0.001987457275390625}, "domain": "pixel"}, {"position": {"minX": 220.5, "minY": 32.9375, "maxX": 253.25, "maxY": 101.0625}, "class_id": 0, "box_caption": "person 0.002", "scores": {"class_score": 0.001979827880859375}, "domain": "pixel"}, {"position": {"minX": 603.0, "minY": 132.75, "maxX": 629.0, "maxY": 201.25}, "class_id": 0, "box_caption": "person 0.002", "scores": {"class_score": 0.001972198486328125}, "domain": "pixel"}, {"position": {"minX": 11.046875, "minY": 300.0, "maxX": 54.125, "maxY": 426.0}, "class_id": 0, "box_caption": "person 0.002", "scores": {"class_score": 0.001972198486328125}, "domain": "pixel"}, {"position": {"minX": 632.5, "minY": 623.5, "maxX": 647.5, "maxY": 658.5}, "class_id": 0, "box_caption": "person 0.002", "scores": {"class_score": 0.001941680908203125}, "domain": "pixel"}, {"position": {"minX": 615.0, "minY": 90.9375, "maxX": 665.0, "maxY": 263.5}, "class_id": 0, "box_caption": "person 0.002", "scores": {"class_score": 0.001934051513671875}, "domain": "pixel"}, {"position": {"minX": 370.0, "minY": 455.25, "maxX": 384.5, "maxY": 494.25}, "class_id": 0, "box_caption": "person 0.002", "scores": {"class_score": 0.0018968582153320312}, "domain": "pixel"}, {"position": {"minX": -1.78125, "minY": -35.125, "maxX": 111.625, "maxY": 470.5}, "class_id": 0, "box_caption": "person 0.002", "scores": {"class_score": 0.0018825531005859375}, "domain": "pixel"}, {"position": {"minX": 227.875, "minY": 220.0, "maxX": 338.0, "maxY": 505.5}, "class_id": 0, "box_caption": "person 0.002", "scores": {"class_score": 0.0018606185913085938}, "domain": "pixel"}, {"position": {"minX": 637.0, "minY": 507.5, "maxX": 662.0, "maxY": 636.5}, "class_id": 0, "box_caption": "person 0.002", "scores": {"class_score": 0.0018529891967773438}, "domain": "pixel"}, {"position": {"minX": 400.0, "minY": 124.75, "maxX": 541.5, "maxY": 556.0}, "class_id": 0, "box_caption": "person 0.002", "scores": {"class_score": 0.0018529891967773438}, "domain": "pixel"}, {"position": {"minX": 414.75, "minY": 535.0, "maxX": 431.75, "maxY": 562.0}, "class_id": 0, "box_caption": "person 0.002", "scores": {"class_score": 0.00183868408203125}, "domain": "pixel"}, {"position": {"minX": 410.25, "minY": 102.0, "maxX": 435.25, "maxY": 157.0}, "class_id": 0, "box_caption": "person 0.002", "scores": {"class_score": 0.0018310546875}, "domain": "pixel"}, {"position": {"minX": 633.5, "minY": 150.625, "maxX": 662.5, "maxY": 311.0}, "class_id": 0, "box_caption": "person 0.002", "scores": {"class_score": 0.0018100738525390625}, "domain": "pixel"}, {"position": {"minX": 606.5, "minY": 401.75, "maxX": 673.5, "maxY": 660.0}, "class_id": 0, "box_caption": "person 0.002", "scores": {"class_score": 0.0018100738525390625}, "domain": "pixel"}, {"position": {"minX": 556.5, "minY": 56.5625, "maxX": 657.5, "maxY": 244.0}, "class_id": 0, "box_caption": "person 0.002", "scores": {"class_score": 0.0017957687377929688}, "domain": "pixel"}, {"position": {"minX": 560.5, "minY": 62.125, "maxX": 674.5, "maxY": 359.5}, "class_id": 0, "box_caption": "person 0.002", "scores": {"class_score": 0.0017957687377929688}, "domain": "pixel"}, {"position": {"minX": 367.75, "minY": 545.5, "maxX": 449.25, "maxY": 660.5}, "class_id": 0, "box_caption": "person 0.002", "scores": {"class_score": 0.001789093017578125}, "domain": "pixel"}, {"position": {"minX": 172.625, "minY": 297.75, "maxX": 317.5, "maxY": 552.5}, "class_id": 0, "box_caption": "person 0.002", "scores": {"class_score": 0.0017824172973632812}, "domain": "pixel"}, {"position": {"minX": 39.4375, "minY": 238.75, "maxX": 248.25, "maxY": 555.0}, "class_id": 0, "box_caption": "person 0.002", "scores": {"class_score": 0.0017681121826171875}, "domain": "pixel"}, {"position": {"minX": 500.5, "minY": 466.0, "maxX": 645.5, "maxY": 663.0}, "class_id": 0, "box_caption": "person 0.002", "scores": {"class_score": 0.0017547607421875}, "domain": "pixel"}, {"position": {"minX": 443.0, "minY": 506.75, "maxX": 463.0, "maxY": 553.0}, "class_id": 0, "box_caption": "person 0.002", "scores": {"class_score": 0.0017414093017578125}, "domain": "pixel"}, {"position": {"minX": 523.0, "minY": 411.75, "maxX": 622.0, "maxY": 628.0}, "class_id": 0, "box_caption": "person 0.002", "scores": {"class_score": 0.0017271041870117188}, "domain": "pixel"}, {"position": {"minX": 644.5, "minY": 605.0, "maxX": 665.5, "maxY": 660.0}, "class_id": 0, "box_caption": "person 0.002", "scores": {"class_score": 0.0017137527465820312}, "domain": "pixel"}, {"position": {"minX": 618.5, "minY": 31.25, "maxX": 665.5, "maxY": 199.0}, "class_id": 0, "box_caption": "person 0.002", "scores": {"class_score": 0.0017137527465820312}, "domain": "pixel"}, {"position": {"minX": 461.5, "minY": 360.75, "maxX": 496.5, "maxY": 422.75}, "class_id": 0, "box_caption": "person 0.002", "scores": {"class_score": 0.0017004013061523438}, "domain": "pixel"}, {"position": {"minX": 400.0, "minY": 360.5, "maxX": 448.5, "maxY": 509.5}, "class_id": 0, "box_caption": "person 0.002", "scores": {"class_score": 0.0016870498657226562}, "domain": "pixel"}, {"position": {"minX": 643.0, "minY": 529.0, "maxX": 665.0, "maxY": 648.0}, "class_id": 0, "box_caption": "person 0.002", "scores": {"class_score": 0.0016813278198242188}, "domain": "pixel"}, {"position": {"minX": 638.0, "minY": 181.25, "maxX": 659.0, "maxY": 240.5}, "class_id": 0, "box_caption": "person 0.002", "scores": {"class_score": 0.0016613006591796875}, "domain": "pixel"}, {"position": {"minX": 56.40625, "minY": 577.5, "maxX": 153.625, "maxY": 655.5}, "class_id": 0, "box_caption": "person 0.002", "scores": {"class_score": 0.0016613006591796875}, "domain": "pixel"}, {"position": {"minX": 650.0, "minY": 624.0, "maxX": 661.0, "maxY": 659.0}, "class_id": 0, "box_caption": "person 0.002", "scores": {"class_score": 0.0016489028930664062}, "domain": "pixel"}, {"position": {"minX": 587.0, "minY": 145.125, "maxX": 640.0, "maxY": 242.875}, "class_id": 0, "box_caption": "person 0.002", "scores": {"class_score": 0.0016355514526367188}, "domain": "pixel"}, {"position": {"minX": 257.0, "minY": 305.0, "maxX": 310.0, "maxY": 455.5}, "class_id": 0, "box_caption": "person 0.002", "scores": {"class_score": 0.0016355514526367188}, "domain": "pixel"}, {"position": {"minX": 8.25, "minY": 551.0, "maxX": 342.25, "maxY": 655.0}, "class_id": 0, "box_caption": "person 0.002", "scores": {"class_score": 0.0016355514526367188}, "domain": "pixel"}, {"position": {"minX": 430.25, "minY": 405.5, "maxX": 484.25, "maxY": 606.0}, "class_id": 0, "box_caption": "person 0.002", "scores": {"class_score": 0.0016231536865234375}, "domain": "pixel"}, {"position": {"minX": 372.0, "minY": 628.0, "maxX": 400.0, "maxY": 658.0}, "class_id": 0, "box_caption": "person 0.002", "scores": {"class_score": 0.0016164779663085938}, "domain": "pixel"}, {"position": {"minX": 286.0, "minY": 333.75, "maxX": 392.5, "maxY": 576.5}, "class_id": 0, "box_caption": "person 0.002", "scores": {"class_score": 0.0016107559204101562}, "domain": "pixel"}, {"position": {"minX": 11.9296875, "minY": 438.5, "maxX": 31.34375, "maxY": 513.0}, "class_id": 0, "box_caption": "person 0.002", "scores": {"class_score": 0.0015974044799804688}, "domain": "pixel"}, {"position": {"minX": 346.75, "minY": 623.0, "maxX": 408.25, "maxY": 660.0}, "class_id": 0, "box_caption": "person 0.002", "scores": {"class_score": 0.0015916824340820312}, "domain": "pixel"}, {"position": {"minX": 604.5, "minY": 136.625, "maxX": 654.5, "maxY": 222.125}, "class_id": 0, "box_caption": "person 0.002", "scores": {"class_score": 0.0015735626220703125}, "domain": "pixel"}, {"position": {"minX": 448.75, "minY": 350.5, "maxX": 485.25, "maxY": 446.0}, "class_id": 0, "box_caption": "person 0.002", "scores": {"class_score": 0.0015668869018554688}, "domain": "pixel"}, {"position": {"minX": 11.453125, "minY": 158.125, "maxX": 48.4375, "maxY": 441.5}, "class_id": 0, "box_caption": "person 0.002", "scores": {"class_score": 0.0015544891357421875}, "domain": "pixel"}, {"position": {"minX": 432.75, "minY": 338.75, "maxX": 484.25, "maxY": 521.0}, "class_id": 0, "box_caption": "person 0.002", "scores": {"class_score": 0.00154876708984375}, "domain": "pixel"}, {"position": {"minX": 56.375, "minY": 583.0, "maxX": 360.0, "maxY": 656.0}, "class_id": 0, "box_caption": "person 0.002", "scores": {"class_score": 0.0015430450439453125}, "domain": "pixel"}, {"position": {"minX": 179.25, "minY": 114.0, "maxX": 369.25, "maxY": 433.0}, "class_id": 0, "box_caption": "person 0.002", "scores": {"class_score": 0.0015249252319335938}, "domain": "pixel"}, {"position": {"minX": 490.75, "minY": 101.9375, "maxX": 568.5, "maxY": 311.75}, "class_id": 0, "box_caption": "person 0.002", "scores": {"class_score": 0.0015125274658203125}, "domain": "pixel"}, {"position": {"minX": 139.0, "minY": 493.75, "maxX": 155.0, "maxY": 539.0}, "class_id": 0, "box_caption": "person 0.002", "scores": {"class_score": 0.001506805419921875}, "domain": "pixel"}, {"position": {"minX": 387.25, "minY": 398.0, "maxX": 424.75, "maxY": 517.5}, "class_id": 0, "box_caption": "person 0.002", "scores": {"class_score": 0.001506805419921875}, "domain": "pixel"}, {"position": {"minX": 195.5, "minY": 15.96875, "maxX": 275.25, "maxY": 87.75}, "class_id": 0, "box_caption": "person 0.002", "scores": {"class_score": 0.0015010833740234375}, "domain": "pixel"}, {"position": {"minX": 417.75, "minY": 202.75, "maxX": 522.0, "maxY": 540.0}, "class_id": 0, "box_caption": "person 0.001", "scores": {"class_score": 0.001495361328125}, "domain": "pixel"}, {"position": {"minX": 475.25, "minY": 556.0, "maxX": 486.25, "maxY": 579.0}, "class_id": 0, "box_caption": "person 0.001", "scores": {"class_score": 0.0014781951904296875}, "domain": "pixel"}, {"position": {"minX": 156.375, "minY": 312.0, "maxX": 195.375, "maxY": 408.0}, "class_id": 0, "box_caption": "person 0.001", "scores": {"class_score": 0.0014667510986328125}, "domain": "pixel"}, {"position": {"minX": 416.25, "minY": 504.25, "maxX": 465.25, "maxY": 611.5}, "class_id": 0, "box_caption": "person 0.001", "scores": {"class_score": 0.0014667510986328125}, "domain": "pixel"}, {"position": {"minX": 173.75, "minY": 330.0, "maxX": 214.25, "maxY": 414.0}, "class_id": 0, "box_caption": "person 0.001", "scores": {"class_score": 0.001461029052734375}, "domain": "pixel"}, {"position": {"minX": 351.75, "minY": 310.75, "maxX": 395.25, "maxY": 401.25}, "class_id": 0, "box_caption": "person 0.001", "scores": {"class_score": 0.0014553070068359375}, "domain": "pixel"}, {"position": {"minX": 383.75, "minY": 610.5, "maxX": 441.25, "maxY": 655.5}, "class_id": 0, "box_caption": "person 0.001", "scores": {"class_score": 0.0014553070068359375}, "domain": "pixel"}, {"position": {"minX": 309.75, "minY": 601.0, "maxX": 447.25, "maxY": 666.0}, "class_id": 0, "box_caption": "person 0.001", "scores": {"class_score": 0.0014553070068359375}, "domain": "pixel"}, {"position": {"minX": 503.75, "minY": 119.0, "maxX": 554.5, "maxY": 228.75}, "class_id": 0, "box_caption": "person 0.001", "scores": {"class_score": 0.0014438629150390625}, "domain": "pixel"}, {"position": {"minX": 463.0, "minY": 83.375, "maxX": 600.0, "maxY": 404.5}, "class_id": 0, "box_caption": "person 0.001", "scores": {"class_score": 0.0014324188232421875}, "domain": "pixel"}, {"position": {"minX": 50.875, "minY": 13.65625, "maxX": 118.625, "maxY": 77.875}, "class_id": 0, "box_caption": "person 0.001", "scores": {"class_score": 0.00142669677734375}, "domain": "pixel"}, {"position": {"minX": 505.0, "minY": 117.875, "maxX": 617.0, "maxY": 369.0}, "class_id": 0, "box_caption": "person 0.001", "scores": {"class_score": 0.00142669677734375}, "domain": "pixel"}, {"position": {"minX": 419.75, "minY": 376.25, "maxX": 498.25, "maxY": 628.0}, "class_id": 0, "box_caption": "person 0.001", "scores": {"class_score": 0.0014162063598632812}, "domain": "pixel"}, {"position": {"minX": 262.75, "minY": 285.5, "maxX": 327.25, "maxY": 437.5}, "class_id": 0, "box_caption": "person 0.001", "scores": {"class_score": 0.0014104843139648438}, "domain": "pixel"}, {"position": {"minX": 105.125, "minY": 597.5, "maxX": 230.875, "maxY": 641.5}, "class_id": 0, "box_caption": "person 0.001", "scores": {"class_score": 0.0014104843139648438}, "domain": "pixel"}, {"position": {"minX": 394.0, "minY": 344.5, "maxX": 464.5, "maxY": 576.5}, "class_id": 0, "box_caption": "person 0.001", "scores": {"class_score": 0.0014104843139648438}, "domain": "pixel"}, {"position": {"minX": 294.75, "minY": 96.6875, "maxX": 426.75, "maxY": 285.75}, "class_id": 0, "box_caption": "person 0.001", "scores": {"class_score": 0.0014047622680664062}, "domain": "pixel"}, {"position": {"minX": 549.0, "minY": 434.75, "maxX": 646.0, "maxY": 610.5}, "class_id": 0, "box_caption": "person 0.001", "scores": {"class_score": 0.0013990402221679688}, "domain": "pixel"}, {"position": {"minX": 262.75, "minY": 318.0, "maxX": 290.25, "maxY": 393.0}, "class_id": 0, "box_caption": "person 0.001", "scores": {"class_score": 0.0013780593872070312}, "domain": "pixel"}, {"position": {"minX": 88.125, "minY": 583.5, "maxX": 177.875, "maxY": 649.5}, "class_id": 0, "box_caption": "person 0.001", "scores": {"class_score": 0.0013723373413085938}, "domain": "pixel"}, {"position": {"minX": 201.75, "minY": 27.59375, "maxX": 282.25, "maxY": 120.0}, "class_id": 0, "box_caption": "person 0.001", "scores": {"class_score": 0.0013666152954101562}, "domain": "pixel"}, {"position": {"minX": -0.625, "minY": 271.75, "maxX": 145.5, "maxY": 700.0}, "class_id": 0, "box_caption": "person 0.001", "scores": {"class_score": 0.0013666152954101562}, "domain": "pixel"}, {"position": {"minX": 328.5, "minY": 376.75, "maxX": 374.0, "maxY": 495.75}, "class_id": 0, "box_caption": "person 0.001", "scores": {"class_score": 0.001361846923828125}, "domain": "pixel"}, {"position": {"minX": 402.0, "minY": 388.0, "maxX": 441.5, "maxY": 529.5}, "class_id": 0, "box_caption": "person 0.001", "scores": {"class_score": 0.001361846923828125}, "domain": "pixel"}, {"position": {"minX": 20.03125, "minY": 149.625, "maxX": 125.75, "maxY": 460.0}, "class_id": 0, "box_caption": "person 0.001", "scores": {"class_score": 0.001361846923828125}, "domain": "pixel"}, {"position": {"minX": 478.0, "minY": 596.0, "maxX": 495.5, "maxY": 644.0}, "class_id": 0, "box_caption": "person 0.001", "scores": {"class_score": 0.0013561248779296875}, "domain": "pixel"}, {"position": {"minX": 635.5, "minY": 623.0, "maxX": 654.5, "maxY": 661.0}, "class_id": 0, "box_caption": "person 0.001", "scores": {"class_score": 0.0013513565063476562}, "domain": "pixel"}, {"position": {"minX": 294.25, "minY": 169.0, "maxX": 369.75, "maxY": 293.5}, "class_id": 0, "box_caption": "person 0.001", "scores": {"class_score": 0.0013456344604492188}, "domain": "pixel"}, {"position": {"minX": 530.0, "minY": 139.0, "maxX": 651.0, "maxY": 407.5}, "class_id": 0, "box_caption": "person 0.001", "scores": {"class_score": 0.0013408660888671875}, "domain": "pixel"}, {"position": {"minX": 84.625, "minY": 569.5, "maxX": 158.25, "maxY": 633.5}, "class_id": 0, "box_caption": "person 0.001", "scores": {"class_score": 0.0013303756713867188}, "domain": "pixel"}, {"position": {"minX": 19.21875, "minY": 575.5, "maxX": 130.375, "maxY": 658.5}, "class_id": 0, "box_caption": "person 0.001", "scores": {"class_score": 0.0013246536254882812}, "domain": "pixel"}, {"position": {"minX": 209.625, "minY": 70.3125, "maxX": 331.5, "maxY": 274.25}, "class_id": 0, "box_caption": "person 0.001", "scores": {"class_score": 0.0013246536254882812}, "domain": "pixel"}, {"position": {"minX": 202.875, "minY": 550.0, "maxX": 344.0, "maxY": 645.0}, "class_id": 0, "box_caption": "person 0.001", "scores": {"class_score": 0.00131988525390625}, "domain": "pixel"}, {"position": {"minX": 78.75, "minY": 572.0, "maxX": 115.375, "maxY": 615.0}, "class_id": 0, "box_caption": "person 0.001", "scores": {"class_score": 0.0013151168823242188}, "domain": "pixel"}, {"position": {"minX": 168.625, "minY": 271.5, "maxX": 206.375, "maxY": 394.0}, "class_id": 0, "box_caption": "person 0.001", "scores": {"class_score": 0.0013151168823242188}, "domain": "pixel"}, {"position": {"minX": 394.25, "minY": 121.0625, "maxX": 446.75, "maxY": 282.25}, "class_id": 0, "box_caption": "person 0.001", "scores": {"class_score": 0.0013151168823242188}, "domain": "pixel"}, {"position": {"minX": 31.296875, "minY": 290.0, "maxX": 94.375, "maxY": 433.0}, "class_id": 0, "box_caption": "person 0.001", "scores": {"class_score": 0.0013093948364257812}, "domain": "pixel"}, {"position": {"minX": 279.75, "minY": 102.75, "maxX": 305.75, "maxY": 172.0}, "class_id": 0, "box_caption": "person 0.001", "scores": {"class_score": 0.0012941360473632812}, "domain": "pixel"}, {"position": {"minX": 285.25, "minY": 225.375, "maxX": 374.75, "maxY": 428.5}, "class_id": 0, "box_caption": "person 0.001", "scores": {"class_score": 0.0012941360473632812}, "domain": "pixel"}, {"position": {"minX": 361.5, "minY": 550.0, "maxX": 379.0, "maxY": 584.0}, "class_id": 0, "box_caption": "person 0.001", "scores": {"class_score": 0.0012941360473632812}, "domain": "pixel"}, {"position": {"minX": 10.59375, "minY": -25.0, "maxX": 77.5, "maxY": 397.0}, "class_id": 0, "box_caption": "person 0.001", "scores": {"class_score": 0.0012788772583007812}, "domain": "pixel"}, {"position": {"minX": 379.25, "minY": 272.75, "maxX": 465.75, "maxY": 531.0}, "class_id": 0, "box_caption": "person 0.001", "scores": {"class_score": 0.00127410888671875}, "domain": "pixel"}, {"position": {"minX": 208.125, "minY": 615.5, "maxX": 224.375, "maxY": 641.5}, "class_id": 0, "box_caption": "person 0.001", "scores": {"class_score": 0.0012645721435546875}, "domain": "pixel"}, {"position": {"minX": 445.0, "minY": 332.75, "maxX": 478.0, "maxY": 431.75}, "class_id": 0, "box_caption": "person 0.001", "scores": {"class_score": 0.0012645721435546875}, "domain": "pixel"}, {"position": {"minX": 269.75, "minY": 251.5, "maxX": 354.25, "maxY": 435.5}, "class_id": 0, "box_caption": "person 0.001", "scores": {"class_score": 0.0012598037719726562}, "domain": "pixel"}, {"position": {"minX": 343.0, "minY": 633.0, "maxX": 385.5, "maxY": 661.0}, "class_id": 0, "box_caption": "person 0.001", "scores": {"class_score": 0.0012598037719726562}, "domain": "pixel"}, {"position": {"minX": 241.625, "minY": 309.0, "maxX": 300.5, "maxY": 478.0}, "class_id": 0, "box_caption": "person 0.001", "scores": {"class_score": 0.001255035400390625}, "domain": "pixel"}, {"position": {"minX": 17.5, "minY": 546.0, "maxX": 78.5, "maxY": 658.0}, "class_id": 0, "box_caption": "person 0.001", "scores": {"class_score": 0.001255035400390625}, "domain": "pixel"}, {"position": {"minX": 607.5, "minY": 141.75, "maxX": 661.5, "maxY": 251.75}, "class_id": 0, "box_caption": "person 0.001", "scores": {"class_score": 0.0012350082397460938}, "domain": "pixel"}, {"position": {"minX": 106.5625, "minY": 533.5, "maxX": 118.1875, "maxY": 553.5}, "class_id": 0, "box_caption": "person 0.001", "scores": {"class_score": 0.001220703125}, "domain": "pixel"}, {"position": {"minX": 213.25, "minY": 33.875, "maxX": 270.5, "maxY": 105.5}, "class_id": 0, "box_caption": "person 0.001", "scores": {"class_score": 0.0012111663818359375}, "domain": "pixel"}, {"position": {"minX": 377.5, "minY": 114.375, "maxX": 422.0, "maxY": 192.375}, "class_id": 0, "box_caption": "person 0.001", "scores": {"class_score": 0.0012111663818359375}, "domain": "pixel"}, {"position": {"minX": 498.5, "minY": 253.75, "maxX": 568.5, "maxY": 464.25}, "class_id": 0, "box_caption": "person 0.001", "scores": {"class_score": 0.0012063980102539062}, "domain": "pixel"}, {"position": {"minX": 203.0, "minY": 616.0, "maxX": 231.75, "maxY": 641.0}, "class_id": 0, "box_caption": "person 0.001", "scores": {"class_score": 0.0011968612670898438}, "domain": "pixel"}, {"position": {"minX": 311.5, "minY": 173.0, "maxX": 406.0, "maxY": 389.0}, "class_id": 0, "box_caption": "person 0.001", "scores": {"class_score": 0.0011920928955078125}, "domain": "pixel"}, {"position": {"minX": 481.5, "minY": 116.375, "maxX": 582.5, "maxY": 362.5}, "class_id": 0, "box_caption": "person 0.001", "scores": {"class_score": 0.0011920928955078125}, "domain": "pixel"}, {"position": {"minX": 427.5, "minY": 496.0, "maxX": 488.0, "maxY": 616.0}, "class_id": 0, "box_caption": "person 0.001", "scores": {"class_score": 0.0011882781982421875}, "domain": "pixel"}, {"position": {"minX": 449.0, "minY": 506.75, "maxX": 463.5, "maxY": 547.0}, "class_id": 0, "box_caption": "person 0.001", "scores": {"class_score": 0.001178741455078125}, "domain": "pixel"}, {"position": {"minX": 275.75, "minY": 112.0625, "maxX": 383.75, "maxY": 263.75}, "class_id": 0, "box_caption": "person 0.001", "scores": {"class_score": 0.0011739730834960938}, "domain": "pixel"}, {"position": {"minX": 442.5, "minY": 323.75, "maxX": 552.5, "maxY": 605.0}, "class_id": 0, "box_caption": "person 0.001", "scores": {"class_score": 0.0011739730834960938}, "domain": "pixel"}, {"position": {"minX": 213.25, "minY": 44.75, "maxX": 320.75, "maxY": 190.25}, "class_id": 0, "box_caption": "person 0.001", "scores": {"class_score": 0.0011692047119140625}, "domain": "pixel"}, {"position": {"minX": 614.5, "minY": 316.0, "maxX": 674.5, "maxY": 607.5}, "class_id": 0, "box_caption": "person 0.001", "scores": {"class_score": 0.0011692047119140625}, "domain": "pixel"}, {"position": {"minX": 628.0, "minY": 124.75, "maxX": 661.0, "maxY": 245.25}, "class_id": 0, "box_caption": "person 0.001", "scores": {"class_score": 0.0011653900146484375}, "domain": "pixel"}, {"position": {"minX": 535.0, "minY": 377.5, "maxX": 634.0, "maxY": 597.5}, "class_id": 0, "box_caption": "person 0.001", "scores": {"class_score": 0.0011653900146484375}, "domain": "pixel"}, {"position": {"minX": 99.875, "minY": 3.5, "maxX": 330.0, "maxY": 430.5}, "class_id": 0, "box_caption": "person 0.001", "scores": {"class_score": 0.0011653900146484375}, "domain": "pixel"}, {"position": {"minX": 375.25, "minY": 301.0, "maxX": 409.75, "maxY": 394.0}, "class_id": 0, "box_caption": "person 0.001", "scores": {"class_score": 0.0011606216430664062}, "domain": "pixel"}, {"position": {"minX": 429.25, "minY": 522.0, "maxX": 449.25, "maxY": 575.0}, "class_id": 0, "box_caption": "person 0.001", "scores": {"class_score": 0.0011606216430664062}, "domain": "pixel"}, {"position": {"minX": 642.0, "minY": 545.0, "maxX": 660.0, "maxY": 616.0}, "class_id": 0, "box_caption": "person 0.001", "scores": {"class_score": 0.0011606216430664062}, "domain": "pixel"}, {"position": {"minX": 190.5, "minY": 318.25, "maxX": 232.5, "maxY": 400.25}, "class_id": 0, "box_caption": "person 0.001", "scores": {"class_score": 0.001155853271484375}, "domain": "pixel"}, {"position": {"minX": 610.0, "minY": 73.5, "maxX": 679.0, "maxY": 536.0}, "class_id": 0, "box_caption": "person 0.001", "scores": {"class_score": 0.001155853271484375}, "domain": "pixel"}, {"position": {"minX": 420.75, "minY": 412.5, "maxX": 577.0, "maxY": 645.5}, "class_id": 0, "box_caption": "person 0.001", "scores": {"class_score": 0.0011472702026367188}, "domain": "pixel"}, {"position": {"minX": 174.25, "minY": 53.4375, "maxX": 310.25, "maxY": 303.25}, "class_id": 0, "box_caption": "person 0.001", "scores": {"class_score": 0.0011425018310546875}, "domain": "pixel"}], "class_labels": {"0": "person"}}