{"box_data": [{"position": {"minX": 360.5, "minY": 139.625, "maxX": 611.0, "maxY": 333.5}, "class_id": 0, "box_caption": "person 0.017", "scores": {"class_score": 0.0169830322265625}, "domain": "pixel"}, {"position": {"minX": 365.75, "minY": 159.5, "maxX": 554.0, "maxY": 293.5}, "class_id": 0, "box_caption": "person 0.014", "scores": {"class_score": 0.01422882080078125}, "domain": "pixel"}, {"position": {"minX": 243.5, "minY": 387.0, "maxX": 256.0, "maxY": 459.0}, "class_id": 0, "box_caption": "person 0.014", "scores": {"class_score": 0.01406097412109375}, "domain": "pixel"}, {"position": {"minX": 324.25, "minY": 97.375, "maxX": 419.75, "maxY": 316.0}, "class_id": 0, "box_caption": "person 0.012", "scores": {"class_score": 0.0119171142578125}, "domain": "pixel"}, {"position": {"minX": 260.25, "minY": 391.5, "maxX": 410.25, "maxY": 668.5}, "class_id": 0, "box_caption": "person 0.012", "scores": {"class_score": 0.011871337890625}, "domain": "pixel"}, {"position": {"minX": 95.8125, "minY": 301.75, "maxX": 251.25, "maxY": 556.0}, "class_id": 0, "box_caption": "person 0.012", "scores": {"class_score": 0.0115966796875}, "domain": "pixel"}, {"position": {"minX": 325.25, "minY": 338.75, "maxX": 415.25, "maxY": 579.0}, "class_id": 0, "box_caption": "person 0.012", "scores": {"class_score": 0.0115966796875}, "domain": "pixel"}, {"position": {"minX": 141.25, "minY": 193.625, "maxX": 272.75, "maxY": 412.0}, "class_id": 0, "box_caption": "person 0.012", "scores": {"class_score": 0.011505126953125}, "domain": "pixel"}, {"position": {"minX": 369.5, "minY": 330.75, "maxX": 493.5, "maxY": 459.25}, "class_id": 0, "box_caption": "person 0.011", "scores": {"class_score": 0.01142120361328125}, "domain": "pixel"}, {"position": {"minX": 318.0, "minY": 172.75, "maxX": 417.0, "maxY": 351.75}, "class_id": 0, "box_caption": "person 0.011", "scores": {"class_score": 0.01142120361328125}, "domain": "pixel"}, {"position": {"minX": 235.375, "minY": 65.25, "maxX": 379.5, "maxY": 275.0}, "class_id": 0, "box_caption": "person 0.011", "scores": {"class_score": 0.01137542724609375}, "domain": "pixel"}, {"position": {"minX": 188.375, "minY": 230.5, "maxX": 294.0, "maxY": 433.0}, "class_id": 0, "box_caption": "person 0.011", "scores": {"class_score": 0.01132965087890625}, "domain": "pixel"}, {"position": {"minX": 191.5, "minY": 87.375, "maxX": 351.0, "maxY": 322.0}, "class_id": 0, "box_caption": "person 0.011", "scores": {"class_score": 0.01107025146484375}, "domain": "pixel"}, {"position": {"minX": 138.375, "minY": 435.5, "maxX": 281.5, "maxY": 684.5}, "class_id": 0, "box_caption": "person 0.011", "scores": {"class_score": 0.0110321044921875}, "domain": "pixel"}, {"position": {"minX": 83.75, "minY": 387.25, "maxX": 266.75, "maxY": 667.0}, "class_id": 0, "box_caption": "person 0.011", "scores": {"class_score": 0.01094818115234375}, "domain": "pixel"}, {"position": {"minX": 338.0, "minY": 146.75, "maxX": 521.0, "maxY": 366.25}, "class_id": 0, "box_caption": "person 0.011", "scores": {"class_score": 0.01090240478515625}, "domain": "pixel"}, {"position": {"minX": 167.5, "minY": 174.0, "maxX": 307.0, "maxY": 375.5}, "class_id": 0, "box_caption": "person 0.011", "scores": {"class_score": 0.0108184814453125}, "domain": "pixel"}, {"position": {"minX": 403.5, "minY": 282.5, "maxX": 595.5, "maxY": 451.0}, "class_id": 0, "box_caption": "person 0.011", "scores": {"class_score": 0.01073455810546875}, "domain": "pixel"}, {"position": {"minX": 430.5, "minY": 143.625, "maxX": 572.0, "maxY": 275.5}, "class_id": 0, "box_caption": "person 0.011", "scores": {"class_score": 0.010528564453125}, "domain": "pixel"}, {"position": {"minX": 475.25, "minY": 84.0625, "maxX": 585.0, "maxY": 265.25}, "class_id": 0, "box_caption": "person 0.010", "scores": {"class_score": 0.01049041748046875}, "domain": "pixel"}, {"position": {"minX": 45.625, "minY": 352.25, "maxX": 240.375, "maxY": 641.0}, "class_id": 0, "box_caption": "person 0.010", "scores": {"class_score": 0.01036834716796875}, "domain": "pixel"}, {"position": {"minX": 242.0, "minY": 425.75, "maxX": 370.0, "maxY": 627.0}, "class_id": 0, "box_caption": "person 0.010", "scores": {"class_score": 0.01036834716796875}, "domain": "pixel"}, {"position": {"minX": 446.5, "minY": 298.5, "maxX": 608.5, "maxY": 501.0}, "class_id": 0, "box_caption": "person 0.010", "scores": {"class_score": 0.0103302001953125}, "domain": "pixel"}, {"position": {"minX": 103.875, "minY": 205.0, "maxX": 248.125, "maxY": 397.5}, "class_id": 0, "box_caption": "person 0.010", "scores": {"class_score": 0.01029205322265625}, "domain": "pixel"}, {"position": {"minX": 236.875, "minY": 362.5, "maxX": 252.875, "maxY": 457.0}, "class_id": 0, "box_caption": "person 0.010", "scores": {"class_score": 0.01024627685546875}, "domain": "pixel"}, {"position": {"minX": 417.0, "minY": 95.625, "maxX": 510.0, "maxY": 257.0}, "class_id": 0, "box_caption": "person 0.010", "scores": {"class_score": 0.01024627685546875}, "domain": "pixel"}, {"position": {"minX": 40.125, "minY": 271.5, "maxX": 187.625, "maxY": 529.0}, "class_id": 0, "box_caption": "person 0.010", "scores": {"class_score": 0.01024627685546875}, "domain": "pixel"}, {"position": {"minX": 218.25, "minY": 148.5, "maxX": 324.75, "maxY": 329.0}, "class_id": 0, "box_caption": "person 0.010", "scores": {"class_score": 0.0102081298828125}, "domain": "pixel"}, {"position": {"minX": 32.75, "minY": 342.5, "maxX": 188.5, "maxY": 585.5}, "class_id": 0, "box_caption": "person 0.010", "scores": {"class_score": 0.01016998291015625}, "domain": "pixel"}, {"position": {"minX": 471.5, "minY": 358.5, "maxX": 585.5, "maxY": 567.5}, "class_id": 0, "box_caption": "person 0.010", "scores": {"class_score": 0.01016998291015625}, "domain": "pixel"}, {"position": {"minX": 436.5, "minY": 73.5625, "maxX": 553.0, "maxY": 276.0}, "class_id": 0, "box_caption": "person 0.010", "scores": {"class_score": 0.0100555419921875}, "domain": "pixel"}, {"position": {"minX": 148.125, "minY": 66.875, "maxX": 269.25, "maxY": 285.0}, "class_id": 0, "box_caption": "person 0.010", "scores": {"class_score": 0.0100555419921875}, "domain": "pixel"}, {"position": {"minX": 287.75, "minY": 305.0, "maxX": 382.25, "maxY": 561.5}, "class_id": 0, "box_caption": "person 0.010", "scores": {"class_score": 0.0100555419921875}, "domain": "pixel"}, {"position": {"minX": 285.75, "minY": 434.25, "maxX": 392.75, "maxY": 692.0}, "class_id": 0, "box_caption": "person 0.010", "scores": {"class_score": 0.0100555419921875}, "domain": "pixel"}, {"position": {"minX": 334.0, "minY": 116.125, "maxX": 468.5, "maxY": 297.0}, "class_id": 0, "box_caption": "person 0.010", "scores": {"class_score": 0.010009765625}, "domain": "pixel"}, {"position": {"minX": 109.4375, "minY": 125.0625, "maxX": 241.0, "maxY": 355.25}, "class_id": 0, "box_caption": "person 0.010", "scores": {"class_score": 0.010009765625}, "domain": "pixel"}, {"position": {"minX": 151.0, "minY": 110.75, "maxX": 270.0, "maxY": 369.25}, "class_id": 0, "box_caption": "person 0.010", "scores": {"class_score": 0.010009765625}, "domain": "pixel"}, {"position": {"minX": 79.625, "minY": 197.375, "maxX": 207.375, "maxY": 407.0}, "class_id": 0, "box_caption": "person 0.010", "scores": {"class_score": 0.0099334716796875}, "domain": "pixel"}, {"position": {"minX": 81.9375, "minY": 85.5, "maxX": 268.5, "maxY": 333.0}, "class_id": 0, "box_caption": "person 0.010", "scores": {"class_score": 0.00989532470703125}, "domain": "pixel"}, {"position": {"minX": 177.0, "minY": 58.75, "maxX": 299.5, "maxY": 287.75}, "class_id": 0, "box_caption": "person 0.010", "scores": {"class_score": 0.009857177734375}, "domain": "pixel"}, {"position": {"minX": 18.75, "minY": 385.0, "maxX": 204.0, "maxY": 671.0}, "class_id": 0, "box_caption": "person 0.010", "scores": {"class_score": 0.0097808837890625}, "domain": "pixel"}, {"position": {"minX": 378.5, "minY": 480.5, "maxX": 488.5, "maxY": 634.5}, "class_id": 0, "box_caption": "person 0.010", "scores": {"class_score": 0.0097808837890625}, "domain": "pixel"}, {"position": {"minX": 156.625, "minY": 115.9375, "maxX": 253.375, "maxY": 299.25}, "class_id": 0, "box_caption": "person 0.010", "scores": {"class_score": 0.009674072265625}, "domain": "pixel"}, {"position": {"minX": 188.375, "minY": 141.5, "maxX": 291.25, "maxY": 330.25}, "class_id": 0, "box_caption": "person 0.010", "scores": {"class_score": 0.00963592529296875}, "domain": "pixel"}, {"position": {"minX": 370.5, "minY": 70.375, "maxX": 495.5, "maxY": 274.0}, "class_id": 0, "box_caption": "person 0.010", "scores": {"class_score": 0.00955963134765625}, "domain": "pixel"}, {"position": {"minX": 143.75, "minY": 349.0, "maxX": 272.0, "maxY": 576.5}, "class_id": 0, "box_caption": "person 0.010", "scores": {"class_score": 0.00955963134765625}, "domain": "pixel"}, {"position": {"minX": 545.0, "minY": 145.0, "maxX": 633.0, "maxY": 334.0}, "class_id": 0, "box_caption": "person 0.010", "scores": {"class_score": 0.009521484375}, "domain": "pixel"}, {"position": {"minX": 302.75, "minY": 254.375, "maxX": 436.25, "maxY": 417.5}, "class_id": 0, "box_caption": "person 0.010", "scores": {"class_score": 0.009521484375}, "domain": "pixel"}, {"position": {"minX": 329.25, "minY": 325.0, "maxX": 413.75, "maxY": 470.5}, "class_id": 0, "box_caption": "person 0.009", "scores": {"class_score": 0.00945281982421875}, "domain": "pixel"}, {"position": {"minX": 177.875, "minY": 1.3125, "maxX": 305.25, "maxY": 220.75}, "class_id": 0, "box_caption": "person 0.009", "scores": {"class_score": 0.00945281982421875}, "domain": "pixel"}, {"position": {"minX": 105.25, "minY": 243.25, "maxX": 247.25, "maxY": 493.25}, "class_id": 0, "box_caption": "person 0.009", "scores": {"class_score": 0.00945281982421875}, "domain": "pixel"}, {"position": {"minX": 185.875, "minY": 449.5, "maxX": 293.5, "maxY": 667.5}, "class_id": 0, "box_caption": "person 0.009", "scores": {"class_score": 0.0094146728515625}, "domain": "pixel"}, {"position": {"minX": 378.25, "minY": 384.5, "maxX": 486.25, "maxY": 608.5}, "class_id": 0, "box_caption": "person 0.009", "scores": {"class_score": 0.00937652587890625}, "domain": "pixel"}, {"position": {"minX": 269.0, "minY": -14.875, "maxX": 400.5, "maxY": 241.875}, "class_id": 0, "box_caption": "person 0.009", "scores": {"class_score": 0.00933837890625}, "domain": "pixel"}, {"position": {"minX": 305.25, "minY": 452.0, "maxX": 431.25, "maxY": 664.0}, "class_id": 0, "box_caption": "person 0.009", "scores": {"class_score": 0.00933837890625}, "domain": "pixel"}, {"position": {"minX": 273.75, "minY": 374.25, "maxX": 403.25, "maxY": 553.0}, "class_id": 0, "box_caption": "person 0.009", "scores": {"class_score": 0.00926971435546875}, "domain": "pixel"}, {"position": {"minX": 289.25, "minY": 162.0, "maxX": 392.75, "maxY": 321.75}, "class_id": 0, "box_caption": "person 0.009", "scores": {"class_score": 0.0092315673828125}, "domain": "pixel"}, {"position": {"minX": 236.875, "minY": 420.5, "maxX": 313.75, "maxY": 638.5}, "class_id": 0, "box_caption": "person 0.009", "scores": {"class_score": 0.0092315673828125}, "domain": "pixel"}, {"position": {"minX": 280.5, "minY": 87.125, "maxX": 711.5, "maxY": 389.5}, "class_id": 0, "box_caption": "person 0.009", "scores": {"class_score": 0.00919342041015625}, "domain": "pixel"}, {"position": {"minX": 461.0, "minY": 123.9375, "maxX": 543.0, "maxY": 304.0}, "class_id": 0, "box_caption": "person 0.009", "scores": {"class_score": 0.00916290283203125}, "domain": "pixel"}, {"position": {"minX": 485.25, "minY": 304.0, "maxX": 572.5, "maxY": 496.0}, "class_id": 0, "box_caption": "person 0.009", "scores": {"class_score": 0.00916290283203125}, "domain": "pixel"}, {"position": {"minX": 284.0, "minY": -2.625, "maxX": 451.5, "maxY": 225.875}, "class_id": 0, "box_caption": "person 0.009", "scores": {"class_score": 0.00916290283203125}, "domain": "pixel"}, {"position": {"minX": 334.5, "minY": 276.5, "maxX": 467.5, "maxY": 457.5}, "class_id": 0, "box_caption": "person 0.009", "scores": {"class_score": 0.009124755859375}, "domain": "pixel"}, {"position": {"minX": 283.0, "minY": 249.625, "maxX": 385.5, "maxY": 424.5}, "class_id": 0, "box_caption": "person 0.009", "scores": {"class_score": 0.00908660888671875}, "domain": "pixel"}, {"position": {"minX": 24.28125, "minY": 225.875, "maxX": 134.75, "maxY": 444.0}, "class_id": 0, "box_caption": "person 0.009", "scores": {"class_score": 0.00905609130859375}, "domain": "pixel"}, {"position": {"minX": 351.0, "minY": 413.0, "maxX": 450.0, "maxY": 645.0}, "class_id": 0, "box_caption": "person 0.009", "scores": {"class_score": 0.00905609130859375}, "domain": "pixel"}, {"position": {"minX": 123.0625, "minY": 320.5, "maxX": 292.0, "maxY": 610.0}, "class_id": 0, "box_caption": "person 0.009", "scores": {"class_score": 0.00905609130859375}, "domain": "pixel"}, {"position": {"minX": 49.59375, "minY": 216.75, "maxX": 176.875, "maxY": 453.25}, "class_id": 0, "box_caption": "person 0.009", "scores": {"class_score": 0.0090179443359375}, "domain": "pixel"}, {"position": {"minX": 149.0, "minY": 318.25, "maxX": 274.25, "maxY": 478.75}, "class_id": 0, "box_caption": "person 0.009", "scores": {"class_score": 0.00894927978515625}, "domain": "pixel"}, {"position": {"minX": 316.5, "minY": 37.5625, "maxX": 420.5, "maxY": 247.0}, "class_id": 0, "box_caption": "person 0.009", "scores": {"class_score": 0.00894927978515625}, "domain": "pixel"}, {"position": {"minX": 327.5, "minY": 47.0625, "maxX": 469.5, "maxY": 248.25}, "class_id": 0, "box_caption": "person 0.009", "scores": {"class_score": 0.00891876220703125}, "domain": "pixel"}, {"position": {"minX": 53.6875, "minY": 230.875, "maxX": 233.25, "maxY": 509.0}, "class_id": 0, "box_caption": "person 0.009", "scores": {"class_score": 0.00891876220703125}, "domain": "pixel"}, {"position": {"minX": 212.0, "minY": 248.75, "maxX": 333.0, "maxY": 420.25}, "class_id": 0, "box_caption": "person 0.009", "scores": {"class_score": 0.008880615234375}, "domain": "pixel"}, {"position": {"minX": 393.25, "minY": 506.75, "maxX": 469.25, "maxY": 676.0}, "class_id": 0, "box_caption": "person 0.009", "scores": {"class_score": 0.00885009765625}, "domain": "pixel"}, {"position": {"minX": 262.0, "minY": 260.25, "maxX": 346.0, "maxY": 417.25}, "class_id": 0, "box_caption": "person 0.009", "scores": {"class_score": 0.00881195068359375}, "domain": "pixel"}, {"position": {"minX": 184.25, "minY": -24.625, "maxX": 364.75, "maxY": 254.125}, "class_id": 0, "box_caption": "person 0.009", "scores": {"class_score": 0.00878143310546875}, "domain": "pixel"}, {"position": {"minX": 356.5, "minY": 497.5, "maxX": 451.0, "maxY": 681.5}, "class_id": 0, "box_caption": "person 0.009", "scores": {"class_score": 0.0087432861328125}, "domain": "pixel"}, {"position": {"minX": 261.0, "minY": 76.5, "maxX": 403.5, "maxY": 335.0}, "class_id": 0, "box_caption": "person 0.009", "scores": {"class_score": 0.0087127685546875}, "domain": "pixel"}, {"position": {"minX": 191.625, "minY": 328.25, "maxX": 287.0, "maxY": 461.75}, "class_id": 0, "box_caption": "person 0.009", "scores": {"class_score": 0.0087127685546875}, "domain": "pixel"}, {"position": {"minX": 509.75, "minY": 312.75, "maxX": 609.5, "maxY": 551.5}, "class_id": 0, "box_caption": "person 0.009", "scores": {"class_score": 0.0087127685546875}, "domain": "pixel"}, {"position": {"minX": 92.9375, "minY": 464.25, "maxX": 255.25, "maxY": 719.0}, "class_id": 0, "box_caption": "person 0.009", "scores": {"class_score": 0.0087127685546875}, "domain": "pixel"}, {"position": {"minX": 415.5, "minY": 479.0, "maxX": 517.0, "maxY": 637.0}, "class_id": 0, "box_caption": "person 0.009", "scores": {"class_score": 0.00867462158203125}, "domain": "pixel"}, {"position": {"minX": 12.25, "minY": 447.5, "maxX": 147.75, "maxY": 674.5}, "class_id": 0, "box_caption": "person 0.009", "scores": {"class_score": 0.00864410400390625}, "domain": "pixel"}, {"position": {"minX": 387.25, "minY": 56.0, "maxX": 539.0, "maxY": 226.5}, "class_id": 0, "box_caption": "person 0.009", "scores": {"class_score": 0.00861358642578125}, "domain": "pixel"}, {"position": {"minX": 403.75, "minY": 330.5, "maxX": 524.0, "maxY": 528.0}, "class_id": 0, "box_caption": "person 0.009", "scores": {"class_score": 0.008575439453125}, "domain": "pixel"}, {"position": {"minX": 380.75, "minY": 107.0, "maxX": 546.0, "maxY": 313.0}, "class_id": 0, "box_caption": "person 0.009", "scores": {"class_score": 0.008544921875}, "domain": "pixel"}, {"position": {"minX": 503.5, "minY": 113.625, "maxX": 615.5, "maxY": 304.5}, "class_id": 0, "box_caption": "person 0.009", "scores": {"class_score": 0.008544921875}, "domain": "pixel"}, {"position": {"minX": 255.0, "minY": 501.25, "maxX": 358.0, "maxY": 686.0}, "class_id": 0, "box_caption": "person 0.009", "scores": {"class_score": 0.008544921875}, "domain": "pixel"}, {"position": {"minX": 159.625, "minY": 5.9375, "maxX": 260.0, "maxY": 213.75}, "class_id": 0, "box_caption": "person 0.008", "scores": {"class_score": 0.00847625732421875}, "domain": "pixel"}, {"position": {"minX": 504.25, "minY": 238.125, "maxX": 628.5, "maxY": 436.0}, "class_id": 0, "box_caption": "person 0.008", "scores": {"class_score": 0.00847625732421875}, "domain": "pixel"}, {"position": {"minX": 326.0, "minY": 484.25, "maxX": 411.0, "maxY": 693.5}, "class_id": 0, "box_caption": "person 0.008", "scores": {"class_score": 0.00847625732421875}, "domain": "pixel"}, {"position": {"minX": 387.5, "minY": 95.0, "maxX": 484.5, "maxY": 326.5}, "class_id": 0, "box_caption": "person 0.008", "scores": {"class_score": 0.00844573974609375}, "domain": "pixel"}, {"position": {"minX": 159.5, "minY": 37.0, "maxX": 377.5, "maxY": 309.75}, "class_id": 0, "box_caption": "person 0.008", "scores": {"class_score": 0.00841522216796875}, "domain": "pixel"}, {"position": {"minX": 204.0, "minY": 297.25, "maxX": 273.25, "maxY": 432.75}, "class_id": 0, "box_caption": "person 0.008", "scores": {"class_score": 0.0083770751953125}, "domain": "pixel"}, {"position": {"minX": 217.125, "minY": 479.0, "maxX": 321.25, "maxY": 700.0}, "class_id": 0, "box_caption": "person 0.008", "scores": {"class_score": 0.0083770751953125}, "domain": "pixel"}, {"position": {"minX": 447.75, "minY": 91.625, "maxX": 601.0, "maxY": 318.5}, "class_id": 0, "box_caption": "person 0.008", "scores": {"class_score": 0.0083465576171875}, "domain": "pixel"}, {"position": {"minX": 74.0, "minY": 266.5, "maxX": 213.25, "maxY": 465.5}, "class_id": 0, "box_caption": "person 0.008", "scores": {"class_score": 0.0083160400390625}, "domain": "pixel"}, {"position": {"minX": 455.5, "minY": 43.375, "maxX": 602.5, "maxY": 245.625}, "class_id": 0, "box_caption": "person 0.008", "scores": {"class_score": 0.0083160400390625}, "domain": "pixel"}, {"position": {"minX": 353.5, "minY": 355.5, "maxX": 450.5, "maxY": 560.0}, "class_id": 0, "box_caption": "person 0.008", "scores": {"class_score": 0.0083160400390625}, "domain": "pixel"}, {"position": {"minX": 26.375, "minY": 387.25, "maxX": 134.375, "maxY": 604.0}, "class_id": 0, "box_caption": "person 0.008", "scores": {"class_score": 0.0083160400390625}, "domain": "pixel"}, {"position": {"minX": 198.625, "minY": 368.75, "maxX": 349.0, "maxY": 631.0}, "class_id": 0, "box_caption": "person 0.008", "scores": {"class_score": 0.0083160400390625}, "domain": "pixel"}, {"position": {"minX": 262.0, "minY": 197.5, "maxX": 460.0, "maxY": 414.5}, "class_id": 0, "box_caption": "person 0.008", "scores": {"class_score": 0.0082855224609375}, "domain": "pixel"}, {"position": {"minX": 158.5, "minY": 282.25, "maxX": 262.0, "maxY": 451.75}, "class_id": 0, "box_caption": "person 0.008", "scores": {"class_score": 0.0082855224609375}, "domain": "pixel"}, {"position": {"minX": 176.75, "minY": 405.5, "maxX": 304.0, "maxY": 578.5}, "class_id": 0, "box_caption": "person 0.008", "scores": {"class_score": 0.0082855224609375}, "domain": "pixel"}, {"position": {"minX": 269.5, "minY": 47.625, "maxX": 466.5, "maxY": 313.0}, "class_id": 0, "box_caption": "person 0.008", "scores": {"class_score": 0.0082855224609375}, "domain": "pixel"}, {"position": {"minX": 16.46875, "minY": 335.0, "maxX": 142.375, "maxY": 529.5}, "class_id": 0, "box_caption": "person 0.008", "scores": {"class_score": 0.00821685791015625}, "domain": "pixel"}, {"position": {"minX": 501.75, "minY": 374.25, "maxX": 621.5, "maxY": 616.0}, "class_id": 0, "box_caption": "person 0.008", "scores": {"class_score": 0.00818634033203125}, "domain": "pixel"}, {"position": {"minX": 0.8125, "minY": 428.5, "maxX": 99.5625, "maxY": 627.5}, "class_id": 0, "box_caption": "person 0.008", "scores": {"class_score": 0.00818634033203125}, "domain": "pixel"}, {"position": {"minX": 582.0, "minY": 250.875, "maxX": 671.0, "maxY": 418.0}, "class_id": 0, "box_caption": "person 0.008", "scores": {"class_score": 0.00815582275390625}, "domain": "pixel"}, {"position": {"minX": 222.125, "minY": 334.25, "maxX": 336.25, "maxY": 455.25}, "class_id": 0, "box_caption": "person 0.008", "scores": {"class_score": 0.00812530517578125}, "domain": "pixel"}, {"position": {"minX": 539.0, "minY": 396.5, "maxX": 649.0, "maxY": 595.0}, "class_id": 0, "box_caption": "person 0.008", "scores": {"class_score": 0.00812530517578125}, "domain": "pixel"}, {"position": {"minX": 7.78125, "minY": 268.25, "maxX": 92.25, "maxY": 466.75}, "class_id": 0, "box_caption": "person 0.008", "scores": {"class_score": 0.00809478759765625}, "domain": "pixel"}, {"position": {"minX": 76.125, "minY": 157.5, "maxX": 275.5, "maxY": 386.5}, "class_id": 0, "box_caption": "person 0.008", "scores": {"class_score": 0.00806427001953125}, "domain": "pixel"}, {"position": {"minX": 427.25, "minY": 513.0, "maxX": 500.25, "maxY": 671.0}, "class_id": 0, "box_caption": "person 0.008", "scores": {"class_score": 0.00800323486328125}, "domain": "pixel"}, {"position": {"minX": 213.125, "minY": 406.25, "maxX": 327.25, "maxY": 584.0}, "class_id": 0, "box_caption": "person 0.008", "scores": {"class_score": 0.007965087890625}, "domain": "pixel"}, {"position": {"minX": 320.25, "minY": 151.25, "maxX": 464.75, "maxY": 408.75}, "class_id": 0, "box_caption": "person 0.008", "scores": {"class_score": 0.007965087890625}, "domain": "pixel"}, {"position": {"minX": 581.5, "minY": 190.75, "maxX": 667.5, "maxY": 352.25}, "class_id": 0, "box_caption": "person 0.008", "scores": {"class_score": 0.007904052734375}, "domain": "pixel"}, {"position": {"minX": 555.0, "minY": 318.0, "maxX": 634.0, "maxY": 481.5}, "class_id": 0, "box_caption": "person 0.008", "scores": {"class_score": 0.007904052734375}, "domain": "pixel"}, {"position": {"minX": 309.0, "minY": -20.5625, "maxX": 429.5, "maxY": 179.0}, "class_id": 0, "box_caption": "person 0.008", "scores": {"class_score": 0.007904052734375}, "domain": "pixel"}, {"position": {"minX": 233.25, "minY": 186.0, "maxX": 378.25, "maxY": 345.5}, "class_id": 0, "box_caption": "person 0.008", "scores": {"class_score": 0.007904052734375}, "domain": "pixel"}, {"position": {"minX": 594.5, "minY": 284.5, "maxX": 654.5, "maxY": 450.5}, "class_id": 0, "box_caption": "person 0.008", "scores": {"class_score": 0.00787353515625}, "domain": "pixel"}, {"position": {"minX": 434.0, "minY": 451.0, "maxX": 558.0, "maxY": 669.0}, "class_id": 0, "box_caption": "person 0.008", "scores": {"class_score": 0.00787353515625}, "domain": "pixel"}, {"position": {"minX": 377.0, "minY": 562.5, "maxX": 437.5, "maxY": 682.5}, "class_id": 0, "box_caption": "person 0.008", "scores": {"class_score": 0.007843017578125}, "domain": "pixel"}, {"position": {"minX": 249.125, "minY": 264.0, "maxX": 420.5, "maxY": 598.0}, "class_id": 0, "box_caption": "person 0.008", "scores": {"class_score": 0.007843017578125}, "domain": "pixel"}, {"position": {"minX": 291.0, "minY": -34.59375, "maxX": 386.0, "maxY": 129.5}, "class_id": 0, "box_caption": "person 0.008", "scores": {"class_score": 0.0078125}, "domain": "pixel"}, {"position": {"minX": 546.5, "minY": 281.75, "maxX": 642.5, "maxY": 447.75}, "class_id": 0, "box_caption": "person 0.008", "scores": {"class_score": 0.007755279541015625}, "domain": "pixel"}, {"position": {"minX": 452.0, "minY": 322.5, "maxX": 540.5, "maxY": 471.0}, "class_id": 0, "box_caption": "person 0.008", "scores": {"class_score": 0.007755279541015625}, "domain": "pixel"}, {"position": {"minX": 258.0, "minY": -32.25, "maxX": 356.0, "maxY": 130.125}, "class_id": 0, "box_caption": "person 0.008", "scores": {"class_score": 0.007755279541015625}, "domain": "pixel"}, {"position": {"minX": 194.25, "minY": 49.0, "maxX": 282.0, "maxY": 239.5}, "class_id": 0, "box_caption": "person 0.008", "scores": {"class_score": 0.007724761962890625}, "domain": "pixel"}, {"position": {"minX": 157.125, "minY": -26.75, "maxX": 263.0, "maxY": 124.375}, "class_id": 0, "box_caption": "person 0.008", "scores": {"class_score": 0.007694244384765625}, "domain": "pixel"}, {"position": {"minX": 208.375, "minY": 302.5, "maxX": 274.5, "maxY": 555.5}, "class_id": 0, "box_caption": "person 0.008", "scores": {"class_score": 0.007694244384765625}, "domain": "pixel"}, {"position": {"minX": 61.125, "minY": 331.0, "maxX": 224.125, "maxY": 534.5}, "class_id": 0, "box_caption": "person 0.008", "scores": {"class_score": 0.00766754150390625}, "domain": "pixel"}, {"position": {"minX": 251.5, "minY": 112.5, "maxX": 365.0, "maxY": 301.0}, "class_id": 0, "box_caption": "person 0.008", "scores": {"class_score": 0.00763702392578125}, "domain": "pixel"}, {"position": {"minX": 197.75, "minY": 509.5, "maxX": 286.25, "maxY": 674.5}, "class_id": 0, "box_caption": "person 0.008", "scores": {"class_score": 0.00763702392578125}, "domain": "pixel"}, {"position": {"minX": 519.0, "minY": 119.5625, "maxX": 669.0, "maxY": 366.5}, "class_id": 0, "box_caption": "person 0.008", "scores": {"class_score": 0.00760650634765625}, "domain": "pixel"}, {"position": {"minX": 98.9375, "minY": 354.5, "maxX": 314.5, "maxY": 701.5}, "class_id": 0, "box_caption": "person 0.008", "scores": {"class_score": 0.00760650634765625}, "domain": "pixel"}, {"position": {"minX": 235.25, "minY": 318.75, "maxX": 370.25, "maxY": 538.5}, "class_id": 0, "box_caption": "person 0.008", "scores": {"class_score": 0.00757598876953125}, "domain": "pixel"}, {"position": {"minX": 234.5, "minY": -30.1875, "maxX": 438.5, "maxY": 260.0}, "class_id": 0, "box_caption": "person 0.008", "scores": {"class_score": 0.00757598876953125}, "domain": "pixel"}, {"position": {"minX": 214.125, "minY": -42.375, "maxX": 334.0, "maxY": 138.0}, "class_id": 0, "box_caption": "person 0.008", "scores": {"class_score": 0.007549285888671875}, "domain": "pixel"}, {"position": {"minX": 592.5, "minY": 345.75, "maxX": 657.5, "maxY": 513.0}, "class_id": 0, "box_caption": "person 0.008", "scores": {"class_score": 0.007549285888671875}, "domain": "pixel"}, {"position": {"minX": 199.0, "minY": 343.25, "maxX": 284.5, "maxY": 525.0}, "class_id": 0, "box_caption": "person 0.008", "scores": {"class_score": 0.007518768310546875}, "domain": "pixel"}, {"position": {"minX": 205.75, "minY": 356.25, "maxX": 342.75, "maxY": 500.25}, "class_id": 0, "box_caption": "person 0.008", "scores": {"class_score": 0.007518768310546875}, "domain": "pixel"}, {"position": {"minX": 329.25, "minY": 315.5, "maxX": 467.75, "maxY": 542.5}, "class_id": 0, "box_caption": "person 0.008", "scores": {"class_score": 0.007518768310546875}, "domain": "pixel"}, {"position": {"minX": 482.25, "minY": 388.75, "maxX": 571.5, "maxY": 611.0}, "class_id": 0, "box_caption": "person 0.007", "scores": {"class_score": 0.007488250732421875}, "domain": "pixel"}, {"position": {"minX": 168.625, "minY": 61.9375, "maxX": 252.125, "maxY": 228.0}, "class_id": 0, "box_caption": "person 0.007", "scores": {"class_score": 0.0074615478515625}, "domain": "pixel"}, {"position": {"minX": 100.5625, "minY": 179.875, "maxX": 188.5, "maxY": 367.0}, "class_id": 0, "box_caption": "person 0.007", "scores": {"class_score": 0.0074615478515625}, "domain": "pixel"}, {"position": {"minX": 98.625, "minY": 10.5, "maxX": 246.625, "maxY": 280.25}, "class_id": 0, "box_caption": "person 0.007", "scores": {"class_score": 0.0074615478515625}, "domain": "pixel"}, {"position": {"minX": 270.25, "minY": 265.25, "maxX": 525.0, "maxY": 403.25}, "class_id": 0, "box_caption": "person 0.007", "scores": {"class_score": 0.0074615478515625}, "domain": "pixel"}, {"position": {"minX": 362.0, "minY": 382.5, "maxX": 504.0, "maxY": 540.5}, "class_id": 0, "box_caption": "person 0.007", "scores": {"class_score": 0.0074615478515625}, "domain": "pixel"}, {"position": {"minX": 56.5625, "minY": 337.75, "maxX": 170.5, "maxY": 524.0}, "class_id": 0, "box_caption": "person 0.007", "scores": {"class_score": 0.0074310302734375}, "domain": "pixel"}, {"position": {"minX": 53.875, "minY": 177.25, "maxX": 169.5, "maxY": 368.25}, "class_id": 0, "box_caption": "person 0.007", "scores": {"class_score": 0.0074310302734375}, "domain": "pixel"}, {"position": {"minX": 508.5, "minY": 159.25, "maxX": 618.5, "maxY": 376.75}, "class_id": 0, "box_caption": "person 0.007", "scores": {"class_score": 0.0074310302734375}, "domain": "pixel"}, {"position": {"minX": 184.125, "minY": -22.65625, "maxX": 299.0, "maxY": 121.375}, "class_id": 0, "box_caption": "person 0.007", "scores": {"class_score": 0.007404327392578125}, "domain": "pixel"}, {"position": {"minX": 192.625, "minY": -15.5, "maxX": 350.0, "maxY": 174.875}, "class_id": 0, "box_caption": "person 0.007", "scores": {"class_score": 0.007373809814453125}, "domain": "pixel"}, {"position": {"minX": 29.9375, "minY": 479.5, "maxX": 193.0, "maxY": 708.5}, "class_id": 0, "box_caption": "person 0.007", "scores": {"class_score": 0.007373809814453125}, "domain": "pixel"}, {"position": {"minX": 450.0, "minY": 309.5, "maxX": 540.0, "maxY": 552.5}, "class_id": 0, "box_caption": "person 0.007", "scores": {"class_score": 0.00734710693359375}, "domain": "pixel"}, {"position": {"minX": 255.5, "minY": 376.75, "maxX": 356.5, "maxY": 542.0}, "class_id": 0, "box_caption": "person 0.007", "scores": {"class_score": 0.00731658935546875}, "domain": "pixel"}, {"position": {"minX": 616.0, "minY": 242.875, "maxX": 697.0, "maxY": 428.0}, "class_id": 0, "box_caption": "person 0.007", "scores": {"class_score": 0.00731658935546875}, "domain": "pixel"}, {"position": {"minX": 241.875, "minY": 11.125, "maxX": 364.5, "maxY": 212.875}, "class_id": 0, "box_caption": "person 0.007", "scores": {"class_score": 0.007289886474609375}, "domain": "pixel"}, {"position": {"minX": 358.5, "minY": 298.75, "maxX": 503.0, "maxY": 503.75}, "class_id": 0, "box_caption": "person 0.007", "scores": {"class_score": 0.007289886474609375}, "domain": "pixel"}, {"position": {"minX": 516.0, "minY": 72.6875, "maxX": 673.0, "maxY": 278.0}, "class_id": 0, "box_caption": "person 0.007", "scores": {"class_score": 0.007232666015625}, "domain": "pixel"}, {"position": {"minX": 574.0, "minY": 147.125, "maxX": 675.0, "maxY": 330.5}, "class_id": 0, "box_caption": "person 0.007", "scores": {"class_score": 0.007232666015625}, "domain": "pixel"}, {"position": {"minX": -27.09375, "minY": 464.25, "maxX": 62.03125, "maxY": 655.0}, "class_id": 0, "box_caption": "person 0.007", "scores": {"class_score": 0.007232666015625}, "domain": "pixel"}, {"position": {"minX": 366.25, "minY": 272.5, "maxX": 559.0, "maxY": 529.0}, "class_id": 0, "box_caption": "person 0.007", "scores": {"class_score": 0.007205963134765625}, "domain": "pixel"}, {"position": {"minX": 277.0, "minY": 395.0, "maxX": 456.0, "maxY": 727.0}, "class_id": 0, "box_caption": "person 0.007", "scores": {"class_score": 0.007205963134765625}, "domain": "pixel"}, {"position": {"minX": 244.875, "minY": 163.5, "maxX": 307.5, "maxY": 319.5}, "class_id": 0, "box_caption": "person 0.007", "scores": {"class_score": 0.007175445556640625}, "domain": "pixel"}, {"position": {"minX": 585.5, "minY": 399.5, "maxX": 662.5, "maxY": 588.5}, "class_id": 0, "box_caption": "person 0.007", "scores": {"class_score": 0.007175445556640625}, "domain": "pixel"}, {"position": {"minX": 66.8125, "minY": 248.5, "maxX": 285.25, "maxY": 552.5}, "class_id": 0, "box_caption": "person 0.007", "scores": {"class_score": 0.007175445556640625}, "domain": "pixel"}, {"position": {"minX": 355.0, "minY": 148.375, "maxX": 441.0, "maxY": 350.0}, "class_id": 0, "box_caption": "person 0.007", "scores": {"class_score": 0.00714874267578125}, "domain": "pixel"}, {"position": {"minX": 330.5, "minY": 398.0, "maxX": 399.0, "maxY": 586.0}, "class_id": 0, "box_caption": "person 0.007", "scores": {"class_score": 0.00714874267578125}, "domain": "pixel"}, {"position": {"minX": 412.0, "minY": 419.25, "maxX": 521.5, "maxY": 575.0}, "class_id": 0, "box_caption": "person 0.007", "scores": {"class_score": 0.00714874267578125}, "domain": "pixel"}, {"position": {"minX": 302.25, "minY": -23.125, "maxX": 497.75, "maxY": 247.125}, "class_id": 0, "box_caption": "person 0.007", "scores": {"class_score": 0.00714874267578125}, "domain": "pixel"}, {"position": {"minX": 553.5, "minY": 374.75, "maxX": 630.5, "maxY": 545.0}, "class_id": 0, "box_caption": "person 0.007", "scores": {"class_score": 0.007122039794921875}, "domain": "pixel"}, {"position": {"minX": 109.5, "minY": -28.9375, "maxX": 241.0, "maxY": 192.0}, "class_id": 0, "box_caption": "person 0.007", "scores": {"class_score": 0.007122039794921875}, "domain": "pixel"}, {"position": {"minX": 279.25, "minY": -4.8125, "maxX": 392.75, "maxY": 166.5}, "class_id": 0, "box_caption": "person 0.007", "scores": {"class_score": 0.0070953369140625}, "domain": "pixel"}, {"position": {"minX": 69.9375, "minY": 215.875, "maxX": 154.5, "maxY": 393.0}, "class_id": 0, "box_caption": "person 0.007", "scores": {"class_score": 0.0070953369140625}, "domain": "pixel"}, {"position": {"minX": 122.5, "minY": -27.96875, "maxX": 234.25, "maxY": 124.625}, "class_id": 0, "box_caption": "person 0.007", "scores": {"class_score": 0.0070953369140625}, "domain": "pixel"}, {"position": {"minX": 464.75, "minY": 298.75, "maxX": 651.5, "maxY": 571.0}, "class_id": 0, "box_caption": "person 0.007", "scores": {"class_score": 0.0070953369140625}, "domain": "pixel"}, {"position": {"minX": 17.25, "minY": 199.0, "maxX": 81.4375, "maxY": 347.5}, "class_id": 0, "box_caption": "person 0.007", "scores": {"class_score": 0.0070648193359375}, "domain": "pixel"}, {"position": {"minX": 26.125, "minY": -14.5, "maxX": 258.5, "maxY": 313.0}, "class_id": 0, "box_caption": "person 0.007", "scores": {"class_score": 0.0070648193359375}, "domain": "pixel"}, {"position": {"minX": 539.0, "minY": 458.5, "maxX": 645.0, "maxY": 657.5}, "class_id": 0, "box_caption": "person 0.007", "scores": {"class_score": 0.0070648193359375}, "domain": "pixel"}, {"position": {"minX": 556.0, "minY": 261.0, "maxX": 636.0, "maxY": 407.5}, "class_id": 0, "box_caption": "person 0.007", "scores": {"class_score": 0.00701141357421875}, "domain": "pixel"}, {"position": {"minX": 618.5, "minY": 176.75, "maxX": 695.5, "maxY": 364.25}, "class_id": 0, "box_caption": "person 0.007", "scores": {"class_score": 0.00701141357421875}, "domain": "pixel"}, {"position": {"minX": 361.0, "minY": 410.5, "maxX": 439.5, "maxY": 576.5}, "class_id": 0, "box_caption": "person 0.007", "scores": {"class_score": 0.006984710693359375}, "domain": "pixel"}, {"position": {"minX": 205.0, "minY": 49.25, "maxX": 332.0, "maxY": 240.5}, "class_id": 0, "box_caption": "person 0.007", "scores": {"class_score": 0.0069580078125}, "domain": "pixel"}, {"position": {"minX": -28.1875, "minY": 239.0, "maxX": 63.75, "maxY": 430.5}, "class_id": 0, "box_caption": "person 0.007", "scores": {"class_score": 0.0069580078125}, "domain": "pixel"}, {"position": {"minX": 475.25, "minY": 456.0, "maxX": 581.0, "maxY": 660.0}, "class_id": 0, "box_caption": "person 0.007", "scores": {"class_score": 0.0069580078125}, "domain": "pixel"}, {"position": {"minX": 47.0625, "minY": 444.5, "maxX": 235.5, "maxY": 673.5}, "class_id": 0, "box_caption": "person 0.007", "scores": {"class_score": 0.006931304931640625}, "domain": "pixel"}, {"position": {"minX": 173.75, "minY": 287.0, "maxX": 301.5, "maxY": 444.5}, "class_id": 0, "box_caption": "person 0.007", "scores": {"class_score": 0.006931304931640625}, "domain": "pixel"}, {"position": {"minX": 222.125, "minY": 361.0, "maxX": 253.625, "maxY": 417.5}, "class_id": 0, "box_caption": "person 0.007", "scores": {"class_score": 0.00690460205078125}, "domain": "pixel"}, {"position": {"minX": 561.0, "minY": 244.75, "maxX": 627.0, "maxY": 367.25}, "class_id": 0, "box_caption": "person 0.007", "scores": {"class_score": 0.00690460205078125}, "domain": "pixel"}, {"position": {"minX": 590.5, "minY": 221.125, "maxX": 661.5, "maxY": 390.5}, "class_id": 0, "box_caption": "person 0.007", "scores": {"class_score": 0.00690460205078125}, "domain": "pixel"}, {"position": {"minX": 453.75, "minY": 400.25, "maxX": 543.5, "maxY": 588.0}, "class_id": 0, "box_caption": "person 0.007", "scores": {"class_score": 0.00690460205078125}, "domain": "pixel"}, {"position": {"minX": 13.4375, "minY": 501.0, "maxX": 86.125, "maxY": 682.0}, "class_id": 0, "box_caption": "person 0.007", "scores": {"class_score": 0.00690460205078125}, "domain": "pixel"}, {"position": {"minX": 46.5, "minY": 191.0, "maxX": 116.0, "maxY": 353.0}, "class_id": 0, "box_caption": "person 0.007", "scores": {"class_score": 0.006877899169921875}, "domain": "pixel"}, {"position": {"minX": 242.125, "minY": 283.0, "maxX": 317.75, "maxY": 448.0}, "class_id": 0, "box_caption": "person 0.007", "scores": {"class_score": 0.0068511962890625}, "domain": "pixel"}, {"position": {"minX": 12.5625, "minY": 154.75, "maxX": 84.125, "maxY": 323.5}, "class_id": 0, "box_caption": "person 0.007", "scores": {"class_score": 0.00679779052734375}, "domain": "pixel"}, {"position": {"minX": 455.5, "minY": 482.0, "maxX": 537.0, "maxY": 635.0}, "class_id": 0, "box_caption": "person 0.007", "scores": {"class_score": 0.006744384765625}, "domain": "pixel"}, {"position": {"minX": 584.5, "minY": 516.5, "maxX": 664.5, "maxY": 666.5}, "class_id": 0, "box_caption": "person 0.007", "scores": {"class_score": 0.006717681884765625}, "domain": "pixel"}, {"position": {"minX": 404.25, "minY": 555.0, "maxX": 467.75, "maxY": 695.0}, "class_id": 0, "box_caption": "person 0.007", "scores": {"class_score": 0.006717681884765625}, "domain": "pixel"}, {"position": {"minX": 11.5625, "minY": 216.0, "maxX": 90.125, "maxY": 390.0}, "class_id": 0, "box_caption": "person 0.007", "scores": {"class_score": 0.006717681884765625}, "domain": "pixel"}, {"position": {"minX": 2.40625, "minY": 371.5, "maxX": 96.125, "maxY": 557.0}, "class_id": 0, "box_caption": "person 0.007", "scores": {"class_score": 0.006717681884765625}, "domain": "pixel"}, {"position": {"minX": 295.0, "minY": 540.0, "maxX": 374.5, "maxY": 704.0}, "class_id": 0, "box_caption": "person 0.007", "scores": {"class_score": 0.006717681884765625}, "domain": "pixel"}, {"position": {"minX": 6.3125, "minY": 225.75, "maxX": 153.0, "maxY": 508.75}, "class_id": 0, "box_caption": "person 0.007", "scores": {"class_score": 0.006717681884765625}, "domain": "pixel"}, {"position": {"minX": 283.75, "minY": 485.5, "maxX": 389.25, "maxY": 639.5}, "class_id": 0, "box_caption": "person 0.007", "scores": {"class_score": 0.00669097900390625}, "domain": "pixel"}, {"position": {"minX": 503.75, "minY": 462.5, "maxX": 617.0, "maxY": 657.5}, "class_id": 0, "box_caption": "person 0.007", "scores": {"class_score": 0.00669097900390625}, "domain": "pixel"}, {"position": {"minX": 549.5, "minY": 542.5, "maxX": 636.5, "maxY": 703.5}, "class_id": 0, "box_caption": "person 0.007", "scores": {"class_score": 0.00669097900390625}, "domain": "pixel"}, {"position": {"minX": 320.5, "minY": 434.5, "maxX": 476.0, "maxY": 691.5}, "class_id": 0, "box_caption": "person 0.007", "scores": {"class_score": 0.00669097900390625}, "domain": "pixel"}, {"position": {"minX": 396.0, "minY": -3.0625, "maxX": 594.5, "maxY": 232.0}, "class_id": 0, "box_caption": "person 0.007", "scores": {"class_score": 0.0066680908203125}, "domain": "pixel"}, {"position": {"minX": 35.75, "minY": 150.0, "maxX": 126.5, "maxY": 330.5}, "class_id": 0, "box_caption": "person 0.007", "scores": {"class_score": 0.0066680908203125}, "domain": "pixel"}, {"position": {"minX": 614.5, "minY": 439.25, "maxX": 698.5, "maxY": 615.0}, "class_id": 0, "box_caption": "person 0.007", "scores": {"class_score": 0.0066680908203125}, "domain": "pixel"}, {"position": {"minX": 514.5, "minY": 537.0, "maxX": 607.5, "maxY": 708.0}, "class_id": 0, "box_caption": "person 0.007", "scores": {"class_score": 0.00661468505859375}, "domain": "pixel"}, {"position": {"minX": 129.5, "minY": -55.8125, "maxX": 289.0, "maxY": 153.0}, "class_id": 0, "box_caption": "person 0.007", "scores": {"class_score": 0.00661468505859375}, "domain": "pixel"}, {"position": {"minX": 390.25, "minY": 412.75, "maxX": 470.25, "maxY": 577.0}, "class_id": 0, "box_caption": "person 0.007", "scores": {"class_score": 0.006587982177734375}, "domain": "pixel"}, {"position": {"minX": 514.0, "minY": 411.0, "maxX": 609.0, "maxY": 584.0}, "class_id": 0, "box_caption": "person 0.007", "scores": {"class_score": 0.006587982177734375}, "domain": "pixel"}, {"position": {"minX": 155.625, "minY": 499.5, "maxX": 260.0, "maxY": 683.5}, "class_id": 0, "box_caption": "person 0.007", "scores": {"class_score": 0.006587982177734375}, "domain": "pixel"}, {"position": {"minX": 605.0, "minY": 150.75, "maxX": 703.0, "maxY": 327.75}, "class_id": 0, "box_caption": "person 0.007", "scores": {"class_score": 0.006587982177734375}, "domain": "pixel"}, {"position": {"minX": 59.6875, "minY": 172.75, "maxX": 231.75, "maxY": 439.75}, "class_id": 0, "box_caption": "person 0.007", "scores": {"class_score": 0.006587982177734375}, "domain": "pixel"}, {"position": {"minX": 482.5, "minY": 204.5, "maxX": 639.5, "maxY": 389.0}, "class_id": 0, "box_caption": "person 0.007", "scores": {"class_score": 0.00653839111328125}, "domain": "pixel"}, {"position": {"minX": -29.96875, "minY": 371.75, "maxX": 65.0, "maxY": 554.0}, "class_id": 0, "box_caption": "person 0.007", "scores": {"class_score": 0.00653839111328125}, "domain": "pixel"}, {"position": {"minX": 259.5, "minY": 571.0, "maxX": 353.5, "maxY": 737.0}, "class_id": 0, "box_caption": "person 0.007", "scores": {"class_score": 0.00653839111328125}, "domain": "pixel"}, {"position": {"minX": 361.0, "minY": 579.0, "maxX": 438.0, "maxY": 733.0}, "class_id": 0, "box_caption": "person 0.007", "scores": {"class_score": 0.00653839111328125}, "domain": "pixel"}, {"position": {"minX": -16.0625, "minY": 193.75, "maxX": 50.875, "maxY": 349.25}, "class_id": 0, "box_caption": "person 0.007", "scores": {"class_score": 0.006511688232421875}, "domain": "pixel"}, {"position": {"minX": 597.0, "minY": 384.25, "maxX": 652.0, "maxY": 540.0}, "class_id": 0, "box_caption": "person 0.007", "scores": {"class_score": 0.006511688232421875}, "domain": "pixel"}, {"position": {"minX": 590.0, "minY": 551.0, "maxX": 662.0, "maxY": 697.0}, "class_id": 0, "box_caption": "person 0.007", "scores": {"class_score": 0.006511688232421875}, "domain": "pixel"}, {"position": {"minX": 485.25, "minY": 550.0, "maxX": 570.0, "maxY": 698.0}, "class_id": 0, "box_caption": "person 0.007", "scores": {"class_score": 0.006511688232421875}, "domain": "pixel"}, {"position": {"minX": 291.0, "minY": 367.5, "maxX": 448.5, "maxY": 627.0}, "class_id": 0, "box_caption": "person 0.007", "scores": {"class_score": 0.006511688232421875}, "domain": "pixel"}, {"position": {"minX": 467.25, "minY": 152.75, "maxX": 584.5, "maxY": 330.25}, "class_id": 0, "box_caption": "person 0.006", "scores": {"class_score": 0.006488800048828125}, "domain": "pixel"}, {"position": {"minX": 118.4375, "minY": 33.0, "maxX": 301.5, "maxY": 318.5}, "class_id": 0, "box_caption": "person 0.006", "scores": {"class_score": 0.006488800048828125}, "domain": "pixel"}, {"position": {"minX": 625.5, "minY": 318.0, "maxX": 690.5, "maxY": 481.0}, "class_id": 0, "box_caption": "person 0.006", "scores": {"class_score": 0.00646209716796875}, "domain": "pixel"}, {"position": {"minX": 319.25, "minY": -26.6875, "maxX": 419.75, "maxY": 122.4375}, "class_id": 0, "box_caption": "person 0.006", "scores": {"class_score": 0.00646209716796875}, "domain": "pixel"}, {"position": {"minX": -30.8125, "minY": 304.5, "maxX": 63.6875, "maxY": 496.5}, "class_id": 0, "box_caption": "person 0.006", "scores": {"class_score": 0.00646209716796875}, "domain": "pixel"}, {"position": {"minX": 543.5, "minY": 575.0, "maxX": 642.5, "maxY": 737.0}, "class_id": 0, "box_caption": "person 0.006", "scores": {"class_score": 0.00646209716796875}, "domain": "pixel"}, {"position": {"minX": 164.0, "minY": 426.5, "maxX": 322.0, "maxY": 695.5}, "class_id": 0, "box_caption": "person 0.006", "scores": {"class_score": 0.00646209716796875}, "domain": "pixel"}, {"position": {"minX": 49.46875, "minY": 401.0, "maxX": 173.0, "maxY": 594.5}, "class_id": 0, "box_caption": "person 0.006", "scores": {"class_score": 0.006439208984375}, "domain": "pixel"}, {"position": {"minX": 42.0, "minY": -43.75, "maxX": 246.0, "maxY": 209.5}, "class_id": 0, "box_caption": "person 0.006", "scores": {"class_score": 0.006439208984375}, "domain": "pixel"}, {"position": {"minX": 16.8125, "minY": 98.4375, "maxX": 209.5, "maxY": 322.25}, "class_id": 0, "box_caption": "person 0.006", "scores": {"class_score": 0.006439208984375}, "domain": "pixel"}, {"position": {"minX": 455.5, "minY": 549.5, "maxX": 541.5, "maxY": 697.5}, "class_id": 0, "box_caption": "person 0.006", "scores": {"class_score": 0.006439208984375}, "domain": "pixel"}, {"position": {"minX": 120.0, "minY": 44.25, "maxX": 234.5, "maxY": 241.25}, "class_id": 0, "box_caption": "person 0.006", "scores": {"class_score": 0.006412506103515625}, "domain": "pixel"}, {"position": {"minX": 393.5, "minY": 334.0, "maxX": 541.5, "maxY": 461.0}, "class_id": 0, "box_caption": "person 0.006", "scores": {"class_score": 0.006412506103515625}, "domain": "pixel"}, {"position": {"minX": 623.5, "minY": 515.0, "maxX": 692.5, "maxY": 671.0}, "class_id": 0, "box_caption": "person 0.006", "scores": {"class_score": 0.006412506103515625}, "domain": "pixel"}, {"position": {"minX": 595.0, "minY": 45.9375, "maxX": 718.0, "maxY": 244.25}, "class_id": 0, "box_caption": "person 0.006", "scores": {"class_score": 0.006412506103515625}, "domain": "pixel"}, {"position": {"minX": 610.5, "minY": 92.1875, "maxX": 702.5, "maxY": 258.25}, "class_id": 0, "box_caption": "person 0.006", "scores": {"class_score": 0.006412506103515625}, "domain": "pixel"}, {"position": {"minX": 616.0, "minY": 549.0, "maxX": 696.0, "maxY": 698.0}, "class_id": 0, "box_caption": "person 0.006", "scores": {"class_score": 0.006412506103515625}, "domain": "pixel"}, {"position": {"minX": 608.5, "minY": 577.0, "maxX": 704.5, "maxY": 735.0}, "class_id": 0, "box_caption": "person 0.006", "scores": {"class_score": 0.006412506103515625}, "domain": "pixel"}, {"position": {"minX": 522.5, "minY": 209.875, "maxX": 597.5, "maxY": 344.5}, "class_id": 0, "box_caption": "person 0.006", "scores": {"class_score": 0.006389617919921875}, "domain": "pixel"}, {"position": {"minX": 442.0, "minY": 163.5, "maxX": 620.0, "maxY": 397.0}, "class_id": 0, "box_caption": "person 0.006", "scores": {"class_score": 0.0063629150390625}, "domain": "pixel"}, {"position": {"minX": 334.0, "minY": 553.0, "maxX": 408.0, "maxY": 696.0}, "class_id": 0, "box_caption": "person 0.006", "scores": {"class_score": 0.00634002685546875}, "domain": "pixel"}, {"position": {"minX": 224.125, "minY": 264.0, "maxX": 380.5, "maxY": 478.5}, "class_id": 0, "box_caption": "person 0.006", "scores": {"class_score": 0.00634002685546875}, "domain": "pixel"}, {"position": {"minX": 581.5, "minY": 578.0, "maxX": 669.5, "maxY": 734.0}, "class_id": 0, "box_caption": "person 0.006", "scores": {"class_score": 0.00634002685546875}, "domain": "pixel"}, {"position": {"minX": -21.5625, "minY": 154.25, "maxX": 55.6875, "maxY": 323.75}, "class_id": 0, "box_caption": "person 0.006", "scores": {"class_score": 0.006290435791015625}, "domain": "pixel"}, {"position": {"minX": 181.5, "minY": 247.5, "maxX": 430.5, "maxY": 431.5}, "class_id": 0, "box_caption": "person 0.006", "scores": {"class_score": 0.006290435791015625}, "domain": "pixel"}, {"position": {"minX": 325.75, "minY": 299.0, "maxX": 532.0, "maxY": 623.0}, "class_id": 0, "box_caption": "person 0.006", "scores": {"class_score": 0.006290435791015625}, "domain": "pixel"}, {"position": {"minX": 388.0, "minY": 406.75, "maxX": 548.0, "maxY": 650.0}, "class_id": 0, "box_caption": "person 0.006", "scores": {"class_score": 0.006290435791015625}, "domain": "pixel"}, {"position": {"minX": 229.25, "minY": 224.25, "maxX": 387.25, "maxY": 380.75}, "class_id": 0, "box_caption": "person 0.006", "scores": {"class_score": 0.0062408447265625}, "domain": "pixel"}, {"position": {"minX": 450.5, "minY": 207.0, "maxX": 599.5, "maxY": 323.0}, "class_id": 0, "box_caption": "person 0.006", "scores": {"class_score": 0.00621795654296875}, "domain": "pixel"}, {"position": {"minX": 9.3125, "minY": 185.25, "maxX": 153.75, "maxY": 423.25}, "class_id": 0, "box_caption": "person 0.006", "scores": {"class_score": 0.00621795654296875}, "domain": "pixel"}, {"position": {"minX": 200.5, "minY": 166.875, "maxX": 341.0, "maxY": 372.5}, "class_id": 0, "box_caption": "person 0.006", "scores": {"class_score": 0.006191253662109375}, "domain": "pixel"}, {"position": {"minX": 230.25, "minY": 547.5, "maxX": 314.75, "maxY": 698.5}, "class_id": 0, "box_caption": "person 0.006", "scores": {"class_score": 0.006168365478515625}, "domain": "pixel"}, {"position": {"minX": 73.1875, "minY": -45.125, "maxX": 220.0, "maxY": 143.5}, "class_id": 0, "box_caption": "person 0.006", "scores": {"class_score": 0.006168365478515625}, "domain": "pixel"}, {"position": {"minX": 619.0, "minY": 377.5, "maxX": 698.0, "maxY": 546.5}, "class_id": 0, "box_caption": "person 0.006", "scores": {"class_score": 0.006168365478515625}, "domain": "pixel"}, {"position": {"minX": 191.75, "minY": -63.25, "maxX": 290.75, "maxY": 96.875}, "class_id": 0, "box_caption": "person 0.006", "scores": {"class_score": 0.006145477294921875}, "domain": "pixel"}, {"position": {"minX": 297.25, "minY": -61.78125, "maxX": 378.25, "maxY": 93.5}, "class_id": 0, "box_caption": "person 0.006", "scores": {"class_score": 0.006145477294921875}, "domain": "pixel"}, {"position": {"minX": 208.125, "minY": 543.5, "maxX": 278.5, "maxY": 700.5}, "class_id": 0, "box_caption": "person 0.006", "scores": {"class_score": 0.006145477294921875}, "domain": "pixel"}, {"position": {"minX": 337.0, "minY": -44.21875, "maxX": 466.0, "maxY": 146.75}, "class_id": 0, "box_caption": "person 0.006", "scores": {"class_score": 0.006145477294921875}, "domain": "pixel"}, {"position": {"minX": 285.5, "minY": 563.5, "maxX": 385.5, "maxY": 744.5}, "class_id": 0, "box_caption": "person 0.006", "scores": {"class_score": 0.006145477294921875}, "domain": "pixel"}, {"position": {"minX": 320.5, "minY": 578.0, "maxX": 416.5, "maxY": 738.0}, "class_id": 0, "box_caption": "person 0.006", "scores": {"class_score": 0.006145477294921875}, "domain": "pixel"}, {"position": {"minX": 147.75, "minY": -46.6875, "maxX": 333.75, "maxY": 207.25}, "class_id": 0, "box_caption": "person 0.006", "scores": {"class_score": 0.006145477294921875}, "domain": "pixel"}, {"position": {"minX": 617.5, "minY": 127.9375, "maxX": 698.5, "maxY": 288.75}, "class_id": 0, "box_caption": "person 0.006", "scores": {"class_score": 0.006122589111328125}, "domain": "pixel"}, {"position": {"minX": 117.5625, "minY": 519.0, "maxX": 231.5, "maxY": 730.0}, "class_id": 0, "box_caption": "person 0.006", "scores": {"class_score": 0.006122589111328125}, "domain": "pixel"}, {"position": {"minX": 165.5, "minY": -61.1875, "maxX": 253.75, "maxY": 92.3125}, "class_id": 0, "box_caption": "person 0.006", "scores": {"class_score": 0.00609588623046875}, "domain": "pixel"}, {"position": {"minX": 460.0, "minY": 358.0, "maxX": 526.0, "maxY": 510.0}, "class_id": 0, "box_caption": "person 0.006", "scores": {"class_score": 0.00609588623046875}, "domain": "pixel"}, {"position": {"minX": 579.5, "minY": 481.5, "maxX": 669.5, "maxY": 638.5}, "class_id": 0, "box_caption": "person 0.006", "scores": {"class_score": 0.00609588623046875}, "domain": "pixel"}, {"position": {"minX": 494.75, "minY": -8.4375, "maxX": 689.0, "maxY": 236.25}, "class_id": 0, "box_caption": "person 0.006", "scores": {"class_score": 0.006072998046875}, "domain": "pixel"}, {"position": {"minX": -11.3125, "minY": 224.125, "maxX": 111.25, "maxY": 446.5}, "class_id": 0, "box_caption": "person 0.006", "scores": {"class_score": 0.006072998046875}, "domain": "pixel"}, {"position": {"minX": 181.0, "minY": 433.75, "maxX": 361.0, "maxY": 748.0}, "class_id": 0, "box_caption": "person 0.006", "scores": {"class_score": 0.006072998046875}, "domain": "pixel"}, {"position": {"minX": 362.0, "minY": -39.75, "maxX": 569.5, "maxY": 204.25}, "class_id": 0, "box_caption": "person 0.006", "scores": {"class_score": 0.00605010986328125}, "domain": "pixel"}, {"position": {"minX": -28.5, "minY": 121.8125, "maxX": 62.4375, "maxY": 293.25}, "class_id": 0, "box_caption": "person 0.006", "scores": {"class_score": 0.00605010986328125}, "domain": "pixel"}, {"position": {"minX": 15.75, "minY": 111.1875, "maxX": 145.875, "maxY": 307.0}, "class_id": 0, "box_caption": "person 0.006", "scores": {"class_score": 0.00605010986328125}, "domain": "pixel"}, {"position": {"minX": 159.5, "minY": 573.0, "maxX": 259.0, "maxY": 740.0}, "class_id": 0, "box_caption": "person 0.006", "scores": {"class_score": 0.00605010986328125}, "domain": "pixel"}, {"position": {"minX": 396.5, "minY": 583.0, "maxX": 468.5, "maxY": 730.0}, "class_id": 0, "box_caption": "person 0.006", "scores": {"class_score": 0.00600433349609375}, "domain": "pixel"}, {"position": {"minX": 54.78125, "minY": 523.0, "maxX": 169.625, "maxY": 726.0}, "class_id": 0, "box_caption": "person 0.006", "scores": {"class_score": 0.0059814453125}, "domain": "pixel"}, {"position": {"minX": 85.125, "minY": 570.0, "maxX": 205.875, "maxY": 743.0}, "class_id": 0, "box_caption": "person 0.006", "scores": {"class_score": 0.0059814453125}, "domain": "pixel"}, {"position": {"minX": 155.25, "minY": 153.75, "maxX": 387.75, "maxY": 455.75}, "class_id": 0, "box_caption": "person 0.006", "scores": {"class_score": 0.0059814453125}, "domain": "pixel"}, {"position": {"minX": 581.0, "minY": 129.25, "maxX": 666.0, "maxY": 285.5}, "class_id": 0, "box_caption": "person 0.006", "scores": {"class_score": 0.00595855712890625}, "domain": "pixel"}, {"position": {"minX": 428.75, "minY": 583.0, "maxX": 504.25, "maxY": 728.0}, "class_id": 0, "box_caption": "person 0.006", "scores": {"class_score": 0.00595855712890625}, "domain": "pixel"}, {"position": {"minX": 418.5, "minY": -55.625, "maxX": 640.5, "maxY": 218.625}, "class_id": 0, "box_caption": "person 0.006", "scores": {"class_score": 0.00595855712890625}, "domain": "pixel"}, {"position": {"minX": 605.0, "minY": -6.0625, "maxX": 708.0, "maxY": 167.25}, "class_id": 0, "box_caption": "person 0.006", "scores": {"class_score": 0.00595855712890625}, "domain": "pixel"}, {"position": {"minX": 460.75, "minY": 219.25, "maxX": 598.5, "maxY": 461.75}, "class_id": 0, "box_caption": "person 0.006", "scores": {"class_score": 0.00595855712890625}, "domain": "pixel"}, {"position": {"minX": -20.96875, "minY": 546.5, "maxX": 56.15625, "maxY": 698.5}, "class_id": 0, "box_caption": "person 0.006", "scores": {"class_score": 0.0059356689453125}, "domain": "pixel"}, {"position": {"minX": 361.75, "minY": -59.28125, "maxX": 507.75, "maxY": 160.625}, "class_id": 0, "box_caption": "person 0.006", "scores": {"class_score": 0.0059356689453125}, "domain": "pixel"}, {"position": {"minX": 554.0, "minY": 40.125, "maxX": 695.0, "maxY": 251.875}, "class_id": 0, "box_caption": "person 0.006", "scores": {"class_score": 0.0059356689453125}, "domain": "pixel"}, {"position": {"minX": -69.0, "minY": 421.5, "maxX": 103.25, "maxY": 637.5}, "class_id": 0, "box_caption": "person 0.006", "scores": {"class_score": 0.0059356689453125}, "domain": "pixel"}, {"position": {"minX": 222.25, "minY": -66.875, "maxX": 325.75, "maxY": 96.625}, "class_id": 0, "box_caption": "person 0.006", "scores": {"class_score": 0.00591278076171875}, "domain": "pixel"}, {"position": {"minX": 325.5, "minY": -65.0, "maxX": 414.0, "maxY": 95.0}, "class_id": 0, "box_caption": "person 0.006", "scores": {"class_score": 0.00591278076171875}, "domain": "pixel"}, {"position": {"minX": 479.0, "minY": 567.0, "maxX": 580.0, "maxY": 746.0}, "class_id": 0, "box_caption": "person 0.006", "scores": {"class_score": 0.00591278076171875}, "domain": "pixel"}, {"position": {"minX": 131.125, "minY": -63.5625, "maxX": 226.875, "maxY": 94.4375}, "class_id": 0, "box_caption": "person 0.006", "scores": {"class_score": 0.00586700439453125}, "domain": "pixel"}, {"position": {"minX": -24.9375, "minY": -39.0625, "maxX": 59.75, "maxY": 136.5}, "class_id": 0, "box_caption": "person 0.006", "scores": {"class_score": 0.00586700439453125}, "domain": "pixel"}, {"position": {"minX": 414.75, "minY": -58.65625, "maxX": 580.5, "maxY": 161.625}, "class_id": 0, "box_caption": "person 0.006", "scores": {"class_score": 0.00586700439453125}, "domain": "pixel"}, {"position": {"minX": 5.75, "minY": 121.125, "maxX": 95.5, "maxY": 295.5}, "class_id": 0, "box_caption": "person 0.006", "scores": {"class_score": 0.00586700439453125}, "domain": "pixel"}], "class_labels": {"0": "person"}}