{"box_data": [{"position": {"minX": 322.25, "minY": 70.125, "maxX": 474.75, "maxY": 346.0}, "class_id": 0, "box_caption": "person 0.013", "scores": {"class_score": 0.01312255859375}, "domain": "pixel"}, {"position": {"minX": 258.0, "minY": 108.375, "maxX": 415.0, "maxY": 370.0}, "class_id": 0, "box_caption": "person 0.012", "scores": {"class_score": 0.01177978515625}, "domain": "pixel"}, {"position": {"minX": 26.25, "minY": 230.0, "maxX": 195.625, "maxY": 504.5}, "class_id": 0, "box_caption": "person 0.012", "scores": {"class_score": 0.011688232421875}, "domain": "pixel"}, {"position": {"minX": 111.4375, "minY": 263.0, "maxX": 240.75, "maxY": 536.5}, "class_id": 0, "box_caption": "person 0.011", "scores": {"class_score": 0.01129150390625}, "domain": "pixel"}, {"position": {"minX": 235.25, "minY": 296.0, "maxX": 496.75, "maxY": 700.0}, "class_id": 0, "box_caption": "person 0.011", "scores": {"class_score": 0.0112457275390625}, "domain": "pixel"}, {"position": {"minX": 269.75, "minY": 204.625, "maxX": 405.25, "maxY": 465.0}, "class_id": 0, "box_caption": "person 0.011", "scores": {"class_score": 0.01116180419921875}, "domain": "pixel"}, {"position": {"minX": 324.0, "minY": 201.125, "maxX": 475.5, "maxY": 471.0}, "class_id": 0, "box_caption": "person 0.011", "scores": {"class_score": 0.01116180419921875}, "domain": "pixel"}, {"position": {"minX": 265.0, "minY": 258.0, "maxX": 471.0, "maxY": 607.5}, "class_id": 0, "box_caption": "person 0.011", "scores": {"class_score": 0.01094818115234375}, "domain": "pixel"}, {"position": {"minX": 276.5, "minY": 227.375, "maxX": 456.5, "maxY": 507.5}, "class_id": 0, "box_caption": "person 0.011", "scores": {"class_score": 0.01085662841796875}, "domain": "pixel"}, {"position": {"minX": 155.5, "minY": 314.5, "maxX": 385.0, "maxY": 678.5}, "class_id": 0, "box_caption": "person 0.011", "scores": {"class_score": 0.01078033447265625}, "domain": "pixel"}, {"position": {"minX": 235.0, "minY": 200.875, "maxX": 374.0, "maxY": 468.5}, "class_id": 0, "box_caption": "person 0.011", "scores": {"class_score": 0.01073455810546875}, "domain": "pixel"}, {"position": {"minX": 330.75, "minY": 2.6875, "maxX": 470.75, "maxY": 219.75}, "class_id": 0, "box_caption": "person 0.011", "scores": {"class_score": 0.01061248779296875}, "domain": "pixel"}, {"position": {"minX": 393.25, "minY": 92.1875, "maxX": 531.5, "maxY": 323.25}, "class_id": 0, "box_caption": "person 0.011", "scores": {"class_score": 0.01061248779296875}, "domain": "pixel"}, {"position": {"minX": 183.75, "minY": 255.625, "maxX": 358.25, "maxY": 547.5}, "class_id": 0, "box_caption": "person 0.011", "scores": {"class_score": 0.01061248779296875}, "domain": "pixel"}, {"position": {"minX": 176.125, "minY": 210.5, "maxX": 306.0, "maxY": 458.5}, "class_id": 0, "box_caption": "person 0.011", "scores": {"class_score": 0.01056671142578125}, "domain": "pixel"}, {"position": {"minX": 102.75, "minY": 135.5, "maxX": 249.75, "maxY": 411.5}, "class_id": 0, "box_caption": "person 0.011", "scores": {"class_score": 0.010528564453125}, "domain": "pixel"}, {"position": {"minX": 201.25, "minY": 144.25, "maxX": 344.75, "maxY": 398.25}, "class_id": 0, "box_caption": "person 0.010", "scores": {"class_score": 0.01049041748046875}, "domain": "pixel"}, {"position": {"minX": 258.5, "minY": 8.75, "maxX": 412.5, "maxY": 281.25}, "class_id": 0, "box_caption": "person 0.010", "scores": {"class_score": 0.010406494140625}, "domain": "pixel"}, {"position": {"minX": 356.75, "minY": 46.625, "maxX": 504.75, "maxY": 305.0}, "class_id": 0, "box_caption": "person 0.010", "scores": {"class_score": 0.010406494140625}, "domain": "pixel"}, {"position": {"minX": 294.0, "minY": 49.25, "maxX": 441.5, "maxY": 302.5}, "class_id": 0, "box_caption": "person 0.010", "scores": {"class_score": 0.01036834716796875}, "domain": "pixel"}, {"position": {"minX": 52.3125, "minY": 200.375, "maxX": 235.0, "maxY": 469.5}, "class_id": 0, "box_caption": "person 0.010", "scores": {"class_score": 0.0103302001953125}, "domain": "pixel"}, {"position": {"minX": 295.0, "minY": -6.0, "maxX": 441.0, "maxY": 228.75}, "class_id": 0, "box_caption": "person 0.010", "scores": {"class_score": 0.01029205322265625}, "domain": "pixel"}, {"position": {"minX": 458.75, "minY": 113.0, "maxX": 598.0, "maxY": 366.75}, "class_id": 0, "box_caption": "person 0.010", "scores": {"class_score": 0.01024627685546875}, "domain": "pixel"}, {"position": {"minX": 32.9375, "minY": 149.25, "maxX": 190.75, "maxY": 392.25}, "class_id": 0, "box_caption": "person 0.010", "scores": {"class_score": 0.01024627685546875}, "domain": "pixel"}, {"position": {"minX": 392.5, "minY": 3.1875, "maxX": 534.5, "maxY": 220.25}, "class_id": 0, "box_caption": "person 0.010", "scores": {"class_score": 0.0102081298828125}, "domain": "pixel"}, {"position": {"minX": 13.5625, "minY": 279.0, "maxX": 145.0, "maxY": 519.5}, "class_id": 0, "box_caption": "person 0.010", "scores": {"class_score": 0.0102081298828125}, "domain": "pixel"}, {"position": {"minX": 504.0, "minY": 212.375, "maxX": 617.0, "maxY": 458.0}, "class_id": 0, "box_caption": "person 0.010", "scores": {"class_score": 0.01016998291015625}, "domain": "pixel"}, {"position": {"minX": 200.5, "minY": 248.0, "maxX": 406.5, "maxY": 618.0}, "class_id": 0, "box_caption": "person 0.010", "scores": {"class_score": 0.0101318359375}, "domain": "pixel"}, {"position": {"minX": 427.75, "minY": 96.75, "maxX": 563.0, "maxY": 318.75}, "class_id": 0, "box_caption": "person 0.010", "scores": {"class_score": 0.0100555419921875}, "domain": "pixel"}, {"position": {"minX": 314.75, "minY": 146.75, "maxX": 482.25, "maxY": 396.75}, "class_id": 0, "box_caption": "person 0.010", "scores": {"class_score": 0.0100555419921875}, "domain": "pixel"}, {"position": {"minX": 457.0, "minY": 27.9375, "maxX": 599.0, "maxY": 257.25}, "class_id": 0, "box_caption": "person 0.010", "scores": {"class_score": 0.010009765625}, "domain": "pixel"}, {"position": {"minX": 424.5, "minY": 210.75, "maxX": 568.0, "maxY": 455.25}, "class_id": 0, "box_caption": "person 0.010", "scores": {"class_score": 0.010009765625}, "domain": "pixel"}, {"position": {"minX": 131.5, "minY": 233.5, "maxX": 286.0, "maxY": 500.0}, "class_id": 0, "box_caption": "person 0.010", "scores": {"class_score": 0.00997161865234375}, "domain": "pixel"}, {"position": {"minX": 331.0, "minY": 330.25, "maxX": 528.5, "maxY": 659.0}, "class_id": 0, "box_caption": "person 0.010", "scores": {"class_score": 0.00997161865234375}, "domain": "pixel"}, {"position": {"minX": 217.75, "minY": 75.0, "maxX": 389.75, "maxY": 342.0}, "class_id": 0, "box_caption": "person 0.010", "scores": {"class_score": 0.0099334716796875}, "domain": "pixel"}, {"position": {"minX": 168.5, "minY": 121.375, "maxX": 314.25, "maxY": 362.0}, "class_id": 0, "box_caption": "person 0.010", "scores": {"class_score": 0.0099334716796875}, "domain": "pixel"}, {"position": {"minX": 141.75, "minY": 183.625, "maxX": 273.75, "maxY": 424.5}, "class_id": 0, "box_caption": "person 0.010", "scores": {"class_score": 0.00981903076171875}, "domain": "pixel"}, {"position": {"minX": 349.75, "minY": 108.0, "maxX": 513.0, "maxY": 371.0}, "class_id": 0, "box_caption": "person 0.010", "scores": {"class_score": 0.00974273681640625}, "domain": "pixel"}, {"position": {"minX": 293.5, "minY": 175.0, "maxX": 440.0, "maxY": 430.5}, "class_id": 0, "box_caption": "person 0.010", "scores": {"class_score": 0.00971221923828125}, "domain": "pixel"}, {"position": {"minX": 2.03125, "minY": 267.5, "maxX": 96.5, "maxY": 466.5}, "class_id": 0, "box_caption": "person 0.010", "scores": {"class_score": 0.009674072265625}, "domain": "pixel"}, {"position": {"minX": 8.84375, "minY": 204.75, "maxX": 90.75, "maxY": 399.75}, "class_id": 0, "box_caption": "person 0.010", "scores": {"class_score": 0.009521484375}, "domain": "pixel"}, {"position": {"minX": 1.5625, "minY": 214.5, "maxX": 159.75, "maxY": 449.5}, "class_id": 0, "box_caption": "person 0.010", "scores": {"class_score": 0.009521484375}, "domain": "pixel"}, {"position": {"minX": 377.0, "minY": 169.0, "maxX": 552.0, "maxY": 437.5}, "class_id": 0, "box_caption": "person 0.009", "scores": {"class_score": 0.00948333740234375}, "domain": "pixel"}, {"position": {"minX": 461.25, "minY": 176.875, "maxX": 596.0, "maxY": 433.0}, "class_id": 0, "box_caption": "person 0.009", "scores": {"class_score": 0.00948333740234375}, "domain": "pixel"}, {"position": {"minX": 378.25, "minY": 317.0, "maxX": 547.0, "maxY": 607.5}, "class_id": 0, "box_caption": "person 0.009", "scores": {"class_score": 0.00948333740234375}, "domain": "pixel"}, {"position": {"minX": 408.25, "minY": 275.0, "maxX": 518.5, "maxY": 521.5}, "class_id": 0, "box_caption": "person 0.009", "scores": {"class_score": 0.00945281982421875}, "domain": "pixel"}, {"position": {"minX": 125.5625, "minY": 278.0, "maxX": 291.25, "maxY": 585.5}, "class_id": 0, "box_caption": "person 0.009", "scores": {"class_score": 0.00945281982421875}, "domain": "pixel"}, {"position": {"minX": 420.75, "minY": 142.375, "maxX": 572.5, "maxY": 403.5}, "class_id": 0, "box_caption": "person 0.009", "scores": {"class_score": 0.0094146728515625}, "domain": "pixel"}, {"position": {"minX": 13.125, "minY": 139.75, "maxX": 146.625, "maxY": 339.25}, "class_id": 0, "box_caption": "person 0.009", "scores": {"class_score": 0.00937652587890625}, "domain": "pixel"}, {"position": {"minX": 545.5, "minY": 236.875, "maxX": 640.5, "maxY": 433.0}, "class_id": 0, "box_caption": "person 0.009", "scores": {"class_score": 0.00937652587890625}, "domain": "pixel"}, {"position": {"minX": 430.5, "minY": 335.5, "maxX": 560.5, "maxY": 588.5}, "class_id": 0, "box_caption": "person 0.009", "scores": {"class_score": 0.00937652587890625}, "domain": "pixel"}, {"position": {"minX": 4.0625, "minY": 149.0, "maxX": 94.25, "maxY": 328.25}, "class_id": 0, "box_caption": "person 0.009", "scores": {"class_score": 0.00933837890625}, "domain": "pixel"}, {"position": {"minX": 353.0, "minY": 235.5, "maxX": 510.0, "maxY": 502.0}, "class_id": 0, "box_caption": "person 0.009", "scores": {"class_score": 0.00933837890625}, "domain": "pixel"}, {"position": {"minX": 75.4375, "minY": 98.0, "maxX": 276.75, "maxY": 383.0}, "class_id": 0, "box_caption": "person 0.009", "scores": {"class_score": 0.00926971435546875}, "domain": "pixel"}, {"position": {"minX": 495.5, "minY": 152.25, "maxX": 624.5, "maxY": 390.75}, "class_id": 0, "box_caption": "person 0.009", "scores": {"class_score": 0.00919342041015625}, "domain": "pixel"}, {"position": {"minX": 19.625, "minY": 92.4375, "maxX": 203.625, "maxY": 325.0}, "class_id": 0, "box_caption": "person 0.009", "scores": {"class_score": 0.00916290283203125}, "domain": "pixel"}, {"position": {"minX": 238.25, "minY": 154.0, "maxX": 368.25, "maxY": 388.5}, "class_id": 0, "box_caption": "person 0.009", "scores": {"class_score": 0.00916290283203125}, "domain": "pixel"}, {"position": {"minX": 8.96875, "minY": 365.25, "maxX": 89.375, "maxY": 559.0}, "class_id": 0, "box_caption": "person 0.009", "scores": {"class_score": 0.00908660888671875}, "domain": "pixel"}, {"position": {"minX": 489.5, "minY": 100.625, "maxX": 628.5, "maxY": 315.5}, "class_id": 0, "box_caption": "person 0.009", "scores": {"class_score": 0.0090179443359375}, "domain": "pixel"}, {"position": {"minX": 551.0, "minY": 145.5, "maxX": 637.0, "maxY": 331.0}, "class_id": 0, "box_caption": "person 0.009", "scores": {"class_score": 0.0090179443359375}, "domain": "pixel"}, {"position": {"minX": 471.25, "minY": 244.125, "maxX": 585.0, "maxY": 487.5}, "class_id": 0, "box_caption": "person 0.009", "scores": {"class_score": 0.0090179443359375}, "domain": "pixel"}, {"position": {"minX": 224.5, "minY": -2.125, "maxX": 382.5, "maxY": 228.375}, "class_id": 0, "box_caption": "person 0.009", "scores": {"class_score": 0.00891876220703125}, "domain": "pixel"}, {"position": {"minX": 116.9375, "minY": 89.9375, "maxX": 297.5, "maxY": 325.0}, "class_id": 0, "box_caption": "person 0.009", "scores": {"class_score": 0.00891876220703125}, "domain": "pixel"}, {"position": {"minX": 294.0, "minY": 69.875, "maxX": 508.5, "maxY": 406.5}, "class_id": 0, "box_caption": "person 0.009", "scores": {"class_score": 0.00891876220703125}, "domain": "pixel"}, {"position": {"minX": 399.5, "minY": 154.25, "maxX": 527.5, "maxY": 391.25}, "class_id": 0, "box_caption": "person 0.009", "scores": {"class_score": 0.00885009765625}, "domain": "pixel"}, {"position": {"minX": 305.0, "minY": 141.875, "maxX": 432.0, "maxY": 341.5}, "class_id": 0, "box_caption": "person 0.009", "scores": {"class_score": 0.00881195068359375}, "domain": "pixel"}, {"position": {"minX": 11.9375, "minY": 91.875, "maxX": 87.75, "maxY": 256.5}, "class_id": 0, "box_caption": "person 0.009", "scores": {"class_score": 0.00881195068359375}, "domain": "pixel"}, {"position": {"minX": 67.125, "minY": 287.5, "maxX": 220.375, "maxY": 579.5}, "class_id": 0, "box_caption": "person 0.009", "scores": {"class_score": 0.00878143310546875}, "domain": "pixel"}, {"position": {"minX": 236.5, "minY": 393.75, "maxX": 433.5, "maxY": 727.0}, "class_id": 0, "box_caption": "person 0.009", "scores": {"class_score": 0.0087127685546875}, "domain": "pixel"}, {"position": {"minX": 11.96875, "minY": -1.25, "maxX": 86.75, "maxY": 162.25}, "class_id": 0, "box_caption": "person 0.009", "scores": {"class_score": 0.00861358642578125}, "domain": "pixel"}, {"position": {"minX": 16.25, "minY": 342.5, "maxX": 146.25, "maxY": 587.0}, "class_id": 0, "box_caption": "person 0.009", "scores": {"class_score": 0.00861358642578125}, "domain": "pixel"}, {"position": {"minX": 76.875, "minY": 311.0, "maxX": 272.5, "maxY": 621.0}, "class_id": 0, "box_caption": "person 0.009", "scores": {"class_score": 0.008544921875}, "domain": "pixel"}, {"position": {"minX": 356.5, "minY": -6.9375, "maxX": 506.0, "maxY": 168.0}, "class_id": 0, "box_caption": "person 0.008", "scores": {"class_score": 0.00847625732421875}, "domain": "pixel"}, {"position": {"minX": 38.0, "minY": -4.25, "maxX": 121.25, "maxY": 165.375}, "class_id": 0, "box_caption": "person 0.008", "scores": {"class_score": 0.00841522216796875}, "domain": "pixel"}, {"position": {"minX": 84.5, "minY": 198.0, "maxX": 265.75, "maxY": 539.0}, "class_id": 0, "box_caption": "person 0.008", "scores": {"class_score": 0.0083770751953125}, "domain": "pixel"}, {"position": {"minX": 459.5, "minY": 338.25, "maxX": 600.5, "maxY": 593.0}, "class_id": 0, "box_caption": "person 0.008", "scores": {"class_score": 0.0083465576171875}, "domain": "pixel"}, {"position": {"minX": 175.5, "minY": 407.5, "maxX": 369.5, "maxY": 719.5}, "class_id": 0, "box_caption": "person 0.008", "scores": {"class_score": 0.0083465576171875}, "domain": "pixel"}, {"position": {"minX": 264.5, "minY": -15.1875, "maxX": 407.5, "maxY": 176.5}, "class_id": 0, "box_caption": "person 0.008", "scores": {"class_score": 0.00821685791015625}, "domain": "pixel"}, {"position": {"minX": 313.0, "minY": 404.5, "maxX": 484.5, "maxY": 719.5}, "class_id": 0, "box_caption": "person 0.008", "scores": {"class_score": 0.00821685791015625}, "domain": "pixel"}, {"position": {"minX": 441.5, "minY": 294.5, "maxX": 549.0, "maxY": 503.0}, "class_id": 0, "box_caption": "person 0.008", "scores": {"class_score": 0.00815582275390625}, "domain": "pixel"}, {"position": {"minX": 27.6875, "minY": 316.5, "maxX": 198.0, "maxY": 615.5}, "class_id": 0, "box_caption": "person 0.008", "scores": {"class_score": 0.00815582275390625}, "domain": "pixel"}, {"position": {"minX": 202.75, "minY": -24.375, "maxX": 339.25, "maxY": 250.875}, "class_id": 0, "box_caption": "person 0.008", "scores": {"class_score": 0.00806427001953125}, "domain": "pixel"}, {"position": {"minX": 142.25, "minY": 48.125, "maxX": 338.25, "maxY": 305.5}, "class_id": 0, "box_caption": "person 0.008", "scores": {"class_score": 0.00806427001953125}, "domain": "pixel"}, {"position": {"minX": 179.25, "minY": -15.0, "maxX": 301.25, "maxY": 174.25}, "class_id": 0, "box_caption": "person 0.008", "scores": {"class_score": 0.00803375244140625}, "domain": "pixel"}, {"position": {"minX": 508.5, "minY": 295.75, "maxX": 613.5, "maxY": 503.75}, "class_id": 0, "box_caption": "person 0.008", "scores": {"class_score": 0.00803375244140625}, "domain": "pixel"}, {"position": {"minX": -25.59375, "minY": 208.75, "maxX": 62.09375, "maxY": 395.25}, "class_id": 0, "box_caption": "person 0.008", "scores": {"class_score": 0.007965087890625}, "domain": "pixel"}, {"position": {"minX": 16.96875, "minY": -17.21875, "maxX": 84.125, "maxY": 110.25}, "class_id": 0, "box_caption": "person 0.008", "scores": {"class_score": 0.007843017578125}, "domain": "pixel"}, {"position": {"minX": 368.5, "minY": 137.875, "maxX": 495.0, "maxY": 340.0}, "class_id": 0, "box_caption": "person 0.008", "scores": {"class_score": 0.0078125}, "domain": "pixel"}, {"position": {"minX": 426.0, "minY": -6.9375, "maxX": 563.5, "maxY": 166.5}, "class_id": 0, "box_caption": "person 0.008", "scores": {"class_score": 0.007785797119140625}, "domain": "pixel"}, {"position": {"minX": -25.90625, "minY": 146.875, "maxX": 62.90625, "maxY": 332.0}, "class_id": 0, "box_caption": "person 0.008", "scores": {"class_score": 0.007755279541015625}, "domain": "pixel"}, {"position": {"minX": 549.0, "minY": 298.0, "maxX": 636.0, "maxY": 500.5}, "class_id": 0, "box_caption": "person 0.008", "scores": {"class_score": 0.007755279541015625}, "domain": "pixel"}, {"position": {"minX": 61.75, "minY": -25.0625, "maxX": 163.875, "maxY": 121.5625}, "class_id": 0, "box_caption": "person 0.008", "scores": {"class_score": 0.007724761962890625}, "domain": "pixel"}, {"position": {"minX": -31.5, "minY": 340.0, "maxX": 65.875, "maxY": 523.0}, "class_id": 0, "box_caption": "person 0.008", "scores": {"class_score": 0.007724761962890625}, "domain": "pixel"}, {"position": {"minX": 48.1875, "minY": 204.0, "maxX": 176.5, "maxY": 408.5}, "class_id": 0, "box_caption": "person 0.008", "scores": {"class_score": 0.00763702392578125}, "domain": "pixel"}, {"position": {"minX": -35.78125, "minY": 269.5, "maxX": 69.625, "maxY": 463.0}, "class_id": 0, "box_caption": "person 0.008", "scores": {"class_score": 0.00760650634765625}, "domain": "pixel"}, {"position": {"minX": 398.75, "minY": 231.75, "maxX": 595.0, "maxY": 508.25}, "class_id": 0, "box_caption": "person 0.008", "scores": {"class_score": 0.00760650634765625}, "domain": "pixel"}, {"position": {"minX": 361.0, "minY": 420.25, "maxX": 502.5, "maxY": 701.0}, "class_id": 0, "box_caption": "person 0.008", "scores": {"class_score": 0.00757598876953125}, "domain": "pixel"}, {"position": {"minX": 479.5, "minY": 181.125, "maxX": 642.5, "maxY": 490.0}, "class_id": 0, "box_caption": "person 0.008", "scores": {"class_score": 0.00757598876953125}, "domain": "pixel"}, {"position": {"minX": 301.25, "minY": 255.75, "maxX": 431.25, "maxY": 478.25}, "class_id": 0, "box_caption": "person 0.008", "scores": {"class_score": 0.007549285888671875}, "domain": "pixel"}, {"position": {"minX": 423.25, "minY": 38.8125, "maxX": 567.5, "maxY": 252.25}, "class_id": 0, "box_caption": "person 0.008", "scores": {"class_score": 0.007518768310546875}, "domain": "pixel"}, {"position": {"minX": 28.5, "minY": 49.3125, "maxX": 134.25, "maxY": 238.75}, "class_id": 0, "box_caption": "person 0.007", "scores": {"class_score": 0.007488250732421875}, "domain": "pixel"}, {"position": {"minX": 150.25, "minY": 207.125, "maxX": 333.0, "maxY": 532.0}, "class_id": 0, "box_caption": "person 0.007", "scores": {"class_score": 0.0074615478515625}, "domain": "pixel"}, {"position": {"minX": 274.0, "minY": 169.25, "maxX": 396.5, "maxY": 378.75}, "class_id": 0, "box_caption": "person 0.007", "scores": {"class_score": 0.0074310302734375}, "domain": "pixel"}, {"position": {"minX": 92.875, "minY": -29.5, "maxX": 197.625, "maxY": 124.75}, "class_id": 0, "box_caption": "person 0.007", "scores": {"class_score": 0.0074310302734375}, "domain": "pixel"}, {"position": {"minX": 144.375, "minY": -27.0625, "maxX": 272.5, "maxY": 189.0}, "class_id": 0, "box_caption": "person 0.007", "scores": {"class_score": 0.0074310302734375}, "domain": "pixel"}, {"position": {"minX": 113.9375, "minY": -27.3125, "maxX": 234.75, "maxY": 191.75}, "class_id": 0, "box_caption": "person 0.007", "scores": {"class_score": 0.007404327392578125}, "domain": "pixel"}, {"position": {"minX": 96.625, "minY": 58.375, "maxX": 255.125, "maxY": 295.5}, "class_id": 0, "box_caption": "person 0.007", "scores": {"class_score": 0.007404327392578125}, "domain": "pixel"}, {"position": {"minX": -22.75, "minY": 377.25, "maxX": 57.0, "maxY": 547.0}, "class_id": 0, "box_caption": "person 0.007", "scores": {"class_score": 0.007373809814453125}, "domain": "pixel"}, {"position": {"minX": 373.5, "minY": 15.25, "maxX": 557.0, "maxY": 272.5}, "class_id": 0, "box_caption": "person 0.007", "scores": {"class_score": 0.007373809814453125}, "domain": "pixel"}, {"position": {"minX": 204.25, "minY": 235.25, "maxX": 337.75, "maxY": 440.75}, "class_id": 0, "box_caption": "person 0.007", "scores": {"class_score": 0.00731658935546875}, "domain": "pixel"}, {"position": {"minX": 492.5, "minY": 5.6875, "maxX": 626.5, "maxY": 219.5}, "class_id": 0, "box_caption": "person 0.007", "scores": {"class_score": 0.00731658935546875}, "domain": "pixel"}, {"position": {"minX": 393.0, "minY": 240.5, "maxX": 532.0, "maxY": 432.0}, "class_id": 0, "box_caption": "person 0.007", "scores": {"class_score": 0.007289886474609375}, "domain": "pixel"}, {"position": {"minX": 139.75, "minY": 325.25, "maxX": 275.5, "maxY": 541.5}, "class_id": 0, "box_caption": "person 0.007", "scores": {"class_score": 0.007259368896484375}, "domain": "pixel"}, {"position": {"minX": 197.5, "minY": 101.9375, "maxX": 346.0, "maxY": 313.75}, "class_id": 0, "box_caption": "person 0.007", "scores": {"class_score": 0.007205963134765625}, "domain": "pixel"}, {"position": {"minX": 92.25, "minY": 368.5, "maxX": 320.25, "maxY": 696.5}, "class_id": 0, "box_caption": "person 0.007", "scores": {"class_score": 0.007205963134765625}, "domain": "pixel"}, {"position": {"minX": 124.9375, "minY": -19.625, "maxX": 290.5, "maxY": 248.875}, "class_id": 0, "box_caption": "person 0.007", "scores": {"class_score": 0.007175445556640625}, "domain": "pixel"}, {"position": {"minX": 53.625, "minY": 133.25, "maxX": 230.125, "maxY": 351.75}, "class_id": 0, "box_caption": "person 0.007", "scores": {"class_score": 0.007122039794921875}, "domain": "pixel"}, {"position": {"minX": 172.5, "minY": 296.0, "maxX": 306.5, "maxY": 508.5}, "class_id": 0, "box_caption": "person 0.007", "scores": {"class_score": 0.007122039794921875}, "domain": "pixel"}, {"position": {"minX": 381.5, "minY": 304.75, "maxX": 482.5, "maxY": 497.25}, "class_id": 0, "box_caption": "person 0.007", "scores": {"class_score": 0.007122039794921875}, "domain": "pixel"}, {"position": {"minX": 585.5, "minY": 149.5, "maxX": 664.5, "maxY": 326.25}, "class_id": 0, "box_caption": "person 0.007", "scores": {"class_score": 0.007122039794921875}, "domain": "pixel"}, {"position": {"minX": 224.75, "minY": 291.0, "maxX": 381.25, "maxY": 509.5}, "class_id": 0, "box_caption": "person 0.007", "scores": {"class_score": 0.0070953369140625}, "domain": "pixel"}, {"position": {"minX": -22.09375, "minY": 58.0, "maxX": 58.59375, "maxY": 227.0}, "class_id": 0, "box_caption": "person 0.007", "scores": {"class_score": 0.0070953369140625}, "domain": "pixel"}, {"position": {"minX": 486.25, "minY": 362.0, "maxX": 634.0, "maxY": 632.5}, "class_id": 0, "box_caption": "person 0.007", "scores": {"class_score": 0.0070953369140625}, "domain": "pixel"}, {"position": {"minX": 415.5, "minY": 384.0, "maxX": 577.0, "maxY": 675.0}, "class_id": 0, "box_caption": "person 0.007", "scores": {"class_score": 0.0070953369140625}, "domain": "pixel"}, {"position": {"minX": 101.75, "minY": 233.5, "maxX": 245.75, "maxY": 437.5}, "class_id": 0, "box_caption": "person 0.007", "scores": {"class_score": 0.00701141357421875}, "domain": "pixel"}, {"position": {"minX": 77.4375, "minY": 3.4375, "maxX": 212.0, "maxY": 222.5}, "class_id": 0, "box_caption": "person 0.007", "scores": {"class_score": 0.00701141357421875}, "domain": "pixel"}, {"position": {"minX": 542.0, "minY": 354.0, "maxX": 642.0, "maxY": 573.0}, "class_id": 0, "box_caption": "person 0.007", "scores": {"class_score": 0.00701141357421875}, "domain": "pixel"}, {"position": {"minX": -4.25, "minY": 273.0, "maxX": 165.625, "maxY": 589.0}, "class_id": 0, "box_caption": "person 0.007", "scores": {"class_score": 0.00701141357421875}, "domain": "pixel"}, {"position": {"minX": 25.96875, "minY": -37.375, "maxX": 133.25, "maxY": 134.5}, "class_id": 0, "box_caption": "person 0.007", "scores": {"class_score": 0.006984710693359375}, "domain": "pixel"}, {"position": {"minX": -17.90625, "minY": 2.875, "maxX": 54.28125, "maxY": 158.375}, "class_id": 0, "box_caption": "person 0.007", "scores": {"class_score": 0.006931304931640625}, "domain": "pixel"}, {"position": {"minX": 56.53125, "minY": 13.75, "maxX": 167.75, "maxY": 213.25}, "class_id": 0, "box_caption": "person 0.007", "scores": {"class_score": 0.006931304931640625}, "domain": "pixel"}, {"position": {"minX": 275.75, "minY": 46.625, "maxX": 395.75, "maxY": 246.375}, "class_id": 0, "box_caption": "person 0.007", "scores": {"class_score": 0.00690460205078125}, "domain": "pixel"}, {"position": {"minX": 326.5, "minY": 298.0, "maxX": 470.0, "maxY": 506.5}, "class_id": 0, "box_caption": "person 0.007", "scores": {"class_score": 0.00690460205078125}, "domain": "pixel"}, {"position": {"minX": 301.5, "minY": -32.6875, "maxX": 437.0, "maxY": 130.0}, "class_id": 0, "box_caption": "person 0.007", "scores": {"class_score": 0.00690460205078125}, "domain": "pixel"}, {"position": {"minX": -12.5, "minY": 117.375, "maxX": 112.1875, "maxY": 363.0}, "class_id": 0, "box_caption": "person 0.007", "scores": {"class_score": 0.00690460205078125}, "domain": "pixel"}, {"position": {"minX": 192.5, "minY": -31.28125, "maxX": 290.0, "maxY": 126.625}, "class_id": 0, "box_caption": "person 0.007", "scores": {"class_score": 0.0068511962890625}, "domain": "pixel"}, {"position": {"minX": 484.5, "minY": 309.0, "maxX": 638.5, "maxY": 555.5}, "class_id": 0, "box_caption": "person 0.007", "scores": {"class_score": 0.0068511962890625}, "domain": "pixel"}, {"position": {"minX": 390.5, "minY": 423.5, "maxX": 536.5, "maxY": 630.5}, "class_id": 0, "box_caption": "person 0.007", "scores": {"class_score": 0.006824493408203125}, "domain": "pixel"}, {"position": {"minX": 591.5, "minY": 247.5, "maxX": 659.5, "maxY": 422.0}, "class_id": 0, "box_caption": "person 0.007", "scores": {"class_score": 0.006824493408203125}, "domain": "pixel"}, {"position": {"minX": 258.5, "minY": 403.5, "maxX": 468.5, "maxY": 653.5}, "class_id": 0, "box_caption": "person 0.007", "scores": {"class_score": 0.006771087646484375}, "domain": "pixel"}, {"position": {"minX": 290.5, "minY": 375.75, "maxX": 501.0, "maxY": 616.5}, "class_id": 0, "box_caption": "person 0.007", "scores": {"class_score": 0.006744384765625}, "domain": "pixel"}, {"position": {"minX": -20.84375, "minY": 448.5, "maxX": 56.46875, "maxY": 604.5}, "class_id": 0, "box_caption": "person 0.007", "scores": {"class_score": 0.006744384765625}, "domain": "pixel"}, {"position": {"minX": 5.125, "minY": -65.8125, "maxX": 94.625, "maxY": 95.3125}, "class_id": 0, "box_caption": "person 0.007", "scores": {"class_score": 0.006744384765625}, "domain": "pixel"}, {"position": {"minX": 156.375, "minY": -32.125, "maxX": 265.0, "maxY": 126.875}, "class_id": 0, "box_caption": "person 0.007", "scores": {"class_score": 0.006744384765625}, "domain": "pixel"}, {"position": {"minX": -18.5625, "minY": 319.5, "maxX": 115.3125, "maxY": 543.5}, "class_id": 0, "box_caption": "person 0.007", "scores": {"class_score": 0.006744384765625}, "domain": "pixel"}, {"position": {"minX": 386.5, "minY": 319.5, "maxX": 605.5, "maxY": 671.5}, "class_id": 0, "box_caption": "person 0.007", "scores": {"class_score": 0.006717681884765625}, "domain": "pixel"}, {"position": {"minX": 367.5, "minY": 325.0, "maxX": 495.5, "maxY": 542.5}, "class_id": 0, "box_caption": "person 0.007", "scores": {"class_score": 0.00669097900390625}, "domain": "pixel"}, {"position": {"minX": 481.75, "minY": 308.25, "maxX": 576.0, "maxY": 493.25}, "class_id": 0, "box_caption": "person 0.007", "scores": {"class_score": 0.0066680908203125}, "domain": "pixel"}, {"position": {"minX": 85.125, "minY": -79.25, "maxX": 205.375, "maxY": 107.75}, "class_id": 0, "box_caption": "person 0.007", "scores": {"class_score": 0.0066680908203125}, "domain": "pixel"}, {"position": {"minX": 168.125, "minY": 374.75, "maxX": 369.0, "maxY": 618.0}, "class_id": 0, "box_caption": "person 0.007", "scores": {"class_score": 0.006641387939453125}, "domain": "pixel"}, {"position": {"minX": 625.0, "minY": 260.5, "maxX": 690.0, "maxY": 409.5}, "class_id": 0, "box_caption": "person 0.007", "scores": {"class_score": 0.00661468505859375}, "domain": "pixel"}, {"position": {"minX": 336.25, "minY": -38.0625, "maxX": 466.25, "maxY": 136.0}, "class_id": 0, "box_caption": "person 0.007", "scores": {"class_score": 0.00661468505859375}, "domain": "pixel"}, {"position": {"minX": 372.25, "minY": -22.28125, "maxX": 493.75, "maxY": 119.5}, "class_id": 0, "box_caption": "person 0.007", "scores": {"class_score": 0.006587982177734375}, "domain": "pixel"}, {"position": {"minX": 10.125, "minY": 451.75, "maxX": 90.1875, "maxY": 605.5}, "class_id": 0, "box_caption": "person 0.007", "scores": {"class_score": 0.006565093994140625}, "domain": "pixel"}, {"position": {"minX": 525.0, "minY": 221.75, "maxX": 663.0, "maxY": 450.75}, "class_id": 0, "box_caption": "person 0.007", "scores": {"class_score": 0.006565093994140625}, "domain": "pixel"}, {"position": {"minX": -27.25, "minY": -70.875, "maxX": 61.5625, "maxY": 100.0}, "class_id": 0, "box_caption": "person 0.007", "scores": {"class_score": 0.00653839111328125}, "domain": "pixel"}, {"position": {"minX": 53.71875, "minY": -72.6875, "maxX": 172.75, "maxY": 105.1875}, "class_id": 0, "box_caption": "person 0.007", "scores": {"class_score": 0.00653839111328125}, "domain": "pixel"}, {"position": {"minX": 122.0625, "minY": -78.25, "maxX": 232.25, "maxY": 108.375}, "class_id": 0, "box_caption": "person 0.007", "scores": {"class_score": 0.00653839111328125}, "domain": "pixel"}, {"position": {"minX": 222.625, "minY": -30.5, "maxX": 326.75, "maxY": 125.5}, "class_id": 0, "box_caption": "person 0.007", "scores": {"class_score": 0.00653839111328125}, "domain": "pixel"}, {"position": {"minX": -12.65625, "minY": 67.75, "maxX": 113.125, "maxY": 284.5}, "class_id": 0, "box_caption": "person 0.007", "scores": {"class_score": 0.006511688232421875}, "domain": "pixel"}, {"position": {"minX": 539.5, "minY": 83.25, "maxX": 645.5, "maxY": 267.25}, "class_id": 0, "box_caption": "person 0.006", "scores": {"class_score": 0.006488800048828125}, "domain": "pixel"}, {"position": {"minX": 426.5, "minY": 258.5, "maxX": 567.0, "maxY": 542.0}, "class_id": 0, "box_caption": "person 0.006", "scores": {"class_score": 0.006488800048828125}, "domain": "pixel"}, {"position": {"minX": 413.25, "minY": -21.53125, "maxX": 520.5, "maxY": 119.625}, "class_id": 0, "box_caption": "person 0.006", "scores": {"class_score": 0.00646209716796875}, "domain": "pixel"}, {"position": {"minX": 230.0, "minY": 471.25, "maxX": 377.0, "maxY": 719.0}, "class_id": 0, "box_caption": "person 0.006", "scores": {"class_score": 0.006412506103515625}, "domain": "pixel"}, {"position": {"minX": 462.75, "minY": -9.8125, "maxX": 594.0, "maxY": 172.75}, "class_id": 0, "box_caption": "person 0.006", "scores": {"class_score": 0.006389617919921875}, "domain": "pixel"}, {"position": {"minX": 361.0, "minY": 201.625, "maxX": 502.5, "maxY": 408.5}, "class_id": 0, "box_caption": "person 0.006", "scores": {"class_score": 0.0063629150390625}, "domain": "pixel"}, {"position": {"minX": 246.0, "minY": -18.5625, "maxX": 363.0, "maxY": 179.0}, "class_id": 0, "box_caption": "person 0.006", "scores": {"class_score": 0.006313323974609375}, "domain": "pixel"}, {"position": {"minX": 144.5, "minY": 345.5, "maxX": 331.5, "maxY": 582.0}, "class_id": 0, "box_caption": "person 0.006", "scores": {"class_score": 0.006313323974609375}, "domain": "pixel"}, {"position": {"minX": 229.0, "minY": 342.5, "maxX": 438.0, "maxY": 585.5}, "class_id": 0, "box_caption": "person 0.006", "scores": {"class_score": 0.006313323974609375}, "domain": "pixel"}, {"position": {"minX": 621.5, "minY": 229.75, "maxX": 696.5, "maxY": 375.25}, "class_id": 0, "box_caption": "person 0.006", "scores": {"class_score": 0.006313323974609375}, "domain": "pixel"}, {"position": {"minX": 44.5625, "minY": -19.625, "maxX": 181.75, "maxY": 175.875}, "class_id": 0, "box_caption": "person 0.006", "scores": {"class_score": 0.006290435791015625}, "domain": "pixel"}, {"position": {"minX": 523.0, "minY": 162.25, "maxX": 667.0, "maxY": 380.75}, "class_id": 0, "box_caption": "person 0.006", "scores": {"class_score": 0.006290435791015625}, "domain": "pixel"}, {"position": {"minX": 626.0, "minY": 360.0, "maxX": 691.0, "maxY": 502.0}, "class_id": 0, "box_caption": "person 0.006", "scores": {"class_score": 0.0062408447265625}, "domain": "pixel"}, {"position": {"minX": 198.75, "minY": 408.5, "maxX": 404.75, "maxY": 649.5}, "class_id": 0, "box_caption": "person 0.006", "scores": {"class_score": 0.0062408447265625}, "domain": "pixel"}, {"position": {"minX": 247.75, "minY": -80.5625, "maxX": 360.75, "maxY": 111.4375}, "class_id": 0, "box_caption": "person 0.006", "scores": {"class_score": 0.0062408447265625}, "domain": "pixel"}, {"position": {"minX": 271.25, "minY": -77.375, "maxX": 401.75, "maxY": 109.75}, "class_id": 0, "box_caption": "person 0.006", "scores": {"class_score": 0.0062408447265625}, "domain": "pixel"}, {"position": {"minX": 85.1875, "minY": 327.75, "maxX": 202.0, "maxY": 539.5}, "class_id": 0, "box_caption": "person 0.006", "scores": {"class_score": 0.00621795654296875}, "domain": "pixel"}, {"position": {"minX": 547.0, "minY": 25.8125, "maxX": 637.0, "maxY": 198.75}, "class_id": 0, "box_caption": "person 0.006", "scores": {"class_score": 0.00621795654296875}, "domain": "pixel"}, {"position": {"minX": 274.5, "minY": 317.0, "maxX": 458.0, "maxY": 547.0}, "class_id": 0, "box_caption": "person 0.006", "scores": {"class_score": 0.006145477294921875}, "domain": "pixel"}, {"position": {"minX": 231.0, "minY": -60.3125, "maxX": 320.5, "maxY": 92.0625}, "class_id": 0, "box_caption": "person 0.006", "scores": {"class_score": 0.006122589111328125}, "domain": "pixel"}, {"position": {"minX": 624.0, "minY": 196.75, "maxX": 690.0, "maxY": 348.75}, "class_id": 0, "box_caption": "person 0.006", "scores": {"class_score": 0.006122589111328125}, "domain": "pixel"}, {"position": {"minX": 617.0, "minY": 96.3125, "maxX": 697.0, "maxY": 251.75}, "class_id": 0, "box_caption": "person 0.006", "scores": {"class_score": 0.006122589111328125}, "domain": "pixel"}, {"position": {"minX": 588.5, "minY": 349.0, "maxX": 666.5, "maxY": 512.5}, "class_id": 0, "box_caption": "person 0.006", "scores": {"class_score": 0.006122589111328125}, "domain": "pixel"}, {"position": {"minX": 480.75, "minY": -29.8125, "maxX": 575.0, "maxY": 125.1875}, "class_id": 0, "box_caption": "person 0.006", "scores": {"class_score": 0.006072998046875}, "domain": "pixel"}, {"position": {"minX": 592.0, "minY": 140.125, "maxX": 660.0, "maxY": 276.5}, "class_id": 0, "box_caption": "person 0.006", "scores": {"class_score": 0.006072998046875}, "domain": "pixel"}, {"position": {"minX": -18.5625, "minY": 507.75, "maxX": 53.75, "maxY": 673.5}, "class_id": 0, "box_caption": "person 0.006", "scores": {"class_score": 0.006072998046875}, "domain": "pixel"}, {"position": {"minX": 294.0, "minY": 464.25, "maxX": 444.0, "maxY": 727.0}, "class_id": 0, "box_caption": "person 0.006", "scores": {"class_score": 0.00605010986328125}, "domain": "pixel"}, {"position": {"minX": -63.5, "minY": 111.375, "maxX": 98.75, "maxY": 308.5}, "class_id": 0, "box_caption": "person 0.006", "scores": {"class_score": 0.00605010986328125}, "domain": "pixel"}, {"position": {"minX": 46.25, "minY": 78.125, "maxX": 177.0, "maxY": 276.5}, "class_id": 0, "box_caption": "person 0.006", "scores": {"class_score": 0.00600433349609375}, "domain": "pixel"}, {"position": {"minX": -64.75, "minY": 186.125, "maxX": 100.0, "maxY": 421.0}, "class_id": 0, "box_caption": "person 0.006", "scores": {"class_score": 0.00600433349609375}, "domain": "pixel"}, {"position": {"minX": 191.5, "minY": -50.0, "maxX": 358.0, "maxY": 143.5}, "class_id": 0, "box_caption": "person 0.006", "scores": {"class_score": 0.00595855712890625}, "domain": "pixel"}, {"position": {"minX": 554.0, "minY": 2.5625, "maxX": 635.0, "maxY": 154.25}, "class_id": 0, "box_caption": "person 0.006", "scores": {"class_score": 0.0059356689453125}, "domain": "pixel"}, {"position": {"minX": 440.0, "minY": -76.125, "maxX": 554.0, "maxY": 108.0}, "class_id": 0, "box_caption": "person 0.006", "scores": {"class_score": 0.0059356689453125}, "domain": "pixel"}, {"position": {"minX": 517.5, "minY": -29.5, "maxX": 605.5, "maxY": 127.375}, "class_id": 0, "box_caption": "person 0.006", "scores": {"class_score": 0.0059356689453125}, "domain": "pixel"}, {"position": {"minX": 405.0, "minY": 474.25, "maxX": 524.5, "maxY": 645.0}, "class_id": 0, "box_caption": "person 0.006", "scores": {"class_score": 0.005889892578125}, "domain": "pixel"}, {"position": {"minX": 619.0, "minY": 288.25, "maxX": 695.0, "maxY": 445.75}, "class_id": 0, "box_caption": "person 0.006", "scores": {"class_score": 0.005889892578125}, "domain": "pixel"}, {"position": {"minX": 531.5, "minY": 424.0, "maxX": 651.5, "maxY": 636.0}, "class_id": 0, "box_caption": "person 0.006", "scores": {"class_score": 0.005889892578125}, "domain": "pixel"}, {"position": {"minX": 625.5, "minY": 135.5, "maxX": 690.5, "maxY": 279.0}, "class_id": 0, "box_caption": "person 0.006", "scores": {"class_score": 0.00582122802734375}, "domain": "pixel"}, {"position": {"minX": -60.625, "minY": 358.0, "maxX": 93.375, "maxY": 570.0}, "class_id": 0, "box_caption": "person 0.006", "scores": {"class_score": 0.00582122802734375}, "domain": "pixel"}, {"position": {"minX": 557.5, "minY": -55.6875, "maxX": 636.5, "maxY": 83.4375}, "class_id": 0, "box_caption": "person 0.006", "scores": {"class_score": 0.00579833984375}, "domain": "pixel"}, {"position": {"minX": 144.125, "minY": 409.5, "maxX": 333.5, "maxY": 645.5}, "class_id": 0, "box_caption": "person 0.006", "scores": {"class_score": 0.00579833984375}, "domain": "pixel"}, {"position": {"minX": 100.9375, "minY": -49.5625, "maxX": 256.0, "maxY": 147.25}, "class_id": 0, "box_caption": "person 0.006", "scores": {"class_score": 0.00579833984375}, "domain": "pixel"}, {"position": {"minX": 592.5, "minY": 202.0, "maxX": 659.5, "maxY": 342.0}, "class_id": 0, "box_caption": "person 0.006", "scores": {"class_score": 0.00577545166015625}, "domain": "pixel"}, {"position": {"minX": 625.5, "minY": 417.75, "maxX": 691.5, "maxY": 573.0}, "class_id": 0, "box_caption": "person 0.006", "scores": {"class_score": 0.00577545166015625}, "domain": "pixel"}, {"position": {"minX": 618.0, "minY": 36.5, "maxX": 698.0, "maxY": 184.25}, "class_id": 0, "box_caption": "person 0.006", "scores": {"class_score": 0.00577545166015625}, "domain": "pixel"}, {"position": {"minX": -59.65625, "minY": 287.25, "maxX": 93.5, "maxY": 514.0}, "class_id": 0, "box_caption": "person 0.006", "scores": {"class_score": 0.0057525634765625}, "domain": "pixel"}, {"position": {"minX": 560.0, "minY": -25.71875, "maxX": 631.0, "maxY": 119.5}, "class_id": 0, "box_caption": "person 0.006", "scores": {"class_score": 0.00572967529296875}, "domain": "pixel"}, {"position": {"minX": 591.5, "minY": 392.5, "maxX": 661.5, "maxY": 536.5}, "class_id": 0, "box_caption": "person 0.006", "scores": {"class_score": 0.00572967529296875}, "domain": "pixel"}, {"position": {"minX": 599.5, "minY": 17.1875, "maxX": 654.5, "maxY": 142.5}, "class_id": 0, "box_caption": "person 0.006", "scores": {"class_score": 0.005706787109375}, "domain": "pixel"}, {"position": {"minX": -22.59375, "minY": 579.5, "maxX": 57.03125, "maxY": 731.5}, "class_id": 0, "box_caption": "person 0.006", "scores": {"class_score": 0.005706787109375}, "domain": "pixel"}, {"position": {"minX": 474.25, "minY": -76.5, "maxX": 584.5, "maxY": 108.5}, "class_id": 0, "box_caption": "person 0.006", "scores": {"class_score": 0.005706787109375}, "domain": "pixel"}, {"position": {"minX": 511.0, "minY": -75.125, "maxX": 611.0, "maxY": 106.0}, "class_id": 0, "box_caption": "person 0.006", "scores": {"class_score": 0.005706787109375}, "domain": "pixel"}, {"position": {"minX": 619.5, "minY": 167.25, "maxX": 696.5, "maxY": 310.0}, "class_id": 0, "box_caption": "person 0.006", "scores": {"class_score": 0.005706787109375}, "domain": "pixel"}, {"position": {"minX": -13.96875, "minY": 540.5, "maxX": 48.40625, "maxY": 704.5}, "class_id": 0, "box_caption": "person 0.006", "scores": {"class_score": 0.005687713623046875}, "domain": "pixel"}, {"position": {"minX": -6.8125, "minY": -10.5, "maxX": 107.375, "maxY": 172.25}, "class_id": 0, "box_caption": "person 0.006", "scores": {"class_score": 0.005664825439453125}, "domain": "pixel"}, {"position": {"minX": 613.0, "minY": -69.25, "maxX": 702.0, "maxY": 99.375}, "class_id": 0, "box_caption": "person 0.006", "scores": {"class_score": 0.005619049072265625}, "domain": "pixel"}, {"position": {"minX": 165.0, "minY": -61.15625, "maxX": 255.0, "maxY": 91.625}, "class_id": 0, "box_caption": "person 0.006", "scores": {"class_score": 0.00555419921875}, "domain": "pixel"}, {"position": {"minX": 593.0, "minY": 336.75, "maxX": 658.0, "maxY": 464.75}, "class_id": 0, "box_caption": "person 0.006", "scores": {"class_score": 0.00555419921875}, "domain": "pixel"}, {"position": {"minX": -51.0625, "minY": -46.5625, "maxX": 87.4375, "maxY": 142.75}, "class_id": 0, "box_caption": "person 0.006", "scores": {"class_score": 0.005535125732421875}, "domain": "pixel"}, {"position": {"minX": 82.5, "minY": 81.4375, "maxX": 205.0, "maxY": 272.5}, "class_id": 0, "box_caption": "person 0.006", "scores": {"class_score": 0.005512237548828125}, "domain": "pixel"}, {"position": {"minX": 13.0625, "minY": 518.0, "maxX": 86.5, "maxY": 664.0}, "class_id": 0, "box_caption": "person 0.005", "scores": {"class_score": 0.005489349365234375}, "domain": "pixel"}, {"position": {"minX": -56.59375, "minY": 11.125, "maxX": 89.75, "maxY": 215.375}, "class_id": 0, "box_caption": "person 0.005", "scores": {"class_score": 0.005489349365234375}, "domain": "pixel"}, {"position": {"minX": 47.5625, "minY": 383.75, "maxX": 242.0, "maxY": 679.0}, "class_id": 0, "box_caption": "person 0.005", "scores": {"class_score": 0.00547027587890625}, "domain": "pixel"}, {"position": {"minX": 386.75, "minY": -63.84375, "maxX": 483.25, "maxY": 95.375}, "class_id": 0, "box_caption": "person 0.005", "scores": {"class_score": 0.0054473876953125}, "domain": "pixel"}, {"position": {"minX": 420.25, "minY": -63.375, "maxX": 515.0, "maxY": 94.0}, "class_id": 0, "box_caption": "person 0.005", "scores": {"class_score": 0.0054473876953125}, "domain": "pixel"}, {"position": {"minX": 600.0, "minY": -12.6875, "maxX": 655.0, "maxY": 106.5625}, "class_id": 0, "box_caption": "person 0.005", "scores": {"class_score": 0.0054473876953125}, "domain": "pixel"}, {"position": {"minX": 28.5625, "minY": 405.25, "maxX": 133.75, "maxY": 653.0}, "class_id": 0, "box_caption": "person 0.005", "scores": {"class_score": 0.0054473876953125}, "domain": "pixel"}, {"position": {"minX": 350.0, "minY": -65.625, "maxX": 454.5, "maxY": 96.875}, "class_id": 0, "box_caption": "person 0.005", "scores": {"class_score": 0.005428314208984375}, "domain": "pixel"}, {"position": {"minX": 629.5, "minY": 11.8125, "maxX": 686.5, "maxY": 148.0}, "class_id": 0, "box_caption": "person 0.005", "scores": {"class_score": 0.005428314208984375}, "domain": "pixel"}, {"position": {"minX": 317.5, "minY": -68.375, "maxX": 423.5, "maxY": 99.875}, "class_id": 0, "box_caption": "person 0.005", "scores": {"class_score": 0.005405426025390625}, "domain": "pixel"}, {"position": {"minX": 588.0, "minY": 425.0, "maxX": 665.0, "maxY": 567.0}, "class_id": 0, "box_caption": "person 0.005", "scores": {"class_score": 0.005405426025390625}, "domain": "pixel"}, {"position": {"minX": 626.5, "minY": 73.125, "maxX": 689.5, "maxY": 214.875}, "class_id": 0, "box_caption": "person 0.005", "scores": {"class_score": 0.00536346435546875}, "domain": "pixel"}, {"position": {"minX": 100.4375, "minY": 350.5, "maxX": 250.25, "maxY": 578.0}, "class_id": 0, "box_caption": "person 0.005", "scores": {"class_score": 0.00536346435546875}, "domain": "pixel"}, {"position": {"minX": 83.5625, "minY": 435.5, "maxX": 270.0, "maxY": 689.5}, "class_id": 0, "box_caption": "person 0.005", "scores": {"class_score": 0.00536346435546875}, "domain": "pixel"}, {"position": {"minX": 598.5, "minY": 582.5, "maxX": 714.5, "maxY": 731.5}, "class_id": 0, "box_caption": "person 0.005", "scores": {"class_score": 0.00536346435546875}, "domain": "pixel"}, {"position": {"minX": 190.5, "minY": 454.0, "maxX": 350.5, "maxY": 667.0}, "class_id": 0, "box_caption": "person 0.005", "scores": {"class_score": 0.005344390869140625}, "domain": "pixel"}, {"position": {"minX": 18.25, "minY": 298.5, "maxX": 275.25, "maxY": 692.0}, "class_id": 0, "box_caption": "person 0.005", "scores": {"class_score": 0.005344390869140625}, "domain": "pixel"}, {"position": {"minX": 618.5, "minY": -26.6875, "maxX": 698.5, "maxY": 122.1875}, "class_id": 0, "box_caption": "person 0.005", "scores": {"class_score": 0.005321502685546875}, "domain": "pixel"}, {"position": {"minX": 582.0, "minY": 96.375, "maxX": 669.0, "maxY": 256.0}, "class_id": 0, "box_caption": "person 0.005", "scores": {"class_score": 0.005321502685546875}, "domain": "pixel"}, {"position": {"minX": 619.0, "minY": 444.5, "maxX": 695.0, "maxY": 609.5}, "class_id": 0, "box_caption": "person 0.005", "scores": {"class_score": 0.005321502685546875}, "domain": "pixel"}, {"position": {"minX": 13.25, "minY": 586.0, "maxX": 84.375, "maxY": 729.0}, "class_id": 0, "box_caption": "person 0.005", "scores": {"class_score": 0.005279541015625}, "domain": "pixel"}, {"position": {"minX": 597.5, "minY": 48.1875, "maxX": 657.5, "maxY": 176.5}, "class_id": 0, "box_caption": "person 0.005", "scores": {"class_score": 0.005260467529296875}, "domain": "pixel"}, {"position": {"minX": 10.8125, "minY": -81.125, "maxX": 154.25, "maxY": 111.0}, "class_id": 0, "box_caption": "person 0.005", "scores": {"class_score": 0.00524139404296875}, "domain": "pixel"}, {"position": {"minX": 609.0, "minY": 545.5, "maxX": 624.0, "maxY": 588.5}, "class_id": 0, "box_caption": "person 0.005", "scores": {"class_score": 0.005218505859375}, "domain": "pixel"}, {"position": {"minX": 507.25, "minY": 35.25, "maxX": 680.0, "maxY": 250.5}, "class_id": 0, "box_caption": "person 0.005", "scores": {"class_score": 0.005218505859375}, "domain": "pixel"}, {"position": {"minX": 594.0, "minY": -48.1875, "maxX": 664.0, "maxY": 75.1875}, "class_id": 0, "box_caption": "person 0.005", "scores": {"class_score": 0.005199432373046875}, "domain": "pixel"}, {"position": {"minX": 135.875, "minY": 72.3125, "maxX": 277.5, "maxY": 280.0}, "class_id": 0, "box_caption": "person 0.005", "scores": {"class_score": 0.005199432373046875}, "domain": "pixel"}, {"position": {"minX": 165.75, "minY": 476.75, "maxX": 315.25, "maxY": 712.0}, "class_id": 0, "box_caption": "person 0.005", "scores": {"class_score": 0.005199432373046875}, "domain": "pixel"}, {"position": {"minX": 649.5, "minY": 340.5, "maxX": 664.5, "maxY": 382.0}, "class_id": 0, "box_caption": "person 0.005", "scores": {"class_score": 0.005138397216796875}, "domain": "pixel"}, {"position": {"minX": 53.125, "minY": 32.125, "maxX": 241.125, "maxY": 255.625}, "class_id": 0, "box_caption": "person 0.005", "scores": {"class_score": 0.005138397216796875}, "domain": "pixel"}, {"position": {"minX": 165.5, "minY": 37.0625, "maxX": 313.5, "maxY": 250.0}, "class_id": 0, "box_caption": "person 0.005", "scores": {"class_score": 0.005100250244140625}, "domain": "pixel"}, {"position": {"minX": 456.25, "minY": -37.9375, "maxX": 607.0, "maxY": 131.5}, "class_id": 0, "box_caption": "person 0.005", "scores": {"class_score": 0.005100250244140625}, "domain": "pixel"}, {"position": {"minX": 648.0, "minY": 437.5, "maxX": 669.0, "maxY": 474.0}, "class_id": 0, "box_caption": "person 0.005", "scores": {"class_score": 0.005062103271484375}, "domain": "pixel"}, {"position": {"minX": -59.34375, "minY": 411.5, "maxX": 94.125, "maxY": 643.5}, "class_id": 0, "box_caption": "person 0.005", "scores": {"class_score": 0.005062103271484375}, "domain": "pixel"}, {"position": {"minX": 17.4375, "minY": 556.0, "maxX": 83.875, "maxY": 692.0}, "class_id": 0, "box_caption": "person 0.005", "scores": {"class_score": 0.005039215087890625}, "domain": "pixel"}, {"position": {"minX": 581.0, "minY": 441.75, "maxX": 670.0, "maxY": 616.5}, "class_id": 0, "box_caption": "person 0.005", "scores": {"class_score": 0.005039215087890625}, "domain": "pixel"}, {"position": {"minX": 271.5, "minY": 498.25, "maxX": 401.0, "maxY": 688.0}, "class_id": 0, "box_caption": "person 0.005", "scores": {"class_score": 0.0050201416015625}, "domain": "pixel"}, {"position": {"minX": 629.0, "minY": 488.5, "maxX": 689.0, "maxY": 631.5}, "class_id": 0, "box_caption": "person 0.005", "scores": {"class_score": 0.005001068115234375}, "domain": "pixel"}, {"position": {"minX": 340.0, "minY": 499.0, "maxX": 462.0, "maxY": 684.0}, "class_id": 0, "box_caption": "person 0.005", "scores": {"class_score": 0.005001068115234375}, "domain": "pixel"}, {"position": {"minX": 117.75, "minY": 377.5, "maxX": 296.5, "maxY": 616.5}, "class_id": 0, "box_caption": "person 0.005", "scores": {"class_score": 0.00498199462890625}, "domain": "pixel"}, {"position": {"minX": 40.5625, "minY": 448.5, "maxX": 186.0, "maxY": 674.5}, "class_id": 0, "box_caption": "person 0.005", "scores": {"class_score": 0.00498199462890625}, "domain": "pixel"}, {"position": {"minX": 608.5, "minY": 562.0, "maxX": 624.5, "maxY": 605.0}, "class_id": 0, "box_caption": "person 0.005", "scores": {"class_score": 0.004962921142578125}, "domain": "pixel"}, {"position": {"minX": 648.0, "minY": 453.75, "maxX": 669.0, "maxY": 490.75}, "class_id": 0, "box_caption": "person 0.005", "scores": {"class_score": 0.00494384765625}, "domain": "pixel"}, {"position": {"minX": 119.0, "minY": 46.5625, "maxX": 232.0, "maxY": 241.25}, "class_id": 0, "box_caption": "person 0.005", "scores": {"class_score": 0.00494384765625}, "domain": "pixel"}, {"position": {"minX": 280.0, "minY": 572.0, "maxX": 395.0, "maxY": 743.0}, "class_id": 0, "box_caption": "person 0.005", "scores": {"class_score": 0.004924774169921875}, "domain": "pixel"}, {"position": {"minX": 608.5, "minY": 527.5, "maxX": 622.5, "maxY": 575.5}, "class_id": 0, "box_caption": "person 0.005", "scores": {"class_score": 0.00490570068359375}, "domain": "pixel"}, {"position": {"minX": 594.5, "minY": 78.5, "maxX": 659.5, "maxY": 209.75}, "class_id": 0, "box_caption": "person 0.005", "scores": {"class_score": 0.00490570068359375}, "domain": "pixel"}, {"position": {"minX": 647.0, "minY": 421.25, "maxX": 670.0, "maxY": 458.25}, "class_id": 0, "box_caption": "person 0.005", "scores": {"class_score": 0.004886627197265625}, "domain": "pixel"}, {"position": {"minX": 310.0, "minY": 573.0, "maxX": 429.0, "maxY": 742.0}, "class_id": 0, "box_caption": "person 0.005", "scores": {"class_score": 0.004886627197265625}, "domain": "pixel"}, {"position": {"minX": 520.0, "minY": 277.0, "maxX": 668.0, "maxY": 514.5}, "class_id": 0, "box_caption": "person 0.005", "scores": {"class_score": 0.004886627197265625}, "domain": "pixel"}, {"position": {"minX": 459.0, "minY": 389.0, "maxX": 664.0, "maxY": 667.0}, "class_id": 0, "box_caption": "person 0.005", "scores": {"class_score": 0.004886627197265625}, "domain": "pixel"}, {"position": {"minX": 648.5, "minY": 354.0, "maxX": 667.5, "maxY": 396.0}, "class_id": 0, "box_caption": "person 0.005", "scores": {"class_score": 0.0048675537109375}, "domain": "pixel"}, {"position": {"minX": 594.5, "minY": 546.5, "maxX": 612.5, "maxY": 588.5}, "class_id": 0, "box_caption": "person 0.005", "scores": {"class_score": 0.0048675537109375}, "domain": "pixel"}, {"position": {"minX": 42.125, "minY": 394.75, "maxX": 181.375, "maxY": 599.0}, "class_id": 0, "box_caption": "person 0.005", "scores": {"class_score": 0.004848480224609375}, "domain": "pixel"}, {"position": {"minX": 646.5, "minY": 467.0, "maxX": 668.5, "maxY": 508.0}, "class_id": 0, "box_caption": "person 0.005", "scores": {"class_score": 0.00482940673828125}, "domain": "pixel"}, {"position": {"minX": 561.0, "minY": 546.0, "maxX": 577.0, "maxY": 590.0}, "class_id": 0, "box_caption": "person 0.005", "scores": {"class_score": 0.00482940673828125}, "domain": "pixel"}, {"position": {"minX": 513.0, "minY": 381.25, "maxX": 674.0, "maxY": 610.5}, "class_id": 0, "box_caption": "person 0.005", "scores": {"class_score": 0.00482940673828125}, "domain": "pixel"}, {"position": {"minX": 576.0, "minY": 561.5, "maxX": 594.0, "maxY": 606.5}, "class_id": 0, "box_caption": "person 0.005", "scores": {"class_score": 0.004810333251953125}, "domain": "pixel"}, {"position": {"minX": 285.25, "minY": -94.625, "maxX": 452.75, "maxY": 123.125}, "class_id": 0, "box_caption": "person 0.005", "scores": {"class_score": 0.004810333251953125}, "domain": "pixel"}, {"position": {"minX": 560.5, "minY": 562.5, "maxX": 577.5, "maxY": 606.5}, "class_id": 0, "box_caption": "person 0.005", "scores": {"class_score": 0.004791259765625}, "domain": "pixel"}, {"position": {"minX": 593.5, "minY": 562.5, "maxX": 610.5, "maxY": 605.5}, "class_id": 0, "box_caption": "person 0.005", "scores": {"class_score": 0.004791259765625}, "domain": "pixel"}, {"position": {"minX": 496.25, "minY": 451.25, "maxX": 626.0, "maxY": 672.0}, "class_id": 0, "box_caption": "person 0.005", "scores": {"class_score": 0.004791259765625}, "domain": "pixel"}, {"position": {"minX": 621.0, "minY": 588.0, "maxX": 694.0, "maxY": 725.0}, "class_id": 0, "box_caption": "person 0.005", "scores": {"class_score": 0.004772186279296875}, "domain": "pixel"}, {"position": {"minX": -10.46875, "minY": 381.75, "maxX": 109.875, "maxY": 609.0}, "class_id": 0, "box_caption": "person 0.005", "scores": {"class_score": 0.004772186279296875}, "domain": "pixel"}, {"position": {"minX": 465.5, "minY": 446.75, "maxX": 594.5, "maxY": 677.0}, "class_id": 0, "box_caption": "person 0.005", "scores": {"class_score": 0.004756927490234375}, "domain": "pixel"}, {"position": {"minX": 592.5, "minY": 593.5, "maxX": 659.5, "maxY": 719.5}, "class_id": 0, "box_caption": "person 0.005", "scores": {"class_score": 0.004718780517578125}, "domain": "pixel"}, {"position": {"minX": 576.5, "minY": 583.0, "maxX": 675.5, "maxY": 729.0}, "class_id": 0, "box_caption": "person 0.005", "scores": {"class_score": 0.004718780517578125}, "domain": "pixel"}, {"position": {"minX": 343.5, "minY": 573.5, "maxX": 460.5, "maxY": 740.5}, "class_id": 0, "box_caption": "person 0.005", "scores": {"class_score": 0.00469970703125}, "domain": "pixel"}, {"position": {"minX": 45.46875, "minY": 590.0, "maxX": 117.375, "maxY": 724.0}, "class_id": 0, "box_caption": "person 0.005", "scores": {"class_score": 0.004680633544921875}, "domain": "pixel"}, {"position": {"minX": 214.875, "minY": 572.5, "maxX": 332.75, "maxY": 741.5}, "class_id": 0, "box_caption": "person 0.005", "scores": {"class_score": 0.004665374755859375}, "domain": "pixel"}, {"position": {"minX": -61.8125, "minY": 491.75, "maxX": 96.9375, "maxY": 691.0}, "class_id": 0, "box_caption": "person 0.005", "scores": {"class_score": 0.004665374755859375}, "domain": "pixel"}, {"position": {"minX": 646.0, "minY": 482.75, "maxX": 668.0, "maxY": 524.5}, "class_id": 0, "box_caption": "person 0.005", "scores": {"class_score": 0.00464630126953125}, "domain": "pixel"}, {"position": {"minX": 544.5, "minY": 564.0, "maxX": 562.5, "maxY": 605.0}, "class_id": 0, "box_caption": "person 0.005", "scores": {"class_score": 0.00464630126953125}, "domain": "pixel"}, {"position": {"minX": 561.5, "minY": 579.5, "maxX": 578.5, "maxY": 620.5}, "class_id": 0, "box_caption": "person 0.005", "scores": {"class_score": 0.00464630126953125}, "domain": "pixel"}, {"position": {"minX": 627.0, "minY": 524.0, "maxX": 691.0, "maxY": 661.0}, "class_id": 0, "box_caption": "person 0.005", "scores": {"class_score": 0.00464630126953125}, "domain": "pixel"}, {"position": {"minX": 60.1875, "minY": 579.0, "maxX": 167.75, "maxY": 734.0}, "class_id": 0, "box_caption": "person 0.005", "scores": {"class_score": 0.00464630126953125}, "domain": "pixel"}, {"position": {"minX": 645.0, "minY": 510.5, "maxX": 666.0, "maxY": 559.5}, "class_id": 0, "box_caption": "person 0.005", "scores": {"class_score": 0.004627227783203125}, "domain": "pixel"}, {"position": {"minX": 497.0, "minY": 562.5, "maxX": 514.0, "maxY": 605.5}, "class_id": 0, "box_caption": "person 0.005", "scores": {"class_score": 0.004627227783203125}, "domain": "pixel"}, {"position": {"minX": 376.0, "minY": 575.5, "maxX": 490.5, "maxY": 737.5}, "class_id": 0, "box_caption": "person 0.005", "scores": {"class_score": 0.004627227783203125}, "domain": "pixel"}, {"position": {"minX": 512.5, "minY": 562.5, "maxX": 530.5, "maxY": 605.5}, "class_id": 0, "box_caption": "person 0.005", "scores": {"class_score": 0.004608154296875}, "domain": "pixel"}], "class_labels": {"0": "person"}}