{"box_data": [{"position": {"minX": 284.0, "minY": 406.75, "maxX": 294.5, "maxY": 433.75}, "class_id": 0, "box_caption": "person 0.657", "scores": {"class_score": 0.65673828125}, "domain": "pixel"}, {"position": {"minX": 199.75, "minY": 331.5, "maxX": 215.75, "maxY": 373.5}, "class_id": 0, "box_caption": "person 0.295", "scores": {"class_score": 0.294921875}, "domain": "pixel"}, {"position": {"minX": 312.5, "minY": 405.5, "maxX": 325.5, "maxY": 450.0}, "class_id": 0, "box_caption": "person 0.249", "scores": {"class_score": 0.2493896484375}, "domain": "pixel"}, {"position": {"minX": 196.125, "minY": 329.5, "maxX": 210.375, "maxY": 366.5}, "class_id": 0, "box_caption": "person 0.239", "scores": {"class_score": 0.2393798828125}, "domain": "pixel"}, {"position": {"minX": 148.625, "minY": 397.25, "maxX": 173.375, "maxY": 460.25}, "class_id": 0, "box_caption": "person 0.215", "scores": {"class_score": 0.2147216796875}, "domain": "pixel"}, {"position": {"minX": 150.0, "minY": 402.5, "maxX": 178.5, "maxY": 479.5}, "class_id": 0, "box_caption": "person 0.206", "scores": {"class_score": 0.20556640625}, "domain": "pixel"}, {"position": {"minX": 454.75, "minY": 384.75, "maxX": 468.75, "maxY": 427.25}, "class_id": 0, "box_caption": "person 0.181", "scores": {"class_score": 0.1806640625}, "domain": "pixel"}, {"position": {"minX": 201.625, "minY": 338.25, "maxX": 218.875, "maxY": 377.25}, "class_id": 0, "box_caption": "person 0.146", "scores": {"class_score": 0.1461181640625}, "domain": "pixel"}, {"position": {"minX": 495.0, "minY": 358.5, "maxX": 512.0, "maxY": 394.5}, "class_id": 0, "box_caption": "person 0.140", "scores": {"class_score": 0.140380859375}, "domain": "pixel"}, {"position": {"minX": 161.0, "minY": 281.75, "maxX": 180.25, "maxY": 330.75}, "class_id": 0, "box_caption": "person 0.138", "scores": {"class_score": 0.137939453125}, "domain": "pixel"}, {"position": {"minX": 141.875, "minY": 317.25, "maxX": 156.125, "maxY": 356.75}, "class_id": 0, "box_caption": "person 0.138", "scores": {"class_score": 0.1375732421875}, "domain": "pixel"}, {"position": {"minX": 144.625, "minY": 321.25, "maxX": 154.875, "maxY": 350.75}, "class_id": 0, "box_caption": "person 0.137", "scores": {"class_score": 0.1370849609375}, "domain": "pixel"}, {"position": {"minX": 308.5, "minY": 405.25, "maxX": 327.5, "maxY": 459.25}, "class_id": 0, "box_caption": "person 0.120", "scores": {"class_score": 0.11962890625}, "domain": "pixel"}, {"position": {"minX": 164.25, "minY": 293.25, "maxX": 179.25, "maxY": 333.25}, "class_id": 0, "box_caption": "person 0.119", "scores": {"class_score": 0.11920166015625}, "domain": "pixel"}, {"position": {"minX": 587.0, "minY": 233.25, "maxX": 601.0, "maxY": 269.0}, "class_id": 0, "box_caption": "person 0.106", "scores": {"class_score": 0.1063232421875}, "domain": "pixel"}, {"position": {"minX": 610.0, "minY": 234.375, "maxX": 626.0, "maxY": 291.25}, "class_id": 0, "box_caption": "person 0.104", "scores": {"class_score": 0.1041259765625}, "domain": "pixel"}, {"position": {"minX": 344.25, "minY": 412.25, "maxX": 366.75, "maxY": 468.25}, "class_id": 0, "box_caption": "person 0.102", "scores": {"class_score": 0.1015625}, "domain": "pixel"}, {"position": {"minX": 383.5, "minY": 109.375, "maxX": 401.0, "maxY": 156.875}, "class_id": 0, "box_caption": "person 0.101", "scores": {"class_score": 0.10089111328125}, "domain": "pixel"}, {"position": {"minX": 451.5, "minY": 380.0, "maxX": 471.5, "maxY": 431.0}, "class_id": 0, "box_caption": "person 0.099", "scores": {"class_score": 0.0987548828125}, "domain": "pixel"}, {"position": {"minX": 204.125, "minY": 344.75, "maxX": 217.125, "maxY": 381.75}, "class_id": 0, "box_caption": "person 0.097", "scores": {"class_score": 0.097412109375}, "domain": "pixel"}, {"position": {"minX": 158.0, "minY": 272.0, "maxX": 184.0, "maxY": 335.0}, "class_id": 0, "box_caption": "person 0.084", "scores": {"class_score": 0.08447265625}, "domain": "pixel"}, {"position": {"minX": 308.75, "minY": 400.25, "maxX": 324.25, "maxY": 445.75}, "class_id": 0, "box_caption": "person 0.073", "scores": {"class_score": 0.07342529296875}, "domain": "pixel"}, {"position": {"minX": 537.0, "minY": 327.5, "maxX": 554.0, "maxY": 383.0}, "class_id": 0, "box_caption": "person 0.073", "scores": {"class_score": 0.07318115234375}, "domain": "pixel"}, {"position": {"minX": 285.5, "minY": 340.75, "maxX": 297.0, "maxY": 370.75}, "class_id": 0, "box_caption": "person 0.070", "scores": {"class_score": 0.0703125}, "domain": "pixel"}, {"position": {"minX": 307.5, "minY": 396.75, "maxX": 333.5, "maxY": 453.25}, "class_id": 0, "box_caption": "person 0.070", "scores": {"class_score": 0.0703125}, "domain": "pixel"}, {"position": {"minX": 608.0, "minY": 248.0, "maxX": 624.0, "maxY": 301.5}, "class_id": 0, "box_caption": "person 0.063", "scores": {"class_score": 0.06304931640625}, "domain": "pixel"}, {"position": {"minX": 158.5, "minY": 419.25, "maxX": 179.0, "maxY": 480.75}, "class_id": 0, "box_caption": "person 0.062", "scores": {"class_score": 0.0618896484375}, "domain": "pixel"}, {"position": {"minX": 401.5, "minY": 273.75, "maxX": 418.0, "maxY": 323.75}, "class_id": 0, "box_caption": "person 0.060", "scores": {"class_score": 0.05987548828125}, "domain": "pixel"}, {"position": {"minX": 144.0, "minY": 386.5, "maxX": 164.5, "maxY": 448.0}, "class_id": 0, "box_caption": "person 0.057", "scores": {"class_score": 0.057281494140625}, "domain": "pixel"}, {"position": {"minX": 150.0, "minY": 391.0, "maxX": 168.75, "maxY": 445.5}, "class_id": 0, "box_caption": "person 0.056", "scores": {"class_score": 0.055816650390625}, "domain": "pixel"}, {"position": {"minX": 387.5, "minY": 98.5, "maxX": 406.5, "maxY": 153.375}, "class_id": 0, "box_caption": "person 0.055", "scores": {"class_score": 0.05499267578125}, "domain": "pixel"}, {"position": {"minX": 607.5, "minY": 226.75, "maxX": 629.5, "maxY": 297.75}, "class_id": 0, "box_caption": "person 0.052", "scores": {"class_score": 0.05224609375}, "domain": "pixel"}, {"position": {"minX": 333.25, "minY": 411.5, "maxX": 365.25, "maxY": 472.0}, "class_id": 0, "box_caption": "person 0.050", "scores": {"class_score": 0.050048828125}, "domain": "pixel"}, {"position": {"minX": 282.0, "minY": 404.25, "maxX": 300.0, "maxY": 435.75}, "class_id": 0, "box_caption": "person 0.049", "scores": {"class_score": 0.048583984375}, "domain": "pixel"}, {"position": {"minX": 157.25, "minY": 256.25, "maxX": 203.25, "maxY": 344.25}, "class_id": 0, "box_caption": "person 0.049", "scores": {"class_score": 0.048583984375}, "domain": "pixel"}, {"position": {"minX": 164.375, "minY": 285.5, "maxX": 186.125, "maxY": 328.0}, "class_id": 0, "box_caption": "person 0.048", "scores": {"class_score": 0.048126220703125}, "domain": "pixel"}, {"position": {"minX": 507.5, "minY": 348.75, "maxX": 528.5, "maxY": 398.25}, "class_id": 0, "box_caption": "person 0.047", "scores": {"class_score": 0.046630859375}, "domain": "pixel"}, {"position": {"minX": 613.0, "minY": 234.625, "maxX": 625.0, "maxY": 276.75}, "class_id": 0, "box_caption": "person 0.043", "scores": {"class_score": 0.042724609375}, "domain": "pixel"}, {"position": {"minX": 579.0, "minY": 234.125, "maxX": 597.0, "maxY": 269.75}, "class_id": 0, "box_caption": "person 0.041", "scores": {"class_score": 0.04083251953125}, "domain": "pixel"}, {"position": {"minX": 136.0, "minY": 389.0, "maxX": 177.0, "maxY": 477.0}, "class_id": 0, "box_caption": "person 0.041", "scores": {"class_score": 0.04083251953125}, "domain": "pixel"}, {"position": {"minX": 207.0, "minY": 354.5, "maxX": 216.5, "maxY": 380.5}, "class_id": 0, "box_caption": "person 0.040", "scores": {"class_score": 0.04010009765625}, "domain": "pixel"}, {"position": {"minX": 381.5, "minY": 115.4375, "maxX": 398.0, "maxY": 165.75}, "class_id": 0, "box_caption": "person 0.039", "scores": {"class_score": 0.038604736328125}, "domain": "pixel"}, {"position": {"minX": 408.25, "minY": 393.5, "maxX": 431.25, "maxY": 454.5}, "class_id": 0, "box_caption": "person 0.039", "scores": {"class_score": 0.038543701171875}, "domain": "pixel"}, {"position": {"minX": 411.25, "minY": 414.0, "maxX": 431.75, "maxY": 460.5}, "class_id": 0, "box_caption": "person 0.038", "scores": {"class_score": 0.038116455078125}, "domain": "pixel"}, {"position": {"minX": 162.75, "minY": 299.0, "maxX": 176.0, "maxY": 336.0}, "class_id": 0, "box_caption": "person 0.038", "scores": {"class_score": 0.03802490234375}, "domain": "pixel"}, {"position": {"minX": 197.875, "minY": 325.5, "maxX": 223.875, "maxY": 373.0}, "class_id": 0, "box_caption": "person 0.037", "scores": {"class_score": 0.037109375}, "domain": "pixel"}, {"position": {"minX": -12.59375, "minY": 164.75, "maxX": 102.375, "maxY": 505.75}, "class_id": 0, "box_caption": "person 0.037", "scores": {"class_score": 0.03704833984375}, "domain": "pixel"}, {"position": {"minX": 280.75, "minY": 322.25, "maxX": 295.75, "maxY": 368.75}, "class_id": 0, "box_caption": "person 0.037", "scores": {"class_score": 0.036712646484375}, "domain": "pixel"}, {"position": {"minX": 406.75, "minY": 145.0, "maxX": 416.25, "maxY": 167.5}, "class_id": 0, "box_caption": "person 0.036", "scores": {"class_score": 0.036224365234375}, "domain": "pixel"}, {"position": {"minX": 573.0, "minY": 331.0, "maxX": 674.0, "maxY": 597.5}, "class_id": 0, "box_caption": "person 0.036", "scores": {"class_score": 0.03594970703125}, "domain": "pixel"}, {"position": {"minX": 366.0, "minY": 410.75, "maxX": 392.5, "maxY": 462.75}, "class_id": 0, "box_caption": "person 0.036", "scores": {"class_score": 0.035736083984375}, "domain": "pixel"}, {"position": {"minX": 391.0, "minY": 100.3125, "maxX": 411.0, "maxY": 147.0}, "class_id": 0, "box_caption": "person 0.034", "scores": {"class_score": 0.033966064453125}, "domain": "pixel"}, {"position": {"minX": 191.75, "minY": 316.25, "maxX": 208.0, "maxY": 359.25}, "class_id": 0, "box_caption": "person 0.034", "scores": {"class_score": 0.033599853515625}, "domain": "pixel"}, {"position": {"minX": 526.0, "minY": 331.25, "maxX": 552.0, "maxY": 385.75}, "class_id": 0, "box_caption": "person 0.034", "scores": {"class_score": 0.033599853515625}, "domain": "pixel"}, {"position": {"minX": 314.5, "minY": 397.75, "maxX": 356.5, "maxY": 463.25}, "class_id": 0, "box_caption": "person 0.033", "scores": {"class_score": 0.0333251953125}, "domain": "pixel"}, {"position": {"minX": 311.25, "minY": 398.75, "maxX": 328.75, "maxY": 441.25}, "class_id": 0, "box_caption": "person 0.033", "scores": {"class_score": 0.03302001953125}, "domain": "pixel"}, {"position": {"minX": 560.0, "minY": 240.625, "maxX": 577.0, "maxY": 282.0}, "class_id": 0, "box_caption": "person 0.032", "scores": {"class_score": 0.032470703125}, "domain": "pixel"}, {"position": {"minX": 375.75, "minY": 415.5, "maxX": 394.75, "maxY": 457.5}, "class_id": 0, "box_caption": "person 0.032", "scores": {"class_score": 0.03192138671875}, "domain": "pixel"}, {"position": {"minX": 542.5, "minY": 388.75, "maxX": 556.5, "maxY": 430.75}, "class_id": 0, "box_caption": "person 0.031", "scores": {"class_score": 0.0313720703125}, "domain": "pixel"}, {"position": {"minX": 377.5, "minY": 62.0625, "maxX": 419.0, "maxY": 161.5}, "class_id": 0, "box_caption": "person 0.031", "scores": {"class_score": 0.0310211181640625}, "domain": "pixel"}, {"position": {"minX": 504.5, "minY": 333.0, "maxX": 549.5, "maxY": 401.0}, "class_id": 0, "box_caption": "person 0.031", "scores": {"class_score": 0.0305633544921875}, "domain": "pixel"}, {"position": {"minX": 445.75, "minY": 364.25, "maxX": 472.75, "maxY": 430.75}, "class_id": 0, "box_caption": "person 0.030", "scores": {"class_score": 0.0304412841796875}, "domain": "pixel"}, {"position": {"minX": 110.25, "minY": 317.0, "maxX": 122.625, "maxY": 348.5}, "class_id": 0, "box_caption": "person 0.030", "scores": {"class_score": 0.0301055908203125}, "domain": "pixel"}, {"position": {"minX": 173.75, "minY": 252.25, "maxX": 233.5, "maxY": 339.75}, "class_id": 0, "box_caption": "person 0.030", "scores": {"class_score": 0.0301055908203125}, "domain": "pixel"}, {"position": {"minX": 164.875, "minY": 265.0, "maxX": 197.125, "maxY": 333.0}, "class_id": 0, "box_caption": "person 0.030", "scores": {"class_score": 0.0299224853515625}, "domain": "pixel"}, {"position": {"minX": 348.0, "minY": 403.25, "maxX": 374.0, "maxY": 463.25}, "class_id": 0, "box_caption": "person 0.030", "scores": {"class_score": 0.029541015625}, "domain": "pixel"}, {"position": {"minX": 195.0, "minY": 327.25, "maxX": 206.25, "maxY": 357.75}, "class_id": 0, "box_caption": "person 0.029", "scores": {"class_score": 0.029205322265625}, "domain": "pixel"}, {"position": {"minX": 591.0, "minY": 58.6875, "maxX": 604.0, "maxY": 90.5625}, "class_id": 0, "box_caption": "person 0.029", "scores": {"class_score": 0.0287628173828125}, "domain": "pixel"}, {"position": {"minX": 583.5, "minY": 230.625, "maxX": 604.5, "maxY": 271.75}, "class_id": 0, "box_caption": "person 0.028", "scores": {"class_score": 0.02838134765625}, "domain": "pixel"}, {"position": {"minX": 606.0, "minY": 236.0, "maxX": 626.0, "maxY": 311.5}, "class_id": 0, "box_caption": "person 0.028", "scores": {"class_score": 0.0282745361328125}, "domain": "pixel"}, {"position": {"minX": 92.0, "minY": 445.5, "maxX": 115.0, "maxY": 493.0}, "class_id": 0, "box_caption": "person 0.028", "scores": {"class_score": 0.027801513671875}, "domain": "pixel"}, {"position": {"minX": 282.5, "minY": 332.5, "maxX": 298.0, "maxY": 370.5}, "class_id": 0, "box_caption": "person 0.027", "scores": {"class_score": 0.027069091796875}, "domain": "pixel"}, {"position": {"minX": 140.0, "minY": 326.25, "maxX": 153.5, "maxY": 352.75}, "class_id": 0, "box_caption": "person 0.027", "scores": {"class_score": 0.02685546875}, "domain": "pixel"}, {"position": {"minX": 280.25, "minY": 408.25, "maxX": 296.75, "maxY": 440.75}, "class_id": 0, "box_caption": "person 0.026", "scores": {"class_score": 0.0263519287109375}, "domain": "pixel"}, {"position": {"minX": 585.5, "minY": 325.25, "maxX": 597.5, "maxY": 367.75}, "class_id": 0, "box_caption": "person 0.025", "scores": {"class_score": 0.0254669189453125}, "domain": "pixel"}, {"position": {"minX": 150.0, "minY": 290.0, "maxX": 173.5, "maxY": 339.0}, "class_id": 0, "box_caption": "person 0.025", "scores": {"class_score": 0.0248870849609375}, "domain": "pixel"}, {"position": {"minX": 117.6875, "minY": 276.5, "maxX": 133.75, "maxY": 307.0}, "class_id": 0, "box_caption": "person 0.024", "scores": {"class_score": 0.0243377685546875}, "domain": "pixel"}, {"position": {"minX": 571.0, "minY": 235.5, "maxX": 589.0, "maxY": 277.0}, "class_id": 0, "box_caption": "person 0.024", "scores": {"class_score": 0.0242767333984375}, "domain": "pixel"}, {"position": {"minX": 406.0, "minY": 378.25, "maxX": 432.5, "maxY": 443.75}, "class_id": 0, "box_caption": "person 0.024", "scores": {"class_score": 0.0237274169921875}, "domain": "pixel"}, {"position": {"minX": 546.0, "minY": 402.0, "maxX": 557.0, "maxY": 436.0}, "class_id": 0, "box_caption": "person 0.024", "scores": {"class_score": 0.0236968994140625}, "domain": "pixel"}, {"position": {"minX": 157.75, "minY": 408.0, "maxX": 185.5, "maxY": 476.0}, "class_id": 0, "box_caption": "person 0.024", "scores": {"class_score": 0.0236968994140625}, "domain": "pixel"}, {"position": {"minX": -4.5625, "minY": 100.625, "maxX": 92.6875, "maxY": 444.0}, "class_id": 0, "box_caption": "person 0.023", "scores": {"class_score": 0.022979736328125}, "domain": "pixel"}, {"position": {"minX": 113.0625, "minY": 311.5, "maxX": 126.9375, "maxY": 349.5}, "class_id": 0, "box_caption": "person 0.023", "scores": {"class_score": 0.0226287841796875}, "domain": "pixel"}, {"position": {"minX": 294.5, "minY": 182.625, "maxX": 370.0, "maxY": 360.5}, "class_id": 0, "box_caption": "person 0.023", "scores": {"class_score": 0.0226287841796875}, "domain": "pixel"}, {"position": {"minX": 401.75, "minY": 280.75, "maxX": 414.25, "maxY": 317.75}, "class_id": 0, "box_caption": "person 0.022", "scores": {"class_score": 0.022369384765625}, "domain": "pixel"}, {"position": {"minX": 396.25, "minY": 337.5, "maxX": 415.75, "maxY": 388.0}, "class_id": 0, "box_caption": "person 0.022", "scores": {"class_score": 0.0222930908203125}, "domain": "pixel"}, {"position": {"minX": 587.0, "minY": 233.875, "maxX": 607.0, "maxY": 281.0}, "class_id": 0, "box_caption": "person 0.022", "scores": {"class_score": 0.0222930908203125}, "domain": "pixel"}, {"position": {"minX": 531.0, "minY": 325.5, "maxX": 552.0, "maxY": 374.5}, "class_id": 0, "box_caption": "person 0.022", "scores": {"class_score": 0.0222930908203125}, "domain": "pixel"}, {"position": {"minX": 389.0, "minY": 104.125, "maxX": 404.0, "maxY": 145.625}, "class_id": 0, "box_caption": "person 0.022", "scores": {"class_score": 0.0221099853515625}, "domain": "pixel"}, {"position": {"minX": 511.5, "minY": 339.75, "maxX": 534.5, "maxY": 394.25}, "class_id": 0, "box_caption": "person 0.022", "scores": {"class_score": 0.0220794677734375}, "domain": "pixel"}, {"position": {"minX": 214.125, "minY": 186.875, "maxX": 229.375, "maxY": 222.125}, "class_id": 0, "box_caption": "person 0.022", "scores": {"class_score": 0.02203369140625}, "domain": "pixel"}, {"position": {"minX": 441.25, "minY": 360.0, "maxX": 482.75, "maxY": 435.0}, "class_id": 0, "box_caption": "person 0.022", "scores": {"class_score": 0.021820068359375}, "domain": "pixel"}, {"position": {"minX": 310.0, "minY": 403.5, "maxX": 341.5, "maxY": 469.5}, "class_id": 0, "box_caption": "person 0.021", "scores": {"class_score": 0.0214080810546875}, "domain": "pixel"}, {"position": {"minX": 380.25, "minY": 93.0, "maxX": 414.75, "maxY": 174.0}, "class_id": 0, "box_caption": "person 0.021", "scores": {"class_score": 0.0213623046875}, "domain": "pixel"}, {"position": {"minX": 169.375, "minY": 222.25, "maxX": 245.375, "maxY": 333.75}, "class_id": 0, "box_caption": "person 0.021", "scores": {"class_score": 0.0211181640625}, "domain": "pixel"}, {"position": {"minX": 206.625, "minY": 264.0, "maxX": 233.125, "maxY": 327.5}, "class_id": 0, "box_caption": "person 0.021", "scores": {"class_score": 0.02069091796875}, "domain": "pixel"}, {"position": {"minX": 121.125, "minY": 262.25, "maxX": 140.375, "maxY": 310.75}, "class_id": 0, "box_caption": "person 0.021", "scores": {"class_score": 0.0206451416015625}, "domain": "pixel"}, {"position": {"minX": 363.5, "minY": 311.75, "maxX": 378.0, "maxY": 349.25}, "class_id": 0, "box_caption": "person 0.021", "scores": {"class_score": 0.0206451416015625}, "domain": "pixel"}, {"position": {"minX": 595.5, "minY": 466.25, "maxX": 611.5, "maxY": 514.5}, "class_id": 0, "box_caption": "person 0.021", "scores": {"class_score": 0.0206451416015625}, "domain": "pixel"}, {"position": {"minX": 383.0, "minY": 126.6875, "maxX": 394.5, "maxY": 164.375}, "class_id": 0, "box_caption": "person 0.021", "scores": {"class_score": 0.02056884765625}, "domain": "pixel"}, {"position": {"minX": 610.0, "minY": 215.5, "maxX": 639.0, "maxY": 311.0}, "class_id": 0, "box_caption": "person 0.021", "scores": {"class_score": 0.0205230712890625}, "domain": "pixel"}, {"position": {"minX": 161.125, "minY": 423.5, "maxX": 177.125, "maxY": 467.5}, "class_id": 0, "box_caption": "person 0.020", "scores": {"class_score": 0.0203399658203125}, "domain": "pixel"}, {"position": {"minX": 398.75, "minY": 386.5, "maxX": 430.75, "maxY": 459.5}, "class_id": 0, "box_caption": "person 0.020", "scores": {"class_score": 0.0203399658203125}, "domain": "pixel"}, {"position": {"minX": 606.0, "minY": 264.25, "maxX": 624.0, "maxY": 305.75}, "class_id": 0, "box_caption": "person 0.020", "scores": {"class_score": 0.020172119140625}, "domain": "pixel"}, {"position": {"minX": 166.375, "minY": 305.25, "maxX": 178.875, "maxY": 334.75}, "class_id": 0, "box_caption": "person 0.020", "scores": {"class_score": 0.0199432373046875}, "domain": "pixel"}, {"position": {"minX": 186.0, "minY": 282.75, "maxX": 224.75, "maxY": 380.75}, "class_id": 0, "box_caption": "person 0.020", "scores": {"class_score": 0.01971435546875}, "domain": "pixel"}, {"position": {"minX": 346.75, "minY": 431.25, "maxX": 363.75, "maxY": 472.25}, "class_id": 0, "box_caption": "person 0.020", "scores": {"class_score": 0.019561767578125}, "domain": "pixel"}, {"position": {"minX": 171.5, "minY": 301.5, "maxX": 188.5, "maxY": 341.5}, "class_id": 0, "box_caption": "person 0.020", "scores": {"class_score": 0.01953125}, "domain": "pixel"}, {"position": {"minX": 454.0, "minY": 394.0, "maxX": 467.5, "maxY": 436.0}, "class_id": 0, "box_caption": "person 0.019", "scores": {"class_score": 0.0194244384765625}, "domain": "pixel"}, {"position": {"minX": 341.5, "minY": 398.5, "maxX": 387.0, "maxY": 465.0}, "class_id": 0, "box_caption": "person 0.019", "scores": {"class_score": 0.01934814453125}, "domain": "pixel"}, {"position": {"minX": 138.375, "minY": 318.25, "maxX": 154.625, "maxY": 349.25}, "class_id": 0, "box_caption": "person 0.019", "scores": {"class_score": 0.0190582275390625}, "domain": "pixel"}, {"position": {"minX": 150.875, "minY": 283.5, "maxX": 194.125, "maxY": 352.5}, "class_id": 0, "box_caption": "person 0.019", "scores": {"class_score": 0.0190582275390625}, "domain": "pixel"}, {"position": {"minX": 271.5, "minY": 187.75, "maxX": 347.0, "maxY": 352.25}, "class_id": 0, "box_caption": "person 0.019", "scores": {"class_score": 0.0189056396484375}, "domain": "pixel"}, {"position": {"minX": 178.5, "minY": 263.5, "maxX": 208.5, "maxY": 325.5}, "class_id": 0, "box_caption": "person 0.019", "scores": {"class_score": 0.018798828125}, "domain": "pixel"}, {"position": {"minX": 602.0, "minY": 209.5, "maxX": 659.0, "maxY": 335.5}, "class_id": 0, "box_caption": "person 0.019", "scores": {"class_score": 0.018768310546875}, "domain": "pixel"}, {"position": {"minX": 540.0, "minY": 329.75, "maxX": 553.0, "maxY": 369.25}, "class_id": 0, "box_caption": "person 0.019", "scores": {"class_score": 0.01861572265625}, "domain": "pixel"}, {"position": {"minX": 448.5, "minY": 391.0, "maxX": 466.0, "maxY": 435.5}, "class_id": 0, "box_caption": "person 0.018", "scores": {"class_score": 0.01812744140625}, "domain": "pixel"}, {"position": {"minX": 589.5, "minY": 391.25, "maxX": 665.5, "maxY": 597.0}, "class_id": 0, "box_caption": "person 0.018", "scores": {"class_score": 0.01812744140625}, "domain": "pixel"}, {"position": {"minX": 584.0, "minY": 320.75, "maxX": 594.0, "maxY": 348.25}, "class_id": 0, "box_caption": "person 0.018", "scores": {"class_score": 0.0180511474609375}, "domain": "pixel"}, {"position": {"minX": 145.5, "minY": 228.25, "maxX": 209.75, "maxY": 337.75}, "class_id": 0, "box_caption": "person 0.018", "scores": {"class_score": 0.0180511474609375}, "domain": "pixel"}, {"position": {"minX": 381.25, "minY": 346.75, "maxX": 435.25, "maxY": 458.25}, "class_id": 0, "box_caption": "person 0.018", "scores": {"class_score": 0.0180206298828125}, "domain": "pixel"}, {"position": {"minX": 646.5, "minY": 77.4375, "maxX": 659.5, "maxY": 133.25}, "class_id": 0, "box_caption": "person 0.018", "scores": {"class_score": 0.017852783203125}, "domain": "pixel"}, {"position": {"minX": 492.25, "minY": 134.375, "maxX": 503.75, "maxY": 171.625}, "class_id": 0, "box_caption": "person 0.018", "scores": {"class_score": 0.0177154541015625}, "domain": "pixel"}, {"position": {"minX": -2.9375, "minY": 234.5, "maxX": 85.4375, "maxY": 560.0}, "class_id": 0, "box_caption": "person 0.018", "scores": {"class_score": 0.01763916015625}, "domain": "pixel"}, {"position": {"minX": 496.0, "minY": 345.5, "maxX": 517.0, "maxY": 397.0}, "class_id": 0, "box_caption": "person 0.017", "scores": {"class_score": 0.0173797607421875}, "domain": "pixel"}, {"position": {"minX": 197.25, "minY": 214.375, "maxX": 277.0, "maxY": 328.0}, "class_id": 0, "box_caption": "person 0.017", "scores": {"class_score": 0.017181396484375}, "domain": "pixel"}, {"position": {"minX": 232.75, "minY": 176.75, "maxX": 304.75, "maxY": 305.5}, "class_id": 0, "box_caption": "person 0.017", "scores": {"class_score": 0.0170440673828125}, "domain": "pixel"}, {"position": {"minX": 192.375, "minY": 333.0, "maxX": 207.875, "maxY": 373.5}, "class_id": 0, "box_caption": "person 0.017", "scores": {"class_score": 0.016845703125}, "domain": "pixel"}, {"position": {"minX": 6.609375, "minY": 612.0, "maxX": 24.578125, "maxY": 657.0}, "class_id": 0, "box_caption": "person 0.017", "scores": {"class_score": 0.01678466796875}, "domain": "pixel"}, {"position": {"minX": 112.5, "minY": 314.25, "maxX": 123.75, "maxY": 340.75}, "class_id": 0, "box_caption": "person 0.017", "scores": {"class_score": 0.0167236328125}, "domain": "pixel"}, {"position": {"minX": 361.0, "minY": 323.5, "maxX": 377.0, "maxY": 354.5}, "class_id": 0, "box_caption": "person 0.017", "scores": {"class_score": 0.0165863037109375}, "domain": "pixel"}, {"position": {"minX": 213.375, "minY": 264.0, "maxX": 243.375, "maxY": 325.0}, "class_id": 0, "box_caption": "person 0.017", "scores": {"class_score": 0.0165252685546875}, "domain": "pixel"}, {"position": {"minX": 416.75, "minY": 424.25, "maxX": 436.25, "maxY": 465.25}, "class_id": 0, "box_caption": "person 0.016", "scores": {"class_score": 0.0164642333984375}, "domain": "pixel"}, {"position": {"minX": 623.5, "minY": 226.75, "maxX": 668.5, "maxY": 381.25}, "class_id": 0, "box_caption": "person 0.016", "scores": {"class_score": 0.0162811279296875}, "domain": "pixel"}, {"position": {"minX": 394.25, "minY": 109.75, "maxX": 408.25, "maxY": 148.75}, "class_id": 0, "box_caption": "person 0.016", "scores": {"class_score": 0.0162200927734375}, "domain": "pixel"}, {"position": {"minX": 367.5, "minY": 445.5, "maxX": 380.0, "maxY": 473.5}, "class_id": 0, "box_caption": "person 0.016", "scores": {"class_score": 0.015777587890625}, "domain": "pixel"}, {"position": {"minX": 575.0, "minY": 233.75, "maxX": 602.0, "maxY": 274.0}, "class_id": 0, "box_caption": "person 0.016", "scores": {"class_score": 0.015777587890625}, "domain": "pixel"}, {"position": {"minX": 142.0, "minY": 305.5, "maxX": 161.0, "maxY": 355.5}, "class_id": 0, "box_caption": "person 0.016", "scores": {"class_score": 0.015777587890625}, "domain": "pixel"}, {"position": {"minX": 216.25, "minY": 332.5, "maxX": 229.75, "maxY": 377.0}, "class_id": 0, "box_caption": "person 0.016", "scores": {"class_score": 0.0156707763671875}, "domain": "pixel"}, {"position": {"minX": 191.625, "minY": 327.25, "maxX": 204.125, "maxY": 361.25}, "class_id": 0, "box_caption": "person 0.015", "scores": {"class_score": 0.0154266357421875}, "domain": "pixel"}, {"position": {"minX": 277.75, "minY": 316.25, "maxX": 298.75, "maxY": 372.75}, "class_id": 0, "box_caption": "person 0.015", "scores": {"class_score": 0.0154266357421875}, "domain": "pixel"}, {"position": {"minX": 564.0, "minY": 233.625, "maxX": 581.0, "maxY": 278.75}, "class_id": 0, "box_caption": "person 0.015", "scores": {"class_score": 0.0153656005859375}, "domain": "pixel"}, {"position": {"minX": 211.75, "minY": 279.0, "maxX": 234.5, "maxY": 333.0}, "class_id": 0, "box_caption": "person 0.015", "scores": {"class_score": 0.0153045654296875}, "domain": "pixel"}, {"position": {"minX": 403.0, "minY": 355.0, "maxX": 455.5, "maxY": 449.0}, "class_id": 0, "box_caption": "person 0.015", "scores": {"class_score": 0.0153045654296875}, "domain": "pixel"}, {"position": {"minX": 583.5, "minY": 333.0, "maxX": 597.5, "maxY": 387.0}, "class_id": 0, "box_caption": "person 0.015", "scores": {"class_score": 0.01519012451171875}, "domain": "pixel"}, {"position": {"minX": 216.625, "minY": 189.125, "maxX": 231.125, "maxY": 231.625}, "class_id": 0, "box_caption": "person 0.015", "scores": {"class_score": 0.01512908935546875}, "domain": "pixel"}, {"position": {"minX": 458.0, "minY": 281.5, "maxX": 478.0, "maxY": 333.0}, "class_id": 0, "box_caption": "person 0.015", "scores": {"class_score": 0.01512908935546875}, "domain": "pixel"}, {"position": {"minX": 517.5, "minY": 338.5, "maxX": 544.5, "maxY": 405.0}, "class_id": 0, "box_caption": "person 0.015", "scores": {"class_score": 0.01512908935546875}, "domain": "pixel"}, {"position": {"minX": 580.0, "minY": 250.25, "maxX": 678.0, "maxY": 553.0}, "class_id": 0, "box_caption": "person 0.015", "scores": {"class_score": 0.01512908935546875}, "domain": "pixel"}, {"position": {"minX": 107.375, "minY": 317.75, "maxX": 122.25, "maxY": 359.25}, "class_id": 0, "box_caption": "person 0.015", "scores": {"class_score": 0.01507568359375}, "domain": "pixel"}, {"position": {"minX": 372.5, "minY": 408.0, "maxX": 389.5, "maxY": 451.0}, "class_id": 0, "box_caption": "person 0.015", "scores": {"class_score": 0.01507568359375}, "domain": "pixel"}, {"position": {"minX": 635.5, "minY": 264.25, "maxX": 660.5, "maxY": 361.75}, "class_id": 0, "box_caption": "person 0.015", "scores": {"class_score": 0.01507568359375}, "domain": "pixel"}, {"position": {"minX": 392.75, "minY": 335.5, "maxX": 420.75, "maxY": 409.5}, "class_id": 0, "box_caption": "person 0.015", "scores": {"class_score": 0.01507568359375}, "domain": "pixel"}, {"position": {"minX": 585.0, "minY": 322.0, "maxX": 596.0, "maxY": 357.0}, "class_id": 0, "box_caption": "person 0.015", "scores": {"class_score": 0.0150146484375}, "domain": "pixel"}, {"position": {"minX": 375.25, "minY": 387.5, "maxX": 425.25, "maxY": 461.5}, "class_id": 0, "box_caption": "person 0.015", "scores": {"class_score": 0.0150146484375}, "domain": "pixel"}, {"position": {"minX": 646.0, "minY": 93.0, "maxX": 660.0, "maxY": 149.5}, "class_id": 0, "box_caption": "person 0.015", "scores": {"class_score": 0.01495361328125}, "domain": "pixel"}, {"position": {"minX": 536.0, "minY": 340.75, "maxX": 556.0, "maxY": 405.75}, "class_id": 0, "box_caption": "person 0.015", "scores": {"class_score": 0.01495361328125}, "domain": "pixel"}, {"position": {"minX": 124.25, "minY": 398.25, "maxX": 186.0, "maxY": 505.75}, "class_id": 0, "box_caption": "person 0.015", "scores": {"class_score": 0.01495361328125}, "domain": "pixel"}, {"position": {"minX": 423.0, "minY": 415.25, "maxX": 440.5, "maxY": 461.25}, "class_id": 0, "box_caption": "person 0.015", "scores": {"class_score": 0.01483917236328125}, "domain": "pixel"}, {"position": {"minX": 151.5, "minY": 404.75, "maxX": 171.25, "maxY": 450.75}, "class_id": 0, "box_caption": "person 0.015", "scores": {"class_score": 0.01473236083984375}, "domain": "pixel"}, {"position": {"minX": 18.0625, "minY": 180.25, "maxX": 116.8125, "maxY": 484.75}, "class_id": 0, "box_caption": "person 0.015", "scores": {"class_score": 0.01473236083984375}, "domain": "pixel"}, {"position": {"minX": 398.75, "minY": 132.625, "maxX": 413.75, "maxY": 164.875}, "class_id": 0, "box_caption": "person 0.015", "scores": {"class_score": 0.014617919921875}, "domain": "pixel"}, {"position": {"minX": 189.25, "minY": 305.0, "maxX": 212.5, "maxY": 368.0}, "class_id": 0, "box_caption": "person 0.015", "scores": {"class_score": 0.014617919921875}, "domain": "pixel"}, {"position": {"minX": 614.5, "minY": 233.125, "maxX": 625.5, "maxY": 263.0}, "class_id": 0, "box_caption": "person 0.015", "scores": {"class_score": 0.014556884765625}, "domain": "pixel"}, {"position": {"minX": 647.0, "minY": 64.25, "maxX": 660.0, "maxY": 118.625}, "class_id": 0, "box_caption": "person 0.015", "scores": {"class_score": 0.014556884765625}, "domain": "pixel"}, {"position": {"minX": 539.0, "minY": 371.75, "maxX": 556.0, "maxY": 421.25}, "class_id": 0, "box_caption": "person 0.015", "scores": {"class_score": 0.014556884765625}, "domain": "pixel"}, {"position": {"minX": 556.5, "minY": 244.25, "maxX": 574.5, "maxY": 290.25}, "class_id": 0, "box_caption": "person 0.014", "scores": {"class_score": 0.0144500732421875}, "domain": "pixel"}, {"position": {"minX": 413.25, "minY": 429.25, "maxX": 431.25, "maxY": 464.25}, "class_id": 0, "box_caption": "person 0.014", "scores": {"class_score": 0.0144500732421875}, "domain": "pixel"}, {"position": {"minX": 406.0, "minY": 381.75, "maxX": 448.0, "maxY": 460.75}, "class_id": 0, "box_caption": "person 0.014", "scores": {"class_score": 0.01433563232421875}, "domain": "pixel"}, {"position": {"minX": 384.5, "minY": 120.375, "maxX": 401.5, "maxY": 169.375}, "class_id": 0, "box_caption": "person 0.014", "scores": {"class_score": 0.0142822265625}, "domain": "pixel"}, {"position": {"minX": 584.5, "minY": 358.5, "maxX": 642.5, "maxY": 554.5}, "class_id": 0, "box_caption": "person 0.014", "scores": {"class_score": 0.0142822265625}, "domain": "pixel"}, {"position": {"minX": 511.25, "minY": 55.71875, "maxX": 523.0, "maxY": 82.125}, "class_id": 0, "box_caption": "person 0.014", "scores": {"class_score": 0.01422882080078125}, "domain": "pixel"}, {"position": {"minX": 584.0, "minY": 378.25, "maxX": 597.0, "maxY": 416.75}, "class_id": 0, "box_caption": "person 0.014", "scores": {"class_score": 0.0141754150390625}, "domain": "pixel"}, {"position": {"minX": 594.5, "minY": 447.25, "maxX": 615.5, "maxY": 524.5}, "class_id": 0, "box_caption": "person 0.014", "scores": {"class_score": 0.0141754150390625}, "domain": "pixel"}, {"position": {"minX": 86.625, "minY": 429.25, "maxX": 119.75, "maxY": 497.75}, "class_id": 0, "box_caption": "person 0.014", "scores": {"class_score": 0.0141754150390625}, "domain": "pixel"}, {"position": {"minX": 9.96875, "minY": 499.75, "maxX": 23.65625, "maxY": 534.0}, "class_id": 0, "box_caption": "person 0.014", "scores": {"class_score": 0.01406097412109375}, "domain": "pixel"}, {"position": {"minX": 193.75, "minY": 175.5, "maxX": 285.75, "maxY": 312.25}, "class_id": 0, "box_caption": "person 0.014", "scores": {"class_score": 0.01395416259765625}, "domain": "pixel"}, {"position": {"minX": 128.875, "minY": 393.5, "maxX": 162.125, "maxY": 462.0}, "class_id": 0, "box_caption": "person 0.014", "scores": {"class_score": 0.0137939453125}, "domain": "pixel"}, {"position": {"minX": 327.0, "minY": 173.5, "maxX": 400.5, "maxY": 369.0}, "class_id": 0, "box_caption": "person 0.014", "scores": {"class_score": 0.0137939453125}, "domain": "pixel"}, {"position": {"minX": 373.75, "minY": 401.25, "maxX": 402.25, "maxY": 454.25}, "class_id": 0, "box_caption": "person 0.014", "scores": {"class_score": 0.0136871337890625}, "domain": "pixel"}, {"position": {"minX": 509.5, "minY": 356.75, "maxX": 533.5, "maxY": 411.25}, "class_id": 0, "box_caption": "person 0.014", "scores": {"class_score": 0.01363372802734375}, "domain": "pixel"}, {"position": {"minX": 145.75, "minY": 403.0, "maxX": 167.5, "maxY": 450.0}, "class_id": 0, "box_caption": "person 0.014", "scores": {"class_score": 0.0135345458984375}, "domain": "pixel"}, {"position": {"minX": 621.5, "minY": 336.5, "maxX": 635.5, "maxY": 375.0}, "class_id": 0, "box_caption": "person 0.014", "scores": {"class_score": 0.0135345458984375}, "domain": "pixel"}, {"position": {"minX": 290.5, "minY": 102.375, "maxX": 387.0, "maxY": 322.5}, "class_id": 0, "box_caption": "person 0.014", "scores": {"class_score": 0.0135345458984375}, "domain": "pixel"}, {"position": {"minX": 212.375, "minY": 327.75, "maxX": 230.625, "maxY": 368.75}, "class_id": 0, "box_caption": "person 0.013", "scores": {"class_score": 0.01348114013671875}, "domain": "pixel"}, {"position": {"minX": 306.75, "minY": 254.25, "maxX": 365.75, "maxY": 403.25}, "class_id": 0, "box_caption": "person 0.013", "scores": {"class_score": 0.013427734375}, "domain": "pixel"}, {"position": {"minX": 201.25, "minY": 248.0, "maxX": 237.5, "maxY": 322.0}, "class_id": 0, "box_caption": "person 0.013", "scores": {"class_score": 0.01322174072265625}, "domain": "pixel"}, {"position": {"minX": 143.25, "minY": 327.0, "maxX": 154.25, "maxY": 361.5}, "class_id": 0, "box_caption": "person 0.013", "scores": {"class_score": 0.01312255859375}, "domain": "pixel"}, {"position": {"minX": 157.0, "minY": 293.75, "maxX": 180.75, "maxY": 344.75}, "class_id": 0, "box_caption": "person 0.013", "scores": {"class_score": 0.01302337646484375}, "domain": "pixel"}, {"position": {"minX": 589.5, "minY": 432.25, "maxX": 626.5, "maxY": 540.0}, "class_id": 0, "box_caption": "person 0.013", "scores": {"class_score": 0.0129241943359375}, "domain": "pixel"}, {"position": {"minX": 6.640625, "minY": 332.5, "maxX": 45.0625, "maxY": 479.0}, "class_id": 0, "box_caption": "person 0.013", "scores": {"class_score": 0.0129241943359375}, "domain": "pixel"}, {"position": {"minX": 402.0, "minY": 313.0, "maxX": 455.5, "maxY": 430.5}, "class_id": 0, "box_caption": "person 0.013", "scores": {"class_score": 0.0129241943359375}, "domain": "pixel"}, {"position": {"minX": 546.5, "minY": 275.0, "maxX": 556.5, "maxY": 298.5}, "class_id": 0, "box_caption": "person 0.013", "scores": {"class_score": 0.01287078857421875}, "domain": "pixel"}, {"position": {"minX": 473.0, "minY": 329.0, "maxX": 529.0, "maxY": 415.5}, "class_id": 0, "box_caption": "person 0.013", "scores": {"class_score": 0.01287078857421875}, "domain": "pixel"}, {"position": {"minX": 615.0, "minY": 202.5, "maxX": 673.0, "maxY": 404.5}, "class_id": 0, "box_caption": "person 0.013", "scores": {"class_score": 0.01287078857421875}, "domain": "pixel"}, {"position": {"minX": 447.5, "minY": 358.25, "maxX": 466.5, "maxY": 407.75}, "class_id": 0, "box_caption": "person 0.013", "scores": {"class_score": 0.01282501220703125}, "domain": "pixel"}, {"position": {"minX": 588.0, "minY": 405.75, "maxX": 631.0, "maxY": 565.0}, "class_id": 0, "box_caption": "person 0.013", "scores": {"class_score": 0.01282501220703125}, "domain": "pixel"}, {"position": {"minX": 583.0, "minY": 367.0, "maxX": 599.0, "maxY": 414.5}, "class_id": 0, "box_caption": "person 0.013", "scores": {"class_score": 0.012725830078125}, "domain": "pixel"}, {"position": {"minX": 324.25, "minY": 388.0, "maxX": 366.75, "maxY": 473.0}, "class_id": 0, "box_caption": "person 0.013", "scores": {"class_score": 0.012725830078125}, "domain": "pixel"}, {"position": {"minX": 590.0, "minY": 171.25, "maxX": 661.0, "maxY": 368.75}, "class_id": 0, "box_caption": "person 0.013", "scores": {"class_score": 0.012725830078125}, "domain": "pixel"}, {"position": {"minX": 204.0, "minY": 248.25, "maxX": 260.5, "maxY": 341.25}, "class_id": 0, "box_caption": "person 0.013", "scores": {"class_score": 0.01267242431640625}, "domain": "pixel"}, {"position": {"minX": 582.5, "minY": 234.375, "maxX": 595.5, "maxY": 261.25}, "class_id": 0, "box_caption": "person 0.013", "scores": {"class_score": 0.01262664794921875}, "domain": "pixel"}, {"position": {"minX": 400.5, "minY": 140.5, "maxX": 413.0, "maxY": 171.5}, "class_id": 0, "box_caption": "person 0.013", "scores": {"class_score": 0.0125732421875}, "domain": "pixel"}, {"position": {"minX": 642.0, "minY": 12.734375, "maxX": 664.0, "maxY": 49.75}, "class_id": 0, "box_caption": "person 0.013", "scores": {"class_score": 0.0125274658203125}, "domain": "pixel"}, {"position": {"minX": 162.75, "minY": 242.0, "maxX": 207.75, "maxY": 327.5}, "class_id": 0, "box_caption": "person 0.013", "scores": {"class_score": 0.0125274658203125}, "domain": "pixel"}, {"position": {"minX": 155.25, "minY": 427.25, "maxX": 176.25, "maxY": 496.25}, "class_id": 0, "box_caption": "person 0.013", "scores": {"class_score": 0.0125274658203125}, "domain": "pixel"}, {"position": {"minX": 631.5, "minY": 246.875, "maxX": 661.5, "maxY": 404.0}, "class_id": 0, "box_caption": "person 0.012", "scores": {"class_score": 0.01242828369140625}, "domain": "pixel"}, {"position": {"minX": 317.5, "minY": 91.9375, "maxX": 408.5, "maxY": 328.0}, "class_id": 0, "box_caption": "person 0.012", "scores": {"class_score": 0.01242828369140625}, "domain": "pixel"}, {"position": {"minX": 115.625, "minY": 314.0, "maxX": 125.125, "maxY": 337.5}, "class_id": 0, "box_caption": "person 0.012", "scores": {"class_score": 0.01238250732421875}, "domain": "pixel"}, {"position": {"minX": 75.125, "minY": 291.0, "maxX": 92.625, "maxY": 366.5}, "class_id": 0, "box_caption": "person 0.012", "scores": {"class_score": 0.01229095458984375}, "domain": "pixel"}, {"position": {"minX": 514.5, "minY": 346.0, "maxX": 530.5, "maxY": 398.0}, "class_id": 0, "box_caption": "person 0.012", "scores": {"class_score": 0.012237548828125}, "domain": "pixel"}, {"position": {"minX": 8.5390625, "minY": 628.0, "maxX": 24.34375, "maxY": 658.0}, "class_id": 0, "box_caption": "person 0.012", "scores": {"class_score": 0.012237548828125}, "domain": "pixel"}, {"position": {"minX": 611.5, "minY": 273.5, "maxX": 622.5, "maxY": 304.0}, "class_id": 0, "box_caption": "person 0.012", "scores": {"class_score": 0.01214599609375}, "domain": "pixel"}, {"position": {"minX": 365.0, "minY": 431.5, "maxX": 383.5, "maxY": 470.5}, "class_id": 0, "box_caption": "person 0.012", "scores": {"class_score": 0.01214599609375}, "domain": "pixel"}, {"position": {"minX": 372.5, "minY": 44.4375, "maxX": 420.5, "maxY": 124.5625}, "class_id": 0, "box_caption": "person 0.012", "scores": {"class_score": 0.01214599609375}, "domain": "pixel"}, {"position": {"minX": 614.0, "minY": 252.25, "maxX": 672.0, "maxY": 543.0}, "class_id": 0, "box_caption": "person 0.012", "scores": {"class_score": 0.01214599609375}, "domain": "pixel"}, {"position": {"minX": 586.5, "minY": 378.75, "maxX": 600.5, "maxY": 413.75}, "class_id": 0, "box_caption": "person 0.012", "scores": {"class_score": 0.0120086669921875}, "domain": "pixel"}, {"position": {"minX": 411.5, "minY": 425.25, "maxX": 427.0, "maxY": 461.25}, "class_id": 0, "box_caption": "person 0.012", "scores": {"class_score": 0.011962890625}, "domain": "pixel"}, {"position": {"minX": 646.5, "minY": 109.75, "maxX": 659.5, "maxY": 165.5}, "class_id": 0, "box_caption": "person 0.012", "scores": {"class_score": 0.011962890625}, "domain": "pixel"}, {"position": {"minX": 134.875, "minY": 387.25, "maxX": 168.125, "maxY": 455.75}, "class_id": 0, "box_caption": "person 0.012", "scores": {"class_score": 0.011871337890625}, "domain": "pixel"}, {"position": {"minX": 144.0, "minY": 375.0, "maxX": 156.5, "maxY": 424.5}, "class_id": 0, "box_caption": "person 0.012", "scores": {"class_score": 0.011871337890625}, "domain": "pixel"}, {"position": {"minX": 171.75, "minY": 237.0, "maxX": 221.75, "maxY": 326.0}, "class_id": 0, "box_caption": "person 0.012", "scores": {"class_score": 0.01177978515625}, "domain": "pixel"}, {"position": {"minX": 177.125, "minY": 270.5, "maxX": 198.375, "maxY": 327.5}, "class_id": 0, "box_caption": "person 0.012", "scores": {"class_score": 0.0117340087890625}, "domain": "pixel"}, {"position": {"minX": 129.75, "minY": 293.25, "maxX": 168.0, "maxY": 357.75}, "class_id": 0, "box_caption": "person 0.012", "scores": {"class_score": 0.0117340087890625}, "domain": "pixel"}, {"position": {"minX": 541.5, "minY": 349.5, "maxX": 656.5, "maxY": 643.5}, "class_id": 0, "box_caption": "person 0.012", "scores": {"class_score": 0.0117340087890625}, "domain": "pixel"}, {"position": {"minX": 611.5, "minY": 219.25, "maxX": 633.5, "maxY": 286.75}, "class_id": 0, "box_caption": "person 0.012", "scores": {"class_score": 0.0116424560546875}, "domain": "pixel"}, {"position": {"minX": 527.5, "minY": 317.75, "maxX": 574.5, "maxY": 413.25}, "class_id": 0, "box_caption": "person 0.012", "scores": {"class_score": 0.0116424560546875}, "domain": "pixel"}, {"position": {"minX": 225.5, "minY": 194.625, "maxX": 319.0, "maxY": 338.5}, "class_id": 0, "box_caption": "person 0.012", "scores": {"class_score": 0.0115966796875}, "domain": "pixel"}, {"position": {"minX": 321.75, "minY": 424.25, "maxX": 347.75, "maxY": 478.75}, "class_id": 0, "box_caption": "person 0.012", "scores": {"class_score": 0.0115509033203125}, "domain": "pixel"}, {"position": {"minX": 86.375, "minY": 439.0, "maxX": 110.375, "maxY": 496.5}, "class_id": 0, "box_caption": "person 0.012", "scores": {"class_score": 0.011505126953125}, "domain": "pixel"}, {"position": {"minX": 571.0, "minY": 131.0, "maxX": 671.0, "maxY": 358.75}, "class_id": 0, "box_caption": "person 0.012", "scores": {"class_score": 0.011505126953125}, "domain": "pixel"}, {"position": {"minX": 604.0, "minY": 322.25, "maxX": 657.0, "maxY": 558.0}, "class_id": 0, "box_caption": "person 0.011", "scores": {"class_score": 0.01146697998046875}, "domain": "pixel"}, {"position": {"minX": 207.375, "minY": 344.5, "maxX": 223.625, "maxY": 381.5}, "class_id": 0, "box_caption": "person 0.011", "scores": {"class_score": 0.01142120361328125}, "domain": "pixel"}, {"position": {"minX": 40.28125, "minY": 215.5, "maxX": 107.75, "maxY": 447.0}, "class_id": 0, "box_caption": "person 0.011", "scores": {"class_score": 0.01137542724609375}, "domain": "pixel"}, {"position": {"minX": 560.5, "minY": 375.0, "maxX": 644.5, "maxY": 611.5}, "class_id": 0, "box_caption": "person 0.011", "scores": {"class_score": 0.01137542724609375}, "domain": "pixel"}, {"position": {"minX": 9.703125, "minY": 317.0, "maxX": 60.0625, "maxY": 495.0}, "class_id": 0, "box_caption": "person 0.011", "scores": {"class_score": 0.01129150390625}, "domain": "pixel"}, {"position": {"minX": 208.875, "minY": 334.0, "maxX": 227.625, "maxY": 376.5}, "class_id": 0, "box_caption": "person 0.011", "scores": {"class_score": 0.0112457275390625}, "domain": "pixel"}, {"position": {"minX": 357.25, "minY": 302.5, "maxX": 373.75, "maxY": 347.0}, "class_id": 0, "box_caption": "person 0.011", "scores": {"class_score": 0.01116180419921875}, "domain": "pixel"}, {"position": {"minX": 537.5, "minY": 318.25, "maxX": 555.5, "maxY": 368.25}, "class_id": 0, "box_caption": "person 0.011", "scores": {"class_score": 0.01116180419921875}, "domain": "pixel"}, {"position": {"minX": 245.25, "minY": 188.625, "maxX": 271.75, "maxY": 252.875}, "class_id": 0, "box_caption": "person 0.011", "scores": {"class_score": 0.01107025146484375}, "domain": "pixel"}, {"position": {"minX": 582.5, "minY": 346.0, "maxX": 597.5, "maxY": 408.0}, "class_id": 0, "box_caption": "person 0.011", "scores": {"class_score": 0.01107025146484375}, "domain": "pixel"}, {"position": {"minX": 401.0, "minY": 344.25, "maxX": 416.5, "maxY": 382.75}, "class_id": 0, "box_caption": "person 0.011", "scores": {"class_score": 0.01094818115234375}, "domain": "pixel"}, {"position": {"minX": 545.5, "minY": 266.25, "maxX": 561.5, "maxY": 303.75}, "class_id": 0, "box_caption": "person 0.011", "scores": {"class_score": 0.01085662841796875}, "domain": "pixel"}, {"position": {"minX": 72.1875, "minY": 300.0, "maxX": 95.9375, "maxY": 376.5}, "class_id": 0, "box_caption": "person 0.011", "scores": {"class_score": 0.01085662841796875}, "domain": "pixel"}, {"position": {"minX": 492.0, "minY": 145.125, "maxX": 503.5, "maxY": 183.375}, "class_id": 0, "box_caption": "person 0.011", "scores": {"class_score": 0.01073455810546875}, "domain": "pixel"}, {"position": {"minX": 408.0, "minY": 139.0, "maxX": 418.5, "maxY": 165.75}, "class_id": 0, "box_caption": "person 0.011", "scores": {"class_score": 0.010650634765625}, "domain": "pixel"}, {"position": {"minX": 585.0, "minY": 226.0, "maxX": 612.0, "maxY": 290.0}, "class_id": 0, "box_caption": "person 0.011", "scores": {"class_score": 0.010650634765625}, "domain": "pixel"}, {"position": {"minX": 146.625, "minY": 281.5, "maxX": 177.125, "maxY": 344.5}, "class_id": 0, "box_caption": "person 0.011", "scores": {"class_score": 0.010650634765625}, "domain": "pixel"}, {"position": {"minX": 587.0, "minY": 178.0, "maxX": 676.0, "maxY": 427.0}, "class_id": 0, "box_caption": "person 0.011", "scores": {"class_score": 0.010650634765625}, "domain": "pixel"}, {"position": {"minX": -2.21875, "minY": -19.75, "maxX": 93.875, "maxY": 372.5}, "class_id": 0, "box_caption": "person 0.011", "scores": {"class_score": 0.01056671142578125}, "domain": "pixel"}, {"position": {"minX": 646.0, "minY": 13.890625, "maxX": 662.0, "maxY": 65.3125}, "class_id": 0, "box_caption": "person 0.010", "scores": {"class_score": 0.0104522705078125}, "domain": "pixel"}, {"position": {"minX": 644.0, "minY": 272.5, "maxX": 662.0, "maxY": 353.0}, "class_id": 0, "box_caption": "person 0.010", "scores": {"class_score": 0.010406494140625}, "domain": "pixel"}, {"position": {"minX": 615.0, "minY": 236.5, "maxX": 641.0, "maxY": 320.5}, "class_id": 0, "box_caption": "person 0.010", "scores": {"class_score": 0.01036834716796875}, "domain": "pixel"}, {"position": {"minX": 424.25, "minY": 396.75, "maxX": 448.25, "maxY": 450.25}, "class_id": 0, "box_caption": "person 0.010", "scores": {"class_score": 0.0103302001953125}, "domain": "pixel"}, {"position": {"minX": 180.75, "minY": 279.75, "maxX": 205.75, "maxY": 340.25}, "class_id": 0, "box_caption": "person 0.010", "scores": {"class_score": 0.01029205322265625}, "domain": "pixel"}, {"position": {"minX": 538.5, "minY": 383.0, "maxX": 559.5, "maxY": 434.5}, "class_id": 0, "box_caption": "person 0.010", "scores": {"class_score": 0.01029205322265625}, "domain": "pixel"}, {"position": {"minX": 612.0, "minY": 246.0, "maxX": 625.0, "maxY": 285.5}, "class_id": 0, "box_caption": "person 0.010", "scores": {"class_score": 0.01024627685546875}, "domain": "pixel"}, {"position": {"minX": -2.5, "minY": 249.25, "maxX": 61.5, "maxY": 488.25}, "class_id": 0, "box_caption": "person 0.010", "scores": {"class_score": 0.01024627685546875}, "domain": "pixel"}, {"position": {"minX": 647.0, "minY": 190.25, "maxX": 659.0, "maxY": 247.25}, "class_id": 0, "box_caption": "person 0.010", "scores": {"class_score": 0.01016998291015625}, "domain": "pixel"}, {"position": {"minX": 404.0, "minY": 406.25, "maxX": 430.0, "maxY": 467.75}, "class_id": 0, "box_caption": "person 0.010", "scores": {"class_score": 0.01016998291015625}, "domain": "pixel"}, {"position": {"minX": 134.625, "minY": 259.25, "maxX": 175.125, "maxY": 346.25}, "class_id": 0, "box_caption": "person 0.010", "scores": {"class_score": 0.01009368896484375}, "domain": "pixel"}, {"position": {"minX": 150.25, "minY": 239.125, "maxX": 192.25, "maxY": 328.5}, "class_id": 0, "box_caption": "person 0.010", "scores": {"class_score": 0.0100555419921875}, "domain": "pixel"}, {"position": {"minX": 634.5, "minY": 226.5, "maxX": 663.5, "maxY": 369.0}, "class_id": 0, "box_caption": "person 0.010", "scores": {"class_score": 0.0100555419921875}, "domain": "pixel"}, {"position": {"minX": 308.5, "minY": 407.0, "maxX": 320.5, "maxY": 436.0}, "class_id": 0, "box_caption": "person 0.010", "scores": {"class_score": 0.010009765625}, "domain": "pixel"}, {"position": {"minX": 217.875, "minY": 330.75, "maxX": 231.875, "maxY": 363.75}, "class_id": 0, "box_caption": "person 0.010", "scores": {"class_score": 0.0099334716796875}, "domain": "pixel"}, {"position": {"minX": 457.5, "minY": 397.5, "maxX": 469.5, "maxY": 433.0}, "class_id": 0, "box_caption": "person 0.010", "scores": {"class_score": 0.009857177734375}, "domain": "pixel"}, {"position": {"minX": 352.5, "minY": 296.75, "maxX": 374.5, "maxY": 357.25}, "class_id": 0, "box_caption": "person 0.010", "scores": {"class_score": 0.009857177734375}, "domain": "pixel"}, {"position": {"minX": 154.5, "minY": 413.5, "maxX": 173.0, "maxY": 458.5}, "class_id": 0, "box_caption": "person 0.010", "scores": {"class_score": 0.00981903076171875}, "domain": "pixel"}, {"position": {"minX": 492.75, "minY": 120.125, "maxX": 504.25, "maxY": 158.375}, "class_id": 0, "box_caption": "person 0.010", "scores": {"class_score": 0.0097808837890625}, "domain": "pixel"}, {"position": {"minX": 64.125, "minY": 276.75, "maxX": 97.375, "maxY": 382.75}, "class_id": 0, "box_caption": "person 0.010", "scores": {"class_score": 0.00971221923828125}, "domain": "pixel"}, {"position": {"minX": 568.0, "minY": 227.125, "maxX": 593.0, "maxY": 285.25}, "class_id": 0, "box_caption": "person 0.010", "scores": {"class_score": 0.00971221923828125}, "domain": "pixel"}, {"position": {"minX": 618.5, "minY": 399.75, "maxX": 672.5, "maxY": 588.0}, "class_id": 0, "box_caption": "person 0.010", "scores": {"class_score": 0.00971221923828125}, "domain": "pixel"}, {"position": {"minX": 10.375, "minY": 509.25, "maxX": 22.5625, "maxY": 537.0}, "class_id": 0, "box_caption": "person 0.010", "scores": {"class_score": 0.009674072265625}, "domain": "pixel"}, {"position": {"minX": 491.75, "minY": 363.0, "maxX": 508.25, "maxY": 406.0}, "class_id": 0, "box_caption": "person 0.010", "scores": {"class_score": 0.0095977783203125}, "domain": "pixel"}, {"position": {"minX": 159.5, "minY": 169.0, "maxX": 257.5, "maxY": 325.0}, "class_id": 0, "box_caption": "person 0.010", "scores": {"class_score": 0.0095977783203125}, "domain": "pixel"}, {"position": {"minX": 102.625, "minY": 318.0, "maxX": 120.875, "maxY": 370.5}, "class_id": 0, "box_caption": "person 0.010", "scores": {"class_score": 0.00955963134765625}, "domain": "pixel"}, {"position": {"minX": 361.0, "minY": 55.5, "maxX": 407.0, "maxY": 175.375}, "class_id": 0, "box_caption": "person 0.010", "scores": {"class_score": 0.009521484375}, "domain": "pixel"}, {"position": {"minX": 405.25, "minY": 326.25, "maxX": 433.25, "maxY": 393.75}, "class_id": 0, "box_caption": "person 0.009", "scores": {"class_score": 0.00948333740234375}, "domain": "pixel"}, {"position": {"minX": 120.75, "minY": 275.0, "maxX": 137.5, "maxY": 309.0}, "class_id": 0, "box_caption": "person 0.009", "scores": {"class_score": 0.00937652587890625}, "domain": "pixel"}, {"position": {"minX": 647.5, "minY": 175.375, "maxX": 659.5, "maxY": 230.875}, "class_id": 0, "box_caption": "person 0.009", "scores": {"class_score": 0.00933837890625}, "domain": "pixel"}, {"position": {"minX": 492.25, "minY": 355.25, "maxX": 518.5, "maxY": 407.75}, "class_id": 0, "box_caption": "person 0.009", "scores": {"class_score": 0.00930023193359375}, "domain": "pixel"}, {"position": {"minX": 430.25, "minY": 311.25, "maxX": 493.25, "maxY": 432.75}, "class_id": 0, "box_caption": "person 0.009", "scores": {"class_score": 0.00930023193359375}, "domain": "pixel"}, {"position": {"minX": 271.0, "minY": 117.0, "maxX": 399.5, "maxY": 365.75}, "class_id": 0, "box_caption": "person 0.009", "scores": {"class_score": 0.00930023193359375}, "domain": "pixel"}, {"position": {"minX": 330.0, "minY": 312.75, "maxX": 351.0, "maxY": 372.25}, "class_id": 0, "box_caption": "person 0.009", "scores": {"class_score": 0.00926971435546875}, "domain": "pixel"}, {"position": {"minX": 281.75, "minY": 265.5, "maxX": 339.25, "maxY": 398.5}, "class_id": 0, "box_caption": "person 0.009", "scores": {"class_score": 0.0092315673828125}, "domain": "pixel"}, {"position": {"minX": 360.75, "minY": 292.75, "maxX": 380.25, "maxY": 342.75}, "class_id": 0, "box_caption": "person 0.009", "scores": {"class_score": 0.00919342041015625}, "domain": "pixel"}, {"position": {"minX": 435.0, "minY": 269.0, "maxX": 489.5, "maxY": 403.5}, "class_id": 0, "box_caption": "person 0.009", "scores": {"class_score": 0.00919342041015625}, "domain": "pixel"}, {"position": {"minX": 282.0, "minY": 331.25, "maxX": 294.0, "maxY": 364.75}, "class_id": 0, "box_caption": "person 0.009", "scores": {"class_score": 0.00916290283203125}, "domain": "pixel"}, {"position": {"minX": 308.0, "minY": 351.25, "maxX": 363.0, "maxY": 472.25}, "class_id": 0, "box_caption": "person 0.009", "scores": {"class_score": 0.00916290283203125}, "domain": "pixel"}, {"position": {"minX": 281.75, "minY": 346.75, "maxX": 295.25, "maxY": 375.25}, "class_id": 0, "box_caption": "person 0.009", "scores": {"class_score": 0.009124755859375}, "domain": "pixel"}, {"position": {"minX": 647.0, "minY": 222.125, "maxX": 660.0, "maxY": 278.5}, "class_id": 0, "box_caption": "person 0.009", "scores": {"class_score": 0.009124755859375}, "domain": "pixel"}, {"position": {"minX": 377.0, "minY": 412.5, "maxX": 391.0, "maxY": 446.5}, "class_id": 0, "box_caption": "person 0.009", "scores": {"class_score": 0.00905609130859375}, "domain": "pixel"}, {"position": {"minX": 200.875, "minY": 352.75, "maxX": 215.875, "maxY": 385.25}, "class_id": 0, "box_caption": "person 0.009", "scores": {"class_score": 0.00905609130859375}, "domain": "pixel"}, {"position": {"minX": 639.5, "minY": 228.125, "maxX": 659.5, "maxY": 304.5}, "class_id": 0, "box_caption": "person 0.009", "scores": {"class_score": 0.00905609130859375}, "domain": "pixel"}, {"position": {"minX": 211.0, "minY": 246.25, "maxX": 252.25, "maxY": 319.75}, "class_id": 0, "box_caption": "person 0.009", "scores": {"class_score": 0.00905609130859375}, "domain": "pixel"}, {"position": {"minX": 634.0, "minY": 44.75, "maxX": 671.0, "maxY": 183.0}, "class_id": 0, "box_caption": "person 0.009", "scores": {"class_score": 0.00905609130859375}, "domain": "pixel"}, {"position": {"minX": 316.0, "minY": 405.25, "maxX": 371.0, "maxY": 484.25}, "class_id": 0, "box_caption": "person 0.009", "scores": {"class_score": 0.00905609130859375}, "domain": "pixel"}, {"position": {"minX": 647.0, "minY": 205.625, "maxX": 660.0, "maxY": 264.25}, "class_id": 0, "box_caption": "person 0.009", "scores": {"class_score": 0.0089874267578125}, "domain": "pixel"}, {"position": {"minX": 56.0625, "minY": 241.75, "maxX": 103.1875, "maxY": 412.75}, "class_id": 0, "box_caption": "person 0.009", "scores": {"class_score": 0.0089874267578125}, "domain": "pixel"}, {"position": {"minX": 598.5, "minY": 240.375, "maxX": 670.5, "maxY": 438.0}, "class_id": 0, "box_caption": "person 0.009", "scores": {"class_score": 0.0089874267578125}, "domain": "pixel"}], "class_labels": {"0": "person"}}