{"box_data": [{"position": {"minX": 559.5, "minY": 429.25, "maxX": 581.5, "maxY": 488.25}, "class_id": 0, "box_caption": "person 0.255", "scores": {"class_score": 0.254638671875}, "domain": "pixel"}, {"position": {"minX": 73.375, "minY": 133.75, "maxX": 163.375, "maxY": 349.25}, "class_id": 0, "box_caption": "person 0.144", "scores": {"class_score": 0.1439208984375}, "domain": "pixel"}, {"position": {"minX": 507.75, "minY": 207.25, "maxX": 610.0, "maxY": 400.75}, "class_id": 0, "box_caption": "person 0.113", "scores": {"class_score": 0.1131591796875}, "domain": "pixel"}, {"position": {"minX": 493.25, "minY": 203.5, "maxX": 575.5, "maxY": 404.5}, "class_id": 0, "box_caption": "person 0.087", "scores": {"class_score": 0.08740234375}, "domain": "pixel"}, {"position": {"minX": 407.5, "minY": 320.25, "maxX": 452.0, "maxY": 421.75}, "class_id": 0, "box_caption": "person 0.081", "scores": {"class_score": 0.080810546875}, "domain": "pixel"}, {"position": {"minX": 544.0, "minY": 210.75, "maxX": 643.0, "maxY": 354.25}, "class_id": 0, "box_caption": "person 0.079", "scores": {"class_score": 0.07904052734375}, "domain": "pixel"}, {"position": {"minX": 94.0, "minY": 123.25, "maxX": 175.75, "maxY": 314.0}, "class_id": 0, "box_caption": "person 0.076", "scores": {"class_score": 0.07586669921875}, "domain": "pixel"}, {"position": {"minX": 263.75, "minY": 455.25, "maxX": 326.75, "maxY": 606.0}, "class_id": 0, "box_caption": "person 0.065", "scores": {"class_score": 0.06549072265625}, "domain": "pixel"}, {"position": {"minX": 582.0, "minY": 222.25, "maxX": 650.0, "maxY": 340.75}, "class_id": 0, "box_caption": "person 0.065", "scores": {"class_score": 0.06488037109375}, "domain": "pixel"}, {"position": {"minX": 607.5, "minY": 226.75, "maxX": 652.5, "maxY": 335.75}, "class_id": 0, "box_caption": "person 0.062", "scores": {"class_score": 0.0618896484375}, "domain": "pixel"}, {"position": {"minX": 612.5, "minY": 389.75, "maxX": 631.5, "maxY": 428.75}, "class_id": 0, "box_caption": "person 0.055", "scores": {"class_score": 0.05499267578125}, "domain": "pixel"}, {"position": {"minX": 168.75, "minY": 199.75, "maxX": 308.75, "maxY": 604.0}, "class_id": 0, "box_caption": "person 0.050", "scores": {"class_score": 0.049774169921875}, "domain": "pixel"}, {"position": {"minX": 562.0, "minY": 441.5, "maxX": 585.0, "maxY": 492.5}, "class_id": 0, "box_caption": "person 0.050", "scores": {"class_score": 0.049591064453125}, "domain": "pixel"}, {"position": {"minX": 555.5, "minY": 355.25, "maxX": 583.5, "maxY": 405.75}, "class_id": 0, "box_caption": "person 0.042", "scores": {"class_score": 0.04217529296875}, "domain": "pixel"}, {"position": {"minX": 219.0, "minY": 223.75, "maxX": 327.5, "maxY": 581.0}, "class_id": 0, "box_caption": "person 0.041", "scores": {"class_score": 0.0413818359375}, "domain": "pixel"}, {"position": {"minX": 578.5, "minY": 353.25, "maxX": 599.5, "maxY": 399.75}, "class_id": 0, "box_caption": "person 0.041", "scores": {"class_score": 0.040771484375}, "domain": "pixel"}, {"position": {"minX": 145.75, "minY": 158.625, "maxX": 272.25, "maxY": 582.5}, "class_id": 0, "box_caption": "person 0.040", "scores": {"class_score": 0.040008544921875}, "domain": "pixel"}, {"position": {"minX": 117.0, "minY": 125.4375, "maxX": 221.5, "maxY": 346.0}, "class_id": 0, "box_caption": "person 0.040", "scores": {"class_score": 0.039794921875}, "domain": "pixel"}, {"position": {"minX": 195.75, "minY": 124.0, "maxX": 297.0, "maxY": 354.5}, "class_id": 0, "box_caption": "person 0.039", "scores": {"class_score": 0.038604736328125}, "domain": "pixel"}, {"position": {"minX": 45.28125, "minY": 134.375, "maxX": 143.875, "maxY": 348.5}, "class_id": 0, "box_caption": "person 0.038", "scores": {"class_score": 0.03802490234375}, "domain": "pixel"}, {"position": {"minX": 565.5, "minY": 350.75, "maxX": 594.5, "maxY": 406.75}, "class_id": 0, "box_caption": "person 0.036", "scores": {"class_score": 0.0364990234375}, "domain": "pixel"}, {"position": {"minX": 66.1875, "minY": 316.5, "maxX": 91.5625, "maxY": 374.5}, "class_id": 0, "box_caption": "person 0.036", "scores": {"class_score": 0.0360107421875}, "domain": "pixel"}, {"position": {"minX": 72.875, "minY": 165.875, "maxX": 153.625, "maxY": 426.5}, "class_id": 0, "box_caption": "person 0.035", "scores": {"class_score": 0.034881591796875}, "domain": "pixel"}, {"position": {"minX": 126.375, "minY": 435.25, "maxX": 178.375, "maxY": 565.0}, "class_id": 0, "box_caption": "person 0.035", "scores": {"class_score": 0.0345458984375}, "domain": "pixel"}, {"position": {"minX": 406.5, "minY": 292.75, "maxX": 456.5, "maxY": 404.25}, "class_id": 0, "box_caption": "person 0.034", "scores": {"class_score": 0.03436279296875}, "domain": "pixel"}, {"position": {"minX": 62.65625, "minY": 137.0, "maxX": 160.875, "maxY": 528.0}, "class_id": 0, "box_caption": "person 0.034", "scores": {"class_score": 0.03436279296875}, "domain": "pixel"}, {"position": {"minX": 128.0, "minY": 465.0, "maxX": 170.5, "maxY": 557.0}, "class_id": 0, "box_caption": "person 0.034", "scores": {"class_score": 0.033538818359375}, "domain": "pixel"}, {"position": {"minX": 222.375, "minY": 127.25, "maxX": 317.0, "maxY": 412.75}, "class_id": 0, "box_caption": "person 0.033", "scores": {"class_score": 0.032958984375}, "domain": "pixel"}, {"position": {"minX": 531.5, "minY": 216.25, "maxX": 636.5, "maxY": 433.75}, "class_id": 0, "box_caption": "person 0.032", "scores": {"class_score": 0.032470703125}, "domain": "pixel"}, {"position": {"minX": 166.25, "minY": 167.125, "maxX": 244.25, "maxY": 439.0}, "class_id": 0, "box_caption": "person 0.031", "scores": {"class_score": 0.030792236328125}, "domain": "pixel"}, {"position": {"minX": 256.0, "minY": 399.5, "maxX": 335.5, "maxY": 599.5}, "class_id": 0, "box_caption": "person 0.030", "scores": {"class_score": 0.03033447265625}, "domain": "pixel"}, {"position": {"minX": 128.375, "minY": 138.25, "maxX": 235.625, "maxY": 531.0}, "class_id": 0, "box_caption": "person 0.030", "scores": {"class_score": 0.0300445556640625}, "domain": "pixel"}, {"position": {"minX": 78.875, "minY": 113.125, "maxX": 197.125, "maxY": 560.0}, "class_id": 0, "box_caption": "person 0.030", "scores": {"class_score": 0.029541015625}, "domain": "pixel"}, {"position": {"minX": 89.8125, "minY": 158.125, "maxX": 150.75, "maxY": 336.0}, "class_id": 0, "box_caption": "person 0.029", "scores": {"class_score": 0.0293121337890625}, "domain": "pixel"}, {"position": {"minX": 223.0, "minY": 116.5, "maxX": 310.0, "maxY": 309.25}, "class_id": 0, "box_caption": "person 0.027", "scores": {"class_score": 0.0271148681640625}, "domain": "pixel"}, {"position": {"minX": 410.25, "minY": 341.0, "maxX": 441.75, "maxY": 430.5}, "class_id": 0, "box_caption": "person 0.027", "scores": {"class_score": 0.026702880859375}, "domain": "pixel"}, {"position": {"minX": 158.375, "minY": 127.625, "maxX": 257.75, "maxY": 348.5}, "class_id": 0, "box_caption": "person 0.025", "scores": {"class_score": 0.024993896484375}, "domain": "pixel"}, {"position": {"minX": 459.25, "minY": 197.125, "maxX": 555.0, "maxY": 410.5}, "class_id": 0, "box_caption": "person 0.025", "scores": {"class_score": 0.0245208740234375}, "domain": "pixel"}, {"position": {"minX": 501.25, "minY": 188.0, "maxX": 558.5, "maxY": 327.0}, "class_id": 0, "box_caption": "person 0.023", "scores": {"class_score": 0.023101806640625}, "domain": "pixel"}, {"position": {"minX": 86.625, "minY": 151.125, "maxX": 182.125, "maxY": 452.0}, "class_id": 0, "box_caption": "person 0.023", "scores": {"class_score": 0.022796630859375}, "domain": "pixel"}, {"position": {"minX": 78.9375, "minY": 209.0, "maxX": 136.0, "maxY": 382.5}, "class_id": 0, "box_caption": "person 0.022", "scores": {"class_score": 0.021942138671875}, "domain": "pixel"}, {"position": {"minX": 42.96875, "minY": 170.0, "maxX": 129.25, "maxY": 507.0}, "class_id": 0, "box_caption": "person 0.021", "scores": {"class_score": 0.0211639404296875}, "domain": "pixel"}, {"position": {"minX": 386.75, "minY": 324.5, "maxX": 441.75, "maxY": 419.5}, "class_id": 0, "box_caption": "person 0.021", "scores": {"class_score": 0.0211181640625}, "domain": "pixel"}, {"position": {"minX": 364.25, "minY": 98.1875, "maxX": 497.25, "maxY": 190.75}, "class_id": 0, "box_caption": "person 0.021", "scores": {"class_score": 0.020599365234375}, "domain": "pixel"}, {"position": {"minX": 181.5, "minY": 151.75, "maxX": 290.75, "maxY": 457.75}, "class_id": 0, "box_caption": "person 0.020", "scores": {"class_score": 0.02044677734375}, "domain": "pixel"}, {"position": {"minX": 416.25, "minY": 307.25, "maxX": 453.25, "maxY": 388.75}, "class_id": 0, "box_caption": "person 0.019", "scores": {"class_score": 0.019195556640625}, "domain": "pixel"}, {"position": {"minX": 243.75, "minY": 242.75, "maxX": 322.25, "maxY": 506.75}, "class_id": 0, "box_caption": "person 0.019", "scores": {"class_score": 0.019195556640625}, "domain": "pixel"}, {"position": {"minX": 71.625, "minY": 138.25, "maxX": 143.375, "maxY": 294.5}, "class_id": 0, "box_caption": "person 0.018", "scores": {"class_score": 0.01812744140625}, "domain": "pixel"}, {"position": {"minX": 119.25, "minY": 358.5, "maxX": 185.0, "maxY": 573.5}, "class_id": 0, "box_caption": "person 0.018", "scores": {"class_score": 0.01812744140625}, "domain": "pixel"}, {"position": {"minX": 611.0, "minY": 393.5, "maxX": 627.0, "maxY": 433.5}, "class_id": 0, "box_caption": "person 0.018", "scores": {"class_score": 0.0180206298828125}, "domain": "pixel"}, {"position": {"minX": 616.5, "minY": 386.75, "maxX": 636.5, "maxY": 424.25}, "class_id": 0, "box_caption": "person 0.018", "scores": {"class_score": 0.01763916015625}, "domain": "pixel"}, {"position": {"minX": 530.0, "minY": 201.5, "maxX": 610.0, "maxY": 358.0}, "class_id": 0, "box_caption": "person 0.017", "scores": {"class_score": 0.0173797607421875}, "domain": "pixel"}, {"position": {"minX": 248.0, "minY": 279.0, "maxX": 339.5, "maxY": 587.5}, "class_id": 0, "box_caption": "person 0.017", "scores": {"class_score": 0.0170440673828125}, "domain": "pixel"}, {"position": {"minX": 607.0, "minY": 391.0, "maxX": 624.0, "maxY": 431.5}, "class_id": 0, "box_caption": "person 0.017", "scores": {"class_score": 0.0169830322265625}, "domain": "pixel"}, {"position": {"minX": 110.8125, "minY": 200.75, "maxX": 244.5, "maxY": 597.0}, "class_id": 0, "box_caption": "person 0.017", "scores": {"class_score": 0.0165863037109375}, "domain": "pixel"}, {"position": {"minX": 510.5, "minY": 208.375, "maxX": 551.5, "maxY": 320.5}, "class_id": 0, "box_caption": "person 0.016", "scores": {"class_score": 0.016021728515625}, "domain": "pixel"}, {"position": {"minX": 99.5, "minY": 113.625, "maxX": 247.0, "maxY": 427.5}, "class_id": 0, "box_caption": "person 0.016", "scores": {"class_score": 0.015899658203125}, "domain": "pixel"}, {"position": {"minX": 112.125, "minY": 134.75, "maxX": 186.625, "maxY": 293.75}, "class_id": 0, "box_caption": "person 0.015", "scores": {"class_score": 0.0154266357421875}, "domain": "pixel"}, {"position": {"minX": 560.5, "minY": 423.0, "maxX": 579.5, "maxY": 472.0}, "class_id": 0, "box_caption": "person 0.015", "scores": {"class_score": 0.0153656005859375}, "domain": "pixel"}, {"position": {"minX": 399.5, "minY": 228.25, "maxX": 458.0, "maxY": 389.25}, "class_id": 0, "box_caption": "person 0.015", "scores": {"class_score": 0.0153656005859375}, "domain": "pixel"}, {"position": {"minX": 510.5, "minY": 377.25, "maxX": 537.5, "maxY": 439.25}, "class_id": 0, "box_caption": "person 0.015", "scores": {"class_score": 0.0153045654296875}, "domain": "pixel"}, {"position": {"minX": 512.0, "minY": 197.125, "maxX": 604.0, "maxY": 321.0}, "class_id": 0, "box_caption": "person 0.015", "scores": {"class_score": 0.01519012451171875}, "domain": "pixel"}, {"position": {"minX": 419.75, "minY": 315.0, "maxX": 465.75, "maxY": 416.0}, "class_id": 0, "box_caption": "person 0.015", "scores": {"class_score": 0.01519012451171875}, "domain": "pixel"}, {"position": {"minX": 283.5, "minY": 477.0, "maxX": 334.0, "maxY": 598.0}, "class_id": 0, "box_caption": "person 0.015", "scores": {"class_score": 0.01507568359375}, "domain": "pixel"}, {"position": {"minX": 554.5, "minY": 422.0, "maxX": 587.5, "maxY": 492.5}, "class_id": 0, "box_caption": "person 0.015", "scores": {"class_score": 0.0147857666015625}, "domain": "pixel"}, {"position": {"minX": 138.625, "minY": 466.5, "maxX": 182.125, "maxY": 552.0}, "class_id": 0, "box_caption": "person 0.015", "scores": {"class_score": 0.01450347900390625}, "domain": "pixel"}, {"position": {"minX": 407.75, "minY": 311.0, "maxX": 443.75, "maxY": 389.0}, "class_id": 0, "box_caption": "person 0.014", "scores": {"class_score": 0.0143890380859375}, "domain": "pixel"}, {"position": {"minX": 346.0, "minY": 91.875, "maxX": 571.5, "maxY": 201.625}, "class_id": 0, "box_caption": "person 0.014", "scores": {"class_score": 0.0142822265625}, "domain": "pixel"}, {"position": {"minX": 468.25, "minY": 184.125, "maxX": 593.5, "maxY": 384.5}, "class_id": 0, "box_caption": "person 0.014", "scores": {"class_score": 0.014007568359375}, "domain": "pixel"}, {"position": {"minX": 169.75, "minY": 226.875, "maxX": 233.25, "maxY": 393.0}, "class_id": 0, "box_caption": "person 0.014", "scores": {"class_score": 0.01384735107421875}, "domain": "pixel"}, {"position": {"minX": 128.5, "minY": 106.875, "maxX": 285.0, "maxY": 368.0}, "class_id": 0, "box_caption": "person 0.014", "scores": {"class_score": 0.01384735107421875}, "domain": "pixel"}, {"position": {"minX": 160.0, "minY": 123.75, "maxX": 317.0, "maxY": 486.25}, "class_id": 0, "box_caption": "person 0.014", "scores": {"class_score": 0.01384735107421875}, "domain": "pixel"}, {"position": {"minX": 618.0, "minY": 395.75, "maxX": 633.0, "maxY": 426.25}, "class_id": 0, "box_caption": "person 0.014", "scores": {"class_score": 0.0137939453125}, "domain": "pixel"}, {"position": {"minX": 25.375, "minY": 143.375, "maxX": 141.375, "maxY": 586.5}, "class_id": 0, "box_caption": "person 0.014", "scores": {"class_score": 0.01374053955078125}, "domain": "pixel"}, {"position": {"minX": 125.5, "minY": 416.75, "maxX": 199.25, "maxY": 575.0}, "class_id": 0, "box_caption": "person 0.013", "scores": {"class_score": 0.01312255859375}, "domain": "pixel"}, {"position": {"minX": 375.75, "minY": 117.9375, "maxX": 470.75, "maxY": 184.5}, "class_id": 0, "box_caption": "person 0.013", "scores": {"class_score": 0.0129241943359375}, "domain": "pixel"}, {"position": {"minX": 13.25, "minY": 140.75, "maxX": 75.5, "maxY": 279.75}, "class_id": 0, "box_caption": "person 0.013", "scores": {"class_score": 0.0125274658203125}, "domain": "pixel"}, {"position": {"minX": 195.5, "minY": 144.375, "maxX": 272.0, "maxY": 314.5}, "class_id": 0, "box_caption": "person 0.012", "scores": {"class_score": 0.011962890625}, "domain": "pixel"}, {"position": {"minX": 141.625, "minY": 186.5, "maxX": 223.875, "maxY": 422.0}, "class_id": 0, "box_caption": "person 0.012", "scores": {"class_score": 0.0118255615234375}, "domain": "pixel"}, {"position": {"minX": 579.5, "minY": 189.25, "maxX": 659.5, "maxY": 327.25}, "class_id": 0, "box_caption": "person 0.012", "scores": {"class_score": 0.0115509033203125}, "domain": "pixel"}, {"position": {"minX": 63.03125, "minY": 194.25, "maxX": 129.0, "maxY": 406.75}, "class_id": 0, "box_caption": "person 0.012", "scores": {"class_score": 0.011505126953125}, "domain": "pixel"}, {"position": {"minX": 532.5, "minY": 319.0, "maxX": 592.5, "maxY": 411.0}, "class_id": 0, "box_caption": "person 0.011", "scores": {"class_score": 0.01132965087890625}, "domain": "pixel"}, {"position": {"minX": 556.5, "minY": 319.75, "maxX": 617.5, "maxY": 412.25}, "class_id": 0, "box_caption": "person 0.011", "scores": {"class_score": 0.01132965087890625}, "domain": "pixel"}, {"position": {"minX": 226.25, "minY": 239.875, "maxX": 306.75, "maxY": 481.0}, "class_id": 0, "box_caption": "person 0.011", "scores": {"class_score": 0.0112457275390625}, "domain": "pixel"}, {"position": {"minX": 569.0, "minY": 447.5, "maxX": 586.0, "maxY": 489.0}, "class_id": 0, "box_caption": "person 0.011", "scores": {"class_score": 0.01116180419921875}, "domain": "pixel"}, {"position": {"minX": 83.375, "minY": 246.75, "maxX": 126.375, "maxY": 372.25}, "class_id": 0, "box_caption": "person 0.011", "scores": {"class_score": 0.01116180419921875}, "domain": "pixel"}, {"position": {"minX": 513.0, "minY": 361.75, "maxX": 547.0, "maxY": 434.25}, "class_id": 0, "box_caption": "person 0.011", "scores": {"class_score": 0.01116180419921875}, "domain": "pixel"}, {"position": {"minX": 510.5, "minY": 302.0, "maxX": 561.5, "maxY": 430.0}, "class_id": 0, "box_caption": "person 0.011", "scores": {"class_score": 0.01107025146484375}, "domain": "pixel"}, {"position": {"minX": 28.453125, "minY": 267.75, "maxX": 41.65625, "maxY": 323.75}, "class_id": 0, "box_caption": "person 0.011", "scores": {"class_score": 0.01090240478515625}, "domain": "pixel"}, {"position": {"minX": 86.5625, "minY": 131.75, "maxX": 157.0, "maxY": 278.25}, "class_id": 0, "box_caption": "person 0.011", "scores": {"class_score": 0.0106964111328125}, "domain": "pixel"}, {"position": {"minX": 421.0, "minY": 281.75, "maxX": 478.5, "maxY": 397.75}, "class_id": 0, "box_caption": "person 0.011", "scores": {"class_score": 0.0106964111328125}, "domain": "pixel"}, {"position": {"minX": 379.0, "minY": 297.5, "maxX": 442.0, "maxY": 398.0}, "class_id": 0, "box_caption": "person 0.011", "scores": {"class_score": 0.010650634765625}, "domain": "pixel"}, {"position": {"minX": 252.375, "minY": 130.25, "maxX": 320.25, "maxY": 345.25}, "class_id": 0, "box_caption": "person 0.010", "scores": {"class_score": 0.010406494140625}, "domain": "pixel"}, {"position": {"minX": 519.5, "minY": 337.0, "maxX": 554.5, "maxY": 413.5}, "class_id": 0, "box_caption": "person 0.010", "scores": {"class_score": 0.01036834716796875}, "domain": "pixel"}, {"position": {"minX": 47.15625, "minY": 179.25, "maxX": 174.625, "maxY": 614.0}, "class_id": 0, "box_caption": "person 0.010", "scores": {"class_score": 0.0103302001953125}, "domain": "pixel"}, {"position": {"minX": 435.5, "minY": 137.25, "maxX": 572.5, "maxY": 360.5}, "class_id": 0, "box_caption": "person 0.010", "scores": {"class_score": 0.01024627685546875}, "domain": "pixel"}, {"position": {"minX": 201.0, "minY": 103.0, "maxX": 301.25, "maxY": 272.25}, "class_id": 0, "box_caption": "person 0.010", "scores": {"class_score": 0.01016998291015625}, "domain": "pixel"}, {"position": {"minX": 186.5, "minY": 227.0, "maxX": 291.25, "maxY": 523.0}, "class_id": 0, "box_caption": "person 0.010", "scores": {"class_score": 0.01009368896484375}, "domain": "pixel"}, {"position": {"minX": 174.5, "minY": 192.75, "maxX": 245.25, "maxY": 368.25}, "class_id": 0, "box_caption": "person 0.010", "scores": {"class_score": 0.00997161865234375}, "domain": "pixel"}, {"position": {"minX": 125.625, "minY": 386.75, "maxX": 143.875, "maxY": 453.75}, "class_id": 0, "box_caption": "person 0.010", "scores": {"class_score": 0.009674072265625}, "domain": "pixel"}, {"position": {"minX": 160.375, "minY": 220.75, "maxX": 257.0, "maxY": 522.0}, "class_id": 0, "box_caption": "person 0.010", "scores": {"class_score": 0.009674072265625}, "domain": "pixel"}, {"position": {"minX": 323.5, "minY": 59.28125, "maxX": 536.0, "maxY": 187.0}, "class_id": 0, "box_caption": "person 0.010", "scores": {"class_score": 0.0095977783203125}, "domain": "pixel"}, {"position": {"minX": 71.25, "minY": 331.25, "maxX": 94.25, "maxY": 377.25}, "class_id": 0, "box_caption": "person 0.010", "scores": {"class_score": 0.00955963134765625}, "domain": "pixel"}, {"position": {"minX": 569.5, "minY": 213.25, "maxX": 653.5, "maxY": 439.25}, "class_id": 0, "box_caption": "person 0.010", "scores": {"class_score": 0.009521484375}, "domain": "pixel"}, {"position": {"minX": 40.8125, "minY": 130.75, "maxX": 114.8125, "maxY": 232.25}, "class_id": 0, "box_caption": "person 0.009", "scores": {"class_score": 0.0094146728515625}, "domain": "pixel"}, {"position": {"minX": 251.25, "minY": 282.25, "maxX": 315.25, "maxY": 463.25}, "class_id": 0, "box_caption": "person 0.009", "scores": {"class_score": 0.00926971435546875}, "domain": "pixel"}, {"position": {"minX": 269.0, "minY": 513.0, "maxX": 322.5, "maxY": 609.0}, "class_id": 0, "box_caption": "person 0.009", "scores": {"class_score": 0.00926971435546875}, "domain": "pixel"}, {"position": {"minX": 535.0, "minY": 344.75, "maxX": 573.0, "maxY": 409.25}, "class_id": 0, "box_caption": "person 0.009", "scores": {"class_score": 0.00916290283203125}, "domain": "pixel"}, {"position": {"minX": 369.75, "minY": 328.25, "maxX": 396.75, "maxY": 384.25}, "class_id": 0, "box_caption": "person 0.009", "scores": {"class_score": 0.009124755859375}, "domain": "pixel"}, {"position": {"minX": 24.96875, "minY": 135.125, "maxX": 82.125, "maxY": 235.375}, "class_id": 0, "box_caption": "person 0.009", "scores": {"class_score": 0.00905609130859375}, "domain": "pixel"}, {"position": {"minX": 30.890625, "minY": 282.25, "maxX": 38.9375, "maxY": 313.25}, "class_id": 0, "box_caption": "person 0.009", "scores": {"class_score": 0.0090179443359375}, "domain": "pixel"}, {"position": {"minX": 412.0, "minY": 366.75, "maxX": 438.0, "maxY": 425.75}, "class_id": 0, "box_caption": "person 0.009", "scores": {"class_score": 0.008880615234375}, "domain": "pixel"}, {"position": {"minX": 502.0, "minY": 208.75, "maxX": 546.0, "maxY": 347.75}, "class_id": 0, "box_caption": "person 0.009", "scores": {"class_score": 0.00885009765625}, "domain": "pixel"}, {"position": {"minX": 9.90625, "minY": 138.375, "maxX": 86.875, "maxY": 338.5}, "class_id": 0, "box_caption": "person 0.009", "scores": {"class_score": 0.00881195068359375}, "domain": "pixel"}, {"position": {"minX": 513.5, "minY": 228.75, "maxX": 589.5, "maxY": 428.25}, "class_id": 0, "box_caption": "person 0.009", "scores": {"class_score": 0.00878143310546875}, "domain": "pixel"}, {"position": {"minX": 172.0, "minY": 256.25, "maxX": 222.25, "maxY": 431.75}, "class_id": 0, "box_caption": "person 0.009", "scores": {"class_score": 0.00878143310546875}, "domain": "pixel"}, {"position": {"minX": 552.0, "minY": 438.5, "maxX": 582.0, "maxY": 496.0}, "class_id": 0, "box_caption": "person 0.009", "scores": {"class_score": 0.0087432861328125}, "domain": "pixel"}, {"position": {"minX": 551.0, "minY": 359.25, "maxX": 579.0, "maxY": 414.75}, "class_id": 0, "box_caption": "person 0.009", "scores": {"class_score": 0.0087127685546875}, "domain": "pixel"}, {"position": {"minX": 632.0, "minY": 108.875, "maxX": 651.0, "maxY": 156.875}, "class_id": 0, "box_caption": "person 0.009", "scores": {"class_score": 0.008514404296875}, "domain": "pixel"}, {"position": {"minX": 100.5, "minY": 124.375, "maxX": 195.75, "maxY": 403.0}, "class_id": 0, "box_caption": "person 0.008", "scores": {"class_score": 0.00844573974609375}, "domain": "pixel"}, {"position": {"minX": 130.5, "minY": 138.0, "maxX": 204.0, "maxY": 323.5}, "class_id": 0, "box_caption": "person 0.008", "scores": {"class_score": 0.0083770751953125}, "domain": "pixel"}, {"position": {"minX": 517.0, "minY": 217.125, "maxX": 544.0, "maxY": 303.5}, "class_id": 0, "box_caption": "person 0.008", "scores": {"class_score": 0.0082550048828125}, "domain": "pixel"}, {"position": {"minX": 604.0, "minY": 375.25, "maxX": 635.0, "maxY": 430.75}, "class_id": 0, "box_caption": "person 0.008", "scores": {"class_score": 0.00821685791015625}, "domain": "pixel"}, {"position": {"minX": 179.0, "minY": 184.0, "maxX": 228.5, "maxY": 345.0}, "class_id": 0, "box_caption": "person 0.008", "scores": {"class_score": 0.00806427001953125}, "domain": "pixel"}, {"position": {"minX": 196.625, "minY": 135.875, "maxX": 335.5, "maxY": 550.0}, "class_id": 0, "box_caption": "person 0.008", "scores": {"class_score": 0.00803375244140625}, "domain": "pixel"}, {"position": {"minX": 409.5, "minY": 202.0, "maxX": 504.0, "maxY": 408.0}, "class_id": 0, "box_caption": "person 0.008", "scores": {"class_score": 0.007965087890625}, "domain": "pixel"}, {"position": {"minX": 115.375, "minY": 109.8125, "maxX": 216.875, "maxY": 264.0}, "class_id": 0, "box_caption": "person 0.008", "scores": {"class_score": 0.007843017578125}, "domain": "pixel"}, {"position": {"minX": 414.0, "minY": 326.25, "maxX": 444.5, "maxY": 399.75}, "class_id": 0, "box_caption": "person 0.008", "scores": {"class_score": 0.0078125}, "domain": "pixel"}, {"position": {"minX": 61.96875, "minY": 250.0, "maxX": 113.625, "maxY": 418.5}, "class_id": 0, "box_caption": "person 0.008", "scores": {"class_score": 0.007724761962890625}, "domain": "pixel"}, {"position": {"minX": 186.375, "minY": 156.75, "maxX": 249.125, "maxY": 308.75}, "class_id": 0, "box_caption": "person 0.008", "scores": {"class_score": 0.007694244384765625}, "domain": "pixel"}, {"position": {"minX": 211.0, "minY": 177.75, "maxX": 285.5, "maxY": 384.25}, "class_id": 0, "box_caption": "person 0.008", "scores": {"class_score": 0.007518768310546875}, "domain": "pixel"}, {"position": {"minX": 372.25, "minY": 307.75, "maxX": 446.25, "maxY": 472.25}, "class_id": 0, "box_caption": "person 0.007", "scores": {"class_score": 0.007488250732421875}, "domain": "pixel"}, {"position": {"minX": 69.625, "minY": 290.0, "maxX": 102.125, "maxY": 374.5}, "class_id": 0, "box_caption": "person 0.007", "scores": {"class_score": 0.0074615478515625}, "domain": "pixel"}, {"position": {"minX": 509.0, "minY": 221.375, "maxX": 540.0, "maxY": 316.0}, "class_id": 0, "box_caption": "person 0.007", "scores": {"class_score": 0.007373809814453125}, "domain": "pixel"}, {"position": {"minX": 568.5, "minY": 337.75, "maxX": 600.5, "maxY": 404.75}, "class_id": 0, "box_caption": "person 0.007", "scores": {"class_score": 0.007373809814453125}, "domain": "pixel"}, {"position": {"minX": 72.0, "minY": 245.0, "maxX": 115.75, "maxY": 379.0}, "class_id": 0, "box_caption": "person 0.007", "scores": {"class_score": 0.007373809814453125}, "domain": "pixel"}, {"position": {"minX": 181.5, "minY": 314.25, "maxX": 212.75, "maxY": 398.75}, "class_id": 0, "box_caption": "person 0.007", "scores": {"class_score": 0.00734710693359375}, "domain": "pixel"}, {"position": {"minX": 429.5, "minY": 300.5, "maxX": 466.5, "maxY": 389.5}, "class_id": 0, "box_caption": "person 0.007", "scores": {"class_score": 0.007289886474609375}, "domain": "pixel"}, {"position": {"minX": 487.75, "minY": 225.25, "maxX": 555.5, "maxY": 425.25}, "class_id": 0, "box_caption": "person 0.007", "scores": {"class_score": 0.007259368896484375}, "domain": "pixel"}, {"position": {"minX": 254.375, "minY": 149.5, "maxX": 324.25, "maxY": 457.0}, "class_id": 0, "box_caption": "person 0.007", "scores": {"class_score": 0.0070953369140625}, "domain": "pixel"}, {"position": {"minX": 109.625, "minY": 450.5, "maxX": 216.875, "maxY": 590.5}, "class_id": 0, "box_caption": "person 0.007", "scores": {"class_score": 0.00701141357421875}, "domain": "pixel"}, {"position": {"minX": 169.25, "minY": 154.875, "maxX": 233.25, "maxY": 312.0}, "class_id": 0, "box_caption": "person 0.007", "scores": {"class_score": 0.006984710693359375}, "domain": "pixel"}, {"position": {"minX": 622.5, "minY": 214.0, "maxX": 656.5, "maxY": 325.5}, "class_id": 0, "box_caption": "person 0.007", "scores": {"class_score": 0.00679779052734375}, "domain": "pixel"}, {"position": {"minX": 524.5, "minY": 176.75, "maxX": 655.5, "maxY": 338.25}, "class_id": 0, "box_caption": "person 0.007", "scores": {"class_score": 0.006717681884765625}, "domain": "pixel"}, {"position": {"minX": 347.5, "minY": 315.5, "maxX": 388.0, "maxY": 426.0}, "class_id": 0, "box_caption": "person 0.007", "scores": {"class_score": 0.0066680908203125}, "domain": "pixel"}, {"position": {"minX": 158.125, "minY": 217.5, "maxX": 216.125, "maxY": 436.5}, "class_id": 0, "box_caption": "person 0.007", "scores": {"class_score": 0.006641387939453125}, "domain": "pixel"}, {"position": {"minX": 101.3125, "minY": 279.0, "maxX": 198.5, "maxY": 580.0}, "class_id": 0, "box_caption": "person 0.007", "scores": {"class_score": 0.00661468505859375}, "domain": "pixel"}, {"position": {"minX": 561.0, "minY": 413.5, "maxX": 586.0, "maxY": 482.0}, "class_id": 0, "box_caption": "person 0.007", "scores": {"class_score": 0.006565093994140625}, "domain": "pixel"}, {"position": {"minX": 517.5, "minY": 391.25, "maxX": 544.5, "maxY": 455.25}, "class_id": 0, "box_caption": "person 0.006", "scores": {"class_score": 0.006488800048828125}, "domain": "pixel"}, {"position": {"minX": 190.75, "minY": 197.625, "maxX": 274.0, "maxY": 394.0}, "class_id": 0, "box_caption": "person 0.006", "scores": {"class_score": 0.006488800048828125}, "domain": "pixel"}, {"position": {"minX": 24.03125, "minY": 115.5, "maxX": 130.125, "maxY": 374.25}, "class_id": 0, "box_caption": "person 0.006", "scores": {"class_score": 0.006412506103515625}, "domain": "pixel"}, {"position": {"minX": 184.75, "minY": 206.25, "maxX": 224.25, "maxY": 322.75}, "class_id": 0, "box_caption": "person 0.006", "scores": {"class_score": 0.006389617919921875}, "domain": "pixel"}, {"position": {"minX": 202.375, "minY": 131.5, "maxX": 266.5, "maxY": 273.75}, "class_id": 0, "box_caption": "person 0.006", "scores": {"class_score": 0.00634002685546875}, "domain": "pixel"}, {"position": {"minX": 360.75, "minY": 326.25, "maxX": 388.75, "maxY": 390.75}, "class_id": 0, "box_caption": "person 0.006", "scores": {"class_score": 0.006145477294921875}, "domain": "pixel"}, {"position": {"minX": 205.875, "minY": 160.75, "maxX": 259.5, "maxY": 299.75}, "class_id": 0, "box_caption": "person 0.006", "scores": {"class_score": 0.006145477294921875}, "domain": "pixel"}, {"position": {"minX": 613.0, "minY": 218.5, "maxX": 663.0, "maxY": 368.0}, "class_id": 0, "box_caption": "person 0.006", "scores": {"class_score": 0.006072998046875}, "domain": "pixel"}, {"position": {"minX": 608.5, "minY": 400.25, "maxX": 622.5, "maxY": 435.75}, "class_id": 0, "box_caption": "person 0.006", "scores": {"class_score": 0.00605010986328125}, "domain": "pixel"}, {"position": {"minX": 412.75, "minY": 225.25, "maxX": 441.75, "maxY": 296.75}, "class_id": 0, "box_caption": "person 0.006", "scores": {"class_score": 0.0060272216796875}, "domain": "pixel"}, {"position": {"minX": 504.25, "minY": 337.25, "maxX": 553.0, "maxY": 457.75}, "class_id": 0, "box_caption": "person 0.006", "scores": {"class_score": 0.0060272216796875}, "domain": "pixel"}, {"position": {"minX": 525.5, "minY": 330.5, "maxX": 553.5, "maxY": 396.5}, "class_id": 0, "box_caption": "person 0.006", "scores": {"class_score": 0.00600433349609375}, "domain": "pixel"}, {"position": {"minX": 230.5, "minY": 154.25, "maxX": 300.5, "maxY": 339.5}, "class_id": 0, "box_caption": "person 0.006", "scores": {"class_score": 0.0059356689453125}, "domain": "pixel"}, {"position": {"minX": 389.0, "minY": 128.625, "maxX": 458.0, "maxY": 192.375}, "class_id": 0, "box_caption": "person 0.006", "scores": {"class_score": 0.0059356689453125}, "domain": "pixel"}, {"position": {"minX": 373.25, "minY": 290.0, "maxX": 484.25, "maxY": 447.5}, "class_id": 0, "box_caption": "person 0.006", "scores": {"class_score": 0.0059356689453125}, "domain": "pixel"}, {"position": {"minX": 342.75, "minY": 301.25, "maxX": 386.25, "maxY": 484.25}, "class_id": 0, "box_caption": "person 0.006", "scores": {"class_score": 0.005889892578125}, "domain": "pixel"}, {"position": {"minX": 120.6875, "minY": 310.75, "maxX": 144.25, "maxY": 384.25}, "class_id": 0, "box_caption": "person 0.006", "scores": {"class_score": 0.00579833984375}, "domain": "pixel"}, {"position": {"minX": 136.25, "minY": 437.0, "maxX": 187.5, "maxY": 546.0}, "class_id": 0, "box_caption": "person 0.006", "scores": {"class_score": 0.00577545166015625}, "domain": "pixel"}, {"position": {"minX": 126.3125, "minY": 476.5, "maxX": 158.0, "maxY": 557.5}, "class_id": 0, "box_caption": "person 0.006", "scores": {"class_score": 0.00572967529296875}, "domain": "pixel"}, {"position": {"minX": 96.625, "minY": 182.5, "maxX": 163.625, "maxY": 378.0}, "class_id": 0, "box_caption": "person 0.006", "scores": {"class_score": 0.00572967529296875}, "domain": "pixel"}, {"position": {"minX": 100.25, "minY": 390.75, "maxX": 238.75, "maxY": 602.5}, "class_id": 0, "box_caption": "person 0.006", "scores": {"class_score": 0.0055999755859375}, "domain": "pixel"}, {"position": {"minX": 140.875, "minY": 135.0, "maxX": 222.375, "maxY": 294.5}, "class_id": 0, "box_caption": "person 0.005", "scores": {"class_score": 0.00547027587890625}, "domain": "pixel"}, {"position": {"minX": 112.875, "minY": 319.5, "maxX": 133.75, "maxY": 402.0}, "class_id": 0, "box_caption": "person 0.005", "scores": {"class_score": 0.0054473876953125}, "domain": "pixel"}, {"position": {"minX": 369.0, "minY": 107.625, "maxX": 550.0, "maxY": 222.125}, "class_id": 0, "box_caption": "person 0.005", "scores": {"class_score": 0.0054473876953125}, "domain": "pixel"}, {"position": {"minX": 540.0, "minY": 390.5, "maxX": 581.0, "maxY": 493.0}, "class_id": 0, "box_caption": "person 0.005", "scores": {"class_score": 0.005428314208984375}, "domain": "pixel"}, {"position": {"minX": 222.25, "minY": 371.0, "maxX": 336.75, "maxY": 620.5}, "class_id": 0, "box_caption": "person 0.005", "scores": {"class_score": 0.005405426025390625}, "domain": "pixel"}, {"position": {"minX": 403.75, "minY": 224.875, "maxX": 445.75, "maxY": 332.25}, "class_id": 0, "box_caption": "person 0.005", "scores": {"class_score": 0.0053863525390625}, "domain": "pixel"}, {"position": {"minX": 650.0, "minY": 326.75, "maxX": 659.0, "maxY": 348.25}, "class_id": 0, "box_caption": "person 0.005", "scores": {"class_score": 0.00536346435546875}, "domain": "pixel"}, {"position": {"minX": 61.84375, "minY": 150.75, "maxX": 125.375, "maxY": 310.25}, "class_id": 0, "box_caption": "person 0.005", "scores": {"class_score": 0.005344390869140625}, "domain": "pixel"}, {"position": {"minX": 539.5, "minY": 391.0, "maxX": 594.5, "maxY": 528.0}, "class_id": 0, "box_caption": "person 0.005", "scores": {"class_score": 0.005344390869140625}, "domain": "pixel"}, {"position": {"minX": 102.9375, "minY": 266.0, "maxX": 145.125, "maxY": 453.0}, "class_id": 0, "box_caption": "person 0.005", "scores": {"class_score": 0.005321502685546875}, "domain": "pixel"}, {"position": {"minX": 77.25, "minY": 316.0, "maxX": 213.25, "maxY": 611.5}, "class_id": 0, "box_caption": "person 0.005", "scores": {"class_score": 0.005321502685546875}, "domain": "pixel"}, {"position": {"minX": 269.5, "minY": 339.5, "maxX": 343.0, "maxY": 608.5}, "class_id": 0, "box_caption": "person 0.005", "scores": {"class_score": 0.005279541015625}, "domain": "pixel"}, {"position": {"minX": 41.3125, "minY": 134.125, "maxX": 99.6875, "maxY": 204.875}, "class_id": 0, "box_caption": "person 0.005", "scores": {"class_score": 0.00524139404296875}, "domain": "pixel"}, {"position": {"minX": 237.25, "minY": 277.75, "maxX": 295.75, "maxY": 441.25}, "class_id": 0, "box_caption": "person 0.005", "scores": {"class_score": 0.005218505859375}, "domain": "pixel"}, {"position": {"minX": 291.5, "minY": 505.0, "maxX": 325.0, "maxY": 592.0}, "class_id": 0, "box_caption": "person 0.005", "scores": {"class_score": 0.00518035888671875}, "domain": "pixel"}, {"position": {"minX": 396.0, "minY": 322.0, "maxX": 435.5, "maxY": 399.0}, "class_id": 0, "box_caption": "person 0.005", "scores": {"class_score": 0.005161285400390625}, "domain": "pixel"}, {"position": {"minX": 103.6875, "minY": 218.625, "maxX": 162.5, "maxY": 476.0}, "class_id": 0, "box_caption": "person 0.005", "scores": {"class_score": 0.005138397216796875}, "domain": "pixel"}, {"position": {"minX": 141.5, "minY": 102.375, "maxX": 276.0, "maxY": 271.0}, "class_id": 0, "box_caption": "person 0.005", "scores": {"class_score": 0.005138397216796875}, "domain": "pixel"}, {"position": {"minX": 209.25, "minY": 406.75, "maxX": 224.5, "maxY": 460.75}, "class_id": 0, "box_caption": "person 0.005", "scores": {"class_score": 0.005100250244140625}, "domain": "pixel"}, {"position": {"minX": 52.3125, "minY": 130.5, "maxX": 127.8125, "maxY": 272.5}, "class_id": 0, "box_caption": "person 0.005", "scores": {"class_score": 0.0050201416015625}, "domain": "pixel"}, {"position": {"minX": 400.5, "minY": 335.0, "maxX": 437.0, "maxY": 440.5}, "class_id": 0, "box_caption": "person 0.005", "scores": {"class_score": 0.0050201416015625}, "domain": "pixel"}, {"position": {"minX": 530.0, "minY": 326.5, "maxX": 563.0, "maxY": 404.0}, "class_id": 0, "box_caption": "person 0.005", "scores": {"class_score": 0.005001068115234375}, "domain": "pixel"}, {"position": {"minX": 518.0, "minY": 203.875, "maxX": 548.0, "maxY": 273.0}, "class_id": 0, "box_caption": "person 0.005", "scores": {"class_score": 0.00498199462890625}, "domain": "pixel"}, {"position": {"minX": 387.5, "minY": 185.75, "maxX": 536.5, "maxY": 421.75}, "class_id": 0, "box_caption": "person 0.005", "scores": {"class_score": 0.00498199462890625}, "domain": "pixel"}, {"position": {"minX": 549.0, "minY": 339.5, "maxX": 586.0, "maxY": 404.5}, "class_id": 0, "box_caption": "person 0.005", "scores": {"class_score": 0.0048675537109375}, "domain": "pixel"}, {"position": {"minX": 345.0, "minY": 50.125, "maxX": 641.5, "maxY": 187.375}, "class_id": 0, "box_caption": "person 0.005", "scores": {"class_score": 0.004848480224609375}, "domain": "pixel"}, {"position": {"minX": 100.375, "minY": 123.875, "maxX": 172.875, "maxY": 252.875}, "class_id": 0, "box_caption": "person 0.005", "scores": {"class_score": 0.00482940673828125}, "domain": "pixel"}, {"position": {"minX": 195.75, "minY": 304.25, "maxX": 278.0, "maxY": 546.5}, "class_id": 0, "box_caption": "person 0.005", "scores": {"class_score": 0.004810333251953125}, "domain": "pixel"}, {"position": {"minX": 410.5, "minY": 211.0, "maxX": 461.0, "maxY": 347.0}, "class_id": 0, "box_caption": "person 0.005", "scores": {"class_score": 0.004791259765625}, "domain": "pixel"}, {"position": {"minX": 111.125, "minY": 319.0, "maxX": 164.625, "maxY": 530.0}, "class_id": 0, "box_caption": "person 0.005", "scores": {"class_score": 0.004791259765625}, "domain": "pixel"}, {"position": {"minX": 390.5, "minY": 313.75, "maxX": 430.5, "maxY": 378.25}, "class_id": 0, "box_caption": "person 0.005", "scores": {"class_score": 0.00473785400390625}, "domain": "pixel"}, {"position": {"minX": 246.125, "minY": 456.5, "maxX": 350.0, "maxY": 640.5}, "class_id": 0, "box_caption": "person 0.005", "scores": {"class_score": 0.00473785400390625}, "domain": "pixel"}, {"position": {"minX": 116.25, "minY": 428.25, "maxX": 166.5, "maxY": 556.0}, "class_id": 0, "box_caption": "person 0.005", "scores": {"class_score": 0.004718780517578125}, "domain": "pixel"}, {"position": {"minX": 512.0, "minY": 378.5, "maxX": 550.0, "maxY": 463.5}, "class_id": 0, "box_caption": "person 0.005", "scores": {"class_score": 0.00469970703125}, "domain": "pixel"}, {"position": {"minX": 437.0, "minY": 295.5, "maxX": 465.0, "maxY": 365.5}, "class_id": 0, "box_caption": "person 0.005", "scores": {"class_score": 0.00464630126953125}, "domain": "pixel"}, {"position": {"minX": 634.5, "minY": 103.0625, "maxX": 656.5, "maxY": 170.25}, "class_id": 0, "box_caption": "person 0.005", "scores": {"class_score": 0.004627227783203125}, "domain": "pixel"}, {"position": {"minX": 528.0, "minY": 351.75, "maxX": 591.0, "maxY": 524.5}, "class_id": 0, "box_caption": "person 0.005", "scores": {"class_score": 0.0045928955078125}, "domain": "pixel"}, {"position": {"minX": 616.0, "minY": 377.5, "maxX": 644.0, "maxY": 424.0}, "class_id": 0, "box_caption": "person 0.005", "scores": {"class_score": 0.00455474853515625}, "domain": "pixel"}, {"position": {"minX": 61.53125, "minY": 300.25, "maxX": 91.375, "maxY": 365.75}, "class_id": 0, "box_caption": "person 0.005", "scores": {"class_score": 0.00453948974609375}, "domain": "pixel"}, {"position": {"minX": 573.0, "minY": 355.25, "maxX": 598.0, "maxY": 412.25}, "class_id": 0, "box_caption": "person 0.005", "scores": {"class_score": 0.004505157470703125}, "domain": "pixel"}, {"position": {"minX": 285.0, "minY": 514.5, "maxX": 330.5, "maxY": 607.5}, "class_id": 0, "box_caption": "person 0.004", "scores": {"class_score": 0.004467010498046875}, "domain": "pixel"}, {"position": {"minX": 224.125, "minY": 212.875, "maxX": 296.5, "maxY": 410.5}, "class_id": 0, "box_caption": "person 0.004", "scores": {"class_score": 0.004467010498046875}, "domain": "pixel"}, {"position": {"minX": 118.875, "minY": 257.5, "maxX": 219.625, "maxY": 559.5}, "class_id": 0, "box_caption": "person 0.004", "scores": {"class_score": 0.004467010498046875}, "domain": "pixel"}, {"position": {"minX": 148.25, "minY": 239.625, "maxX": 227.0, "maxY": 504.5}, "class_id": 0, "box_caption": "person 0.004", "scores": {"class_score": 0.00443267822265625}, "domain": "pixel"}, {"position": {"minX": 409.5, "minY": 155.0, "maxX": 519.0, "maxY": 334.25}, "class_id": 0, "box_caption": "person 0.004", "scores": {"class_score": 0.00443267822265625}, "domain": "pixel"}, {"position": {"minX": 123.0625, "minY": 160.75, "maxX": 215.5, "maxY": 459.75}, "class_id": 0, "box_caption": "person 0.004", "scores": {"class_score": 0.004383087158203125}, "domain": "pixel"}, {"position": {"minX": 12.875, "minY": 146.25, "maxX": 61.0, "maxY": 252.5}, "class_id": 0, "box_caption": "person 0.004", "scores": {"class_score": 0.004364013671875}, "domain": "pixel"}, {"position": {"minX": 632.5, "minY": 109.0, "maxX": 646.5, "maxY": 144.625}, "class_id": 0, "box_caption": "person 0.004", "scores": {"class_score": 0.004329681396484375}, "domain": "pixel"}, {"position": {"minX": 237.0, "minY": 127.4375, "maxX": 318.5, "maxY": 274.0}, "class_id": 0, "box_caption": "person 0.004", "scores": {"class_score": 0.004299163818359375}, "domain": "pixel"}, {"position": {"minX": 172.625, "minY": 122.6875, "maxX": 262.75, "maxY": 282.75}, "class_id": 0, "box_caption": "person 0.004", "scores": {"class_score": 0.004299163818359375}, "domain": "pixel"}, {"position": {"minX": 95.0, "minY": 211.125, "maxX": 191.0, "maxY": 528.0}, "class_id": 0, "box_caption": "person 0.004", "scores": {"class_score": 0.00428009033203125}, "domain": "pixel"}, {"position": {"minX": 617.5, "minY": 266.5, "maxX": 639.5, "maxY": 337.0}, "class_id": 0, "box_caption": "person 0.004", "scores": {"class_score": 0.00426483154296875}, "domain": "pixel"}, {"position": {"minX": 390.25, "minY": 133.125, "maxX": 434.25, "maxY": 193.875}, "class_id": 0, "box_caption": "person 0.004", "scores": {"class_score": 0.004230499267578125}, "domain": "pixel"}, {"position": {"minX": 463.0, "minY": 126.125, "maxX": 595.0, "maxY": 311.0}, "class_id": 0, "box_caption": "person 0.004", "scores": {"class_score": 0.004230499267578125}, "domain": "pixel"}, {"position": {"minX": 247.75, "minY": 151.0, "maxX": 310.25, "maxY": 309.0}, "class_id": 0, "box_caption": "person 0.004", "scores": {"class_score": 0.004199981689453125}, "domain": "pixel"}, {"position": {"minX": 249.125, "minY": 243.25, "maxX": 310.0, "maxY": 414.75}, "class_id": 0, "box_caption": "person 0.004", "scores": {"class_score": 0.004199981689453125}, "domain": "pixel"}, {"position": {"minX": 392.25, "minY": 118.5625, "maxX": 516.0, "maxY": 186.0}, "class_id": 0, "box_caption": "person 0.004", "scores": {"class_score": 0.004180908203125}, "domain": "pixel"}, {"position": {"minX": 188.0, "minY": 187.875, "maxX": 235.5, "maxY": 309.5}, "class_id": 0, "box_caption": "person 0.004", "scores": {"class_score": 0.004180908203125}, "domain": "pixel"}, {"position": {"minX": 573.5, "minY": 447.75, "maxX": 590.5, "maxY": 490.75}, "class_id": 0, "box_caption": "person 0.004", "scores": {"class_score": 0.0041656494140625}, "domain": "pixel"}, {"position": {"minX": 578.0, "minY": 357.5, "maxX": 607.0, "maxY": 413.0}, "class_id": 0, "box_caption": "person 0.004", "scores": {"class_score": 0.004150390625}, "domain": "pixel"}, {"position": {"minX": 367.5, "minY": 113.0625, "maxX": 461.0, "maxY": 211.75}, "class_id": 0, "box_caption": "person 0.004", "scores": {"class_score": 0.004116058349609375}, "domain": "pixel"}, {"position": {"minX": 127.125, "minY": 456.25, "maxX": 167.625, "maxY": 529.5}, "class_id": 0, "box_caption": "person 0.004", "scores": {"class_score": 0.004085540771484375}, "domain": "pixel"}, {"position": {"minX": 513.0, "minY": 346.25, "maxX": 543.0, "maxY": 419.25}, "class_id": 0, "box_caption": "person 0.004", "scores": {"class_score": 0.004070281982421875}, "domain": "pixel"}, {"position": {"minX": 93.375, "minY": 95.125, "maxX": 252.125, "maxY": 282.5}, "class_id": 0, "box_caption": "person 0.004", "scores": {"class_score": 0.004070281982421875}, "domain": "pixel"}, {"position": {"minX": 48.9375, "minY": 107.8125, "maxX": 178.0, "maxY": 269.5}, "class_id": 0, "box_caption": "person 0.004", "scores": {"class_score": 0.004055023193359375}, "domain": "pixel"}, {"position": {"minX": 406.5, "minY": 103.6875, "maxX": 583.5, "maxY": 317.5}, "class_id": 0, "box_caption": "person 0.004", "scores": {"class_score": 0.004039764404296875}, "domain": "pixel"}, {"position": {"minX": 378.25, "minY": 239.5, "maxX": 441.25, "maxY": 384.5}, "class_id": 0, "box_caption": "person 0.004", "scores": {"class_score": 0.004039764404296875}, "domain": "pixel"}, {"position": {"minX": 67.9375, "minY": 385.5, "maxX": 178.75, "maxY": 607.0}, "class_id": 0, "box_caption": "person 0.004", "scores": {"class_score": 0.004039764404296875}, "domain": "pixel"}, {"position": {"minX": 544.5, "minY": 203.5, "maxX": 623.5, "maxY": 306.75}, "class_id": 0, "box_caption": "person 0.004", "scores": {"class_score": 0.00400543212890625}, "domain": "pixel"}, {"position": {"minX": 187.25, "minY": 214.5, "maxX": 221.25, "maxY": 290.75}, "class_id": 0, "box_caption": "person 0.004", "scores": {"class_score": 0.00399017333984375}, "domain": "pixel"}, {"position": {"minX": 356.5, "minY": 450.0, "maxX": 638.0, "maxY": 664.0}, "class_id": 0, "box_caption": "person 0.004", "scores": {"class_score": 0.00399017333984375}, "domain": "pixel"}, {"position": {"minX": 355.5, "minY": 274.75, "maxX": 443.5, "maxY": 581.0}, "class_id": 0, "box_caption": "person 0.004", "scores": {"class_score": 0.00397491455078125}, "domain": "pixel"}, {"position": {"minX": 406.0, "minY": 233.25, "maxX": 437.5, "maxY": 300.75}, "class_id": 0, "box_caption": "person 0.004", "scores": {"class_score": 0.00395965576171875}, "domain": "pixel"}, {"position": {"minX": 478.0, "minY": 187.75, "maxX": 546.0, "maxY": 372.75}, "class_id": 0, "box_caption": "person 0.004", "scores": {"class_score": 0.00395965576171875}, "domain": "pixel"}, {"position": {"minX": 77.6875, "minY": 295.5, "maxX": 104.6875, "maxY": 367.0}, "class_id": 0, "box_caption": "person 0.004", "scores": {"class_score": 0.00394439697265625}, "domain": "pixel"}, {"position": {"minX": 360.25, "minY": 101.625, "maxX": 456.25, "maxY": 181.625}, "class_id": 0, "box_caption": "person 0.004", "scores": {"class_score": 0.00394439697265625}, "domain": "pixel"}, {"position": {"minX": 285.75, "minY": 401.75, "maxX": 346.75, "maxY": 600.5}, "class_id": 0, "box_caption": "person 0.004", "scores": {"class_score": 0.00394439697265625}, "domain": "pixel"}, {"position": {"minX": 138.625, "minY": 373.25, "maxX": 190.875, "maxY": 537.0}, "class_id": 0, "box_caption": "person 0.004", "scores": {"class_score": 0.00392913818359375}, "domain": "pixel"}, {"position": {"minX": 624.5, "minY": 384.0, "maxX": 643.5, "maxY": 422.0}, "class_id": 0, "box_caption": "person 0.004", "scores": {"class_score": 0.00391387939453125}, "domain": "pixel"}, {"position": {"minX": 27.3125, "minY": 280.75, "maxX": 39.5, "maxY": 316.25}, "class_id": 0, "box_caption": "person 0.004", "scores": {"class_score": 0.00391387939453125}, "domain": "pixel"}, {"position": {"minX": 129.625, "minY": 314.75, "maxX": 204.875, "maxY": 565.0}, "class_id": 0, "box_caption": "person 0.004", "scores": {"class_score": 0.0039005279541015625}, "domain": "pixel"}, {"position": {"minX": 416.5, "minY": 258.5, "maxX": 460.5, "maxY": 373.0}, "class_id": 0, "box_caption": "person 0.004", "scores": {"class_score": 0.0038852691650390625}, "domain": "pixel"}, {"position": {"minX": 521.0, "minY": 343.0, "maxX": 543.0, "maxY": 400.5}, "class_id": 0, "box_caption": "person 0.004", "scores": {"class_score": 0.0038547515869140625}, "domain": "pixel"}, {"position": {"minX": 345.75, "minY": 325.25, "maxX": 378.25, "maxY": 397.75}, "class_id": 0, "box_caption": "person 0.004", "scores": {"class_score": 0.0038547515869140625}, "domain": "pixel"}, {"position": {"minX": 301.75, "minY": 486.5, "maxX": 339.75, "maxY": 593.5}, "class_id": 0, "box_caption": "person 0.004", "scores": {"class_score": 0.0038547515869140625}, "domain": "pixel"}, {"position": {"minX": 279.75, "minY": 250.375, "maxX": 367.25, "maxY": 612.5}, "class_id": 0, "box_caption": "person 0.004", "scores": {"class_score": 0.0038547515869140625}, "domain": "pixel"}, {"position": {"minX": 256.5, "minY": 293.25, "maxX": 304.0, "maxY": 429.25}, "class_id": 0, "box_caption": "person 0.004", "scores": {"class_score": 0.0038089752197265625}, "domain": "pixel"}, {"position": {"minX": 245.75, "minY": 429.25, "maxX": 320.75, "maxY": 582.5}, "class_id": 0, "box_caption": "person 0.004", "scores": {"class_score": 0.0038089752197265625}, "domain": "pixel"}, {"position": {"minX": 183.375, "minY": 253.25, "maxX": 242.875, "maxY": 395.25}, "class_id": 0, "box_caption": "person 0.004", "scores": {"class_score": 0.003795623779296875}, "domain": "pixel"}, {"position": {"minX": 371.0, "minY": 316.25, "maxX": 408.5, "maxY": 376.25}, "class_id": 0, "box_caption": "person 0.004", "scores": {"class_score": 0.003795623779296875}, "domain": "pixel"}, {"position": {"minX": 128.0, "minY": 314.5, "maxX": 281.25, "maxY": 604.0}, "class_id": 0, "box_caption": "person 0.004", "scores": {"class_score": 0.003780364990234375}, "domain": "pixel"}, {"position": {"minX": 111.4375, "minY": 84.8125, "maxX": 309.0, "maxY": 290.75}, "class_id": 0, "box_caption": "person 0.004", "scores": {"class_score": 0.003780364990234375}, "domain": "pixel"}, {"position": {"minX": 403.75, "minY": 302.5, "maxX": 436.75, "maxY": 379.0}, "class_id": 0, "box_caption": "person 0.004", "scores": {"class_score": 0.003765106201171875}, "domain": "pixel"}, {"position": {"minX": 512.0, "minY": 203.875, "maxX": 582.0, "maxY": 300.5}, "class_id": 0, "box_caption": "person 0.004", "scores": {"class_score": 0.003765106201171875}, "domain": "pixel"}, {"position": {"minX": 421.25, "minY": 351.75, "maxX": 484.75, "maxY": 423.25}, "class_id": 0, "box_caption": "person 0.004", "scores": {"class_score": 0.003765106201171875}, "domain": "pixel"}, {"position": {"minX": 602.5, "minY": 386.75, "maxX": 627.5, "maxY": 428.75}, "class_id": 0, "box_caption": "person 0.004", "scores": {"class_score": 0.003749847412109375}, "domain": "pixel"}, {"position": {"minX": 310.5, "minY": 26.1875, "maxX": 565.0, "maxY": 164.25}, "class_id": 0, "box_caption": "person 0.004", "scores": {"class_score": 0.0037364959716796875}, "domain": "pixel"}, {"position": {"minX": 220.625, "minY": 208.25, "maxX": 272.75, "maxY": 354.75}, "class_id": 0, "box_caption": "person 0.004", "scores": {"class_score": 0.0037212371826171875}, "domain": "pixel"}, {"position": {"minX": 524.5, "minY": 271.75, "maxX": 575.5, "maxY": 423.25}, "class_id": 0, "box_caption": "person 0.004", "scores": {"class_score": 0.0037212371826171875}, "domain": "pixel"}, {"position": {"minX": 509.25, "minY": 246.5, "maxX": 567.5, "maxY": 404.5}, "class_id": 0, "box_caption": "person 0.004", "scores": {"class_score": 0.003692626953125}, "domain": "pixel"}, {"position": {"minX": 5.5, "minY": 141.625, "maxX": 52.375, "maxY": 327.5}, "class_id": 0, "box_caption": "person 0.004", "scores": {"class_score": 0.0036792755126953125}, "domain": "pixel"}, {"position": {"minX": 416.0, "minY": 208.0, "maxX": 573.5, "maxY": 445.0}, "class_id": 0, "box_caption": "person 0.004", "scores": {"class_score": 0.0036640167236328125}, "domain": "pixel"}, {"position": {"minX": 520.5, "minY": 202.875, "maxX": 544.5, "maxY": 254.625}, "class_id": 0, "box_caption": "person 0.004", "scores": {"class_score": 0.0036220550537109375}, "domain": "pixel"}, {"position": {"minX": 419.75, "minY": 297.5, "maxX": 451.25, "maxY": 368.0}, "class_id": 0, "box_caption": "person 0.004", "scores": {"class_score": 0.00359344482421875}, "domain": "pixel"}, {"position": {"minX": 163.0, "minY": 255.25, "maxX": 211.0, "maxY": 403.75}, "class_id": 0, "box_caption": "person 0.004", "scores": {"class_score": 0.003551483154296875}, "domain": "pixel"}, {"position": {"minX": 641.5, "minY": 292.5, "maxX": 658.5, "maxY": 365.0}, "class_id": 0, "box_caption": "person 0.004", "scores": {"class_score": 0.003551483154296875}, "domain": "pixel"}, {"position": {"minX": 385.5, "minY": 110.5, "maxX": 438.5, "maxY": 189.75}, "class_id": 0, "box_caption": "person 0.004", "scores": {"class_score": 0.0035247802734375}, "domain": "pixel"}, {"position": {"minX": 203.0, "minY": 225.5, "maxX": 261.5, "maxY": 364.5}, "class_id": 0, "box_caption": "person 0.004", "scores": {"class_score": 0.0035114288330078125}, "domain": "pixel"}, {"position": {"minX": 528.0, "minY": 243.5, "maxX": 605.0, "maxY": 407.0}, "class_id": 0, "box_caption": "person 0.003", "scores": {"class_score": 0.0034694671630859375}, "domain": "pixel"}, {"position": {"minX": 238.125, "minY": 85.875, "maxX": 300.5, "maxY": 214.875}, "class_id": 0, "box_caption": "person 0.003", "scores": {"class_score": 0.00345611572265625}, "domain": "pixel"}, {"position": {"minX": 565.0, "minY": 431.25, "maxX": 584.0, "maxY": 475.75}, "class_id": 0, "box_caption": "person 0.003", "scores": {"class_score": 0.0034427642822265625}, "domain": "pixel"}, {"position": {"minX": 125.75, "minY": 486.0, "maxX": 179.25, "maxY": 566.0}, "class_id": 0, "box_caption": "person 0.003", "scores": {"class_score": 0.003429412841796875}, "domain": "pixel"}, {"position": {"minX": 2.96875, "minY": 109.5, "maxX": 109.5, "maxY": 631.0}, "class_id": 0, "box_caption": "person 0.003", "scores": {"class_score": 0.003429412841796875}, "domain": "pixel"}, {"position": {"minX": 127.125, "minY": 398.75, "maxX": 142.125, "maxY": 442.75}, "class_id": 0, "box_caption": "person 0.003", "scores": {"class_score": 0.0034027099609375}, "domain": "pixel"}, {"position": {"minX": 494.75, "minY": 379.75, "maxX": 531.0, "maxY": 437.75}, "class_id": 0, "box_caption": "person 0.003", "scores": {"class_score": 0.0034027099609375}, "domain": "pixel"}, {"position": {"minX": 227.0, "minY": 251.875, "maxX": 270.0, "maxY": 367.75}, "class_id": 0, "box_caption": "person 0.003", "scores": {"class_score": 0.0033893585205078125}, "domain": "pixel"}, {"position": {"minX": 12.5, "minY": 267.5, "maxX": 145.0, "maxY": 660.0}, "class_id": 0, "box_caption": "person 0.003", "scores": {"class_score": 0.0033626556396484375}, "domain": "pixel"}, {"position": {"minX": 123.625, "minY": 370.25, "maxX": 148.875, "maxY": 478.25}, "class_id": 0, "box_caption": "person 0.003", "scores": {"class_score": 0.0033245086669921875}, "domain": "pixel"}, {"position": {"minX": 396.0, "minY": 174.875, "maxX": 474.5, "maxY": 323.0}, "class_id": 0, "box_caption": "person 0.003", "scores": {"class_score": 0.0033111572265625}, "domain": "pixel"}, {"position": {"minX": 77.3125, "minY": 323.5, "maxX": 101.1875, "maxY": 375.0}, "class_id": 0, "box_caption": "person 0.003", "scores": {"class_score": 0.0032978057861328125}, "domain": "pixel"}, {"position": {"minX": 152.0, "minY": 165.75, "maxX": 224.75, "maxY": 328.0}, "class_id": 0, "box_caption": "person 0.003", "scores": {"class_score": 0.0032978057861328125}, "domain": "pixel"}, {"position": {"minX": 68.375, "minY": 335.25, "maxX": 87.5, "maxY": 376.25}, "class_id": 0, "box_caption": "person 0.003", "scores": {"class_score": 0.0032863616943359375}, "domain": "pixel"}, {"position": {"minX": 529.5, "minY": 393.25, "maxX": 550.5, "maxY": 454.25}, "class_id": 0, "box_caption": "person 0.003", "scores": {"class_score": 0.00327301025390625}, "domain": "pixel"}, {"position": {"minX": 377.5, "minY": 92.0, "maxX": 609.5, "maxY": 247.5}, "class_id": 0, "box_caption": "person 0.003", "scores": {"class_score": 0.00327301025390625}, "domain": "pixel"}, {"position": {"minX": 38.375, "minY": 137.5, "maxX": 80.5625, "maxY": 208.25}, "class_id": 0, "box_caption": "person 0.003", "scores": {"class_score": 0.00323486328125}, "domain": "pixel"}, {"position": {"minX": 12.046875, "minY": 150.0, "maxX": 45.375, "maxY": 281.25}, "class_id": 0, "box_caption": "person 0.003", "scores": {"class_score": 0.003223419189453125}, "domain": "pixel"}, {"position": {"minX": 534.5, "minY": 333.25, "maxX": 557.5, "maxY": 394.25}, "class_id": 0, "box_caption": "person 0.003", "scores": {"class_score": 0.00319671630859375}, "domain": "pixel"}, {"position": {"minX": 21.53125, "minY": 247.875, "maxX": 49.78125, "maxY": 345.5}, "class_id": 0, "box_caption": "person 0.003", "scores": {"class_score": 0.0031719207763671875}, "domain": "pixel"}, {"position": {"minX": 277.0, "minY": 431.5, "maxX": 337.5, "maxY": 580.5}, "class_id": 0, "box_caption": "person 0.003", "scores": {"class_score": 0.003147125244140625}, "domain": "pixel"}, {"position": {"minX": 498.25, "minY": 341.75, "maxX": 561.5, "maxY": 505.25}, "class_id": 0, "box_caption": "person 0.003", "scores": {"class_score": 0.003147125244140625}, "domain": "pixel"}, {"position": {"minX": 542.5, "minY": 635.0, "maxX": 558.5, "maxY": 653.0}, "class_id": 0, "box_caption": "person 0.003", "scores": {"class_score": 0.003124237060546875}, "domain": "pixel"}], "class_labels": {"0": "person"}}