{"box_data": [{"position": {"minX": 512.0, "minY": 399.5, "maxX": 584.0, "maxY": 546.5}, "class_id": 0, "box_caption": "person 0.324", "scores": {"class_score": 0.32421875}, "domain": "pixel"}, {"position": {"minX": 279.5, "minY": 404.5, "maxX": 416.0, "maxY": 588.5}, "class_id": 0, "box_caption": "person 0.152", "scores": {"class_score": 0.1517333984375}, "domain": "pixel"}, {"position": {"minX": 8.0625, "minY": 27.125, "maxX": 173.0, "maxY": 467.0}, "class_id": 0, "box_caption": "person 0.151", "scores": {"class_score": 0.1512451171875}, "domain": "pixel"}, {"position": {"minX": 267.5, "minY": 64.5625, "maxX": 372.5, "maxY": 305.0}, "class_id": 0, "box_caption": "person 0.124", "scores": {"class_score": 0.123779296875}, "domain": "pixel"}, {"position": {"minX": 458.0, "minY": 382.5, "maxX": 475.0, "maxY": 434.5}, "class_id": 0, "box_caption": "person 0.076", "scores": {"class_score": 0.0755615234375}, "domain": "pixel"}, {"position": {"minX": 17.375, "minY": 10.5, "maxX": 259.0, "maxY": 512.0}, "class_id": 0, "box_caption": "person 0.048", "scores": {"class_score": 0.04779052734375}, "domain": "pixel"}, {"position": {"minX": 321.0, "minY": 118.5, "maxX": 385.0, "maxY": 298.5}, "class_id": 0, "box_caption": "person 0.042", "scores": {"class_score": 0.041839599609375}, "domain": "pixel"}, {"position": {"minX": 535.0, "minY": 405.0, "maxX": 605.0, "maxY": 545.5}, "class_id": 0, "box_caption": "person 0.039", "scores": {"class_score": 0.0394287109375}, "domain": "pixel"}, {"position": {"minX": 338.5, "minY": 415.5, "maxX": 426.0, "maxY": 566.5}, "class_id": 0, "box_caption": "person 0.037", "scores": {"class_score": 0.036773681640625}, "domain": "pixel"}, {"position": {"minX": 272.0, "minY": 67.375, "maxX": 355.5, "maxY": 244.625}, "class_id": 0, "box_caption": "person 0.037", "scores": {"class_score": 0.03662109375}, "domain": "pixel"}, {"position": {"minX": 283.25, "minY": 113.4375, "maxX": 383.75, "maxY": 331.75}, "class_id": 0, "box_caption": "person 0.028", "scores": {"class_score": 0.0282135009765625}, "domain": "pixel"}, {"position": {"minX": 426.5, "minY": 156.25, "maxX": 500.0, "maxY": 312.25}, "class_id": 0, "box_caption": "person 0.025", "scores": {"class_score": 0.02508544921875}, "domain": "pixel"}, {"position": {"minX": 647.0, "minY": 611.5, "maxX": 661.0, "maxY": 657.5}, "class_id": 0, "box_caption": "person 0.024", "scores": {"class_score": 0.0240936279296875}, "domain": "pixel"}, {"position": {"minX": 15.9375, "minY": 31.1875, "maxX": 145.0, "maxY": 195.25}, "class_id": 0, "box_caption": "person 0.024", "scores": {"class_score": 0.0238189697265625}, "domain": "pixel"}, {"position": {"minX": 7.8125, "minY": 189.875, "maxX": 145.5, "maxY": 471.0}, "class_id": 0, "box_caption": "person 0.022", "scores": {"class_score": 0.021942138671875}, "domain": "pixel"}, {"position": {"minX": 338.0, "minY": 144.5, "maxX": 388.5, "maxY": 288.25}, "class_id": 0, "box_caption": "person 0.022", "scores": {"class_score": 0.0216522216796875}, "domain": "pixel"}, {"position": {"minX": 487.0, "minY": 406.5, "maxX": 603.0, "maxY": 556.5}, "class_id": 0, "box_caption": "person 0.020", "scores": {"class_score": 0.0202484130859375}, "domain": "pixel"}, {"position": {"minX": 298.75, "minY": 87.8125, "maxX": 401.25, "maxY": 288.25}, "class_id": 0, "box_caption": "person 0.020", "scores": {"class_score": 0.01953125}, "domain": "pixel"}, {"position": {"minX": 495.25, "minY": 176.5, "maxX": 619.0, "maxY": 555.0}, "class_id": 0, "box_caption": "person 0.017", "scores": {"class_score": 0.0173797607421875}, "domain": "pixel"}, {"position": {"minX": 458.5, "minY": 393.5, "maxX": 472.0, "maxY": 432.0}, "class_id": 0, "box_caption": "person 0.017", "scores": {"class_score": 0.017303466796875}, "domain": "pixel"}, {"position": {"minX": 436.25, "minY": 370.75, "maxX": 452.25, "maxY": 405.75}, "class_id": 0, "box_caption": "person 0.017", "scores": {"class_score": 0.017303466796875}, "domain": "pixel"}, {"position": {"minX": 262.5, "minY": 401.0, "maxX": 376.5, "maxY": 559.5}, "class_id": 0, "box_caption": "person 0.017", "scores": {"class_score": 0.017181396484375}, "domain": "pixel"}, {"position": {"minX": 499.75, "minY": 404.0, "maxX": 559.0, "maxY": 540.0}, "class_id": 0, "box_caption": "person 0.015", "scores": {"class_score": 0.0153045654296875}, "domain": "pixel"}, {"position": {"minX": 517.0, "minY": 429.25, "maxX": 590.0, "maxY": 581.0}, "class_id": 0, "box_caption": "person 0.015", "scores": {"class_score": 0.01483917236328125}, "domain": "pixel"}, {"position": {"minX": 515.0, "minY": 442.5, "maxX": 569.0, "maxY": 556.0}, "class_id": 0, "box_caption": "person 0.015", "scores": {"class_score": 0.01473236083984375}, "domain": "pixel"}, {"position": {"minX": 520.0, "minY": 86.375, "maxX": 664.0, "maxY": 598.0}, "class_id": 0, "box_caption": "person 0.015", "scores": {"class_score": 0.01473236083984375}, "domain": "pixel"}, {"position": {"minX": 440.5, "minY": 145.875, "maxX": 538.5, "maxY": 325.0}, "class_id": 0, "box_caption": "person 0.014", "scores": {"class_score": 0.0144500732421875}, "domain": "pixel"}, {"position": {"minX": 461.25, "minY": 387.75, "maxX": 473.75, "maxY": 427.75}, "class_id": 0, "box_caption": "person 0.014", "scores": {"class_score": 0.0141143798828125}, "domain": "pixel"}, {"position": {"minX": 410.5, "minY": 180.375, "maxX": 469.0, "maxY": 298.75}, "class_id": 0, "box_caption": "person 0.014", "scores": {"class_score": 0.01406097412109375}, "domain": "pixel"}, {"position": {"minX": 33.125, "minY": -6.0, "maxX": 372.0, "maxY": 547.5}, "class_id": 0, "box_caption": "person 0.013", "scores": {"class_score": 0.013427734375}, "domain": "pixel"}, {"position": {"minX": 311.0, "minY": 410.0, "maxX": 449.5, "maxY": 573.0}, "class_id": 0, "box_caption": "person 0.013", "scores": {"class_score": 0.013275146484375}, "domain": "pixel"}, {"position": {"minX": 483.5, "minY": 140.0, "maxX": 585.5, "maxY": 539.0}, "class_id": 0, "box_caption": "person 0.013", "scores": {"class_score": 0.01312255859375}, "domain": "pixel"}, {"position": {"minX": 223.625, "minY": 411.0, "maxX": 413.0, "maxY": 617.0}, "class_id": 0, "box_caption": "person 0.013", "scores": {"class_score": 0.0129241943359375}, "domain": "pixel"}, {"position": {"minX": 500.5, "minY": 360.5, "maxX": 610.5, "maxY": 542.0}, "class_id": 0, "box_caption": "person 0.013", "scores": {"class_score": 0.0127716064453125}, "domain": "pixel"}, {"position": {"minX": 306.25, "minY": 399.25, "maxX": 408.75, "maxY": 553.5}, "class_id": 0, "box_caption": "person 0.013", "scores": {"class_score": 0.0125274658203125}, "domain": "pixel"}, {"position": {"minX": 225.875, "minY": 34.0, "maxX": 398.0, "maxY": 572.0}, "class_id": 0, "box_caption": "person 0.012", "scores": {"class_score": 0.011688232421875}, "domain": "pixel"}, {"position": {"minX": 580.0, "minY": 83.25, "maxX": 674.0, "maxY": 594.0}, "class_id": 0, "box_caption": "person 0.012", "scores": {"class_score": 0.0116424560546875}, "domain": "pixel"}, {"position": {"minX": 349.0, "minY": 158.375, "maxX": 386.0, "maxY": 274.0}, "class_id": 0, "box_caption": "person 0.011", "scores": {"class_score": 0.01142120361328125}, "domain": "pixel"}, {"position": {"minX": 5.15625, "minY": 224.625, "maxX": 110.0, "maxY": 445.0}, "class_id": 0, "box_caption": "person 0.011", "scores": {"class_score": 0.01107025146484375}, "domain": "pixel"}, {"position": {"minX": 249.75, "minY": 76.25, "maxX": 381.25, "maxY": 382.75}, "class_id": 0, "box_caption": "person 0.011", "scores": {"class_score": 0.0108184814453125}, "domain": "pixel"}, {"position": {"minX": 11.46875, "minY": 18.9375, "maxX": 99.875, "maxY": 154.25}, "class_id": 0, "box_caption": "person 0.010", "scores": {"class_score": 0.0101318359375}, "domain": "pixel"}, {"position": {"minX": 198.125, "minY": 458.75, "maxX": 240.125, "maxY": 547.0}, "class_id": 0, "box_caption": "person 0.009", "scores": {"class_score": 0.00937652587890625}, "domain": "pixel"}, {"position": {"minX": 403.0, "minY": 153.0, "maxX": 481.5, "maxY": 293.0}, "class_id": 0, "box_caption": "person 0.009", "scores": {"class_score": 0.0092315673828125}, "domain": "pixel"}, {"position": {"minX": 38.4375, "minY": 67.8125, "maxX": 167.25, "maxY": 201.75}, "class_id": 0, "box_caption": "person 0.009", "scores": {"class_score": 0.00919342041015625}, "domain": "pixel"}, {"position": {"minX": 599.5, "minY": 143.875, "maxX": 656.5, "maxY": 281.5}, "class_id": 0, "box_caption": "person 0.009", "scores": {"class_score": 0.00881195068359375}, "domain": "pixel"}, {"position": {"minX": 386.0, "minY": 427.0, "maxX": 460.0, "maxY": 539.5}, "class_id": 0, "box_caption": "person 0.009", "scores": {"class_score": 0.00878143310546875}, "domain": "pixel"}, {"position": {"minX": 272.0, "minY": 63.625, "maxX": 339.5, "maxY": 194.875}, "class_id": 0, "box_caption": "person 0.009", "scores": {"class_score": 0.00864410400390625}, "domain": "pixel"}, {"position": {"minX": 6.40625, "minY": 17.125, "maxX": 117.5, "maxY": 426.5}, "class_id": 0, "box_caption": "person 0.008", "scores": {"class_score": 0.0082550048828125}, "domain": "pixel"}, {"position": {"minX": 448.25, "minY": 176.25, "maxX": 542.0, "maxY": 495.25}, "class_id": 0, "box_caption": "person 0.008", "scores": {"class_score": 0.00815582275390625}, "domain": "pixel"}, {"position": {"minX": 458.0, "minY": 376.25, "maxX": 477.5, "maxY": 419.75}, "class_id": 0, "box_caption": "person 0.008", "scores": {"class_score": 0.00806427001953125}, "domain": "pixel"}, {"position": {"minX": 239.125, "minY": 60.1875, "maxX": 349.25, "maxY": 296.75}, "class_id": 0, "box_caption": "person 0.008", "scores": {"class_score": 0.00787353515625}, "domain": "pixel"}, {"position": {"minX": 11.75, "minY": 43.75, "maxX": 150.0, "maxY": 320.75}, "class_id": 0, "box_caption": "person 0.008", "scores": {"class_score": 0.007843017578125}, "domain": "pixel"}, {"position": {"minX": 10.34375, "minY": 46.5, "maxX": 108.5, "maxY": 236.5}, "class_id": 0, "box_caption": "person 0.008", "scores": {"class_score": 0.0078125}, "domain": "pixel"}, {"position": {"minX": 518.0, "minY": 390.0, "maxX": 626.0, "maxY": 555.0}, "class_id": 0, "box_caption": "person 0.008", "scores": {"class_score": 0.00763702392578125}, "domain": "pixel"}, {"position": {"minX": 472.5, "minY": 285.25, "maxX": 498.0, "maxY": 348.25}, "class_id": 0, "box_caption": "person 0.007", "scores": {"class_score": 0.007404327392578125}, "domain": "pixel"}, {"position": {"minX": 510.5, "minY": 246.0, "maxX": 539.5, "maxY": 350.0}, "class_id": 0, "box_caption": "person 0.007", "scores": {"class_score": 0.007205963134765625}, "domain": "pixel"}, {"position": {"minX": 503.75, "minY": 379.0, "maxX": 577.5, "maxY": 518.5}, "class_id": 0, "box_caption": "person 0.007", "scores": {"class_score": 0.00701141357421875}, "domain": "pixel"}, {"position": {"minX": 443.75, "minY": 370.5, "maxX": 468.75, "maxY": 415.5}, "class_id": 0, "box_caption": "person 0.007", "scores": {"class_score": 0.0068511962890625}, "domain": "pixel"}, {"position": {"minX": 457.25, "minY": 405.5, "maxX": 470.25, "maxY": 433.0}, "class_id": 0, "box_caption": "person 0.007", "scores": {"class_score": 0.00679779052734375}, "domain": "pixel"}, {"position": {"minX": 252.875, "minY": 69.5, "maxX": 481.5, "maxY": 614.5}, "class_id": 0, "box_caption": "person 0.007", "scores": {"class_score": 0.006717681884765625}, "domain": "pixel"}, {"position": {"minX": 535.0, "minY": 439.0, "maxX": 578.0, "maxY": 544.0}, "class_id": 0, "box_caption": "person 0.007", "scores": {"class_score": 0.006641387939453125}, "domain": "pixel"}, {"position": {"minX": 377.75, "minY": 413.75, "maxX": 436.25, "maxY": 539.5}, "class_id": 0, "box_caption": "person 0.007", "scores": {"class_score": 0.006641387939453125}, "domain": "pixel"}, {"position": {"minX": 507.0, "minY": 255.125, "maxX": 602.0, "maxY": 538.5}, "class_id": 0, "box_caption": "person 0.006", "scores": {"class_score": 0.006488800048828125}, "domain": "pixel"}, {"position": {"minX": 471.5, "minY": 411.75, "maxX": 553.5, "maxY": 534.0}, "class_id": 0, "box_caption": "person 0.006", "scores": {"class_score": 0.006412506103515625}, "domain": "pixel"}, {"position": {"minX": 307.0, "minY": 427.5, "maxX": 405.5, "maxY": 605.5}, "class_id": 0, "box_caption": "person 0.006", "scores": {"class_score": 0.006145477294921875}, "domain": "pixel"}, {"position": {"minX": 399.5, "minY": 133.75, "maxX": 534.0, "maxY": 304.25}, "class_id": 0, "box_caption": "person 0.006", "scores": {"class_score": 0.005889892578125}, "domain": "pixel"}, {"position": {"minX": 365.0, "minY": 173.5, "maxX": 436.5, "maxY": 298.0}, "class_id": 0, "box_caption": "person 0.006", "scores": {"class_score": 0.0058441162109375}, "domain": "pixel"}, {"position": {"minX": 443.75, "minY": 130.5, "maxX": 505.75, "maxY": 255.5}, "class_id": 0, "box_caption": "person 0.006", "scores": {"class_score": 0.0057525634765625}, "domain": "pixel"}, {"position": {"minX": 454.5, "minY": 386.0, "maxX": 473.0, "maxY": 451.0}, "class_id": 0, "box_caption": "person 0.006", "scores": {"class_score": 0.00572967529296875}, "domain": "pixel"}, {"position": {"minX": 343.5, "minY": 140.375, "maxX": 431.5, "maxY": 286.0}, "class_id": 0, "box_caption": "person 0.006", "scores": {"class_score": 0.005687713623046875}, "domain": "pixel"}, {"position": {"minX": 255.5, "minY": 69.6875, "maxX": 332.5, "maxY": 229.75}, "class_id": 0, "box_caption": "person 0.006", "scores": {"class_score": 0.0055999755859375}, "domain": "pixel"}, {"position": {"minX": 603.0, "minY": 133.375, "maxX": 664.0, "maxY": 338.5}, "class_id": 0, "box_caption": "person 0.005", "scores": {"class_score": 0.005428314208984375}, "domain": "pixel"}, {"position": {"minX": 494.75, "minY": 187.25, "maxX": 559.5, "maxY": 426.25}, "class_id": 0, "box_caption": "person 0.005", "scores": {"class_score": 0.005428314208984375}, "domain": "pixel"}, {"position": {"minX": 130.375, "minY": -26.5, "maxX": 418.5, "maxY": 632.0}, "class_id": 0, "box_caption": "person 0.005", "scores": {"class_score": 0.005279541015625}, "domain": "pixel"}, {"position": {"minX": 401.5, "minY": 425.5, "maxX": 444.0, "maxY": 525.0}, "class_id": 0, "box_caption": "person 0.005", "scores": {"class_score": 0.00524139404296875}, "domain": "pixel"}, {"position": {"minX": 525.0, "minY": 480.75, "maxX": 562.0, "maxY": 548.0}, "class_id": 0, "box_caption": "person 0.005", "scores": {"class_score": 0.005100250244140625}, "domain": "pixel"}, {"position": {"minX": 274.5, "minY": 366.75, "maxX": 403.5, "maxY": 531.0}, "class_id": 0, "box_caption": "person 0.005", "scores": {"class_score": 0.005100250244140625}, "domain": "pixel"}, {"position": {"minX": 487.5, "minY": 190.5, "maxX": 554.5, "maxY": 355.0}, "class_id": 0, "box_caption": "person 0.005", "scores": {"class_score": 0.0050201416015625}, "domain": "pixel"}, {"position": {"minX": 421.25, "minY": 408.75, "maxX": 490.75, "maxY": 526.0}, "class_id": 0, "box_caption": "person 0.005", "scores": {"class_score": 0.0050201416015625}, "domain": "pixel"}, {"position": {"minX": 406.75, "minY": 188.375, "maxX": 449.25, "maxY": 283.5}, "class_id": 0, "box_caption": "person 0.005", "scores": {"class_score": 0.00490570068359375}, "domain": "pixel"}, {"position": {"minX": 433.25, "minY": 364.5, "maxX": 455.25, "maxY": 413.0}, "class_id": 0, "box_caption": "person 0.005", "scores": {"class_score": 0.004886627197265625}, "domain": "pixel"}, {"position": {"minX": 467.0, "minY": 152.5, "maxX": 565.0, "maxY": 326.25}, "class_id": 0, "box_caption": "person 0.005", "scores": {"class_score": 0.00482940673828125}, "domain": "pixel"}, {"position": {"minX": 197.875, "minY": 491.0, "maxX": 236.625, "maxY": 547.0}, "class_id": 0, "box_caption": "person 0.005", "scores": {"class_score": 0.004791259765625}, "domain": "pixel"}, {"position": {"minX": 7.515625, "minY": 309.25, "maxX": 46.5625, "maxY": 433.75}, "class_id": 0, "box_caption": "person 0.005", "scores": {"class_score": 0.004608154296875}, "domain": "pixel"}, {"position": {"minX": 610.5, "minY": 147.75, "maxX": 652.5, "maxY": 258.0}, "class_id": 0, "box_caption": "person 0.005", "scores": {"class_score": 0.004573822021484375}, "domain": "pixel"}, {"position": {"minX": 92.375, "minY": 83.8125, "maxX": 173.625, "maxY": 187.75}, "class_id": 0, "box_caption": "person 0.005", "scores": {"class_score": 0.004573822021484375}, "domain": "pixel"}, {"position": {"minX": 196.25, "minY": 445.25, "maxX": 254.0, "maxY": 554.0}, "class_id": 0, "box_caption": "person 0.005", "scores": {"class_score": 0.004573822021484375}, "domain": "pixel"}, {"position": {"minX": 506.75, "minY": 477.5, "maxX": 526.0, "maxY": 542.0}, "class_id": 0, "box_caption": "person 0.004", "scores": {"class_score": 0.004451751708984375}, "domain": "pixel"}, {"position": {"minX": 11.09375, "minY": 13.09375, "maxX": 88.625, "maxY": 112.875}, "class_id": 0, "box_caption": "person 0.004", "scores": {"class_score": 0.004451751708984375}, "domain": "pixel"}, {"position": {"minX": 536.5, "minY": 370.75, "maxX": 619.5, "maxY": 521.0}, "class_id": 0, "box_caption": "person 0.004", "scores": {"class_score": 0.00443267822265625}, "domain": "pixel"}, {"position": {"minX": 490.25, "minY": 403.5, "maxX": 626.0, "maxY": 609.5}, "class_id": 0, "box_caption": "person 0.004", "scores": {"class_score": 0.004383087158203125}, "domain": "pixel"}, {"position": {"minX": 527.5, "minY": 472.5, "maxX": 572.5, "maxY": 556.5}, "class_id": 0, "box_caption": "person 0.004", "scores": {"class_score": 0.00426483154296875}, "domain": "pixel"}, {"position": {"minX": 470.0, "minY": 241.0, "maxX": 522.5, "maxY": 362.5}, "class_id": 0, "box_caption": "person 0.004", "scores": {"class_score": 0.004055023193359375}, "domain": "pixel"}, {"position": {"minX": 467.5, "minY": 234.25, "maxX": 515.0, "maxY": 427.25}, "class_id": 0, "box_caption": "person 0.004", "scores": {"class_score": 0.00400543212890625}, "domain": "pixel"}, {"position": {"minX": 4.0625, "minY": 334.25, "maxX": 76.0, "maxY": 448.75}, "class_id": 0, "box_caption": "person 0.004", "scores": {"class_score": 0.00399017333984375}, "domain": "pixel"}, {"position": {"minX": 605.0, "minY": 102.125, "maxX": 666.0, "maxY": 445.5}, "class_id": 0, "box_caption": "person 0.004", "scores": {"class_score": 0.00394439697265625}, "domain": "pixel"}, {"position": {"minX": 568.0, "minY": 419.25, "maxX": 631.0, "maxY": 553.0}, "class_id": 0, "box_caption": "person 0.004", "scores": {"class_score": 0.0038852691650390625}, "domain": "pixel"}, {"position": {"minX": 201.25, "minY": 419.0, "maxX": 362.25, "maxY": 576.0}, "class_id": 0, "box_caption": "person 0.004", "scores": {"class_score": 0.0038700103759765625}, "domain": "pixel"}, {"position": {"minX": 339.5, "minY": 180.0, "maxX": 381.5, "maxY": 304.5}, "class_id": 0, "box_caption": "person 0.004", "scores": {"class_score": 0.0038242340087890625}, "domain": "pixel"}, {"position": {"minX": 551.0, "minY": 424.0, "maxX": 614.0, "maxY": 574.5}, "class_id": 0, "box_caption": "person 0.004", "scores": {"class_score": 0.0037212371826171875}, "domain": "pixel"}, {"position": {"minX": 584.5, "minY": 459.25, "maxX": 619.5, "maxY": 548.5}, "class_id": 0, "box_caption": "person 0.004", "scores": {"class_score": 0.003692626953125}, "domain": "pixel"}, {"position": {"minX": 585.5, "minY": 428.0, "maxX": 645.5, "maxY": 561.0}, "class_id": 0, "box_caption": "person 0.004", "scores": {"class_score": 0.0036792755126953125}, "domain": "pixel"}, {"position": {"minX": 529.5, "minY": 496.75, "maxX": 558.5, "maxY": 549.0}, "class_id": 0, "box_caption": "person 0.004", "scores": {"class_score": 0.003635406494140625}, "domain": "pixel"}, {"position": {"minX": 529.0, "minY": 402.0, "maxX": 582.0, "maxY": 514.5}, "class_id": 0, "box_caption": "person 0.003", "scores": {"class_score": 0.003482818603515625}, "domain": "pixel"}, {"position": {"minX": 3.40625, "minY": 135.625, "maxX": 81.5, "maxY": 459.5}, "class_id": 0, "box_caption": "person 0.003", "scores": {"class_score": 0.003429412841796875}, "domain": "pixel"}, {"position": {"minX": 523.5, "minY": 366.0, "maxX": 593.5, "maxY": 526.0}, "class_id": 0, "box_caption": "person 0.003", "scores": {"class_score": 0.0034160614013671875}, "domain": "pixel"}, {"position": {"minX": 599.0, "minY": 146.375, "maxX": 641.0, "maxY": 256.75}, "class_id": 0, "box_caption": "person 0.003", "scores": {"class_score": 0.0034027099609375}, "domain": "pixel"}, {"position": {"minX": 402.5, "minY": 422.75, "maxX": 473.0, "maxY": 524.0}, "class_id": 0, "box_caption": "person 0.003", "scores": {"class_score": 0.0033245086669921875}, "domain": "pixel"}, {"position": {"minX": 436.0, "minY": 370.0, "maxX": 461.5, "maxY": 407.0}, "class_id": 0, "box_caption": "person 0.003", "scores": {"class_score": 0.00327301025390625}, "domain": "pixel"}, {"position": {"minX": 649.0, "minY": 623.0, "maxX": 664.0, "maxY": 658.0}, "class_id": 0, "box_caption": "person 0.003", "scores": {"class_score": 0.00327301025390625}, "domain": "pixel"}, {"position": {"minX": 147.0, "minY": 402.0, "maxX": 176.25, "maxY": 486.5}, "class_id": 0, "box_caption": "person 0.003", "scores": {"class_score": 0.0032596588134765625}, "domain": "pixel"}, {"position": {"minX": 309.5, "minY": 118.125, "maxX": 404.0, "maxY": 403.0}, "class_id": 0, "box_caption": "person 0.003", "scores": {"class_score": 0.003223419189453125}, "domain": "pixel"}, {"position": {"minX": 307.25, "minY": 143.0, "maxX": 390.75, "maxY": 342.75}, "class_id": 0, "box_caption": "person 0.003", "scores": {"class_score": 0.003185272216796875}, "domain": "pixel"}, {"position": {"minX": 339.0, "minY": 437.0, "maxX": 443.5, "maxY": 599.0}, "class_id": 0, "box_caption": "person 0.003", "scores": {"class_score": 0.003185272216796875}, "domain": "pixel"}, {"position": {"minX": 16.21875, "minY": 7.59375, "maxX": 137.5, "maxY": 114.875}, "class_id": 0, "box_caption": "person 0.003", "scores": {"class_score": 0.003185272216796875}, "domain": "pixel"}, {"position": {"minX": 410.5, "minY": 133.5, "maxX": 591.0, "maxY": 541.0}, "class_id": 0, "box_caption": "person 0.003", "scores": {"class_score": 0.003185272216796875}, "domain": "pixel"}, {"position": {"minX": 188.5, "minY": 40.25, "maxX": 380.0, "maxY": 435.75}, "class_id": 0, "box_caption": "person 0.003", "scores": {"class_score": 0.0031604766845703125}, "domain": "pixel"}, {"position": {"minX": 416.25, "minY": 200.625, "maxX": 457.25, "maxY": 318.75}, "class_id": 0, "box_caption": "person 0.003", "scores": {"class_score": 0.003147125244140625}, "domain": "pixel"}, {"position": {"minX": 413.25, "minY": 319.5, "maxX": 421.75, "maxY": 336.5}, "class_id": 0, "box_caption": "person 0.003", "scores": {"class_score": 0.003124237060546875}, "domain": "pixel"}, {"position": {"minX": 626.0, "minY": 151.0, "maxX": 657.0, "maxY": 280.75}, "class_id": 0, "box_caption": "person 0.003", "scores": {"class_score": 0.0031108856201171875}, "domain": "pixel"}, {"position": {"minX": 248.75, "minY": 171.25, "maxX": 415.75, "maxY": 562.0}, "class_id": 0, "box_caption": "person 0.003", "scores": {"class_score": 0.0030879974365234375}, "domain": "pixel"}, {"position": {"minX": 450.25, "minY": 140.5, "maxX": 498.75, "maxY": 236.25}, "class_id": 0, "box_caption": "person 0.003", "scores": {"class_score": 0.00307464599609375}, "domain": "pixel"}, {"position": {"minX": 347.0, "minY": 118.8125, "maxX": 394.5, "maxY": 258.25}, "class_id": 0, "box_caption": "person 0.003", "scores": {"class_score": 0.00307464599609375}, "domain": "pixel"}, {"position": {"minX": 6.859375, "minY": 20.28125, "maxX": 54.875, "maxY": 144.5}, "class_id": 0, "box_caption": "person 0.003", "scores": {"class_score": 0.00307464599609375}, "domain": "pixel"}, {"position": {"minX": 425.75, "minY": 175.0, "maxX": 517.0, "maxY": 429.0}, "class_id": 0, "box_caption": "person 0.003", "scores": {"class_score": 0.0030517578125}, "domain": "pixel"}, {"position": {"minX": 469.25, "minY": 274.75, "maxX": 492.75, "maxY": 352.25}, "class_id": 0, "box_caption": "person 0.003", "scores": {"class_score": 0.0030269622802734375}, "domain": "pixel"}, {"position": {"minX": -7.3125, "minY": 25.0, "maxX": 71.4375, "maxY": 465.5}, "class_id": 0, "box_caption": "person 0.003", "scores": {"class_score": 0.0030269622802734375}, "domain": "pixel"}, {"position": {"minX": 410.0, "minY": 218.25, "maxX": 447.0, "maxY": 303.75}, "class_id": 0, "box_caption": "person 0.003", "scores": {"class_score": 0.0030155181884765625}, "domain": "pixel"}, {"position": {"minX": 246.25, "minY": 431.0, "maxX": 383.25, "maxY": 600.0}, "class_id": 0, "box_caption": "person 0.003", "scores": {"class_score": 0.0030155181884765625}, "domain": "pixel"}, {"position": {"minX": 408.5, "minY": 426.75, "maxX": 508.5, "maxY": 539.0}, "class_id": 0, "box_caption": "person 0.003", "scores": {"class_score": 0.0030040740966796875}, "domain": "pixel"}, {"position": {"minX": 8.09375, "minY": 69.625, "maxX": 103.0, "maxY": 356.0}, "class_id": 0, "box_caption": "person 0.003", "scores": {"class_score": 0.0029926300048828125}, "domain": "pixel"}, {"position": {"minX": 40.75, "minY": 78.625, "maxX": 228.25, "maxY": 408.5}, "class_id": 0, "box_caption": "person 0.003", "scores": {"class_score": 0.0029811859130859375}, "domain": "pixel"}, {"position": {"minX": 509.0, "minY": 492.0, "maxX": 525.0, "maxY": 537.0}, "class_id": 0, "box_caption": "person 0.003", "scores": {"class_score": 0.0029125213623046875}, "domain": "pixel"}, {"position": {"minX": 138.75, "minY": 400.5, "maxX": 422.25, "maxY": 592.5}, "class_id": 0, "box_caption": "person 0.003", "scores": {"class_score": 0.0029010772705078125}, "domain": "pixel"}, {"position": {"minX": 9.6875, "minY": 250.25, "maxX": 70.3125, "maxY": 442.75}, "class_id": 0, "box_caption": "person 0.003", "scores": {"class_score": 0.0028896331787109375}, "domain": "pixel"}, {"position": {"minX": 6.265625, "minY": 244.0, "maxX": 49.9375, "maxY": 437.0}, "class_id": 0, "box_caption": "person 0.003", "scores": {"class_score": 0.0028896331787109375}, "domain": "pixel"}, {"position": {"minX": 503.5, "minY": 459.25, "maxX": 543.5, "maxY": 544.5}, "class_id": 0, "box_caption": "person 0.003", "scores": {"class_score": 0.0028781890869140625}, "domain": "pixel"}, {"position": {"minX": 347.25, "minY": 174.0, "maxX": 391.25, "maxY": 316.25}, "class_id": 0, "box_caption": "person 0.003", "scores": {"class_score": 0.0028553009033203125}, "domain": "pixel"}, {"position": {"minX": 14.9375, "minY": 276.5, "maxX": 138.5, "maxY": 502.0}, "class_id": 0, "box_caption": "person 0.003", "scores": {"class_score": 0.0028228759765625}, "domain": "pixel"}, {"position": {"minX": 73.125, "minY": 59.5625, "maxX": 189.375, "maxY": 187.0}, "class_id": 0, "box_caption": "person 0.003", "scores": {"class_score": 0.00279998779296875}, "domain": "pixel"}, {"position": {"minX": 365.75, "minY": 152.25, "maxX": 507.75, "maxY": 319.0}, "class_id": 0, "box_caption": "person 0.003", "scores": {"class_score": 0.00279998779296875}, "domain": "pixel"}, {"position": {"minX": 450.5, "minY": 377.0, "maxX": 475.5, "maxY": 461.5}, "class_id": 0, "box_caption": "person 0.003", "scores": {"class_score": 0.0027675628662109375}, "domain": "pixel"}, {"position": {"minX": 593.0, "minY": 483.0, "maxX": 614.0, "maxY": 548.0}, "class_id": 0, "box_caption": "person 0.003", "scores": {"class_score": 0.0027370452880859375}, "domain": "pixel"}, {"position": {"minX": 311.25, "minY": 90.625, "maxX": 473.25, "maxY": 279.5}, "class_id": 0, "box_caption": "person 0.003", "scores": {"class_score": 0.0027370452880859375}, "domain": "pixel"}, {"position": {"minX": 599.0, "minY": 486.75, "maxX": 626.0, "maxY": 555.0}, "class_id": 0, "box_caption": "person 0.003", "scores": {"class_score": 0.0026836395263671875}, "domain": "pixel"}, {"position": {"minX": 600.5, "minY": 166.0, "maxX": 641.5, "maxY": 297.25}, "class_id": 0, "box_caption": "person 0.003", "scores": {"class_score": 0.00266265869140625}, "domain": "pixel"}, {"position": {"minX": 445.25, "minY": 232.25, "maxX": 500.25, "maxY": 366.25}, "class_id": 0, "box_caption": "person 0.003", "scores": {"class_score": 0.0026416778564453125}, "domain": "pixel"}, {"position": {"minX": 435.5, "minY": 374.0, "maxX": 487.0, "maxY": 500.5}, "class_id": 0, "box_caption": "person 0.003", "scores": {"class_score": 0.0026111602783203125}, "domain": "pixel"}, {"position": {"minX": 374.0, "minY": 205.75, "maxX": 437.5, "maxY": 319.75}, "class_id": 0, "box_caption": "person 0.003", "scores": {"class_score": 0.00257110595703125}, "domain": "pixel"}, {"position": {"minX": 593.5, "minY": 458.75, "maxX": 629.5, "maxY": 551.0}, "class_id": 0, "box_caption": "person 0.003", "scores": {"class_score": 0.00254058837890625}, "domain": "pixel"}, {"position": {"minX": 434.0, "minY": 378.0, "maxX": 448.0, "maxY": 407.5}, "class_id": 0, "box_caption": "person 0.002", "scores": {"class_score": 0.0024929046630859375}, "domain": "pixel"}, {"position": {"minX": 285.5, "minY": 61.75, "maxX": 435.5, "maxY": 546.0}, "class_id": 0, "box_caption": "person 0.002", "scores": {"class_score": 0.0024814605712890625}, "domain": "pixel"}, {"position": {"minX": 189.75, "minY": 124.375, "maxX": 430.25, "maxY": 609.0}, "class_id": 0, "box_caption": "person 0.002", "scores": {"class_score": 0.0024814605712890625}, "domain": "pixel"}, {"position": {"minX": 537.0, "minY": 484.0, "maxX": 573.0, "maxY": 547.0}, "class_id": 0, "box_caption": "person 0.002", "scores": {"class_score": 0.002471923828125}, "domain": "pixel"}, {"position": {"minX": 9.09375, "minY": 79.625, "maxX": 69.0, "maxY": 382.0}, "class_id": 0, "box_caption": "person 0.002", "scores": {"class_score": 0.0024623870849609375}, "domain": "pixel"}, {"position": {"minX": 286.0, "minY": 309.25, "maxX": 366.0, "maxY": 463.75}, "class_id": 0, "box_caption": "person 0.002", "scores": {"class_score": 0.002452850341796875}, "domain": "pixel"}, {"position": {"minX": 353.0, "minY": 132.375, "maxX": 389.0, "maxY": 242.625}, "class_id": 0, "box_caption": "person 0.002", "scores": {"class_score": 0.00243377685546875}, "domain": "pixel"}, {"position": {"minX": 295.5, "minY": 328.25, "maxX": 338.0, "maxY": 419.25}, "class_id": 0, "box_caption": "person 0.002", "scores": {"class_score": 0.0024242401123046875}, "domain": "pixel"}, {"position": {"minX": 508.5, "minY": 450.5, "maxX": 555.5, "maxY": 548.5}, "class_id": 0, "box_caption": "person 0.002", "scores": {"class_score": 0.002414703369140625}, "domain": "pixel"}, {"position": {"minX": 632.5, "minY": 491.0, "maxX": 651.5, "maxY": 557.0}, "class_id": 0, "box_caption": "person 0.002", "scores": {"class_score": 0.002414703369140625}, "domain": "pixel"}, {"position": {"minX": 188.0, "minY": 431.0, "maxX": 234.0, "maxY": 526.5}, "class_id": 0, "box_caption": "person 0.002", "scores": {"class_score": 0.0023975372314453125}, "domain": "pixel"}, {"position": {"minX": 300.5, "minY": 348.5, "maxX": 332.0, "maxY": 398.0}, "class_id": 0, "box_caption": "person 0.002", "scores": {"class_score": 0.0023784637451171875}, "domain": "pixel"}, {"position": {"minX": 513.5, "minY": 411.75, "maxX": 568.5, "maxY": 524.0}, "class_id": 0, "box_caption": "person 0.002", "scores": {"class_score": 0.0023326873779296875}, "domain": "pixel"}, {"position": {"minX": 388.5, "minY": 199.25, "maxX": 440.5, "maxY": 297.25}, "class_id": 0, "box_caption": "person 0.002", "scores": {"class_score": 0.002323150634765625}, "domain": "pixel"}, {"position": {"minX": 515.5, "minY": 237.75, "maxX": 541.5, "maxY": 327.75}, "class_id": 0, "box_caption": "person 0.002", "scores": {"class_score": 0.002323150634765625}, "domain": "pixel"}, {"position": {"minX": 260.75, "minY": 302.0, "maxX": 391.75, "maxY": 515.5}, "class_id": 0, "box_caption": "person 0.002", "scores": {"class_score": 0.0022869110107421875}, "domain": "pixel"}, {"position": {"minX": 284.75, "minY": 69.125, "maxX": 420.75, "maxY": 238.875}, "class_id": 0, "box_caption": "person 0.002", "scores": {"class_score": 0.0022792816162109375}, "domain": "pixel"}, {"position": {"minX": 233.75, "minY": 408.75, "maxX": 340.25, "maxY": 538.0}, "class_id": 0, "box_caption": "person 0.002", "scores": {"class_score": 0.0022602081298828125}, "domain": "pixel"}, {"position": {"minX": 9.34375, "minY": 351.25, "maxX": 43.40625, "maxY": 438.75}, "class_id": 0, "box_caption": "person 0.002", "scores": {"class_score": 0.0022525787353515625}, "domain": "pixel"}, {"position": {"minX": 579.0, "minY": 379.0, "maxX": 654.0, "maxY": 565.0}, "class_id": 0, "box_caption": "person 0.002", "scores": {"class_score": 0.0022525787353515625}, "domain": "pixel"}, {"position": {"minX": 11.90625, "minY": 321.5, "maxX": 62.84375, "maxY": 435.5}, "class_id": 0, "box_caption": "person 0.002", "scores": {"class_score": 0.002208709716796875}, "domain": "pixel"}, {"position": {"minX": 479.75, "minY": 293.5, "maxX": 497.75, "maxY": 351.5}, "class_id": 0, "box_caption": "person 0.002", "scores": {"class_score": 0.0021991729736328125}, "domain": "pixel"}, {"position": {"minX": 346.25, "minY": 394.0, "maxX": 505.75, "maxY": 551.5}, "class_id": 0, "box_caption": "person 0.002", "scores": {"class_score": 0.0021915435791015625}, "domain": "pixel"}, {"position": {"minX": 198.375, "minY": 63.15625, "maxX": 238.875, "maxY": 176.75}, "class_id": 0, "box_caption": "person 0.002", "scores": {"class_score": 0.0021820068359375}, "domain": "pixel"}, {"position": {"minX": 253.125, "minY": 53.75, "maxX": 365.0, "maxY": 203.25}, "class_id": 0, "box_caption": "person 0.002", "scores": {"class_score": 0.0021572113037109375}, "domain": "pixel"}, {"position": {"minX": 419.5, "minY": 393.25, "maxX": 598.5, "maxY": 546.0}, "class_id": 0, "box_caption": "person 0.002", "scores": {"class_score": 0.0021572113037109375}, "domain": "pixel"}, {"position": {"minX": 276.25, "minY": 48.1875, "maxX": 295.25, "maxY": 82.8125}, "class_id": 0, "box_caption": "person 0.002", "scores": {"class_score": 0.0021495819091796875}, "domain": "pixel"}, {"position": {"minX": 352.0, "minY": 402.25, "maxX": 423.5, "maxY": 523.0}, "class_id": 0, "box_caption": "person 0.002", "scores": {"class_score": 0.0021495819091796875}, "domain": "pixel"}, {"position": {"minX": 7.5625, "minY": 12.78125, "maxX": 167.75, "maxY": 138.75}, "class_id": 0, "box_caption": "person 0.002", "scores": {"class_score": 0.002132415771484375}, "domain": "pixel"}, {"position": {"minX": 195.125, "minY": 503.5, "maxX": 229.875, "maxY": 554.5}, "class_id": 0, "box_caption": "person 0.002", "scores": {"class_score": 0.0021152496337890625}, "domain": "pixel"}, {"position": {"minX": 517.5, "minY": 233.25, "maxX": 545.5, "maxY": 306.25}, "class_id": 0, "box_caption": "person 0.002", "scores": {"class_score": 0.0020999908447265625}, "domain": "pixel"}, {"position": {"minX": 283.25, "minY": 404.25, "maxX": 374.75, "maxY": 519.5}, "class_id": 0, "box_caption": "person 0.002", "scores": {"class_score": 0.00208282470703125}, "domain": "pixel"}, {"position": {"minX": 613.0, "minY": 158.75, "maxX": 665.0, "maxY": 390.25}, "class_id": 0, "box_caption": "person 0.002", "scores": {"class_score": 0.00206756591796875}, "domain": "pixel"}, {"position": {"minX": 349.5, "minY": 114.5, "maxX": 509.0, "maxY": 567.0}, "class_id": 0, "box_caption": "person 0.002", "scores": {"class_score": 0.0020503997802734375}, "domain": "pixel"}, {"position": {"minX": 458.75, "minY": 371.0, "maxX": 479.25, "maxY": 408.0}, "class_id": 0, "box_caption": "person 0.002", "scores": {"class_score": 0.0020275115966796875}, "domain": "pixel"}, {"position": {"minX": 268.5, "minY": 427.5, "maxX": 452.5, "maxY": 647.5}, "class_id": 0, "box_caption": "person 0.002", "scores": {"class_score": 0.002010345458984375}, "domain": "pixel"}, {"position": {"minX": -0.0625, "minY": 659.0, "maxX": 8.953125, "maxY": 673.0}, "class_id": 0, "box_caption": "person 0.002", "scores": {"class_score": 0.002002716064453125}, "domain": "pixel"}, {"position": {"minX": 264.25, "minY": 416.0, "maxX": 335.75, "maxY": 558.0}, "class_id": 0, "box_caption": "person 0.002", "scores": {"class_score": 0.002002716064453125}, "domain": "pixel"}, {"position": {"minX": 359.75, "minY": 459.75, "maxX": 423.75, "maxY": 576.0}, "class_id": 0, "box_caption": "person 0.002", "scores": {"class_score": 0.001979827880859375}, "domain": "pixel"}, {"position": {"minX": 440.5, "minY": 117.875, "maxX": 599.5, "maxY": 317.5}, "class_id": 0, "box_caption": "person 0.002", "scores": {"class_score": 0.001979827880859375}, "domain": "pixel"}, {"position": {"minX": 262.25, "minY": 88.25, "maxX": 314.25, "maxY": 243.75}, "class_id": 0, "box_caption": "person 0.002", "scores": {"class_score": 0.001949310302734375}, "domain": "pixel"}, {"position": {"minX": 616.5, "minY": 106.8125, "maxX": 664.5, "maxY": 263.0}, "class_id": 0, "box_caption": "person 0.002", "scores": {"class_score": 0.001949310302734375}, "domain": "pixel"}, {"position": {"minX": 354.75, "minY": 87.875, "maxX": 522.5, "maxY": 286.5}, "class_id": 0, "box_caption": "person 0.002", "scores": {"class_score": 0.001941680908203125}, "domain": "pixel"}, {"position": {"minX": 189.625, "minY": 69.9375, "maxX": 237.375, "maxY": 208.25}, "class_id": 0, "box_caption": "person 0.002", "scores": {"class_score": 0.0019121170043945312}, "domain": "pixel"}, {"position": {"minX": 541.0, "minY": 471.5, "maxX": 583.0, "maxY": 561.5}, "class_id": 0, "box_caption": "person 0.002", "scores": {"class_score": 0.0019044876098632812}, "domain": "pixel"}, {"position": {"minX": 587.5, "minY": 143.0, "maxX": 636.5, "maxY": 274.25}, "class_id": 0, "box_caption": "person 0.002", "scores": {"class_score": 0.0019044876098632812}, "domain": "pixel"}, {"position": {"minX": 466.5, "minY": 279.0, "maxX": 488.0, "maxY": 339.0}, "class_id": 0, "box_caption": "person 0.002", "scores": {"class_score": 0.0018968582153320312}, "domain": "pixel"}, {"position": {"minX": 612.0, "minY": 148.0, "maxX": 644.0, "maxY": 229.75}, "class_id": 0, "box_caption": "person 0.002", "scores": {"class_score": 0.0018892288208007812}, "domain": "pixel"}, {"position": {"minX": 424.5, "minY": 177.75, "maxX": 482.5, "maxY": 341.25}, "class_id": 0, "box_caption": "person 0.002", "scores": {"class_score": 0.0018892288208007812}, "domain": "pixel"}, {"position": {"minX": 207.0, "minY": 419.75, "maxX": 255.0, "maxY": 534.0}, "class_id": 0, "box_caption": "person 0.002", "scores": {"class_score": 0.0018892288208007812}, "domain": "pixel"}, {"position": {"minX": 9.734375, "minY": 47.09375, "maxX": 70.9375, "maxY": 157.5}, "class_id": 0, "box_caption": "person 0.002", "scores": {"class_score": 0.0018825531005859375}, "domain": "pixel"}, {"position": {"minX": 184.5, "minY": 461.0, "maxX": 266.25, "maxY": 565.0}, "class_id": 0, "box_caption": "person 0.002", "scores": {"class_score": 0.0018825531005859375}, "domain": "pixel"}, {"position": {"minX": 440.25, "minY": 377.0, "maxX": 459.25, "maxY": 408.0}, "class_id": 0, "box_caption": "person 0.002", "scores": {"class_score": 0.0018672943115234375}, "domain": "pixel"}, {"position": {"minX": 615.0, "minY": 452.75, "maxX": 650.0, "maxY": 557.5}, "class_id": 0, "box_caption": "person 0.002", "scores": {"class_score": 0.0018606185913085938}, "domain": "pixel"}, {"position": {"minX": 620.5, "minY": 482.75, "maxX": 647.5, "maxY": 559.5}, "class_id": 0, "box_caption": "person 0.002", "scores": {"class_score": 0.0018463134765625}, "domain": "pixel"}, {"position": {"minX": 558.0, "minY": 381.0, "maxX": 637.0, "maxY": 540.5}, "class_id": 0, "box_caption": "person 0.002", "scores": {"class_score": 0.0018463134765625}, "domain": "pixel"}, {"position": {"minX": -0.62890625, "minY": 652.5, "maxX": 7.12890625, "maxY": 671.5}, "class_id": 0, "box_caption": "person 0.002", "scores": {"class_score": 0.00183868408203125}, "domain": "pixel"}, {"position": {"minX": 517.0, "minY": 250.5, "maxX": 537.0, "maxY": 304.5}, "class_id": 0, "box_caption": "person 0.002", "scores": {"class_score": 0.00183868408203125}, "domain": "pixel"}, {"position": {"minX": 431.5, "minY": 136.5, "maxX": 492.5, "maxY": 271.0}, "class_id": 0, "box_caption": "person 0.002", "scores": {"class_score": 0.0018243789672851562}, "domain": "pixel"}, {"position": {"minX": 248.75, "minY": 49.0, "maxX": 325.75, "maxY": 194.75}, "class_id": 0, "box_caption": "person 0.002", "scores": {"class_score": 0.0018243789672851562}, "domain": "pixel"}, {"position": {"minX": 172.125, "minY": 349.0, "maxX": 202.625, "maxY": 468.0}, "class_id": 0, "box_caption": "person 0.002", "scores": {"class_score": 0.0018177032470703125}, "domain": "pixel"}, {"position": {"minX": 310.5, "minY": 135.75, "maxX": 486.5, "maxY": 330.5}, "class_id": 0, "box_caption": "person 0.002", "scores": {"class_score": 0.0018177032470703125}, "domain": "pixel"}, {"position": {"minX": 257.5, "minY": 69.0625, "maxX": 538.5, "maxY": 298.5}, "class_id": 0, "box_caption": "person 0.002", "scores": {"class_score": 0.001789093017578125}, "domain": "pixel"}, {"position": {"minX": 610.0, "minY": 177.5, "maxX": 653.0, "maxY": 314.5}, "class_id": 0, "box_caption": "person 0.002", "scores": {"class_score": 0.0017824172973632812}, "domain": "pixel"}, {"position": {"minX": 108.875, "minY": 91.0, "maxX": 151.875, "maxY": 173.0}, "class_id": 0, "box_caption": "person 0.002", "scores": {"class_score": 0.0017681121826171875}, "domain": "pixel"}, {"position": {"minX": 143.0, "minY": 391.25, "maxX": 167.5, "maxY": 469.25}, "class_id": 0, "box_caption": "person 0.002", "scores": {"class_score": 0.0017414093017578125}, "domain": "pixel"}, {"position": {"minX": 398.0, "minY": 193.625, "maxX": 523.0, "maxY": 544.0}, "class_id": 0, "box_caption": "person 0.002", "scores": {"class_score": 0.001720428466796875}, "domain": "pixel"}, {"position": {"minX": 500.75, "minY": 211.0, "maxX": 546.5, "maxY": 326.0}, "class_id": 0, "box_caption": "person 0.002", "scores": {"class_score": 0.0017004013061523438}, "domain": "pixel"}, {"position": {"minX": 263.75, "minY": 99.4375, "maxX": 338.75, "maxY": 271.25}, "class_id": 0, "box_caption": "person 0.002", "scores": {"class_score": 0.0017004013061523438}, "domain": "pixel"}, {"position": {"minX": 57.6875, "minY": 80.625, "maxX": 149.5, "maxY": 191.375}, "class_id": 0, "box_caption": "person 0.002", "scores": {"class_score": 0.0016813278198242188}, "domain": "pixel"}, {"position": {"minX": 3.3125, "minY": 588.5, "maxX": 21.90625, "maxY": 662.5}, "class_id": 0, "box_caption": "person 0.002", "scores": {"class_score": 0.001674652099609375}, "domain": "pixel"}, {"position": {"minX": 472.75, "minY": 367.0, "maxX": 490.75, "maxY": 410.0}, "class_id": 0, "box_caption": "person 0.002", "scores": {"class_score": 0.001674652099609375}, "domain": "pixel"}, {"position": {"minX": 506.75, "minY": 485.0, "maxX": 537.5, "maxY": 540.0}, "class_id": 0, "box_caption": "person 0.002", "scores": {"class_score": 0.001674652099609375}, "domain": "pixel"}, {"position": {"minX": 512.0, "minY": 328.25, "maxX": 640.0, "maxY": 560.5}, "class_id": 0, "box_caption": "person 0.002", "scores": {"class_score": 0.001674652099609375}, "domain": "pixel"}, {"position": {"minX": 412.25, "minY": 313.5, "maxX": 423.25, "maxY": 337.5}, "class_id": 0, "box_caption": "person 0.002", "scores": {"class_score": 0.0016613006591796875}, "domain": "pixel"}, {"position": {"minX": 441.0, "minY": 353.0, "maxX": 479.5, "maxY": 451.5}, "class_id": 0, "box_caption": "person 0.002", "scores": {"class_score": 0.0016613006591796875}, "domain": "pixel"}, {"position": {"minX": 543.0, "minY": 449.25, "maxX": 584.0, "maxY": 534.0}, "class_id": 0, "box_caption": "person 0.002", "scores": {"class_score": 0.0016546249389648438}, "domain": "pixel"}, {"position": {"minX": 606.5, "minY": 501.5, "maxX": 628.5, "maxY": 566.5}, "class_id": 0, "box_caption": "person 0.002", "scores": {"class_score": 0.0016546249389648438}, "domain": "pixel"}, {"position": {"minX": 593.0, "minY": 181.25, "maxX": 663.0, "maxY": 494.75}, "class_id": 0, "box_caption": "person 0.002", "scores": {"class_score": 0.001628875732421875}, "domain": "pixel"}, {"position": {"minX": 49.65625, "minY": 37.375, "maxX": 153.5, "maxY": 174.25}, "class_id": 0, "box_caption": "person 0.002", "scores": {"class_score": 0.0016164779663085938}, "domain": "pixel"}, {"position": {"minX": 412.0, "minY": 302.0, "maxX": 425.5, "maxY": 344.0}, "class_id": 0, "box_caption": "person 0.002", "scores": {"class_score": 0.0016164779663085938}, "domain": "pixel"}, {"position": {"minX": 361.5, "minY": 184.0, "maxX": 446.5, "maxY": 343.5}, "class_id": 0, "box_caption": "person 0.002", "scores": {"class_score": 0.0016164779663085938}, "domain": "pixel"}, {"position": {"minX": 303.0, "minY": 346.25, "maxX": 344.5, "maxY": 423.75}, "class_id": 0, "box_caption": "person 0.002", "scores": {"class_score": 0.0016107559204101562}, "domain": "pixel"}, {"position": {"minX": 168.0, "minY": 324.0, "maxX": 206.0, "maxY": 492.5}, "class_id": 0, "box_caption": "person 0.002", "scores": {"class_score": 0.0016040802001953125}, "domain": "pixel"}, {"position": {"minX": 385.5, "minY": 486.0, "maxX": 420.0, "maxY": 556.0}, "class_id": 0, "box_caption": "person 0.002", "scores": {"class_score": 0.0015974044799804688}, "domain": "pixel"}, {"position": {"minX": 142.75, "minY": 85.125, "maxX": 206.5, "maxY": 194.625}, "class_id": 0, "box_caption": "person 0.002", "scores": {"class_score": 0.0015916824340820312}, "domain": "pixel"}, {"position": {"minX": 213.0, "minY": 58.6875, "maxX": 368.0, "maxY": 243.25}, "class_id": 0, "box_caption": "person 0.002", "scores": {"class_score": 0.0015916824340820312}, "domain": "pixel"}, {"position": {"minX": 406.0, "minY": 218.125, "maxX": 435.0, "maxY": 286.0}, "class_id": 0, "box_caption": "person 0.002", "scores": {"class_score": 0.0015735626220703125}, "domain": "pixel"}, {"position": {"minX": 379.75, "minY": 296.5, "maxX": 393.75, "maxY": 333.0}, "class_id": 0, "box_caption": "person 0.002", "scores": {"class_score": 0.0015735626220703125}, "domain": "pixel"}, {"position": {"minX": 383.25, "minY": 159.25, "maxX": 479.75, "maxY": 435.25}, "class_id": 0, "box_caption": "person 0.002", "scores": {"class_score": 0.0015544891357421875}, "domain": "pixel"}, {"position": {"minX": 649.0, "minY": 596.5, "maxX": 663.0, "maxY": 661.5}, "class_id": 0, "box_caption": "person 0.002", "scores": {"class_score": 0.00154876708984375}, "domain": "pixel"}, {"position": {"minX": 513.0, "minY": 280.75, "maxX": 539.0, "maxY": 363.75}, "class_id": 0, "box_caption": "person 0.002", "scores": {"class_score": 0.00154876708984375}, "domain": "pixel"}, {"position": {"minX": 176.625, "minY": 411.5, "maxX": 241.875, "maxY": 538.5}, "class_id": 0, "box_caption": "person 0.002", "scores": {"class_score": 0.00154876708984375}, "domain": "pixel"}, {"position": {"minX": 626.0, "minY": 138.625, "maxX": 660.0, "maxY": 352.5}, "class_id": 0, "box_caption": "person 0.002", "scores": {"class_score": 0.0015430450439453125}, "domain": "pixel"}, {"position": {"minX": 467.5, "minY": 234.5, "maxX": 501.5, "maxY": 374.5}, "class_id": 0, "box_caption": "person 0.002", "scores": {"class_score": 0.0015430450439453125}, "domain": "pixel"}, {"position": {"minX": 199.875, "minY": 64.375, "maxX": 264.0, "maxY": 214.875}, "class_id": 0, "box_caption": "person 0.002", "scores": {"class_score": 0.0015430450439453125}, "domain": "pixel"}, {"position": {"minX": 532.0, "minY": 207.25, "maxX": 650.0, "maxY": 527.0}, "class_id": 0, "box_caption": "person 0.002", "scores": {"class_score": 0.0015363693237304688}, "domain": "pixel"}, {"position": {"minX": 451.5, "minY": 370.25, "maxX": 472.5, "maxY": 406.75}, "class_id": 0, "box_caption": "person 0.002", "scores": {"class_score": 0.0015125274658203125}, "domain": "pixel"}, {"position": {"minX": 526.0, "minY": 447.75, "maxX": 571.0, "maxY": 534.5}, "class_id": 0, "box_caption": "person 0.002", "scores": {"class_score": 0.0015125274658203125}, "domain": "pixel"}, {"position": {"minX": 404.75, "minY": 457.5, "maxX": 441.25, "maxY": 540.5}, "class_id": 0, "box_caption": "person 0.002", "scores": {"class_score": 0.0015125274658203125}, "domain": "pixel"}, {"position": {"minX": 449.25, "minY": 145.5, "maxX": 590.0, "maxY": 397.5}, "class_id": 0, "box_caption": "person 0.002", "scores": {"class_score": 0.0015125274658203125}, "domain": "pixel"}, {"position": {"minX": 157.625, "minY": 103.8125, "maxX": 185.125, "maxY": 172.75}, "class_id": 0, "box_caption": "person 0.002", "scores": {"class_score": 0.0015010833740234375}, "domain": "pixel"}, {"position": {"minX": 10.578125, "minY": 45.96875, "maxX": 44.1875, "maxY": 159.75}, "class_id": 0, "box_caption": "person 0.002", "scores": {"class_score": 0.0015010833740234375}, "domain": "pixel"}, {"position": {"minX": 592.0, "minY": 439.75, "maxX": 650.0, "maxY": 604.0}, "class_id": 0, "box_caption": "person 0.002", "scores": {"class_score": 0.0015010833740234375}, "domain": "pixel"}, {"position": {"minX": 486.25, "minY": 368.5, "maxX": 498.25, "maxY": 404.5}, "class_id": 0, "box_caption": "person 0.001", "scores": {"class_score": 0.001495361328125}, "domain": "pixel"}, {"position": {"minX": 331.25, "minY": 427.75, "maxX": 506.25, "maxY": 599.5}, "class_id": 0, "box_caption": "person 0.001", "scores": {"class_score": 0.001495361328125}, "domain": "pixel"}, {"position": {"minX": 2.375, "minY": 39.0, "maxX": 58.375, "maxY": 180.5}, "class_id": 0, "box_caption": "person 0.001", "scores": {"class_score": 0.001483917236328125}, "domain": "pixel"}, {"position": {"minX": 11.8515625, "minY": 276.25, "maxX": 42.03125, "maxY": 419.75}, "class_id": 0, "box_caption": "person 0.001", "scores": {"class_score": 0.00147247314453125}, "domain": "pixel"}, {"position": {"minX": 632.0, "minY": 455.25, "maxX": 657.0, "maxY": 588.0}, "class_id": 0, "box_caption": "person 0.001", "scores": {"class_score": 0.00147247314453125}, "domain": "pixel"}, {"position": {"minX": 157.375, "minY": 424.5, "maxX": 196.125, "maxY": 507.5}, "class_id": 0, "box_caption": "person 0.001", "scores": {"class_score": 0.001461029052734375}, "domain": "pixel"}, {"position": {"minX": 399.0, "minY": 444.5, "maxX": 447.5, "maxY": 551.5}, "class_id": 0, "box_caption": "person 0.001", "scores": {"class_score": 0.0014495849609375}, "domain": "pixel"}, {"position": {"minX": 529.5, "minY": 463.0, "maxX": 650.5, "maxY": 658.0}, "class_id": 0, "box_caption": "person 0.001", "scores": {"class_score": 0.0014495849609375}, "domain": "pixel"}, {"position": {"minX": 9.6796875, "minY": 342.25, "maxX": 34.875, "maxY": 419.25}, "class_id": 0, "box_caption": "person 0.001", "scores": {"class_score": 0.001438140869140625}, "domain": "pixel"}, {"position": {"minX": 641.5, "minY": 579.0, "maxX": 662.5, "maxY": 663.0}, "class_id": 0, "box_caption": "person 0.001", "scores": {"class_score": 0.0014324188232421875}, "domain": "pixel"}, {"position": {"minX": 5.0, "minY": 138.75, "maxX": 46.65625, "maxY": 422.75}, "class_id": 0, "box_caption": "person 0.001", "scores": {"class_score": 0.0014209747314453125}, "domain": "pixel"}, {"position": {"minX": 473.5, "minY": 91.0, "maxX": 645.5, "maxY": 536.5}, "class_id": 0, "box_caption": "person 0.001", "scores": {"class_score": 0.0014162063598632812}, "domain": "pixel"}, {"position": {"minX": 126.25, "minY": 103.4375, "maxX": 169.5, "maxY": 192.25}, "class_id": 0, "box_caption": "person 0.001", "scores": {"class_score": 0.0014104843139648438}, "domain": "pixel"}, {"position": {"minX": 10.25, "minY": 52.9375, "maxX": 76.125, "maxY": 278.75}, "class_id": 0, "box_caption": "person 0.001", "scores": {"class_score": 0.0014104843139648438}, "domain": "pixel"}, {"position": {"minX": 29.4375, "minY": 65.75, "maxX": 179.75, "maxY": 264.75}, "class_id": 0, "box_caption": "person 0.001", "scores": {"class_score": 0.0014047622680664062}, "domain": "pixel"}, {"position": {"minX": 99.375, "minY": 155.25, "maxX": 316.0, "maxY": 575.0}, "class_id": 0, "box_caption": "person 0.001", "scores": {"class_score": 0.0014047622680664062}, "domain": "pixel"}, {"position": {"minX": 393.0, "minY": 637.5, "maxX": 403.5, "maxY": 651.5}, "class_id": 0, "box_caption": "person 0.001", "scores": {"class_score": 0.0013990402221679688}, "domain": "pixel"}, {"position": {"minX": 513.0, "minY": 250.0, "maxX": 547.0, "maxY": 398.0}, "class_id": 0, "box_caption": "person 0.001", "scores": {"class_score": 0.0013990402221679688}, "domain": "pixel"}, {"position": {"minX": 379.5, "minY": 276.0, "maxX": 395.5, "maxY": 322.5}, "class_id": 0, "box_caption": "person 0.001", "scores": {"class_score": 0.0013885498046875}, "domain": "pixel"}, {"position": {"minX": 229.5, "minY": 330.75, "maxX": 400.5, "maxY": 549.0}, "class_id": 0, "box_caption": "person 0.001", "scores": {"class_score": 0.0013723373413085938}, "domain": "pixel"}, {"position": {"minX": 436.5, "minY": 427.0, "maxX": 499.0, "maxY": 520.5}, "class_id": 0, "box_caption": "person 0.001", "scores": {"class_score": 0.0013666152954101562}, "domain": "pixel"}, {"position": {"minX": 90.375, "minY": 107.5, "maxX": 155.0, "maxY": 187.5}, "class_id": 0, "box_caption": "person 0.001", "scores": {"class_score": 0.001361846923828125}, "domain": "pixel"}, {"position": {"minX": 427.75, "minY": 359.0, "maxX": 452.25, "maxY": 406.5}, "class_id": 0, "box_caption": "person 0.001", "scores": {"class_score": 0.0013561248779296875}, "domain": "pixel"}, {"position": {"minX": 165.0, "minY": 374.5, "maxX": 202.75, "maxY": 510.5}, "class_id": 0, "box_caption": "person 0.001", "scores": {"class_score": 0.0013561248779296875}, "domain": "pixel"}, {"position": {"minX": 38.9375, "minY": 167.25, "maxX": 244.75, "maxY": 553.0}, "class_id": 0, "box_caption": "person 0.001", "scores": {"class_score": 0.0013561248779296875}, "domain": "pixel"}, {"position": {"minX": 186.75, "minY": 466.0, "maxX": 229.5, "maxY": 543.5}, "class_id": 0, "box_caption": "person 0.001", "scores": {"class_score": 0.0013456344604492188}, "domain": "pixel"}, {"position": {"minX": 11.453125, "minY": 364.0, "maxX": 55.75, "maxY": 444.0}, "class_id": 0, "box_caption": "person 0.001", "scores": {"class_score": 0.0013456344604492188}, "domain": "pixel"}, {"position": {"minX": 138.25, "minY": 377.75, "maxX": 170.0, "maxY": 483.25}, "class_id": 0, "box_caption": "person 0.001", "scores": {"class_score": 0.0013246536254882812}, "domain": "pixel"}, {"position": {"minX": 221.5, "minY": 88.625, "maxX": 349.5, "maxY": 371.5}, "class_id": 0, "box_caption": "person 0.001", "scores": {"class_score": 0.0013246536254882812}, "domain": "pixel"}, {"position": {"minX": 506.75, "minY": 497.25, "maxX": 521.0, "maxY": 533.0}, "class_id": 0, "box_caption": "person 0.001", "scores": {"class_score": 0.0013151168823242188}, "domain": "pixel"}, {"position": {"minX": 6.75, "minY": 5.78125, "maxX": 51.4375, "maxY": 108.5}, "class_id": 0, "box_caption": "person 0.001", "scores": {"class_score": 0.0013151168823242188}, "domain": "pixel"}, {"position": {"minX": 335.5, "minY": 127.5, "maxX": 465.0, "maxY": 483.0}, "class_id": 0, "box_caption": "person 0.001", "scores": {"class_score": 0.0013151168823242188}, "domain": "pixel"}, {"position": {"minX": 423.75, "minY": 272.75, "maxX": 448.75, "maxY": 329.25}, "class_id": 0, "box_caption": "person 0.001", "scores": {"class_score": 0.00130462646484375}, "domain": "pixel"}, {"position": {"minX": 390.5, "minY": 512.5, "maxX": 417.0, "maxY": 565.5}, "class_id": 0, "box_caption": "person 0.001", "scores": {"class_score": 0.0012941360473632812}, "domain": "pixel"}, {"position": {"minX": 443.0, "minY": 165.375, "maxX": 505.0, "maxY": 392.5}, "class_id": 0, "box_caption": "person 0.001", "scores": {"class_score": 0.0012941360473632812}, "domain": "pixel"}, {"position": {"minX": 432.5, "minY": 281.75, "maxX": 447.5, "maxY": 323.25}, "class_id": 0, "box_caption": "person 0.001", "scores": {"class_score": 0.0012845993041992188}, "domain": "pixel"}, {"position": {"minX": 164.25, "minY": 453.25, "maxX": 209.25, "maxY": 525.5}, "class_id": 0, "box_caption": "person 0.001", "scores": {"class_score": 0.0012845993041992188}, "domain": "pixel"}, {"position": {"minX": 334.75, "minY": 173.25, "maxX": 387.25, "maxY": 345.75}, "class_id": 0, "box_caption": "person 0.001", "scores": {"class_score": 0.0012788772583007812}, "domain": "pixel"}, {"position": {"minX": 403.0, "minY": 226.0, "maxX": 459.0, "maxY": 353.0}, "class_id": 0, "box_caption": "person 0.001", "scores": {"class_score": 0.0012788772583007812}, "domain": "pixel"}, {"position": {"minX": 8.0234375, "minY": 597.5, "maxX": 27.78125, "maxY": 660.5}, "class_id": 0, "box_caption": "person 0.001", "scores": {"class_score": 0.00127410888671875}, "domain": "pixel"}, {"position": {"minX": 460.5, "minY": 168.25, "maxX": 550.5, "maxY": 390.25}, "class_id": 0, "box_caption": "person 0.001", "scores": {"class_score": 0.0012645721435546875}, "domain": "pixel"}, {"position": {"minX": 39.8125, "minY": 258.25, "maxX": 133.0, "maxY": 459.25}, "class_id": 0, "box_caption": "person 0.001", "scores": {"class_score": 0.0012598037719726562}, "domain": "pixel"}, {"position": {"minX": 40.46875, "minY": 227.75, "maxX": 162.0, "maxY": 491.25}, "class_id": 0, "box_caption": "person 0.001", "scores": {"class_score": 0.0012598037719726562}, "domain": "pixel"}, {"position": {"minX": 426.5, "minY": 284.75, "maxX": 446.0, "maxY": 325.75}, "class_id": 0, "box_caption": "person 0.001", "scores": {"class_score": 0.001255035400390625}, "domain": "pixel"}, {"position": {"minX": 146.125, "minY": 423.75, "maxX": 170.125, "maxY": 488.25}, "class_id": 0, "box_caption": "person 0.001", "scores": {"class_score": 0.0012493133544921875}, "domain": "pixel"}, {"position": {"minX": 274.75, "minY": 442.75, "maxX": 353.75, "maxY": 591.0}, "class_id": 0, "box_caption": "person 0.001", "scores": {"class_score": 0.0012493133544921875}, "domain": "pixel"}], "class_labels": {"0": "person"}}