{"box_data": [{"position": {"minX": 513.5, "minY": 313.25, "maxX": 568.5, "maxY": 503.75}, "class_id": 0, "box_caption": "person 0.268", "scores": {"class_score": 0.26806640625}, "domain": "pixel"}, {"position": {"minX": 190.25, "minY": 124.5625, "maxX": 237.5, "maxY": 230.0}, "class_id": 0, "box_caption": "person 0.196", "scores": {"class_score": 0.195556640625}, "domain": "pixel"}, {"position": {"minX": 72.0, "minY": 399.0, "maxX": 123.25, "maxY": 470.0}, "class_id": 0, "box_caption": "person 0.189", "scores": {"class_score": 0.18896484375}, "domain": "pixel"}, {"position": {"minX": 310.75, "minY": 122.125, "maxX": 360.25, "maxY": 216.125}, "class_id": 0, "box_caption": "person 0.132", "scores": {"class_score": 0.132080078125}, "domain": "pixel"}, {"position": {"minX": 424.25, "minY": 431.0, "maxX": 503.25, "maxY": 567.0}, "class_id": 0, "box_caption": "person 0.112", "scores": {"class_score": 0.1124267578125}, "domain": "pixel"}, {"position": {"minX": 187.0, "minY": 122.125, "maxX": 248.0, "maxY": 258.5}, "class_id": 0, "box_caption": "person 0.103", "scores": {"class_score": 0.10302734375}, "domain": "pixel"}, {"position": {"minX": 429.75, "minY": 410.5, "maxX": 488.25, "maxY": 535.0}, "class_id": 0, "box_caption": "person 0.088", "scores": {"class_score": 0.0880126953125}, "domain": "pixel"}, {"position": {"minX": 189.25, "minY": 128.125, "maxX": 224.0, "maxY": 217.875}, "class_id": 0, "box_caption": "person 0.085", "scores": {"class_score": 0.08538818359375}, "domain": "pixel"}, {"position": {"minX": 295.5, "minY": 106.0, "maxX": 358.0, "maxY": 241.5}, "class_id": 0, "box_caption": "person 0.084", "scores": {"class_score": 0.08416748046875}, "domain": "pixel"}, {"position": {"minX": 415.0, "minY": 25.6875, "maxX": 470.5, "maxY": 202.5}, "class_id": 0, "box_caption": "person 0.073", "scores": {"class_score": 0.07305908203125}, "domain": "pixel"}, {"position": {"minX": 12.53125, "minY": 257.75, "maxX": 56.71875, "maxY": 336.25}, "class_id": 0, "box_caption": "person 0.061", "scores": {"class_score": 0.061187744140625}, "domain": "pixel"}, {"position": {"minX": 417.5, "minY": 23.875, "maxX": 471.5, "maxY": 138.375}, "class_id": 0, "box_caption": "person 0.061", "scores": {"class_score": 0.06085205078125}, "domain": "pixel"}, {"position": {"minX": 591.0, "minY": 27.6875, "maxX": 663.0, "maxY": 267.25}, "class_id": 0, "box_caption": "person 0.060", "scores": {"class_score": 0.059661865234375}, "domain": "pixel"}, {"position": {"minX": 197.75, "minY": 142.0, "maxX": 242.25, "maxY": 247.25}, "class_id": 0, "box_caption": "person 0.058", "scores": {"class_score": 0.05792236328125}, "domain": "pixel"}, {"position": {"minX": 524.5, "minY": 306.25, "maxX": 565.5, "maxY": 452.25}, "class_id": 0, "box_caption": "person 0.053", "scores": {"class_score": 0.052825927734375}, "domain": "pixel"}, {"position": {"minX": 245.625, "minY": 28.375, "maxX": 302.5, "maxY": 210.125}, "class_id": 0, "box_caption": "person 0.045", "scores": {"class_score": 0.04486083984375}, "domain": "pixel"}, {"position": {"minX": 158.5, "minY": 135.625, "maxX": 223.5, "maxY": 210.125}, "class_id": 0, "box_caption": "person 0.042", "scores": {"class_score": 0.04168701171875}, "domain": "pixel"}, {"position": {"minX": 26.1875, "minY": 262.5, "maxX": 62.5625, "maxY": 334.0}, "class_id": 0, "box_caption": "person 0.041", "scores": {"class_score": 0.04083251953125}, "domain": "pixel"}, {"position": {"minX": 520.5, "minY": 366.75, "maxX": 558.5, "maxY": 503.25}, "class_id": 0, "box_caption": "person 0.039", "scores": {"class_score": 0.0386962890625}, "domain": "pixel"}, {"position": {"minX": 40.5625, "minY": 373.0, "maxX": 114.4375, "maxY": 463.5}, "class_id": 0, "box_caption": "person 0.038", "scores": {"class_score": 0.038116455078125}, "domain": "pixel"}, {"position": {"minX": 275.0, "minY": 70.6875, "maxX": 353.0, "maxY": 217.5}, "class_id": 0, "box_caption": "person 0.037", "scores": {"class_score": 0.037261962890625}, "domain": "pixel"}, {"position": {"minX": 431.25, "minY": 345.5, "maxX": 502.75, "maxY": 523.0}, "class_id": 0, "box_caption": "person 0.037", "scores": {"class_score": 0.0369873046875}, "domain": "pixel"}, {"position": {"minX": 286.0, "minY": 459.0, "maxX": 370.5, "maxY": 593.0}, "class_id": 0, "box_caption": "person 0.036", "scores": {"class_score": 0.0364990234375}, "domain": "pixel"}, {"position": {"minX": 314.25, "minY": 144.5, "maxX": 351.75, "maxY": 212.25}, "class_id": 0, "box_caption": "person 0.035", "scores": {"class_score": 0.03515625}, "domain": "pixel"}, {"position": {"minX": 497.75, "minY": 14.4375, "maxX": 580.5, "maxY": 142.0}, "class_id": 0, "box_caption": "person 0.033", "scores": {"class_score": 0.0330810546875}, "domain": "pixel"}, {"position": {"minX": 278.5, "minY": 115.625, "maxX": 360.5, "maxY": 299.5}, "class_id": 0, "box_caption": "person 0.031", "scores": {"class_score": 0.03125}, "domain": "pixel"}, {"position": {"minX": 443.25, "minY": 467.5, "maxX": 500.25, "maxY": 573.5}, "class_id": 0, "box_caption": "person 0.029", "scores": {"class_score": 0.029205322265625}, "domain": "pixel"}, {"position": {"minX": 201.0, "minY": 286.5, "maxX": 392.0, "maxY": 583.5}, "class_id": 0, "box_caption": "person 0.029", "scores": {"class_score": 0.0289764404296875}, "domain": "pixel"}, {"position": {"minX": 8.59375, "minY": 241.75, "maxX": 80.75, "maxY": 432.25}, "class_id": 0, "box_caption": "person 0.029", "scores": {"class_score": 0.028656005859375}, "domain": "pixel"}, {"position": {"minX": 503.0, "minY": 14.65625, "maxX": 569.0, "maxY": 90.375}, "class_id": 0, "box_caption": "person 0.027", "scores": {"class_score": 0.0272674560546875}, "domain": "pixel"}, {"position": {"minX": 13.0625, "minY": 353.5, "maxX": 148.25, "maxY": 664.5}, "class_id": 0, "box_caption": "person 0.027", "scores": {"class_score": 0.0269622802734375}, "domain": "pixel"}, {"position": {"minX": 49.78125, "minY": 396.5, "maxX": 128.625, "maxY": 495.0}, "class_id": 0, "box_caption": "person 0.027", "scores": {"class_score": 0.02691650390625}, "domain": "pixel"}, {"position": {"minX": 66.875, "minY": 376.0, "maxX": 135.125, "maxY": 469.0}, "class_id": 0, "box_caption": "person 0.027", "scores": {"class_score": 0.026763916015625}, "domain": "pixel"}, {"position": {"minX": 11.375, "minY": 249.625, "maxX": 69.75, "maxY": 351.0}, "class_id": 0, "box_caption": "person 0.025", "scores": {"class_score": 0.024749755859375}, "domain": "pixel"}, {"position": {"minX": 117.3125, "minY": 231.75, "maxX": 141.75, "maxY": 292.25}, "class_id": 0, "box_caption": "person 0.024", "scores": {"class_score": 0.024383544921875}, "domain": "pixel"}, {"position": {"minX": 432.0, "minY": 414.25, "maxX": 476.0, "maxY": 505.25}, "class_id": 0, "box_caption": "person 0.024", "scores": {"class_score": 0.0235137939453125}, "domain": "pixel"}, {"position": {"minX": 94.25, "minY": 105.625, "maxX": 126.625, "maxY": 203.375}, "class_id": 0, "box_caption": "person 0.023", "scores": {"class_score": 0.02337646484375}, "domain": "pixel"}, {"position": {"minX": 210.125, "minY": 164.75, "maxX": 242.125, "maxY": 226.5}, "class_id": 0, "box_caption": "person 0.023", "scores": {"class_score": 0.0233306884765625}, "domain": "pixel"}, {"position": {"minX": 480.0, "minY": 307.25, "maxX": 583.0, "maxY": 513.0}, "class_id": 0, "box_caption": "person 0.023", "scores": {"class_score": 0.0232391357421875}, "domain": "pixel"}, {"position": {"minX": 501.75, "minY": 338.0, "maxX": 553.0, "maxY": 503.5}, "class_id": 0, "box_caption": "person 0.023", "scores": {"class_score": 0.02288818359375}, "domain": "pixel"}, {"position": {"minX": 298.0, "minY": 119.625, "maxX": 346.5, "maxY": 213.875}, "class_id": 0, "box_caption": "person 0.022", "scores": {"class_score": 0.0222015380859375}, "domain": "pixel"}, {"position": {"minX": 456.25, "minY": 310.5, "maxX": 537.0, "maxY": 513.0}, "class_id": 0, "box_caption": "person 0.022", "scores": {"class_score": 0.021820068359375}, "domain": "pixel"}, {"position": {"minX": 415.25, "minY": 41.0, "maxX": 469.25, "maxY": 290.25}, "class_id": 0, "box_caption": "person 0.021", "scores": {"class_score": 0.021209716796875}, "domain": "pixel"}, {"position": {"minX": 252.125, "minY": 28.625, "maxX": 347.0, "maxY": 213.625}, "class_id": 0, "box_caption": "person 0.021", "scores": {"class_score": 0.02069091796875}, "domain": "pixel"}, {"position": {"minX": 528.5, "minY": 316.25, "maxX": 560.5, "maxY": 414.75}, "class_id": 0, "box_caption": "person 0.020", "scores": {"class_score": 0.02001953125}, "domain": "pixel"}, {"position": {"minX": 245.5, "minY": 25.0625, "maxX": 297.5, "maxY": 140.0}, "class_id": 0, "box_caption": "person 0.020", "scores": {"class_score": 0.0196075439453125}, "domain": "pixel"}, {"position": {"minX": 12.6640625, "minY": 265.25, "maxX": 42.40625, "maxY": 330.25}, "class_id": 0, "box_caption": "person 0.019", "scores": {"class_score": 0.0186920166015625}, "domain": "pixel"}, {"position": {"minX": 414.0, "minY": 324.25, "maxX": 428.0, "maxY": 354.25}, "class_id": 0, "box_caption": "person 0.018", "scores": {"class_score": 0.017578125}, "domain": "pixel"}, {"position": {"minX": 75.625, "minY": 403.75, "maxX": 143.625, "maxY": 475.75}, "class_id": 0, "box_caption": "person 0.018", "scores": {"class_score": 0.01751708984375}, "domain": "pixel"}, {"position": {"minX": 560.5, "minY": 30.875, "maxX": 661.5, "maxY": 314.0}, "class_id": 0, "box_caption": "person 0.017", "scores": {"class_score": 0.0170440673828125}, "domain": "pixel"}, {"position": {"minX": 197.75, "minY": 147.5, "maxX": 230.0, "maxY": 226.5}, "class_id": 0, "box_caption": "person 0.017", "scores": {"class_score": 0.0167236328125}, "domain": "pixel"}, {"position": {"minX": 309.0, "minY": 133.75, "maxX": 355.5, "maxY": 253.0}, "class_id": 0, "box_caption": "person 0.016", "scores": {"class_score": 0.015777587890625}, "domain": "pixel"}, {"position": {"minX": 428.0, "minY": 478.0, "maxX": 512.5, "maxY": 583.0}, "class_id": 0, "box_caption": "person 0.016", "scores": {"class_score": 0.015777587890625}, "domain": "pixel"}, {"position": {"minX": 416.0, "minY": 30.71875, "maxX": 455.5, "maxY": 107.25}, "class_id": 0, "box_caption": "person 0.015", "scores": {"class_score": 0.0153656005859375}, "domain": "pixel"}, {"position": {"minX": 452.5, "minY": 392.0, "maxX": 513.0, "maxY": 537.0}, "class_id": 0, "box_caption": "person 0.015", "scores": {"class_score": 0.01483917236328125}, "domain": "pixel"}, {"position": {"minX": 424.75, "minY": 285.25, "maxX": 518.0, "maxY": 526.0}, "class_id": 0, "box_caption": "person 0.015", "scores": {"class_score": 0.0147857666015625}, "domain": "pixel"}, {"position": {"minX": 296.5, "minY": 156.25, "maxX": 358.5, "maxY": 305.75}, "class_id": 0, "box_caption": "person 0.015", "scores": {"class_score": 0.014617919921875}, "domain": "pixel"}, {"position": {"minX": 67.375, "minY": 291.0, "maxX": 426.0, "maxY": 617.0}, "class_id": 0, "box_caption": "person 0.015", "scores": {"class_score": 0.014556884765625}, "domain": "pixel"}, {"position": {"minX": 594.0, "minY": 17.125, "maxX": 667.0, "maxY": 165.375}, "class_id": 0, "box_caption": "person 0.014", "scores": {"class_score": 0.0141143798828125}, "domain": "pixel"}, {"position": {"minX": 205.875, "minY": 127.4375, "maxX": 248.375, "maxY": 215.5}, "class_id": 0, "box_caption": "person 0.014", "scores": {"class_score": 0.014007568359375}, "domain": "pixel"}, {"position": {"minX": 373.5, "minY": 122.625, "maxX": 394.0, "maxY": 185.625}, "class_id": 0, "box_caption": "person 0.014", "scores": {"class_score": 0.01395416259765625}, "domain": "pixel"}, {"position": {"minX": 206.5, "minY": 98.5625, "maxX": 268.25, "maxY": 216.5}, "class_id": 0, "box_caption": "person 0.014", "scores": {"class_score": 0.01384735107421875}, "domain": "pixel"}, {"position": {"minX": 149.125, "minY": 141.625, "maxX": 193.625, "maxY": 202.375}, "class_id": 0, "box_caption": "person 0.014", "scores": {"class_score": 0.0135345458984375}, "domain": "pixel"}, {"position": {"minX": 293.0, "minY": 43.0, "maxX": 362.0, "maxY": 211.75}, "class_id": 0, "box_caption": "person 0.014", "scores": {"class_score": 0.0135345458984375}, "domain": "pixel"}, {"position": {"minX": 143.5, "minY": 127.3125, "maxX": 227.5, "maxY": 264.25}, "class_id": 0, "box_caption": "person 0.014", "scores": {"class_score": 0.0135345458984375}, "domain": "pixel"}, {"position": {"minX": 595.0, "minY": 35.5, "maxX": 654.0, "maxY": 209.625}, "class_id": 0, "box_caption": "person 0.013", "scores": {"class_score": 0.013427734375}, "domain": "pixel"}, {"position": {"minX": 190.75, "minY": 153.5, "maxX": 244.75, "maxY": 285.75}, "class_id": 0, "box_caption": "person 0.013", "scores": {"class_score": 0.013427734375}, "domain": "pixel"}, {"position": {"minX": -42.625, "minY": 313.25, "maxX": 460.5, "maxY": 670.0}, "class_id": 0, "box_caption": "person 0.013", "scores": {"class_score": 0.01332855224609375}, "domain": "pixel"}, {"position": {"minX": 244.0, "minY": 20.28125, "maxX": 295.0, "maxY": 100.25}, "class_id": 0, "box_caption": "person 0.013", "scores": {"class_score": 0.01306915283203125}, "domain": "pixel"}, {"position": {"minX": 249.5, "minY": 402.5, "maxX": 386.5, "maxY": 596.0}, "class_id": 0, "box_caption": "person 0.013", "scores": {"class_score": 0.01267242431640625}, "domain": "pixel"}, {"position": {"minX": 205.375, "minY": 169.25, "maxX": 235.875, "maxY": 237.0}, "class_id": 0, "box_caption": "person 0.013", "scores": {"class_score": 0.0125732421875}, "domain": "pixel"}, {"position": {"minX": 128.625, "minY": 135.125, "maxX": 155.125, "maxY": 193.625}, "class_id": 0, "box_caption": "person 0.012", "scores": {"class_score": 0.012481689453125}, "domain": "pixel"}, {"position": {"minX": 529.0, "minY": 294.75, "maxX": 573.0, "maxY": 406.25}, "class_id": 0, "box_caption": "person 0.012", "scores": {"class_score": 0.01214599609375}, "domain": "pixel"}, {"position": {"minX": 153.875, "minY": 303.0, "maxX": 340.5, "maxY": 556.0}, "class_id": 0, "box_caption": "person 0.011", "scores": {"class_score": 0.0112457275390625}, "domain": "pixel"}, {"position": {"minX": 281.25, "minY": 355.5, "maxX": 386.75, "maxY": 579.5}, "class_id": 0, "box_caption": "person 0.011", "scores": {"class_score": 0.0112457275390625}, "domain": "pixel"}, {"position": {"minX": 478.5, "minY": 318.5, "maxX": 532.5, "maxY": 498.0}, "class_id": 0, "box_caption": "person 0.011", "scores": {"class_score": 0.01107025146484375}, "domain": "pixel"}, {"position": {"minX": 152.75, "minY": 114.4375, "maxX": 268.75, "maxY": 277.5}, "class_id": 0, "box_caption": "person 0.011", "scores": {"class_score": 0.010986328125}, "domain": "pixel"}, {"position": {"minX": 249.5, "minY": 33.375, "maxX": 286.5, "maxY": 104.125}, "class_id": 0, "box_caption": "person 0.011", "scores": {"class_score": 0.01090240478515625}, "domain": "pixel"}, {"position": {"minX": 125.5, "minY": 127.5, "maxX": 181.5, "maxY": 201.5}, "class_id": 0, "box_caption": "person 0.011", "scores": {"class_score": 0.0106964111328125}, "domain": "pixel"}, {"position": {"minX": 93.125, "minY": 33.1875, "maxX": 143.625, "maxY": 211.0}, "class_id": 0, "box_caption": "person 0.011", "scores": {"class_score": 0.01061248779296875}, "domain": "pixel"}, {"position": {"minX": 20.0625, "minY": 331.0, "maxX": 98.8125, "maxY": 471.5}, "class_id": 0, "box_caption": "person 0.011", "scores": {"class_score": 0.01061248779296875}, "domain": "pixel"}, {"position": {"minX": 129.875, "minY": 137.0, "maxX": 168.125, "maxY": 197.25}, "class_id": 0, "box_caption": "person 0.010", "scores": {"class_score": 0.0103302001953125}, "domain": "pixel"}, {"position": {"minX": 430.25, "minY": 426.25, "maxX": 467.25, "maxY": 521.5}, "class_id": 0, "box_caption": "person 0.010", "scores": {"class_score": 0.0102081298828125}, "domain": "pixel"}, {"position": {"minX": 89.9375, "minY": 91.125, "maxX": 136.625, "maxY": 204.125}, "class_id": 0, "box_caption": "person 0.010", "scores": {"class_score": 0.01009368896484375}, "domain": "pixel"}, {"position": {"minX": 379.0, "minY": 39.125, "maxX": 394.0, "maxY": 79.375}, "class_id": 0, "box_caption": "person 0.010", "scores": {"class_score": 0.0099334716796875}, "domain": "pixel"}, {"position": {"minX": 253.625, "minY": 87.875, "maxX": 305.75, "maxY": 243.875}, "class_id": 0, "box_caption": "person 0.010", "scores": {"class_score": 0.00955963134765625}, "domain": "pixel"}, {"position": {"minX": 374.5, "minY": 38.25, "maxX": 391.0, "maxY": 80.375}, "class_id": 0, "box_caption": "person 0.010", "scores": {"class_score": 0.009521484375}, "domain": "pixel"}, {"position": {"minX": 454.5, "minY": 467.25, "maxX": 506.5, "maxY": 545.0}, "class_id": 0, "box_caption": "person 0.009", "scores": {"class_score": 0.0094146728515625}, "domain": "pixel"}, {"position": {"minX": 38.5, "minY": 338.75, "maxX": 95.375, "maxY": 454.25}, "class_id": 0, "box_caption": "person 0.009", "scores": {"class_score": 0.0094146728515625}, "domain": "pixel"}, {"position": {"minX": 256.5, "minY": 89.625, "maxX": 296.0, "maxY": 212.125}, "class_id": 0, "box_caption": "person 0.009", "scores": {"class_score": 0.00933837890625}, "domain": "pixel"}, {"position": {"minX": 314.25, "minY": 118.375, "maxX": 352.25, "maxY": 197.125}, "class_id": 0, "box_caption": "person 0.009", "scores": {"class_score": 0.00926971435546875}, "domain": "pixel"}, {"position": {"minX": 264.25, "minY": 77.625, "maxX": 371.25, "maxY": 272.5}, "class_id": 0, "box_caption": "person 0.009", "scores": {"class_score": 0.00916290283203125}, "domain": "pixel"}, {"position": {"minX": 51.28125, "minY": 358.5, "maxX": 79.75, "maxY": 433.0}, "class_id": 0, "box_caption": "person 0.009", "scores": {"class_score": 0.009124755859375}, "domain": "pixel"}, {"position": {"minX": 181.25, "minY": 136.0, "maxX": 216.0, "maxY": 222.5}, "class_id": 0, "box_caption": "person 0.009", "scores": {"class_score": 0.00905609130859375}, "domain": "pixel"}, {"position": {"minX": 262.75, "minY": 493.75, "maxX": 371.25, "maxY": 597.5}, "class_id": 0, "box_caption": "person 0.009", "scores": {"class_score": 0.00905609130859375}, "domain": "pixel"}, {"position": {"minX": 412.0, "minY": 381.0, "maxX": 519.0, "maxY": 559.0}, "class_id": 0, "box_caption": "person 0.009", "scores": {"class_score": 0.00891876220703125}, "domain": "pixel"}, {"position": {"minX": 414.0, "minY": 110.375, "maxX": 462.5, "maxY": 311.0}, "class_id": 0, "box_caption": "person 0.009", "scores": {"class_score": 0.00885009765625}, "domain": "pixel"}, {"position": {"minX": 493.0, "minY": 18.640625, "maxX": 554.0, "maxY": 82.5}, "class_id": 0, "box_caption": "person 0.009", "scores": {"class_score": 0.008575439453125}, "domain": "pixel"}, {"position": {"minX": 166.125, "minY": 138.25, "maxX": 209.375, "maxY": 219.75}, "class_id": 0, "box_caption": "person 0.008", "scores": {"class_score": 0.00844573974609375}, "domain": "pixel"}, {"position": {"minX": 524.0, "minY": 409.5, "maxX": 556.0, "maxY": 499.5}, "class_id": 0, "box_caption": "person 0.008", "scores": {"class_score": 0.0083770751953125}, "domain": "pixel"}, {"position": {"minX": 75.125, "minY": 389.25, "maxX": 177.125, "maxY": 479.25}, "class_id": 0, "box_caption": "person 0.008", "scores": {"class_score": 0.0082550048828125}, "domain": "pixel"}, {"position": {"minX": 84.125, "minY": 414.25, "maxX": 125.0, "maxY": 472.25}, "class_id": 0, "box_caption": "person 0.008", "scores": {"class_score": 0.00818634033203125}, "domain": "pixel"}, {"position": {"minX": 299.75, "minY": 295.0, "maxX": 330.25, "maxY": 334.0}, "class_id": 0, "box_caption": "person 0.008", "scores": {"class_score": 0.00818634033203125}, "domain": "pixel"}, {"position": {"minX": 318.25, "minY": 80.25, "maxX": 365.25, "maxY": 206.0}, "class_id": 0, "box_caption": "person 0.008", "scores": {"class_score": 0.00818634033203125}, "domain": "pixel"}, {"position": {"minX": 113.5, "minY": 108.5, "maxX": 164.5, "maxY": 199.0}, "class_id": 0, "box_caption": "person 0.008", "scores": {"class_score": 0.00815582275390625}, "domain": "pixel"}, {"position": {"minX": 503.0, "minY": 310.75, "maxX": 549.0, "maxY": 450.25}, "class_id": 0, "box_caption": "person 0.008", "scores": {"class_score": 0.0079345703125}, "domain": "pixel"}, {"position": {"minX": 34.5625, "minY": 369.0, "maxX": 145.0, "maxY": 491.0}, "class_id": 0, "box_caption": "person 0.008", "scores": {"class_score": 0.007843017578125}, "domain": "pixel"}, {"position": {"minX": 12.03125, "minY": 389.0, "maxX": 103.5, "maxY": 660.0}, "class_id": 0, "box_caption": "person 0.008", "scores": {"class_score": 0.0078125}, "domain": "pixel"}, {"position": {"minX": 220.75, "minY": 227.5, "maxX": 239.5, "maxY": 276.0}, "class_id": 0, "box_caption": "person 0.008", "scores": {"class_score": 0.007785797119140625}, "domain": "pixel"}, {"position": {"minX": 328.0, "minY": 114.75, "maxX": 362.0, "maxY": 213.0}, "class_id": 0, "box_caption": "person 0.008", "scores": {"class_score": 0.007694244384765625}, "domain": "pixel"}, {"position": {"minX": 378.75, "minY": 112.25, "maxX": 398.75, "maxY": 169.0}, "class_id": 0, "box_caption": "person 0.008", "scores": {"class_score": 0.007694244384765625}, "domain": "pixel"}, {"position": {"minX": 574.5, "minY": 19.0, "maxX": 674.5, "maxY": 223.75}, "class_id": 0, "box_caption": "person 0.008", "scores": {"class_score": 0.00763702392578125}, "domain": "pixel"}, {"position": {"minX": 374.5, "minY": 107.75, "maxX": 395.0, "maxY": 173.25}, "class_id": 0, "box_caption": "person 0.008", "scores": {"class_score": 0.007518768310546875}, "domain": "pixel"}, {"position": {"minX": 267.75, "minY": 92.0, "maxX": 325.25, "maxY": 214.25}, "class_id": 0, "box_caption": "person 0.007", "scores": {"class_score": 0.0074615478515625}, "domain": "pixel"}, {"position": {"minX": 253.0, "minY": 132.625, "maxX": 314.0, "maxY": 286.0}, "class_id": 0, "box_caption": "person 0.007", "scores": {"class_score": 0.007373809814453125}, "domain": "pixel"}, {"position": {"minX": 21.375, "minY": 340.0, "maxX": 332.5, "maxY": 593.0}, "class_id": 0, "box_caption": "person 0.007", "scores": {"class_score": 0.007232666015625}, "domain": "pixel"}, {"position": {"minX": 181.25, "minY": 306.5, "maxX": 303.25, "maxY": 511.0}, "class_id": 0, "box_caption": "person 0.007", "scores": {"class_score": 0.007205963134765625}, "domain": "pixel"}, {"position": {"minX": 316.0, "minY": 107.5, "maxX": 371.0, "maxY": 230.0}, "class_id": 0, "box_caption": "person 0.007", "scores": {"class_score": 0.0070648193359375}, "domain": "pixel"}, {"position": {"minX": 271.75, "minY": 176.875, "maxX": 323.75, "maxY": 290.5}, "class_id": 0, "box_caption": "person 0.007", "scores": {"class_score": 0.0069580078125}, "domain": "pixel"}, {"position": {"minX": 96.125, "minY": 197.5, "maxX": 137.25, "maxY": 299.75}, "class_id": 0, "box_caption": "person 0.007", "scores": {"class_score": 0.006877899169921875}, "domain": "pixel"}, {"position": {"minX": 217.125, "minY": 598.0, "maxX": 226.875, "maxY": 621.0}, "class_id": 0, "box_caption": "person 0.007", "scores": {"class_score": 0.00679779052734375}, "domain": "pixel"}, {"position": {"minX": 597.5, "minY": 70.25, "maxX": 663.5, "maxY": 405.25}, "class_id": 0, "box_caption": "person 0.007", "scores": {"class_score": 0.006587982177734375}, "domain": "pixel"}, {"position": {"minX": 396.75, "minY": 27.1875, "maxX": 484.75, "maxY": 260.0}, "class_id": 0, "box_caption": "person 0.007", "scores": {"class_score": 0.006587982177734375}, "domain": "pixel"}, {"position": {"minX": 618.0, "minY": 22.75, "maxX": 665.0, "maxY": 282.25}, "class_id": 0, "box_caption": "person 0.006", "scores": {"class_score": 0.006488800048828125}, "domain": "pixel"}, {"position": {"minX": 323.25, "minY": 422.75, "maxX": 393.25, "maxY": 571.0}, "class_id": 0, "box_caption": "person 0.006", "scores": {"class_score": 0.006439208984375}, "domain": "pixel"}, {"position": {"minX": 633.5, "minY": 361.75, "maxX": 647.5, "maxY": 385.75}, "class_id": 0, "box_caption": "person 0.006", "scores": {"class_score": 0.006389617919921875}, "domain": "pixel"}, {"position": {"minX": 416.0, "minY": 182.75, "maxX": 459.0, "maxY": 304.75}, "class_id": 0, "box_caption": "person 0.006", "scores": {"class_score": 0.00634002685546875}, "domain": "pixel"}, {"position": {"minX": 160.25, "minY": 143.5, "maxX": 198.0, "maxY": 211.5}, "class_id": 0, "box_caption": "person 0.006", "scores": {"class_score": 0.006313323974609375}, "domain": "pixel"}, {"position": {"minX": 156.875, "minY": 136.875, "maxX": 188.125, "maxY": 195.125}, "class_id": 0, "box_caption": "person 0.006", "scores": {"class_score": 0.00609588623046875}, "domain": "pixel"}, {"position": {"minX": 95.1875, "minY": 225.125, "maxX": 123.6875, "maxY": 307.75}, "class_id": 0, "box_caption": "person 0.006", "scores": {"class_score": 0.00609588623046875}, "domain": "pixel"}, {"position": {"minX": 518.0, "minY": 308.0, "maxX": 568.0, "maxY": 390.0}, "class_id": 0, "box_caption": "person 0.006", "scores": {"class_score": 0.00609588623046875}, "domain": "pixel"}, {"position": {"minX": 374.75, "minY": 30.65625, "maxX": 397.25, "maxY": 79.5}, "class_id": 0, "box_caption": "person 0.006", "scores": {"class_score": 0.0059814453125}, "domain": "pixel"}, {"position": {"minX": 491.5, "minY": 322.25, "maxX": 517.5, "maxY": 397.75}, "class_id": 0, "box_caption": "person 0.006", "scores": {"class_score": 0.00595855712890625}, "domain": "pixel"}, {"position": {"minX": 105.6875, "minY": 217.25, "maxX": 140.25, "maxY": 295.25}, "class_id": 0, "box_caption": "person 0.006", "scores": {"class_score": 0.005889892578125}, "domain": "pixel"}, {"position": {"minX": 36.0, "minY": 383.25, "maxX": 86.625, "maxY": 463.25}, "class_id": 0, "box_caption": "person 0.006", "scores": {"class_score": 0.00586700439453125}, "domain": "pixel"}, {"position": {"minX": 177.875, "minY": 449.25, "maxX": 197.125, "maxY": 486.25}, "class_id": 0, "box_caption": "person 0.006", "scores": {"class_score": 0.00579833984375}, "domain": "pixel"}, {"position": {"minX": 523.5, "minY": 442.5, "maxX": 552.5, "maxY": 499.5}, "class_id": 0, "box_caption": "person 0.006", "scores": {"class_score": 0.00572967529296875}, "domain": "pixel"}, {"position": {"minX": 403.0, "minY": 39.125, "maxX": 464.5, "maxY": 231.625}, "class_id": 0, "box_caption": "person 0.006", "scores": {"class_score": 0.005619049072265625}, "domain": "pixel"}, {"position": {"minX": 102.375, "minY": 20.9375, "maxX": 163.125, "maxY": 207.5}, "class_id": 0, "box_caption": "person 0.006", "scores": {"class_score": 0.005619049072265625}, "domain": "pixel"}, {"position": {"minX": 55.25, "minY": 386.75, "maxX": 213.5, "maxY": 522.0}, "class_id": 0, "box_caption": "person 0.006", "scores": {"class_score": 0.005535125732421875}, "domain": "pixel"}, {"position": {"minX": 635.5, "minY": 366.75, "maxX": 648.5, "maxY": 390.75}, "class_id": 0, "box_caption": "person 0.005", "scores": {"class_score": 0.005489349365234375}, "domain": "pixel"}, {"position": {"minX": 63.3125, "minY": 392.0, "maxX": 111.1875, "maxY": 463.5}, "class_id": 0, "box_caption": "person 0.005", "scores": {"class_score": 0.005489349365234375}, "domain": "pixel"}, {"position": {"minX": 535.5, "minY": 303.0, "maxX": 566.5, "maxY": 394.0}, "class_id": 0, "box_caption": "person 0.005", "scores": {"class_score": 0.00547027587890625}, "domain": "pixel"}, {"position": {"minX": 513.5, "minY": 15.140625, "maxX": 581.5, "maxY": 76.9375}, "class_id": 0, "box_caption": "person 0.005", "scores": {"class_score": 0.005428314208984375}, "domain": "pixel"}, {"position": {"minX": 88.8125, "minY": 122.625, "maxX": 136.625, "maxY": 292.0}, "class_id": 0, "box_caption": "person 0.005", "scores": {"class_score": 0.005405426025390625}, "domain": "pixel"}, {"position": {"minX": 441.0, "minY": 26.34375, "maxX": 479.0, "maxY": 124.75}, "class_id": 0, "box_caption": "person 0.005", "scores": {"class_score": 0.0053863525390625}, "domain": "pixel"}, {"position": {"minX": 32.25, "minY": 365.75, "maxX": 240.75, "maxY": 547.0}, "class_id": 0, "box_caption": "person 0.005", "scores": {"class_score": 0.00536346435546875}, "domain": "pixel"}, {"position": {"minX": 251.75, "minY": 25.875, "maxX": 333.75, "maxY": 145.75}, "class_id": 0, "box_caption": "person 0.005", "scores": {"class_score": 0.005260467529296875}, "domain": "pixel"}, {"position": {"minX": 192.625, "minY": 118.25, "maxX": 226.875, "maxY": 197.25}, "class_id": 0, "box_caption": "person 0.005", "scores": {"class_score": 0.005218505859375}, "domain": "pixel"}, {"position": {"minX": 420.25, "minY": 41.875, "maxX": 462.75, "maxY": 125.75}, "class_id": 0, "box_caption": "person 0.005", "scores": {"class_score": 0.00518035888671875}, "domain": "pixel"}, {"position": {"minX": 204.125, "minY": 177.0, "maxX": 227.125, "maxY": 243.0}, "class_id": 0, "box_caption": "person 0.005", "scores": {"class_score": 0.00518035888671875}, "domain": "pixel"}, {"position": {"minX": 79.75, "minY": 392.5, "maxX": 118.625, "maxY": 456.0}, "class_id": 0, "box_caption": "person 0.005", "scores": {"class_score": 0.005161285400390625}, "domain": "pixel"}, {"position": {"minX": 318.0, "minY": 467.25, "maxX": 395.0, "maxY": 587.0}, "class_id": 0, "box_caption": "person 0.005", "scores": {"class_score": 0.00511932373046875}, "domain": "pixel"}, {"position": {"minX": 221.5, "minY": 241.75, "maxX": 237.25, "maxY": 273.75}, "class_id": 0, "box_caption": "person 0.005", "scores": {"class_score": 0.005100250244140625}, "domain": "pixel"}, {"position": {"minX": 98.9375, "minY": 254.5, "maxX": 116.6875, "maxY": 306.5}, "class_id": 0, "box_caption": "person 0.005", "scores": {"class_score": 0.005100250244140625}, "domain": "pixel"}, {"position": {"minX": 15.1875, "minY": 364.5, "maxX": 154.75, "maxY": 551.5}, "class_id": 0, "box_caption": "person 0.005", "scores": {"class_score": 0.005100250244140625}, "domain": "pixel"}, {"position": {"minX": 139.375, "minY": 128.5, "maxX": 195.875, "maxY": 196.5}, "class_id": 0, "box_caption": "person 0.005", "scores": {"class_score": 0.0050811767578125}, "domain": "pixel"}, {"position": {"minX": 231.25, "minY": 168.25, "maxX": 385.25, "maxY": 510.25}, "class_id": 0, "box_caption": "person 0.005", "scores": {"class_score": 0.004924774169921875}, "domain": "pixel"}, {"position": {"minX": 10.0, "minY": 358.0, "maxX": 268.25, "maxY": 655.0}, "class_id": 0, "box_caption": "person 0.005", "scores": {"class_score": 0.004848480224609375}, "domain": "pixel"}, {"position": {"minX": 16.6875, "minY": 230.375, "maxX": 101.9375, "maxY": 455.5}, "class_id": 0, "box_caption": "person 0.005", "scores": {"class_score": 0.004848480224609375}, "domain": "pixel"}, {"position": {"minX": 193.375, "minY": 144.5, "maxX": 220.375, "maxY": 227.5}, "class_id": 0, "box_caption": "person 0.005", "scores": {"class_score": 0.00482940673828125}, "domain": "pixel"}, {"position": {"minX": 426.75, "minY": 441.5, "maxX": 458.75, "maxY": 520.5}, "class_id": 0, "box_caption": "person 0.005", "scores": {"class_score": 0.00482940673828125}, "domain": "pixel"}, {"position": {"minX": 207.0, "minY": 166.625, "maxX": 247.0, "maxY": 290.25}, "class_id": 0, "box_caption": "person 0.005", "scores": {"class_score": 0.004810333251953125}, "domain": "pixel"}, {"position": {"minX": 180.375, "minY": 442.5, "maxX": 198.375, "maxY": 479.5}, "class_id": 0, "box_caption": "person 0.005", "scores": {"class_score": 0.004791259765625}, "domain": "pixel"}, {"position": {"minX": 496.5, "minY": 274.5, "maxX": 603.5, "maxY": 490.0}, "class_id": 0, "box_caption": "person 0.005", "scores": {"class_score": 0.00473785400390625}, "domain": "pixel"}, {"position": {"minX": 50.5625, "minY": 375.25, "maxX": 83.9375, "maxY": 446.75}, "class_id": 0, "box_caption": "person 0.005", "scores": {"class_score": 0.004718780517578125}, "domain": "pixel"}, {"position": {"minX": 571.5, "minY": 14.5, "maxX": 646.5, "maxY": 147.25}, "class_id": 0, "box_caption": "person 0.005", "scores": {"class_score": 0.004718780517578125}, "domain": "pixel"}, {"position": {"minX": 276.5, "minY": 118.1875, "maxX": 317.5, "maxY": 212.75}, "class_id": 0, "box_caption": "person 0.005", "scores": {"class_score": 0.00469970703125}, "domain": "pixel"}, {"position": {"minX": 276.75, "minY": 507.75, "maxX": 355.25, "maxY": 592.0}, "class_id": 0, "box_caption": "person 0.005", "scores": {"class_score": 0.00469970703125}, "domain": "pixel"}, {"position": {"minX": 45.5, "minY": 365.25, "maxX": 76.125, "maxY": 443.25}, "class_id": 0, "box_caption": "person 0.005", "scores": {"class_score": 0.004680633544921875}, "domain": "pixel"}, {"position": {"minX": 417.0, "minY": 239.25, "maxX": 458.0, "maxY": 310.25}, "class_id": 0, "box_caption": "person 0.005", "scores": {"class_score": 0.004680633544921875}, "domain": "pixel"}, {"position": {"minX": 481.5, "minY": 21.625, "maxX": 587.5, "maxY": 178.375}, "class_id": 0, "box_caption": "person 0.005", "scores": {"class_score": 0.004665374755859375}, "domain": "pixel"}, {"position": {"minX": 421.5, "minY": 20.375, "maxX": 476.0, "maxY": 104.125}, "class_id": 0, "box_caption": "person 0.005", "scores": {"class_score": 0.00464630126953125}, "domain": "pixel"}, {"position": {"minX": 416.25, "minY": 252.0, "maxX": 442.25, "maxY": 310.0}, "class_id": 0, "box_caption": "person 0.005", "scores": {"class_score": 0.004573822021484375}, "domain": "pixel"}, {"position": {"minX": 400.75, "minY": 14.0625, "maxX": 507.25, "maxY": 150.5}, "class_id": 0, "box_caption": "person 0.004", "scores": {"class_score": 0.004451751708984375}, "domain": "pixel"}, {"position": {"minX": 84.6875, "minY": 409.75, "maxX": 114.8125, "maxY": 459.75}, "class_id": 0, "box_caption": "person 0.004", "scores": {"class_score": 0.00443267822265625}, "domain": "pixel"}, {"position": {"minX": 311.5, "minY": 154.0, "maxX": 343.0, "maxY": 218.0}, "class_id": 0, "box_caption": "person 0.004", "scores": {"class_score": 0.00443267822265625}, "domain": "pixel"}, {"position": {"minX": 63.34375, "minY": 235.125, "maxX": 76.0625, "maxY": 260.0}, "class_id": 0, "box_caption": "person 0.004", "scores": {"class_score": 0.004383087158203125}, "domain": "pixel"}, {"position": {"minX": 69.5, "minY": 82.125, "maxX": 129.0, "maxY": 213.875}, "class_id": 0, "box_caption": "person 0.004", "scores": {"class_score": 0.004383087158203125}, "domain": "pixel"}, {"position": {"minX": 512.5, "minY": 22.5, "maxX": 581.5, "maxY": 111.125}, "class_id": 0, "box_caption": "person 0.004", "scores": {"class_score": 0.004314422607421875}, "domain": "pixel"}, {"position": {"minX": 415.75, "minY": 442.25, "maxX": 478.25, "maxY": 563.0}, "class_id": 0, "box_caption": "person 0.004", "scores": {"class_score": 0.004314422607421875}, "domain": "pixel"}, {"position": {"minX": 257.75, "minY": 31.875, "maxX": 291.25, "maxY": 89.875}, "class_id": 0, "box_caption": "person 0.004", "scores": {"class_score": 0.004230499267578125}, "domain": "pixel"}, {"position": {"minX": 305.5, "minY": 294.0, "maxX": 339.0, "maxY": 338.0}, "class_id": 0, "box_caption": "person 0.004", "scores": {"class_score": 0.004230499267578125}, "domain": "pixel"}, {"position": {"minX": 264.75, "minY": 473.0, "maxX": 396.75, "maxY": 611.0}, "class_id": 0, "box_caption": "person 0.004", "scores": {"class_score": 0.004215240478515625}, "domain": "pixel"}, {"position": {"minX": 289.75, "minY": 127.9375, "maxX": 350.75, "maxY": 273.75}, "class_id": 0, "box_caption": "person 0.004", "scores": {"class_score": 0.004199981689453125}, "domain": "pixel"}, {"position": {"minX": 290.75, "minY": 413.0, "maxX": 372.75, "maxY": 571.0}, "class_id": 0, "box_caption": "person 0.004", "scores": {"class_score": 0.004199981689453125}, "domain": "pixel"}, {"position": {"minX": 333.0, "minY": 328.5, "maxX": 400.5, "maxY": 550.5}, "class_id": 0, "box_caption": "person 0.004", "scores": {"class_score": 0.004199981689453125}, "domain": "pixel"}, {"position": {"minX": 185.875, "minY": 451.5, "maxX": 205.875, "maxY": 496.5}, "class_id": 0, "box_caption": "person 0.004", "scores": {"class_score": 0.004180908203125}, "domain": "pixel"}, {"position": {"minX": 410.75, "minY": 316.5, "maxX": 429.75, "maxY": 355.5}, "class_id": 0, "box_caption": "person 0.004", "scores": {"class_score": 0.0041351318359375}, "domain": "pixel"}, {"position": {"minX": 526.5, "minY": 331.0, "maxX": 545.5, "maxY": 380.0}, "class_id": 0, "box_caption": "person 0.004", "scores": {"class_score": 0.004100799560546875}, "domain": "pixel"}, {"position": {"minX": 526.0, "minY": 456.25, "maxX": 550.0, "maxY": 494.75}, "class_id": 0, "box_caption": "person 0.004", "scores": {"class_score": 0.004070281982421875}, "domain": "pixel"}, {"position": {"minX": 261.25, "minY": 175.75, "maxX": 309.25, "maxY": 290.5}, "class_id": 0, "box_caption": "person 0.004", "scores": {"class_score": 0.004024505615234375}, "domain": "pixel"}, {"position": {"minX": 286.25, "minY": 191.875, "maxX": 340.75, "maxY": 297.0}, "class_id": 0, "box_caption": "person 0.004", "scores": {"class_score": 0.00400543212890625}, "domain": "pixel"}, {"position": {"minX": 533.0, "minY": 311.5, "maxX": 579.0, "maxY": 502.0}, "class_id": 0, "box_caption": "person 0.004", "scores": {"class_score": 0.00400543212890625}, "domain": "pixel"}, {"position": {"minX": 326.5, "minY": 139.25, "maxX": 390.5, "maxY": 273.75}, "class_id": 0, "box_caption": "person 0.004", "scores": {"class_score": 0.00400543212890625}, "domain": "pixel"}, {"position": {"minX": 113.875, "minY": 14.6875, "maxX": 160.125, "maxY": 84.4375}, "class_id": 0, "box_caption": "person 0.004", "scores": {"class_score": 0.00395965576171875}, "domain": "pixel"}, {"position": {"minX": 380.0, "minY": 25.5625, "maxX": 439.5, "maxY": 131.0}, "class_id": 0, "box_caption": "person 0.004", "scores": {"class_score": 0.00395965576171875}, "domain": "pixel"}, {"position": {"minX": 166.25, "minY": 130.0, "maxX": 376.25, "maxY": 553.0}, "class_id": 0, "box_caption": "person 0.004", "scores": {"class_score": 0.0038700103759765625}, "domain": "pixel"}, {"position": {"minX": 11.6875, "minY": 255.0, "maxX": 36.53125, "maxY": 318.0}, "class_id": 0, "box_caption": "person 0.004", "scores": {"class_score": 0.0038547515869140625}, "domain": "pixel"}, {"position": {"minX": 592.0, "minY": 24.0625, "maxX": 654.0, "maxY": 130.0}, "class_id": 0, "box_caption": "person 0.004", "scores": {"class_score": 0.0038547515869140625}, "domain": "pixel"}, {"position": {"minX": 510.5, "minY": 375.5, "maxX": 549.5, "maxY": 502.0}, "class_id": 0, "box_caption": "person 0.004", "scores": {"class_score": 0.0038547515869140625}, "domain": "pixel"}, {"position": {"minX": 375.75, "minY": 135.25, "maxX": 391.25, "maxY": 180.0}, "class_id": 0, "box_caption": "person 0.004", "scores": {"class_score": 0.0038089752197265625}, "domain": "pixel"}, {"position": {"minX": 269.5, "minY": 29.6875, "maxX": 381.0, "maxY": 219.25}, "class_id": 0, "box_caption": "person 0.004", "scores": {"class_score": 0.0038089752197265625}, "domain": "pixel"}, {"position": {"minX": 105.375, "minY": 124.5, "maxX": 183.375, "maxY": 287.0}, "class_id": 0, "box_caption": "person 0.004", "scores": {"class_score": 0.003765106201171875}, "domain": "pixel"}, {"position": {"minX": 169.625, "minY": 448.75, "maxX": 190.875, "maxY": 486.75}, "class_id": 0, "box_caption": "person 0.004", "scores": {"class_score": 0.003749847412109375}, "domain": "pixel"}, {"position": {"minX": 125.5, "minY": 108.0625, "maxX": 248.75, "maxY": 239.25}, "class_id": 0, "box_caption": "person 0.004", "scores": {"class_score": 0.003749847412109375}, "domain": "pixel"}, {"position": {"minX": 97.25, "minY": 147.125, "maxX": 119.875, "maxY": 210.875}, "class_id": 0, "box_caption": "person 0.004", "scores": {"class_score": 0.0037364959716796875}, "domain": "pixel"}, {"position": {"minX": 212.5, "minY": 41.4375, "maxX": 336.0, "maxY": 225.25}, "class_id": 0, "box_caption": "person 0.004", "scores": {"class_score": 0.0037364959716796875}, "domain": "pixel"}, {"position": {"minX": 149.625, "minY": 349.25, "maxX": 403.5, "maxY": 616.0}, "class_id": 0, "box_caption": "person 0.004", "scores": {"class_score": 0.0037212371826171875}, "domain": "pixel"}, {"position": {"minX": 492.75, "minY": 317.25, "maxX": 520.0, "maxY": 360.75}, "class_id": 0, "box_caption": "person 0.004", "scores": {"class_score": 0.003692626953125}, "domain": "pixel"}, {"position": {"minX": 308.0, "minY": 296.5, "maxX": 348.0, "maxY": 348.5}, "class_id": 0, "box_caption": "person 0.004", "scores": {"class_score": 0.0036792755126953125}, "domain": "pixel"}, {"position": {"minX": 14.0625, "minY": 359.0, "maxX": 95.3125, "maxY": 573.0}, "class_id": 0, "box_caption": "person 0.004", "scores": {"class_score": 0.0036792755126953125}, "domain": "pixel"}, {"position": {"minX": 23.625, "minY": 430.5, "maxX": 187.375, "maxY": 666.5}, "class_id": 0, "box_caption": "person 0.004", "scores": {"class_score": 0.0036792755126953125}, "domain": "pixel"}, {"position": {"minX": 110.125, "minY": 196.125, "maxX": 158.875, "maxY": 294.0}, "class_id": 0, "box_caption": "person 0.004", "scores": {"class_score": 0.003650665283203125}, "domain": "pixel"}, {"position": {"minX": 10.25, "minY": 145.25, "maxX": 75.5, "maxY": 355.75}, "class_id": 0, "box_caption": "person 0.004", "scores": {"class_score": 0.003635406494140625}, "domain": "pixel"}, {"position": {"minX": 464.0, "minY": 17.5625, "maxX": 547.5, "maxY": 137.75}, "class_id": 0, "box_caption": "person 0.004", "scores": {"class_score": 0.0036220550537109375}, "domain": "pixel"}, {"position": {"minX": 247.0, "minY": 25.40625, "maxX": 286.0, "maxY": 79.0}, "class_id": 0, "box_caption": "person 0.004", "scores": {"class_score": 0.00359344482421875}, "domain": "pixel"}, {"position": {"minX": 378.5, "minY": 30.5, "maxX": 435.0, "maxY": 193.5}, "class_id": 0, "box_caption": "person 0.004", "scores": {"class_score": 0.00359344482421875}, "domain": "pixel"}, {"position": {"minX": 511.0, "minY": 282.0, "maxX": 573.0, "maxY": 414.0}, "class_id": 0, "box_caption": "person 0.004", "scores": {"class_score": 0.00359344482421875}, "domain": "pixel"}, {"position": {"minX": 255.25, "minY": 124.25, "maxX": 282.75, "maxY": 205.0}, "class_id": 0, "box_caption": "person 0.004", "scores": {"class_score": 0.0035800933837890625}, "domain": "pixel"}, {"position": {"minX": 504.0, "minY": 321.5, "maxX": 540.0, "maxY": 402.0}, "class_id": 0, "box_caption": "person 0.004", "scores": {"class_score": 0.0035648345947265625}, "domain": "pixel"}, {"position": {"minX": 8.6875, "minY": 267.0, "maxX": 59.0, "maxY": 460.5}, "class_id": 0, "box_caption": "person 0.004", "scores": {"class_score": 0.0035648345947265625}, "domain": "pixel"}, {"position": {"minX": 309.75, "minY": 180.625, "maxX": 367.75, "maxY": 310.0}, "class_id": 0, "box_caption": "person 0.003", "scores": {"class_score": 0.003429412841796875}, "domain": "pixel"}, {"position": {"minX": 259.0, "minY": 264.0, "maxX": 401.5, "maxY": 554.0}, "class_id": 0, "box_caption": "person 0.003", "scores": {"class_score": 0.003429412841796875}, "domain": "pixel"}, {"position": {"minX": 182.5, "minY": 141.75, "maxX": 232.5, "maxY": 279.5}, "class_id": 0, "box_caption": "person 0.003", "scores": {"class_score": 0.003376007080078125}, "domain": "pixel"}, {"position": {"minX": 267.0, "minY": 143.375, "maxX": 306.5, "maxY": 261.0}, "class_id": 0, "box_caption": "person 0.003", "scores": {"class_score": 0.0033245086669921875}, "domain": "pixel"}, {"position": {"minX": 465.25, "minY": 366.5, "maxX": 518.5, "maxY": 511.5}, "class_id": 0, "box_caption": "person 0.003", "scores": {"class_score": 0.0032978057861328125}, "domain": "pixel"}, {"position": {"minX": 378.75, "minY": 78.0, "maxX": 403.25, "maxY": 174.75}, "class_id": 0, "box_caption": "person 0.003", "scores": {"class_score": 0.00327301025390625}, "domain": "pixel"}, {"position": {"minX": 462.25, "minY": 487.25, "maxX": 506.25, "maxY": 542.0}, "class_id": 0, "box_caption": "person 0.003", "scores": {"class_score": 0.0032596588134765625}, "domain": "pixel"}, {"position": {"minX": 514.5, "minY": 24.75, "maxX": 562.5, "maxY": 81.3125}, "class_id": 0, "box_caption": "person 0.003", "scores": {"class_score": 0.0032482147216796875}, "domain": "pixel"}, {"position": {"minX": 334.0, "minY": 643.0, "maxX": 340.5, "maxY": 657.0}, "class_id": 0, "box_caption": "person 0.003", "scores": {"class_score": 0.0032100677490234375}, "domain": "pixel"}, {"position": {"minX": 23.8125, "minY": 222.5, "maxX": 91.875, "maxY": 383.0}, "class_id": 0, "box_caption": "person 0.003", "scores": {"class_score": 0.00319671630859375}, "domain": "pixel"}, {"position": {"minX": 12.859375, "minY": 271.75, "maxX": 34.375, "maxY": 339.75}, "class_id": 0, "box_caption": "person 0.003", "scores": {"class_score": 0.0031719207763671875}, "domain": "pixel"}, {"position": {"minX": 627.5, "minY": 350.0, "maxX": 648.5, "maxY": 386.0}, "class_id": 0, "box_caption": "person 0.003", "scores": {"class_score": 0.0031719207763671875}, "domain": "pixel"}, {"position": {"minX": 266.0, "minY": 29.8125, "maxX": 294.5, "maxY": 105.4375}, "class_id": 0, "box_caption": "person 0.003", "scores": {"class_score": 0.0031604766845703125}, "domain": "pixel"}, {"position": {"minX": 618.0, "minY": 8.8125, "maxX": 661.0, "maxY": 197.0}, "class_id": 0, "box_caption": "person 0.003", "scores": {"class_score": 0.003147125244140625}, "domain": "pixel"}, {"position": {"minX": 500.75, "minY": 18.28125, "maxX": 545.0, "maxY": 69.375}, "class_id": 0, "box_caption": "person 0.003", "scores": {"class_score": 0.0031108856201171875}, "domain": "pixel"}, {"position": {"minX": 322.5, "minY": 94.1875, "maxX": 359.5, "maxY": 187.75}, "class_id": 0, "box_caption": "person 0.003", "scores": {"class_score": 0.0031108856201171875}, "domain": "pixel"}, {"position": {"minX": 357.25, "minY": 367.5, "maxX": 400.75, "maxY": 516.5}, "class_id": 0, "box_caption": "person 0.003", "scores": {"class_score": 0.00307464599609375}, "domain": "pixel"}, {"position": {"minX": 104.5, "minY": 242.5, "maxX": 131.875, "maxY": 303.0}, "class_id": 0, "box_caption": "person 0.003", "scores": {"class_score": 0.00307464599609375}, "domain": "pixel"}, {"position": {"minX": 465.25, "minY": 418.25, "maxX": 510.25, "maxY": 529.0}, "class_id": 0, "box_caption": "person 0.003", "scores": {"class_score": 0.0030517578125}, "domain": "pixel"}, {"position": {"minX": 244.25, "minY": 34.1875, "maxX": 275.75, "maxY": 109.5625}, "class_id": 0, "box_caption": "person 0.003", "scores": {"class_score": 0.003040313720703125}, "domain": "pixel"}, {"position": {"minX": 251.125, "minY": 141.5, "maxX": 369.25, "maxY": 314.5}, "class_id": 0, "box_caption": "person 0.003", "scores": {"class_score": 0.0030269622802734375}, "domain": "pixel"}, {"position": {"minX": 215.125, "minY": 594.0, "maxX": 228.375, "maxY": 623.0}, "class_id": 0, "box_caption": "person 0.003", "scores": {"class_score": 0.0029468536376953125}, "domain": "pixel"}, {"position": {"minX": 411.75, "minY": 37.0, "maxX": 459.25, "maxY": 170.625}, "class_id": 0, "box_caption": "person 0.003", "scores": {"class_score": 0.0029468536376953125}, "domain": "pixel"}, {"position": {"minX": 185.0, "minY": 437.0, "maxX": 204.75, "maxY": 487.5}, "class_id": 0, "box_caption": "person 0.003", "scores": {"class_score": 0.0029354095458984375}, "domain": "pixel"}, {"position": {"minX": 189.75, "minY": 460.5, "maxX": 208.5, "maxY": 511.5}, "class_id": 0, "box_caption": "person 0.003", "scores": {"class_score": 0.0029354095458984375}, "domain": "pixel"}, {"position": {"minX": 525.5, "minY": 24.21875, "maxX": 586.5, "maxY": 92.75}, "class_id": 0, "box_caption": "person 0.003", "scores": {"class_score": 0.0029125213623046875}, "domain": "pixel"}, {"position": {"minX": 171.75, "minY": 64.5, "maxX": 303.25, "maxY": 237.25}, "class_id": 0, "box_caption": "person 0.003", "scores": {"class_score": 0.0029125213623046875}, "domain": "pixel"}, {"position": {"minX": 54.0, "minY": 382.75, "maxX": 99.625, "maxY": 456.75}, "class_id": 0, "box_caption": "person 0.003", "scores": {"class_score": 0.0028553009033203125}, "domain": "pixel"}, {"position": {"minX": 295.5, "minY": 503.75, "maxX": 380.5, "maxY": 593.5}, "class_id": 0, "box_caption": "person 0.003", "scores": {"class_score": 0.0028553009033203125}, "domain": "pixel"}, {"position": {"minX": 136.0, "minY": 149.5, "maxX": 224.0, "maxY": 307.5}, "class_id": 0, "box_caption": "person 0.003", "scores": {"class_score": 0.0028553009033203125}, "domain": "pixel"}, {"position": {"minX": 94.125, "minY": 353.5, "maxX": 260.0, "maxY": 508.5}, "class_id": 0, "box_caption": "person 0.003", "scores": {"class_score": 0.0028228759765625}, "domain": "pixel"}, {"position": {"minX": 37.53125, "minY": 324.75, "maxX": 131.75, "maxY": 467.25}, "class_id": 0, "box_caption": "person 0.003", "scores": {"class_score": 0.00279998779296875}, "domain": "pixel"}, {"position": {"minX": 416.5, "minY": 452.0, "maxX": 538.5, "maxY": 595.0}, "class_id": 0, "box_caption": "person 0.003", "scores": {"class_score": 0.0027904510498046875}, "domain": "pixel"}, {"position": {"minX": 373.25, "minY": 126.375, "maxX": 399.75, "maxY": 202.875}, "class_id": 0, "box_caption": "person 0.003", "scores": {"class_score": 0.0027790069580078125}, "domain": "pixel"}, {"position": {"minX": 508.25, "minY": 449.25, "maxX": 552.0, "maxY": 522.5}, "class_id": 0, "box_caption": "person 0.003", "scores": {"class_score": 0.0027790069580078125}, "domain": "pixel"}, {"position": {"minX": 90.25, "minY": 201.5, "maxX": 125.875, "maxY": 303.0}, "class_id": 0, "box_caption": "person 0.003", "scores": {"class_score": 0.0027675628662109375}, "domain": "pixel"}, {"position": {"minX": 406.0, "minY": 17.25, "maxX": 507.5, "maxY": 322.75}, "class_id": 0, "box_caption": "person 0.003", "scores": {"class_score": 0.0027675628662109375}, "domain": "pixel"}, {"position": {"minX": 378.25, "minY": 37.90625, "maxX": 401.25, "maxY": 90.125}, "class_id": 0, "box_caption": "person 0.003", "scores": {"class_score": 0.002758026123046875}, "domain": "pixel"}, {"position": {"minX": 493.5, "minY": 36.0, "maxX": 559.5, "maxY": 168.5}, "class_id": 0, "box_caption": "person 0.003", "scores": {"class_score": 0.002758026123046875}, "domain": "pixel"}, {"position": {"minX": 377.0, "minY": 70.125, "maxX": 429.0, "maxY": 217.875}, "class_id": 0, "box_caption": "person 0.003", "scores": {"class_score": 0.00274658203125}, "domain": "pixel"}, {"position": {"minX": 18.3125, "minY": 532.0, "maxX": 135.5, "maxY": 654.0}, "class_id": 0, "box_caption": "person 0.003", "scores": {"class_score": 0.00274658203125}, "domain": "pixel"}, {"position": {"minX": 260.25, "minY": 42.1875, "maxX": 291.25, "maxY": 120.9375}, "class_id": 0, "box_caption": "person 0.003", "scores": {"class_score": 0.002704620361328125}, "domain": "pixel"}, {"position": {"minX": 528.5, "minY": 324.75, "maxX": 555.5, "maxY": 388.25}, "class_id": 0, "box_caption": "person 0.003", "scores": {"class_score": 0.0026836395263671875}, "domain": "pixel"}, {"position": {"minX": 333.0, "minY": 182.875, "maxX": 392.0, "maxY": 291.0}, "class_id": 0, "box_caption": "person 0.003", "scores": {"class_score": 0.0026721954345703125}, "domain": "pixel"}, {"position": {"minX": 133.0, "minY": 144.875, "maxX": 176.75, "maxY": 208.125}, "class_id": 0, "box_caption": "person 0.003", "scores": {"class_score": 0.00266265869140625}, "domain": "pixel"}, {"position": {"minX": 65.75, "minY": 418.5, "maxX": 121.75, "maxY": 478.0}, "class_id": 0, "box_caption": "person 0.003", "scores": {"class_score": 0.0026531219482421875}, "domain": "pixel"}, {"position": {"minX": 195.75, "minY": 320.0, "maxX": 267.5, "maxY": 490.5}, "class_id": 0, "box_caption": "person 0.003", "scores": {"class_score": 0.0026531219482421875}, "domain": "pixel"}, {"position": {"minX": 66.375, "minY": 236.875, "maxX": 79.0, "maxY": 257.75}, "class_id": 0, "box_caption": "person 0.003", "scores": {"class_score": 0.0026416778564453125}, "domain": "pixel"}, {"position": {"minX": 422.25, "minY": 232.75, "maxX": 449.25, "maxY": 302.75}, "class_id": 0, "box_caption": "person 0.003", "scores": {"class_score": 0.0026416778564453125}, "domain": "pixel"}, {"position": {"minX": 13.546875, "minY": 210.75, "maxX": 62.5, "maxY": 329.25}, "class_id": 0, "box_caption": "person 0.003", "scores": {"class_score": 0.0026416778564453125}, "domain": "pixel"}, {"position": {"minX": 509.5, "minY": 319.75, "maxX": 531.5, "maxY": 355.75}, "class_id": 0, "box_caption": "person 0.003", "scores": {"class_score": 0.00263214111328125}, "domain": "pixel"}, {"position": {"minX": 7.46875, "minY": 311.0, "maxX": 115.25, "maxY": 486.5}, "class_id": 0, "box_caption": "person 0.003", "scores": {"class_score": 0.0026111602783203125}, "domain": "pixel"}, {"position": {"minX": 217.5, "minY": 218.75, "maxX": 242.5, "maxY": 281.25}, "class_id": 0, "box_caption": "person 0.003", "scores": {"class_score": 0.00260162353515625}, "domain": "pixel"}, {"position": {"minX": 434.0, "minY": 406.0, "maxX": 469.0, "maxY": 482.5}, "class_id": 0, "box_caption": "person 0.003", "scores": {"class_score": 0.002590179443359375}, "domain": "pixel"}, {"position": {"minX": 493.75, "minY": 29.125, "maxX": 626.0, "maxY": 317.0}, "class_id": 0, "box_caption": "person 0.003", "scores": {"class_score": 0.0025806427001953125}, "domain": "pixel"}, {"position": {"minX": 162.5, "minY": 146.75, "maxX": 184.75, "maxY": 193.0}, "class_id": 0, "box_caption": "person 0.003", "scores": {"class_score": 0.0025119781494140625}, "domain": "pixel"}, {"position": {"minX": 377.25, "minY": 49.8125, "maxX": 390.25, "maxY": 80.9375}, "class_id": 0, "box_caption": "person 0.002", "scores": {"class_score": 0.0024929046630859375}, "domain": "pixel"}, {"position": {"minX": 413.5, "minY": 489.25, "maxX": 502.0, "maxY": 598.5}, "class_id": 0, "box_caption": "person 0.002", "scores": {"class_score": 0.0024929046630859375}, "domain": "pixel"}, {"position": {"minX": 180.5, "minY": 442.0, "maxX": 212.75, "maxY": 508.5}, "class_id": 0, "box_caption": "person 0.002", "scores": {"class_score": 0.0024929046630859375}, "domain": "pixel"}, {"position": {"minX": 59.375, "minY": 329.25, "maxX": 292.5, "maxY": 531.0}, "class_id": 0, "box_caption": "person 0.002", "scores": {"class_score": 0.0024929046630859375}, "domain": "pixel"}, {"position": {"minX": 487.0, "minY": 306.75, "maxX": 523.0, "maxY": 448.75}, "class_id": 0, "box_caption": "person 0.002", "scores": {"class_score": 0.0024814605712890625}, "domain": "pixel"}, {"position": {"minX": 387.5, "minY": 440.0, "maxX": 516.5, "maxY": 603.0}, "class_id": 0, "box_caption": "person 0.002", "scores": {"class_score": 0.002471923828125}, "domain": "pixel"}, {"position": {"minX": 354.75, "minY": 396.25, "maxX": 397.25, "maxY": 547.0}, "class_id": 0, "box_caption": "person 0.002", "scores": {"class_score": 0.0024623870849609375}, "domain": "pixel"}, {"position": {"minX": 188.25, "minY": 442.25, "maxX": 202.5, "maxY": 482.25}, "class_id": 0, "box_caption": "person 0.002", "scores": {"class_score": 0.002452850341796875}, "domain": "pixel"}, {"position": {"minX": 109.4375, "minY": 4.8125, "maxX": 152.0, "maxY": 169.25}, "class_id": 0, "box_caption": "person 0.002", "scores": {"class_score": 0.002452850341796875}, "domain": "pixel"}, {"position": {"minX": 259.25, "minY": 17.28125, "maxX": 323.75, "maxY": 96.5}, "class_id": 0, "box_caption": "person 0.002", "scores": {"class_score": 0.0024242401123046875}, "domain": "pixel"}, {"position": {"minX": 31.53125, "minY": 274.25, "maxX": 57.96875, "maxY": 322.75}, "class_id": 0, "box_caption": "person 0.002", "scores": {"class_score": 0.002414703369140625}, "domain": "pixel"}, {"position": {"minX": 378.5, "minY": 14.78125, "maxX": 395.5, "maxY": 72.25}, "class_id": 0, "box_caption": "person 0.002", "scores": {"class_score": 0.002414703369140625}, "domain": "pixel"}, {"position": {"minX": 415.25, "minY": 256.0, "maxX": 433.25, "maxY": 313.0}, "class_id": 0, "box_caption": "person 0.002", "scores": {"class_score": 0.0024051666259765625}, "domain": "pixel"}, {"position": {"minX": 485.5, "minY": 355.5, "maxX": 522.0, "maxY": 492.0}, "class_id": 0, "box_caption": "person 0.002", "scores": {"class_score": 0.0023975372314453125}, "domain": "pixel"}, {"position": {"minX": 489.75, "minY": 3.15625, "maxX": 609.0, "maxY": 104.0}, "class_id": 0, "box_caption": "person 0.002", "scores": {"class_score": 0.0023975372314453125}, "domain": "pixel"}, {"position": {"minX": 571.0, "minY": 69.0, "maxX": 642.0, "maxY": 267.0}, "class_id": 0, "box_caption": "person 0.002", "scores": {"class_score": 0.00238800048828125}, "domain": "pixel"}, {"position": {"minX": 485.0, "minY": 317.0, "maxX": 511.0, "maxY": 365.5}, "class_id": 0, "box_caption": "person 0.002", "scores": {"class_score": 0.00238800048828125}, "domain": "pixel"}, {"position": {"minX": 80.0, "minY": 404.75, "maxX": 109.0, "maxY": 453.25}, "class_id": 0, "box_caption": "person 0.002", "scores": {"class_score": 0.0023784637451171875}, "domain": "pixel"}, {"position": {"minX": 338.75, "minY": 117.0, "maxX": 367.75, "maxY": 210.75}, "class_id": 0, "box_caption": "person 0.002", "scores": {"class_score": 0.0023784637451171875}, "domain": "pixel"}, {"position": {"minX": 72.0625, "minY": 344.5, "maxX": 195.5, "maxY": 475.5}, "class_id": 0, "box_caption": "person 0.002", "scores": {"class_score": 0.0023784637451171875}, "domain": "pixel"}, {"position": {"minX": 196.625, "minY": 471.75, "maxX": 220.375, "maxY": 527.0}, "class_id": 0, "box_caption": "person 0.002", "scores": {"class_score": 0.002368927001953125}, "domain": "pixel"}, {"position": {"minX": 474.75, "minY": 312.75, "maxX": 516.0, "maxY": 442.25}, "class_id": 0, "box_caption": "person 0.002", "scores": {"class_score": 0.002368927001953125}, "domain": "pixel"}], "class_labels": {"0": "person"}}