{"box_data": [{"position": {"minX": 108.4375, "minY": 21.4375, "maxX": 241.5, "maxY": 268.5}, "class_id": 0, "box_caption": "person 0.012", "scores": {"class_score": 0.01177978515625}, "domain": "pixel"}, {"position": {"minX": 49.3125, "minY": 106.1875, "maxX": 181.75, "maxY": 303.5}, "class_id": 0, "box_caption": "person 0.012", "scores": {"class_score": 0.011688232421875}, "domain": "pixel"}, {"position": {"minX": 328.0, "minY": 190.25, "maxX": 475.0, "maxY": 418.25}, "class_id": 0, "box_caption": "person 0.012", "scores": {"class_score": 0.011688232421875}, "domain": "pixel"}, {"position": {"minX": 119.5, "minY": 144.5, "maxX": 301.5, "maxY": 400.0}, "class_id": 0, "box_caption": "person 0.012", "scores": {"class_score": 0.011505126953125}, "domain": "pixel"}, {"position": {"minX": 343.25, "minY": 250.0, "maxX": 456.75, "maxY": 484.0}, "class_id": 0, "box_caption": "person 0.012", "scores": {"class_score": 0.011505126953125}, "domain": "pixel"}, {"position": {"minX": 448.5, "minY": 21.5, "maxX": 613.5, "maxY": 270.75}, "class_id": 0, "box_caption": "person 0.011", "scores": {"class_score": 0.0110321044921875}, "domain": "pixel"}, {"position": {"minX": 298.5, "minY": 90.5625, "maxX": 432.0, "maxY": 321.75}, "class_id": 0, "box_caption": "person 0.011", "scores": {"class_score": 0.01085662841796875}, "domain": "pixel"}, {"position": {"minX": 197.875, "minY": 126.875, "maxX": 348.0, "maxY": 416.5}, "class_id": 0, "box_caption": "person 0.011", "scores": {"class_score": 0.0106964111328125}, "domain": "pixel"}, {"position": {"minX": 390.0, "minY": 151.5, "maxX": 540.0, "maxY": 387.0}, "class_id": 0, "box_caption": "person 0.011", "scores": {"class_score": 0.01061248779296875}, "domain": "pixel"}, {"position": {"minX": 364.75, "minY": 223.0, "maxX": 498.75, "maxY": 448.5}, "class_id": 0, "box_caption": "person 0.011", "scores": {"class_score": 0.01061248779296875}, "domain": "pixel"}, {"position": {"minX": 153.875, "minY": 70.125, "maxX": 264.5, "maxY": 282.5}, "class_id": 0, "box_caption": "person 0.010", "scores": {"class_score": 0.01049041748046875}, "domain": "pixel"}, {"position": {"minX": 127.5, "minY": 352.0, "maxX": 227.5, "maxY": 572.0}, "class_id": 0, "box_caption": "person 0.010", "scores": {"class_score": 0.01049041748046875}, "domain": "pixel"}, {"position": {"minX": 107.8125, "minY": 142.625, "maxX": 247.0, "maxY": 336.5}, "class_id": 0, "box_caption": "person 0.010", "scores": {"class_score": 0.0104522705078125}, "domain": "pixel"}, {"position": {"minX": 68.875, "minY": 6.25, "maxX": 216.625, "maxY": 280.0}, "class_id": 0, "box_caption": "person 0.010", "scores": {"class_score": 0.010406494140625}, "domain": "pixel"}, {"position": {"minX": 160.5, "minY": 314.0, "maxX": 257.5, "maxY": 485.0}, "class_id": 0, "box_caption": "person 0.010", "scores": {"class_score": 0.010406494140625}, "domain": "pixel"}, {"position": {"minX": 14.25, "minY": -10.5, "maxX": 207.25, "maxY": 232.75}, "class_id": 0, "box_caption": "person 0.010", "scores": {"class_score": 0.01036834716796875}, "domain": "pixel"}, {"position": {"minX": 177.625, "minY": 170.125, "maxX": 303.5, "maxY": 436.0}, "class_id": 0, "box_caption": "person 0.010", "scores": {"class_score": 0.01036834716796875}, "domain": "pixel"}, {"position": {"minX": 185.25, "minY": 53.5, "maxX": 359.25, "maxY": 365.5}, "class_id": 0, "box_caption": "person 0.010", "scores": {"class_score": 0.0103302001953125}, "domain": "pixel"}, {"position": {"minX": 408.0, "minY": 263.0, "maxX": 520.5, "maxY": 471.5}, "class_id": 0, "box_caption": "person 0.010", "scores": {"class_score": 0.0102081298828125}, "domain": "pixel"}, {"position": {"minX": 159.75, "minY": 35.875, "maxX": 319.5, "maxY": 252.875}, "class_id": 0, "box_caption": "person 0.010", "scores": {"class_score": 0.01016998291015625}, "domain": "pixel"}, {"position": {"minX": 287.5, "minY": 19.625, "maxX": 454.0, "maxY": 265.5}, "class_id": 0, "box_caption": "person 0.010", "scores": {"class_score": 0.0101318359375}, "domain": "pixel"}, {"position": {"minX": 229.0, "minY": 207.75, "maxX": 383.0, "maxY": 461.75}, "class_id": 0, "box_caption": "person 0.010", "scores": {"class_score": 0.0101318359375}, "domain": "pixel"}, {"position": {"minX": 559.0, "minY": 39.5, "maxX": 688.0, "maxY": 246.0}, "class_id": 0, "box_caption": "person 0.010", "scores": {"class_score": 0.01009368896484375}, "domain": "pixel"}, {"position": {"minX": 310.5, "minY": 144.75, "maxX": 426.0, "maxY": 395.75}, "class_id": 0, "box_caption": "person 0.010", "scores": {"class_score": 0.01009368896484375}, "domain": "pixel"}, {"position": {"minX": 88.75, "minY": 96.1875, "maxX": 195.75, "maxY": 313.5}, "class_id": 0, "box_caption": "person 0.010", "scores": {"class_score": 0.0100555419921875}, "domain": "pixel"}, {"position": {"minX": 268.0, "minY": 109.75, "maxX": 400.0, "maxY": 369.75}, "class_id": 0, "box_caption": "person 0.010", "scores": {"class_score": 0.0100555419921875}, "domain": "pixel"}, {"position": {"minX": 187.0, "minY": 269.5, "maxX": 293.25, "maxY": 463.5}, "class_id": 0, "box_caption": "person 0.010", "scores": {"class_score": 0.010009765625}, "domain": "pixel"}, {"position": {"minX": 27.6875, "minY": 75.8125, "maxX": 131.75, "maxY": 276.25}, "class_id": 0, "box_caption": "person 0.010", "scores": {"class_score": 0.0099334716796875}, "domain": "pixel"}, {"position": {"minX": 256.25, "minY": 33.75, "maxX": 411.75, "maxY": 314.25}, "class_id": 0, "box_caption": "person 0.010", "scores": {"class_score": 0.0099334716796875}, "domain": "pixel"}, {"position": {"minX": 305.25, "minY": -4.625, "maxX": 433.75, "maxY": 223.875}, "class_id": 0, "box_caption": "person 0.010", "scores": {"class_score": 0.00989532470703125}, "domain": "pixel"}, {"position": {"minX": 335.75, "minY": 85.375, "maxX": 461.25, "maxY": 261.5}, "class_id": 0, "box_caption": "person 0.010", "scores": {"class_score": 0.009857177734375}, "domain": "pixel"}, {"position": {"minX": 252.75, "minY": 250.5, "maxX": 416.25, "maxY": 485.5}, "class_id": 0, "box_caption": "person 0.010", "scores": {"class_score": 0.0097808837890625}, "domain": "pixel"}, {"position": {"minX": 524.5, "minY": 26.375, "maxX": 663.5, "maxY": 263.5}, "class_id": 0, "box_caption": "person 0.010", "scores": {"class_score": 0.00963592529296875}, "domain": "pixel"}, {"position": {"minX": 125.875, "minY": 276.75, "maxX": 231.125, "maxY": 458.25}, "class_id": 0, "box_caption": "person 0.010", "scores": {"class_score": 0.0095977783203125}, "domain": "pixel"}, {"position": {"minX": 513.5, "minY": 17.9375, "maxX": 613.5, "maxY": 206.5}, "class_id": 0, "box_caption": "person 0.010", "scores": {"class_score": 0.00955963134765625}, "domain": "pixel"}, {"position": {"minX": 143.375, "minY": 121.9375, "maxX": 268.0, "maxY": 358.0}, "class_id": 0, "box_caption": "person 0.010", "scores": {"class_score": 0.009521484375}, "domain": "pixel"}, {"position": {"minX": 326.0, "minY": 122.1875, "maxX": 410.0, "maxY": 358.25}, "class_id": 0, "box_caption": "person 0.010", "scores": {"class_score": 0.009521484375}, "domain": "pixel"}, {"position": {"minX": 119.625, "minY": 182.5, "maxX": 239.375, "maxY": 423.5}, "class_id": 0, "box_caption": "person 0.010", "scores": {"class_score": 0.009521484375}, "domain": "pixel"}, {"position": {"minX": 359.25, "minY": 101.375, "maxX": 512.5, "maxY": 374.0}, "class_id": 0, "box_caption": "person 0.009", "scores": {"class_score": 0.00948333740234375}, "domain": "pixel"}, {"position": {"minX": 299.25, "minY": 206.5, "maxX": 435.25, "maxY": 461.0}, "class_id": 0, "box_caption": "person 0.009", "scores": {"class_score": 0.00948333740234375}, "domain": "pixel"}, {"position": {"minX": 334.25, "minY": 134.5, "maxX": 468.25, "maxY": 345.0}, "class_id": 0, "box_caption": "person 0.009", "scores": {"class_score": 0.00945281982421875}, "domain": "pixel"}, {"position": {"minX": 155.0, "minY": 105.5, "maxX": 325.75, "maxY": 369.75}, "class_id": 0, "box_caption": "person 0.009", "scores": {"class_score": 0.0094146728515625}, "domain": "pixel"}, {"position": {"minX": 83.0, "minY": 373.0, "maxX": 204.0, "maxY": 615.5}, "class_id": 0, "box_caption": "person 0.009", "scores": {"class_score": 0.00937652587890625}, "domain": "pixel"}, {"position": {"minX": 230.75, "minY": 91.25, "maxX": 377.75, "maxY": 389.5}, "class_id": 0, "box_caption": "person 0.009", "scores": {"class_score": 0.00933837890625}, "domain": "pixel"}, {"position": {"minX": 6.8125, "minY": 35.125, "maxX": 154.0, "maxY": 250.875}, "class_id": 0, "box_caption": "person 0.009", "scores": {"class_score": 0.00930023193359375}, "domain": "pixel"}, {"position": {"minX": 518.5, "minY": -16.5625, "maxX": 663.5, "maxY": 173.0}, "class_id": 0, "box_caption": "person 0.009", "scores": {"class_score": 0.0092315673828125}, "domain": "pixel"}, {"position": {"minX": 434.75, "minY": 306.0, "maxX": 558.0, "maxY": 556.5}, "class_id": 0, "box_caption": "person 0.009", "scores": {"class_score": 0.00919342041015625}, "domain": "pixel"}, {"position": {"minX": 329.75, "minY": -31.875, "maxX": 467.25, "maxY": 191.625}, "class_id": 0, "box_caption": "person 0.009", "scores": {"class_score": 0.009124755859375}, "domain": "pixel"}, {"position": {"minX": 382.5, "minY": 279.0, "maxX": 479.0, "maxY": 522.0}, "class_id": 0, "box_caption": "person 0.009", "scores": {"class_score": 0.009124755859375}, "domain": "pixel"}, {"position": {"minX": 190.75, "minY": 335.0, "maxX": 284.75, "maxY": 525.5}, "class_id": 0, "box_caption": "person 0.009", "scores": {"class_score": 0.009124755859375}, "domain": "pixel"}, {"position": {"minX": 227.5, "minY": 368.0, "maxX": 319.5, "maxY": 556.0}, "class_id": 0, "box_caption": "person 0.009", "scores": {"class_score": 0.009124755859375}, "domain": "pixel"}, {"position": {"minX": 216.0, "minY": 12.25, "maxX": 390.0, "maxY": 277.75}, "class_id": 0, "box_caption": "person 0.009", "scores": {"class_score": 0.009124755859375}, "domain": "pixel"}, {"position": {"minX": 218.0, "minY": 261.75, "maxX": 326.5, "maxY": 472.75}, "class_id": 0, "box_caption": "person 0.009", "scores": {"class_score": 0.00905609130859375}, "domain": "pixel"}, {"position": {"minX": 568.5, "minY": 81.375, "maxX": 673.5, "maxY": 271.5}, "class_id": 0, "box_caption": "person 0.009", "scores": {"class_score": 0.0089874267578125}, "domain": "pixel"}, {"position": {"minX": 304.5, "minY": 279.75, "maxX": 434.0, "maxY": 519.0}, "class_id": 0, "box_caption": "person 0.009", "scores": {"class_score": 0.0089874267578125}, "domain": "pixel"}, {"position": {"minX": 150.25, "minY": 381.5, "maxX": 269.0, "maxY": 608.5}, "class_id": 0, "box_caption": "person 0.009", "scores": {"class_score": 0.0089874267578125}, "domain": "pixel"}, {"position": {"minX": 113.1875, "minY": 399.25, "maxX": 239.75, "maxY": 657.0}, "class_id": 0, "box_caption": "person 0.009", "scores": {"class_score": 0.0089874267578125}, "domain": "pixel"}, {"position": {"minX": 465.75, "minY": -7.875, "maxX": 588.0, "maxY": 163.0}, "class_id": 0, "box_caption": "person 0.009", "scores": {"class_score": 0.00894927978515625}, "domain": "pixel"}, {"position": {"minX": 142.5, "minY": 187.5, "maxX": 276.0, "maxY": 418.5}, "class_id": 0, "box_caption": "person 0.009", "scores": {"class_score": 0.00894927978515625}, "domain": "pixel"}, {"position": {"minX": 407.75, "minY": 304.5, "maxX": 524.0, "maxY": 556.5}, "class_id": 0, "box_caption": "person 0.009", "scores": {"class_score": 0.00894927978515625}, "domain": "pixel"}, {"position": {"minX": 32.75, "minY": 100.0, "maxX": 191.0, "maxY": 385.5}, "class_id": 0, "box_caption": "person 0.009", "scores": {"class_score": 0.00894927978515625}, "domain": "pixel"}, {"position": {"minX": 202.125, "minY": 214.5, "maxX": 339.5, "maxY": 454.0}, "class_id": 0, "box_caption": "person 0.009", "scores": {"class_score": 0.00885009765625}, "domain": "pixel"}, {"position": {"minX": 25.375, "minY": -40.5625, "maxX": 263.5, "maxY": 264.75}, "class_id": 0, "box_caption": "person 0.009", "scores": {"class_score": 0.00885009765625}, "domain": "pixel"}, {"position": {"minX": 420.75, "minY": -1.25, "maxX": 564.0, "maxY": 157.25}, "class_id": 0, "box_caption": "person 0.009", "scores": {"class_score": 0.00878143310546875}, "domain": "pixel"}, {"position": {"minX": 274.5, "minY": 321.0, "maxX": 399.5, "maxY": 546.0}, "class_id": 0, "box_caption": "person 0.009", "scores": {"class_score": 0.00878143310546875}, "domain": "pixel"}, {"position": {"minX": 194.75, "minY": 392.0, "maxX": 287.5, "maxY": 597.5}, "class_id": 0, "box_caption": "person 0.009", "scores": {"class_score": 0.0087432861328125}, "domain": "pixel"}, {"position": {"minX": 107.25, "minY": -31.1875, "maxX": 308.0, "maxY": 250.75}, "class_id": 0, "box_caption": "person 0.009", "scores": {"class_score": 0.0087127685546875}, "domain": "pixel"}, {"position": {"minX": 369.5, "minY": 34.25, "maxX": 486.5, "maxY": 253.75}, "class_id": 0, "box_caption": "person 0.009", "scores": {"class_score": 0.00867462158203125}, "domain": "pixel"}, {"position": {"minX": 252.0, "minY": 331.0, "maxX": 358.5, "maxY": 533.0}, "class_id": 0, "box_caption": "person 0.009", "scores": {"class_score": 0.00864410400390625}, "domain": "pixel"}, {"position": {"minX": 419.25, "minY": 91.125, "maxX": 517.0, "maxY": 253.375}, "class_id": 0, "box_caption": "person 0.009", "scores": {"class_score": 0.00861358642578125}, "domain": "pixel"}, {"position": {"minX": 191.5, "minY": 8.3125, "maxX": 354.0, "maxY": 217.0}, "class_id": 0, "box_caption": "person 0.009", "scores": {"class_score": 0.008575439453125}, "domain": "pixel"}, {"position": {"minX": 449.5, "minY": 298.75, "maxX": 544.5, "maxY": 501.25}, "class_id": 0, "box_caption": "person 0.009", "scores": {"class_score": 0.008575439453125}, "domain": "pixel"}, {"position": {"minX": 273.25, "minY": 415.75, "maxX": 399.25, "maxY": 639.0}, "class_id": 0, "box_caption": "person 0.009", "scores": {"class_score": 0.008575439453125}, "domain": "pixel"}, {"position": {"minX": 2.0, "minY": 59.0625, "maxX": 99.875, "maxY": 225.25}, "class_id": 0, "box_caption": "person 0.009", "scores": {"class_score": 0.008544921875}, "domain": "pixel"}, {"position": {"minX": 242.875, "minY": 372.25, "maxX": 365.75, "maxY": 618.5}, "class_id": 0, "box_caption": "person 0.009", "scores": {"class_score": 0.008544921875}, "domain": "pixel"}, {"position": {"minX": 373.75, "minY": 107.25, "maxX": 556.0, "maxY": 437.75}, "class_id": 0, "box_caption": "person 0.008", "scores": {"class_score": 0.00847625732421875}, "domain": "pixel"}, {"position": {"minX": 48.125, "minY": 380.5, "maxX": 176.125, "maxY": 612.5}, "class_id": 0, "box_caption": "person 0.008", "scores": {"class_score": 0.00844573974609375}, "domain": "pixel"}, {"position": {"minX": 61.84375, "minY": 275.0, "maxX": 169.125, "maxY": 460.0}, "class_id": 0, "box_caption": "person 0.008", "scores": {"class_score": 0.00841522216796875}, "domain": "pixel"}, {"position": {"minX": 384.75, "minY": -24.5, "maxX": 536.0, "maxY": 182.375}, "class_id": 0, "box_caption": "person 0.008", "scores": {"class_score": 0.00841522216796875}, "domain": "pixel"}, {"position": {"minX": 539.5, "minY": 61.4375, "maxX": 642.5, "maxY": 286.0}, "class_id": 0, "box_caption": "person 0.008", "scores": {"class_score": 0.0083770751953125}, "domain": "pixel"}, {"position": {"minX": 250.625, "minY": -11.5625, "maxX": 360.5, "maxY": 169.0}, "class_id": 0, "box_caption": "person 0.008", "scores": {"class_score": 0.0083465576171875}, "domain": "pixel"}, {"position": {"minX": 581.0, "minY": 131.5, "maxX": 665.0, "maxY": 288.5}, "class_id": 0, "box_caption": "person 0.008", "scores": {"class_score": 0.0082855224609375}, "domain": "pixel"}, {"position": {"minX": 329.25, "minY": 163.625, "maxX": 531.0, "maxY": 445.5}, "class_id": 0, "box_caption": "person 0.008", "scores": {"class_score": 0.0082855224609375}, "domain": "pixel"}, {"position": {"minX": 315.5, "minY": -32.59375, "maxX": 423.5, "maxY": 122.75}, "class_id": 0, "box_caption": "person 0.008", "scores": {"class_score": 0.0082550048828125}, "domain": "pixel"}, {"position": {"minX": 218.5, "minY": -4.8125, "maxX": 326.5, "maxY": 166.25}, "class_id": 0, "box_caption": "person 0.008", "scores": {"class_score": 0.0082550048828125}, "domain": "pixel"}, {"position": {"minX": 267.75, "minY": 11.1875, "maxX": 404.25, "maxY": 213.0}, "class_id": 0, "box_caption": "person 0.008", "scores": {"class_score": 0.0082550048828125}, "domain": "pixel"}, {"position": {"minX": 86.625, "minY": 296.5, "maxX": 201.875, "maxY": 502.5}, "class_id": 0, "box_caption": "person 0.008", "scores": {"class_score": 0.0082550048828125}, "domain": "pixel"}, {"position": {"minX": 60.875, "minY": 332.25, "maxX": 165.0, "maxY": 531.5}, "class_id": 0, "box_caption": "person 0.008", "scores": {"class_score": 0.0082550048828125}, "domain": "pixel"}, {"position": {"minX": 211.125, "minY": 388.25, "maxX": 332.25, "maxY": 602.0}, "class_id": 0, "box_caption": "person 0.008", "scores": {"class_score": 0.0082550048828125}, "domain": "pixel"}, {"position": {"minX": -10.03125, "minY": 23.25, "maxX": 111.5, "maxY": 201.0}, "class_id": 0, "box_caption": "person 0.008", "scores": {"class_score": 0.00821685791015625}, "domain": "pixel"}, {"position": {"minX": -11.59375, "minY": 141.5, "maxX": 109.75, "maxY": 273.0}, "class_id": 0, "box_caption": "person 0.008", "scores": {"class_score": 0.00821685791015625}, "domain": "pixel"}, {"position": {"minX": 387.25, "minY": 364.0, "maxX": 538.0, "maxY": 632.5}, "class_id": 0, "box_caption": "person 0.008", "scores": {"class_score": 0.00818634033203125}, "domain": "pixel"}, {"position": {"minX": 263.25, "minY": 190.5, "maxX": 410.75, "maxY": 418.0}, "class_id": 0, "box_caption": "person 0.008", "scores": {"class_score": 0.00815582275390625}, "domain": "pixel"}, {"position": {"minX": 306.5, "minY": 410.0, "maxX": 430.5, "maxY": 643.0}, "class_id": 0, "box_caption": "person 0.008", "scores": {"class_score": 0.00815582275390625}, "domain": "pixel"}, {"position": {"minX": 27.3125, "minY": 27.125, "maxX": 199.25, "maxY": 329.5}, "class_id": 0, "box_caption": "person 0.008", "scores": {"class_score": 0.00812530517578125}, "domain": "pixel"}, {"position": {"minX": 351.75, "minY": 117.4375, "maxX": 450.25, "maxY": 303.5}, "class_id": 0, "box_caption": "person 0.008", "scores": {"class_score": 0.00809478759765625}, "domain": "pixel"}, {"position": {"minX": 338.0, "minY": 310.25, "maxX": 463.0, "maxY": 552.0}, "class_id": 0, "box_caption": "person 0.008", "scores": {"class_score": 0.00809478759765625}, "domain": "pixel"}, {"position": {"minX": 222.375, "minY": -73.9375, "maxX": 323.0, "maxY": 103.5625}, "class_id": 0, "box_caption": "person 0.008", "scores": {"class_score": 0.00806427001953125}, "domain": "pixel"}, {"position": {"minX": 434.0, "minY": 139.25, "maxX": 557.5, "maxY": 340.25}, "class_id": 0, "box_caption": "person 0.008", "scores": {"class_score": 0.00803375244140625}, "domain": "pixel"}, {"position": {"minX": 35.65625, "minY": 241.0, "maxX": 127.375, "maxY": 426.5}, "class_id": 0, "box_caption": "person 0.008", "scores": {"class_score": 0.00803375244140625}, "domain": "pixel"}, {"position": {"minX": 98.0, "minY": 189.75, "maxX": 192.0, "maxY": 410.75}, "class_id": 0, "box_caption": "person 0.008", "scores": {"class_score": 0.00800323486328125}, "domain": "pixel"}, {"position": {"minX": 291.0, "minY": -39.75, "maxX": 386.0, "maxY": 134.625}, "class_id": 0, "box_caption": "person 0.008", "scores": {"class_score": 0.007965087890625}, "domain": "pixel"}, {"position": {"minX": -10.625, "minY": -14.25, "maxX": 165.5, "maxY": 177.5}, "class_id": 0, "box_caption": "person 0.008", "scores": {"class_score": 0.007965087890625}, "domain": "pixel"}, {"position": {"minX": 146.75, "minY": 57.75, "maxX": 394.25, "maxY": 421.75}, "class_id": 0, "box_caption": "person 0.008", "scores": {"class_score": 0.007965087890625}, "domain": "pixel"}, {"position": {"minX": 186.5, "minY": 177.625, "maxX": 361.0, "maxY": 499.0}, "class_id": 0, "box_caption": "person 0.008", "scores": {"class_score": 0.0079345703125}, "domain": "pixel"}, {"position": {"minX": 160.375, "minY": -32.4375, "maxX": 315.5, "maxY": 189.5}, "class_id": 0, "box_caption": "person 0.008", "scores": {"class_score": 0.00787353515625}, "domain": "pixel"}, {"position": {"minX": 610.5, "minY": 77.5625, "maxX": 701.5, "maxY": 272.0}, "class_id": 0, "box_caption": "person 0.008", "scores": {"class_score": 0.00787353515625}, "domain": "pixel"}, {"position": {"minX": 5.375, "minY": 137.0, "maxX": 157.375, "maxY": 348.0}, "class_id": 0, "box_caption": "person 0.008", "scores": {"class_score": 0.00787353515625}, "domain": "pixel"}, {"position": {"minX": 357.5, "minY": 334.75, "maxX": 503.5, "maxY": 596.0}, "class_id": 0, "box_caption": "person 0.008", "scores": {"class_score": 0.00787353515625}, "domain": "pixel"}, {"position": {"minX": 136.625, "minY": 317.0, "maxX": 280.0, "maxY": 545.0}, "class_id": 0, "box_caption": "person 0.008", "scores": {"class_score": 0.00787353515625}, "domain": "pixel"}, {"position": {"minX": 63.15625, "minY": 84.125, "maxX": 156.625, "maxY": 272.5}, "class_id": 0, "box_caption": "person 0.008", "scores": {"class_score": 0.007843017578125}, "domain": "pixel"}, {"position": {"minX": -5.8125, "minY": 2.375, "maxX": 97.5625, "maxY": 155.5}, "class_id": 0, "box_caption": "person 0.008", "scores": {"class_score": 0.007843017578125}, "domain": "pixel"}, {"position": {"minX": 50.375, "minY": -39.4375, "maxX": 231.625, "maxY": 198.25}, "class_id": 0, "box_caption": "person 0.008", "scores": {"class_score": 0.007843017578125}, "domain": "pixel"}, {"position": {"minX": -17.65625, "minY": 30.125, "maxX": 53.03125, "maxY": 191.5}, "class_id": 0, "box_caption": "person 0.008", "scores": {"class_score": 0.0078125}, "domain": "pixel"}, {"position": {"minX": 251.375, "minY": 213.625, "maxX": 358.0, "maxY": 393.0}, "class_id": 0, "box_caption": "person 0.008", "scores": {"class_score": 0.0078125}, "domain": "pixel"}, {"position": {"minX": 303.75, "minY": 352.0, "maxX": 433.25, "maxY": 578.5}, "class_id": 0, "box_caption": "person 0.008", "scores": {"class_score": 0.007785797119140625}, "domain": "pixel"}, {"position": {"minX": 82.8125, "minY": 56.4375, "maxX": 274.5, "maxY": 295.75}, "class_id": 0, "box_caption": "person 0.008", "scores": {"class_score": 0.007724761962890625}, "domain": "pixel"}, {"position": {"minX": 506.25, "minY": 166.0, "maxX": 614.5, "maxY": 317.5}, "class_id": 0, "box_caption": "person 0.008", "scores": {"class_score": 0.007694244384765625}, "domain": "pixel"}, {"position": {"minX": 34.0625, "minY": 332.0, "maxX": 124.6875, "maxY": 533.0}, "class_id": 0, "box_caption": "person 0.008", "scores": {"class_score": 0.007694244384765625}, "domain": "pixel"}, {"position": {"minX": 409.5, "minY": 1.875, "maxX": 587.5, "maxY": 219.25}, "class_id": 0, "box_caption": "person 0.008", "scores": {"class_score": 0.00766754150390625}, "domain": "pixel"}, {"position": {"minX": 599.0, "minY": 12.8125, "maxX": 710.0, "maxY": 206.5}, "class_id": 0, "box_caption": "person 0.008", "scores": {"class_score": 0.00763702392578125}, "domain": "pixel"}, {"position": {"minX": 549.5, "minY": 157.5, "maxX": 635.5, "maxY": 379.5}, "class_id": 0, "box_caption": "person 0.008", "scores": {"class_score": 0.00760650634765625}, "domain": "pixel"}, {"position": {"minX": 100.3125, "minY": 352.25, "maxX": 191.0, "maxY": 515.0}, "class_id": 0, "box_caption": "person 0.008", "scores": {"class_score": 0.00757598876953125}, "domain": "pixel"}, {"position": {"minX": -27.09375, "minY": 107.5625, "maxX": 64.25, "maxY": 306.0}, "class_id": 0, "box_caption": "person 0.008", "scores": {"class_score": 0.007549285888671875}, "domain": "pixel"}, {"position": {"minX": 397.0, "minY": 98.25, "maxX": 531.0, "maxY": 314.0}, "class_id": 0, "box_caption": "person 0.008", "scores": {"class_score": 0.007549285888671875}, "domain": "pixel"}, {"position": {"minX": 333.25, "minY": 360.5, "maxX": 466.25, "maxY": 630.0}, "class_id": 0, "box_caption": "person 0.008", "scores": {"class_score": 0.007549285888671875}, "domain": "pixel"}, {"position": {"minX": 53.3125, "minY": 54.5, "maxX": 236.75, "maxY": 364.5}, "class_id": 0, "box_caption": "person 0.008", "scores": {"class_score": 0.007549285888671875}, "domain": "pixel"}, {"position": {"minX": 101.125, "minY": 283.5, "maxX": 192.375, "maxY": 452.5}, "class_id": 0, "box_caption": "person 0.008", "scores": {"class_score": 0.007518768310546875}, "domain": "pixel"}, {"position": {"minX": -26.5, "minY": 43.875, "maxX": 60.125, "maxY": 240.375}, "class_id": 0, "box_caption": "person 0.008", "scores": {"class_score": 0.007518768310546875}, "domain": "pixel"}, {"position": {"minX": 450.0, "minY": 200.625, "maxX": 546.0, "maxY": 405.0}, "class_id": 0, "box_caption": "person 0.007", "scores": {"class_score": 0.007488250732421875}, "domain": "pixel"}, {"position": {"minX": 19.90625, "minY": 383.5, "maxX": 141.375, "maxY": 609.5}, "class_id": 0, "box_caption": "person 0.007", "scores": {"class_score": 0.007488250732421875}, "domain": "pixel"}, {"position": {"minX": -6.90625, "minY": 90.125, "maxX": 95.25, "maxY": 265.5}, "class_id": 0, "box_caption": "person 0.007", "scores": {"class_score": 0.0074615478515625}, "domain": "pixel"}, {"position": {"minX": 434.5, "minY": -27.875, "maxX": 617.5, "maxY": 188.875}, "class_id": 0, "box_caption": "person 0.007", "scores": {"class_score": 0.0074615478515625}, "domain": "pixel"}, {"position": {"minX": 277.0, "minY": 64.875, "maxX": 460.0, "maxY": 353.5}, "class_id": 0, "box_caption": "person 0.007", "scores": {"class_score": 0.0074615478515625}, "domain": "pixel"}, {"position": {"minX": 390.5, "minY": 213.0, "maxX": 539.0, "maxY": 457.5}, "class_id": 0, "box_caption": "person 0.007", "scores": {"class_score": 0.007373809814453125}, "domain": "pixel"}, {"position": {"minX": 163.5, "minY": 248.5, "maxX": 321.5, "maxY": 490.5}, "class_id": 0, "box_caption": "person 0.007", "scores": {"class_score": 0.00734710693359375}, "domain": "pixel"}, {"position": {"minX": 122.125, "minY": 87.375, "maxX": 230.125, "maxY": 262.0}, "class_id": 0, "box_caption": "person 0.007", "scores": {"class_score": 0.007289886474609375}, "domain": "pixel"}, {"position": {"minX": 192.25, "minY": 121.375, "maxX": 289.25, "maxY": 298.0}, "class_id": 0, "box_caption": "person 0.007", "scores": {"class_score": 0.007232666015625}, "domain": "pixel"}, {"position": {"minX": 160.125, "minY": 148.75, "maxX": 250.875, "maxY": 338.5}, "class_id": 0, "box_caption": "person 0.007", "scores": {"class_score": 0.007232666015625}, "domain": "pixel"}, {"position": {"minX": 458.0, "minY": 163.5, "maxX": 593.0, "maxY": 384.5}, "class_id": 0, "box_caption": "person 0.007", "scores": {"class_score": 0.007232666015625}, "domain": "pixel"}, {"position": {"minX": 72.25, "minY": 312.5, "maxX": 218.25, "maxY": 552.0}, "class_id": 0, "box_caption": "person 0.007", "scores": {"class_score": 0.007232666015625}, "domain": "pixel"}, {"position": {"minX": 104.8125, "minY": 298.0, "maxX": 251.25, "maxY": 567.5}, "class_id": 0, "box_caption": "person 0.007", "scores": {"class_score": 0.007232666015625}, "domain": "pixel"}, {"position": {"minX": 558.5, "minY": -9.75, "maxX": 688.5, "maxY": 168.25}, "class_id": 0, "box_caption": "person 0.007", "scores": {"class_score": 0.007205963134765625}, "domain": "pixel"}, {"position": {"minX": 470.0, "minY": 322.25, "maxX": 587.0, "maxY": 542.0}, "class_id": 0, "box_caption": "person 0.007", "scores": {"class_score": 0.007205963134765625}, "domain": "pixel"}, {"position": {"minX": 12.0, "minY": 206.625, "maxX": 88.25, "maxY": 337.5}, "class_id": 0, "box_caption": "person 0.007", "scores": {"class_score": 0.007175445556640625}, "domain": "pixel"}, {"position": {"minX": 35.3125, "minY": 111.8125, "maxX": 120.1875, "maxY": 305.0}, "class_id": 0, "box_caption": "person 0.007", "scores": {"class_score": 0.007122039794921875}, "domain": "pixel"}, {"position": {"minX": 419.0, "minY": 308.0, "maxX": 512.0, "maxY": 493.0}, "class_id": 0, "box_caption": "person 0.007", "scores": {"class_score": 0.007122039794921875}, "domain": "pixel"}, {"position": {"minX": 474.0, "minY": 136.0, "maxX": 578.0, "maxY": 336.5}, "class_id": 0, "box_caption": "person 0.007", "scores": {"class_score": 0.007122039794921875}, "domain": "pixel"}, {"position": {"minX": 542.5, "minY": -64.625, "maxX": 643.5, "maxY": 91.375}, "class_id": 0, "box_caption": "person 0.007", "scores": {"class_score": 0.0070953369140625}, "domain": "pixel"}, {"position": {"minX": 554.5, "minY": 169.625, "maxX": 634.5, "maxY": 312.0}, "class_id": 0, "box_caption": "person 0.007", "scores": {"class_score": 0.0070953369140625}, "domain": "pixel"}, {"position": {"minX": 363.75, "minY": -7.0625, "maxX": 490.25, "maxY": 159.0}, "class_id": 0, "box_caption": "person 0.007", "scores": {"class_score": 0.0070953369140625}, "domain": "pixel"}, {"position": {"minX": 621.5, "minY": 198.0, "maxX": 691.5, "maxY": 344.0}, "class_id": 0, "box_caption": "person 0.007", "scores": {"class_score": 0.0070953369140625}, "domain": "pixel"}, {"position": {"minX": 395.0, "minY": 64.4375, "maxX": 523.5, "maxY": 226.5}, "class_id": 0, "box_caption": "person 0.007", "scores": {"class_score": 0.0070648193359375}, "domain": "pixel"}, {"position": {"minX": 172.875, "minY": 83.125, "maxX": 302.5, "maxY": 275.0}, "class_id": 0, "box_caption": "person 0.007", "scores": {"class_score": 0.007038116455078125}, "domain": "pixel"}, {"position": {"minX": 317.0, "minY": 46.0, "maxX": 483.5, "maxY": 310.0}, "class_id": 0, "box_caption": "person 0.007", "scores": {"class_score": 0.007038116455078125}, "domain": "pixel"}, {"position": {"minX": 532.5, "minY": 0.4375, "maxX": 711.5, "maxY": 225.75}, "class_id": 0, "box_caption": "person 0.007", "scores": {"class_score": 0.00701141357421875}, "domain": "pixel"}, {"position": {"minX": 254.25, "minY": 406.0, "maxX": 354.75, "maxY": 586.0}, "class_id": 0, "box_caption": "person 0.007", "scores": {"class_score": 0.006984710693359375}, "domain": "pixel"}, {"position": {"minX": 63.0, "minY": 423.25, "maxX": 226.75, "maxY": 700.0}, "class_id": 0, "box_caption": "person 0.007", "scores": {"class_score": 0.006984710693359375}, "domain": "pixel"}, {"position": {"minX": 583.0, "minY": -57.21875, "maxX": 667.0, "maxY": 86.75}, "class_id": 0, "box_caption": "person 0.007", "scores": {"class_score": 0.006931304931640625}, "domain": "pixel"}, {"position": {"minX": 76.5, "minY": 321.25, "maxX": 155.5, "maxY": 478.25}, "class_id": 0, "box_caption": "person 0.007", "scores": {"class_score": 0.006931304931640625}, "domain": "pixel"}, {"position": {"minX": 610.5, "minY": -72.6875, "maxX": 704.5, "maxY": 100.0625}, "class_id": 0, "box_caption": "person 0.007", "scores": {"class_score": 0.006931304931640625}, "domain": "pixel"}, {"position": {"minX": 482.5, "minY": 68.9375, "maxX": 632.5, "maxY": 274.25}, "class_id": 0, "box_caption": "person 0.007", "scores": {"class_score": 0.00690460205078125}, "domain": "pixel"}, {"position": {"minX": 172.5, "minY": 312.5, "maxX": 313.5, "maxY": 553.5}, "class_id": 0, "box_caption": "person 0.007", "scores": {"class_score": 0.006877899169921875}, "domain": "pixel"}, {"position": {"minX": 630.5, "minY": 164.75, "maxX": 686.5, "maxY": 311.5}, "class_id": 0, "box_caption": "person 0.007", "scores": {"class_score": 0.0068511962890625}, "domain": "pixel"}, {"position": {"minX": 45.375, "minY": 314.5, "maxX": 116.5, "maxY": 481.5}, "class_id": 0, "box_caption": "person 0.007", "scores": {"class_score": 0.0068511962890625}, "domain": "pixel"}, {"position": {"minX": 254.75, "minY": -82.9375, "maxX": 358.25, "maxY": 111.5625}, "class_id": 0, "box_caption": "person 0.007", "scores": {"class_score": 0.0068511962890625}, "domain": "pixel"}, {"position": {"minX": -21.75, "minY": -37.21875, "maxX": 57.3125, "maxY": 132.25}, "class_id": 0, "box_caption": "person 0.007", "scores": {"class_score": 0.0068511962890625}, "domain": "pixel"}, {"position": {"minX": 85.25, "minY": -72.75, "maxX": 268.5, "maxY": 171.25}, "class_id": 0, "box_caption": "person 0.007", "scores": {"class_score": 0.0068511962890625}, "domain": "pixel"}, {"position": {"minX": -25.03125, "minY": 206.0, "maxX": 58.96875, "maxY": 399.0}, "class_id": 0, "box_caption": "person 0.007", "scores": {"class_score": 0.0068511962890625}, "domain": "pixel"}, {"position": {"minX": 476.75, "minY": 211.75, "maxX": 583.0, "maxY": 396.75}, "class_id": 0, "box_caption": "person 0.007", "scores": {"class_score": 0.0068511962890625}, "domain": "pixel"}, {"position": {"minX": 65.75, "minY": 147.625, "maxX": 156.625, "maxY": 320.5}, "class_id": 0, "box_caption": "person 0.007", "scores": {"class_score": 0.006824493408203125}, "domain": "pixel"}, {"position": {"minX": 191.875, "minY": -87.5, "maxX": 285.5, "maxY": 114.75}, "class_id": 0, "box_caption": "person 0.007", "scores": {"class_score": 0.00679779052734375}, "domain": "pixel"}, {"position": {"minX": 480.5, "minY": 263.75, "maxX": 579.5, "maxY": 471.25}, "class_id": 0, "box_caption": "person 0.007", "scores": {"class_score": 0.00679779052734375}, "domain": "pixel"}, {"position": {"minX": 507.0, "minY": 116.125, "maxX": 675.0, "maxY": 364.5}, "class_id": 0, "box_caption": "person 0.007", "scores": {"class_score": 0.00679779052734375}, "domain": "pixel"}, {"position": {"minX": 28.8125, "minY": 347.0, "maxX": 197.5, "maxY": 646.0}, "class_id": 0, "box_caption": "person 0.007", "scores": {"class_score": 0.00679779052734375}, "domain": "pixel"}, {"position": {"minX": 137.875, "minY": 255.0, "maxX": 219.375, "maxY": 416.5}, "class_id": 0, "box_caption": "person 0.007", "scores": {"class_score": 0.006771087646484375}, "domain": "pixel"}, {"position": {"minX": 146.0, "minY": 260.25, "maxX": 273.75, "maxY": 479.75}, "class_id": 0, "box_caption": "person 0.007", "scores": {"class_score": 0.006771087646484375}, "domain": "pixel"}, {"position": {"minX": 519.5, "minY": 123.5625, "maxX": 604.5, "maxY": 293.75}, "class_id": 0, "box_caption": "person 0.007", "scores": {"class_score": 0.006717681884765625}, "domain": "pixel"}, {"position": {"minX": 357.25, "minY": 248.625, "maxX": 510.75, "maxY": 549.0}, "class_id": 0, "box_caption": "person 0.007", "scores": {"class_score": 0.006717681884765625}, "domain": "pixel"}, {"position": {"minX": 31.875, "minY": 195.25, "maxX": 131.875, "maxY": 365.25}, "class_id": 0, "box_caption": "person 0.007", "scores": {"class_score": 0.00669097900390625}, "domain": "pixel"}, {"position": {"minX": 287.0, "minY": 406.25, "maxX": 384.0, "maxY": 587.0}, "class_id": 0, "box_caption": "person 0.007", "scores": {"class_score": 0.00669097900390625}, "domain": "pixel"}, {"position": {"minX": 220.375, "minY": 273.0, "maxX": 386.5, "maxY": 526.0}, "class_id": 0, "box_caption": "person 0.007", "scores": {"class_score": 0.00669097900390625}, "domain": "pixel"}, {"position": {"minX": 325.0, "minY": -18.9375, "maxX": 416.0, "maxY": 178.75}, "class_id": 0, "box_caption": "person 0.007", "scores": {"class_score": 0.0066680908203125}, "domain": "pixel"}, {"position": {"minX": 364.25, "minY": 76.25, "maxX": 565.5, "maxY": 335.5}, "class_id": 0, "box_caption": "person 0.007", "scores": {"class_score": 0.0066680908203125}, "domain": "pixel"}, {"position": {"minX": 595.5, "minY": 177.625, "maxX": 660.5, "maxY": 359.5}, "class_id": 0, "box_caption": "person 0.007", "scores": {"class_score": 0.00661468505859375}, "domain": "pixel"}, {"position": {"minX": 47.1875, "minY": 191.25, "maxX": 178.25, "maxY": 415.75}, "class_id": 0, "box_caption": "person 0.007", "scores": {"class_score": 0.00661468505859375}, "domain": "pixel"}, {"position": {"minX": 2.5625, "minY": 303.5, "maxX": 98.4375, "maxY": 497.5}, "class_id": 0, "box_caption": "person 0.007", "scores": {"class_score": 0.006587982177734375}, "domain": "pixel"}, {"position": {"minX": -41.34375, "minY": 185.875, "maxX": 76.875, "maxY": 361.5}, "class_id": 0, "box_caption": "person 0.007", "scores": {"class_score": 0.006565093994140625}, "domain": "pixel"}, {"position": {"minX": 410.75, "minY": 317.5, "maxX": 584.5, "maxY": 611.5}, "class_id": 0, "box_caption": "person 0.007", "scores": {"class_score": 0.006565093994140625}, "domain": "pixel"}, {"position": {"minX": 81.5, "minY": -3.75, "maxX": 264.75, "maxY": 228.75}, "class_id": 0, "box_caption": "person 0.007", "scores": {"class_score": 0.006511688232421875}, "domain": "pixel"}, {"position": {"minX": 343.5, "minY": 434.25, "maxX": 456.0, "maxY": 620.0}, "class_id": 0, "box_caption": "person 0.007", "scores": {"class_score": 0.006511688232421875}, "domain": "pixel"}, {"position": {"minX": 459.5, "minY": 370.5, "maxX": 600.5, "maxY": 623.5}, "class_id": 0, "box_caption": "person 0.007", "scores": {"class_score": 0.006511688232421875}, "domain": "pixel"}, {"position": {"minX": 129.5, "minY": 344.5, "maxX": 286.25, "maxY": 648.5}, "class_id": 0, "box_caption": "person 0.007", "scores": {"class_score": 0.006511688232421875}, "domain": "pixel"}, {"position": {"minX": 256.0, "minY": 352.25, "maxX": 420.5, "maxY": 644.0}, "class_id": 0, "box_caption": "person 0.007", "scores": {"class_score": 0.006511688232421875}, "domain": "pixel"}, {"position": {"minX": 263.5, "minY": -27.21875, "maxX": 343.0, "maxY": 127.375}, "class_id": 0, "box_caption": "person 0.006", "scores": {"class_score": 0.006488800048828125}, "domain": "pixel"}, {"position": {"minX": 72.375, "minY": 381.75, "maxX": 155.875, "maxY": 550.0}, "class_id": 0, "box_caption": "person 0.006", "scores": {"class_score": 0.00646209716796875}, "domain": "pixel"}, {"position": {"minX": -35.375, "minY": 65.1875, "maxX": 132.0, "maxY": 288.0}, "class_id": 0, "box_caption": "person 0.006", "scores": {"class_score": 0.00646209716796875}, "domain": "pixel"}, {"position": {"minX": 235.25, "minY": 311.5, "maxX": 310.25, "maxY": 496.0}, "class_id": 0, "box_caption": "person 0.006", "scores": {"class_score": 0.006439208984375}, "domain": "pixel"}, {"position": {"minX": 240.25, "minY": 441.25, "maxX": 369.25, "maxY": 680.5}, "class_id": 0, "box_caption": "person 0.006", "scores": {"class_score": 0.006439208984375}, "domain": "pixel"}, {"position": {"minX": 199.875, "minY": 70.875, "maxX": 338.5, "maxY": 282.0}, "class_id": 0, "box_caption": "person 0.006", "scores": {"class_score": 0.006412506103515625}, "domain": "pixel"}, {"position": {"minX": 573.5, "minY": -29.5, "maxX": 678.5, "maxY": 124.75}, "class_id": 0, "box_caption": "person 0.006", "scores": {"class_score": 0.006412506103515625}, "domain": "pixel"}, {"position": {"minX": 389.5, "minY": 113.3125, "maxX": 479.0, "maxY": 302.75}, "class_id": 0, "box_caption": "person 0.006", "scores": {"class_score": 0.006389617919921875}, "domain": "pixel"}, {"position": {"minX": 136.5, "minY": 182.0, "maxX": 207.75, "maxY": 364.5}, "class_id": 0, "box_caption": "person 0.006", "scores": {"class_score": 0.006389617919921875}, "domain": "pixel"}, {"position": {"minX": 166.125, "minY": 451.75, "maxX": 252.625, "maxY": 668.0}, "class_id": 0, "box_caption": "person 0.006", "scores": {"class_score": 0.006389617919921875}, "domain": "pixel"}, {"position": {"minX": 304.0, "minY": -19.875, "maxX": 494.0, "maxY": 247.125}, "class_id": 0, "box_caption": "person 0.006", "scores": {"class_score": 0.006389617919921875}, "domain": "pixel"}, {"position": {"minX": 189.5, "minY": 361.5, "maxX": 358.0, "maxY": 633.0}, "class_id": 0, "box_caption": "person 0.006", "scores": {"class_score": 0.006313323974609375}, "domain": "pixel"}, {"position": {"minX": 493.0, "minY": -41.5625, "maxX": 631.0, "maxY": 135.5}, "class_id": 0, "box_caption": "person 0.006", "scores": {"class_score": 0.006290435791015625}, "domain": "pixel"}, {"position": {"minX": 576.0, "minY": -21.0625, "maxX": 738.0, "maxY": 182.25}, "class_id": 0, "box_caption": "person 0.006", "scores": {"class_score": 0.006290435791015625}, "domain": "pixel"}, {"position": {"minX": 381.25, "minY": 272.5, "maxX": 548.5, "maxY": 528.0}, "class_id": 0, "box_caption": "person 0.006", "scores": {"class_score": 0.006290435791015625}, "domain": "pixel"}, {"position": {"minX": 511.0, "minY": -67.875, "maxX": 614.0, "maxY": 92.5}, "class_id": 0, "box_caption": "person 0.006", "scores": {"class_score": 0.00626373291015625}, "domain": "pixel"}, {"position": {"minX": 5.34375, "minY": 205.0, "maxX": 98.375, "maxY": 398.0}, "class_id": 0, "box_caption": "person 0.006", "scores": {"class_score": 0.00626373291015625}, "domain": "pixel"}, {"position": {"minX": 366.25, "minY": 403.25, "maxX": 495.75, "maxY": 655.5}, "class_id": 0, "box_caption": "person 0.006", "scores": {"class_score": 0.00626373291015625}, "domain": "pixel"}, {"position": {"minX": 117.625, "minY": 84.375, "maxX": 296.5, "maxY": 336.0}, "class_id": 0, "box_caption": "person 0.006", "scores": {"class_score": 0.00626373291015625}, "domain": "pixel"}, {"position": {"minX": 78.375, "minY": 230.375, "maxX": 152.25, "maxY": 368.5}, "class_id": 0, "box_caption": "person 0.006", "scores": {"class_score": 0.0062408447265625}, "domain": "pixel"}, {"position": {"minX": 166.0, "minY": 247.5, "maxX": 253.75, "maxY": 427.5}, "class_id": 0, "box_caption": "person 0.006", "scores": {"class_score": 0.0062408447265625}, "domain": "pixel"}, {"position": {"minX": 471.5, "minY": 16.4375, "maxX": 651.5, "maxY": 214.25}, "class_id": 0, "box_caption": "person 0.006", "scores": {"class_score": 0.00621795654296875}, "domain": "pixel"}, {"position": {"minX": 620.5, "minY": 514.5, "maxX": 694.5, "maxY": 669.5}, "class_id": 0, "box_caption": "person 0.006", "scores": {"class_score": 0.006191253662109375}, "domain": "pixel"}, {"position": {"minX": -32.90625, "minY": 307.75, "maxX": 63.78125, "maxY": 491.25}, "class_id": 0, "box_caption": "person 0.006", "scores": {"class_score": 0.006191253662109375}, "domain": "pixel"}, {"position": {"minX": 5.5625, "minY": 447.5, "maxX": 155.75, "maxY": 674.5}, "class_id": 0, "box_caption": "person 0.006", "scores": {"class_score": 0.006191253662109375}, "domain": "pixel"}, {"position": {"minX": 492.5, "minY": 227.5, "maxX": 627.5, "maxY": 445.0}, "class_id": 0, "box_caption": "person 0.006", "scores": {"class_score": 0.006168365478515625}, "domain": "pixel"}, {"position": {"minX": 481.5, "minY": 285.0, "maxX": 637.5, "maxY": 517.5}, "class_id": 0, "box_caption": "person 0.006", "scores": {"class_score": 0.006168365478515625}, "domain": "pixel"}, {"position": {"minX": 402.75, "minY": 126.1875, "maxX": 594.0, "maxY": 352.0}, "class_id": 0, "box_caption": "person 0.006", "scores": {"class_score": 0.006168365478515625}, "domain": "pixel"}, {"position": {"minX": 63.375, "minY": 99.5, "maxX": 218.375, "maxY": 449.5}, "class_id": 0, "box_caption": "person 0.006", "scores": {"class_score": 0.006168365478515625}, "domain": "pixel"}, {"position": {"minX": 222.875, "minY": 545.5, "maxX": 236.125, "maxY": 590.5}, "class_id": 0, "box_caption": "person 0.006", "scores": {"class_score": 0.006145477294921875}, "domain": "pixel"}, {"position": {"minX": 437.0, "minY": 70.0, "maxX": 558.5, "maxY": 281.75}, "class_id": 0, "box_caption": "person 0.006", "scores": {"class_score": 0.006145477294921875}, "domain": "pixel"}, {"position": {"minX": -1.1875, "minY": 397.25, "maxX": 98.625, "maxY": 598.5}, "class_id": 0, "box_caption": "person 0.006", "scores": {"class_score": 0.006145477294921875}, "domain": "pixel"}, {"position": {"minX": 158.375, "minY": -68.5, "maxX": 263.75, "maxY": 93.25}, "class_id": 0, "box_caption": "person 0.006", "scores": {"class_score": 0.006122589111328125}, "domain": "pixel"}, {"position": {"minX": 627.5, "minY": 229.5, "maxX": 688.5, "maxY": 376.0}, "class_id": 0, "box_caption": "person 0.006", "scores": {"class_score": 0.006122589111328125}, "domain": "pixel"}, {"position": {"minX": 432.5, "minY": 49.75, "maxX": 621.5, "maxY": 368.5}, "class_id": 0, "box_caption": "person 0.006", "scores": {"class_score": 0.006122589111328125}, "domain": "pixel"}, {"position": {"minX": 407.25, "minY": -27.75, "maxX": 520.0, "maxY": 128.25}, "class_id": 0, "box_caption": "person 0.006", "scores": {"class_score": 0.00609588623046875}, "domain": "pixel"}, {"position": {"minX": 560.5, "minY": 195.25, "maxX": 629.5, "maxY": 344.75}, "class_id": 0, "box_caption": "person 0.006", "scores": {"class_score": 0.00609588623046875}, "domain": "pixel"}, {"position": {"minX": -22.59375, "minY": 287.5, "maxX": 59.15625, "maxY": 447.5}, "class_id": 0, "box_caption": "person 0.006", "scores": {"class_score": 0.00609588623046875}, "domain": "pixel"}, {"position": {"minX": 611.0, "minY": -6.875, "maxX": 699.0, "maxY": 168.625}, "class_id": 0, "box_caption": "person 0.006", "scores": {"class_score": 0.006072998046875}, "domain": "pixel"}, {"position": {"minX": 620.0, "minY": 324.25, "maxX": 695.0, "maxY": 475.25}, "class_id": 0, "box_caption": "person 0.006", "scores": {"class_score": 0.0060272216796875}, "domain": "pixel"}, {"position": {"minX": 475.5, "minY": 88.4375, "maxX": 585.5, "maxY": 260.0}, "class_id": 0, "box_caption": "person 0.006", "scores": {"class_score": 0.00600433349609375}, "domain": "pixel"}, {"position": {"minX": 208.625, "minY": 168.25, "maxX": 331.0, "maxY": 375.75}, "class_id": 0, "box_caption": "person 0.006", "scores": {"class_score": 0.00600433349609375}, "domain": "pixel"}, {"position": {"minX": 417.75, "minY": 401.0, "maxX": 577.0, "maxY": 658.0}, "class_id": 0, "box_caption": "person 0.006", "scores": {"class_score": 0.00600433349609375}, "domain": "pixel"}, {"position": {"minX": 485.25, "minY": -58.4375, "maxX": 574.5, "maxY": 84.6875}, "class_id": 0, "box_caption": "person 0.006", "scores": {"class_score": 0.0059814453125}, "domain": "pixel"}, {"position": {"minX": 202.0, "minY": 448.25, "maxX": 342.0, "maxY": 674.0}, "class_id": 0, "box_caption": "person 0.006", "scores": {"class_score": 0.0059814453125}, "domain": "pixel"}, {"position": {"minX": 606.5, "minY": 575.0, "maxX": 706.5, "maxY": 738.0}, "class_id": 0, "box_caption": "person 0.006", "scores": {"class_score": 0.0059814453125}, "domain": "pixel"}, {"position": {"minX": 259.0, "minY": -57.75, "maxX": 410.5, "maxY": 152.375}, "class_id": 0, "box_caption": "person 0.006", "scores": {"class_score": 0.0059814453125}, "domain": "pixel"}, {"position": {"minX": 102.5625, "minY": 255.375, "maxX": 251.0, "maxY": 483.5}, "class_id": 0, "box_caption": "person 0.006", "scores": {"class_score": 0.0059814453125}, "domain": "pixel"}, {"position": {"minX": 574.5, "minY": 275.25, "maxX": 677.5, "maxY": 461.75}, "class_id": 0, "box_caption": "person 0.006", "scores": {"class_score": 0.00595855712890625}, "domain": "pixel"}, {"position": {"minX": 7.25, "minY": -57.59375, "maxX": 94.875, "maxY": 87.875}, "class_id": 0, "box_caption": "person 0.006", "scores": {"class_score": 0.0059356689453125}, "domain": "pixel"}, {"position": {"minX": 61.0625, "minY": 172.125, "maxX": 169.75, "maxY": 360.5}, "class_id": 0, "box_caption": "person 0.006", "scores": {"class_score": 0.0059356689453125}, "domain": "pixel"}, {"position": {"minX": 617.5, "minY": 385.0, "maxX": 697.5, "maxY": 543.5}, "class_id": 0, "box_caption": "person 0.006", "scores": {"class_score": 0.0059356689453125}, "domain": "pixel"}, {"position": {"minX": 610.0, "minY": 410.25, "maxX": 704.0, "maxY": 582.5}, "class_id": 0, "box_caption": "person 0.006", "scores": {"class_score": 0.0059356689453125}, "domain": "pixel"}, {"position": {"minX": 458.5, "minY": 433.0, "maxX": 661.5, "maxY": 692.0}, "class_id": 0, "box_caption": "person 0.006", "scores": {"class_score": 0.0059356689453125}, "domain": "pixel"}, {"position": {"minX": 533.0, "minY": 567.5, "maxX": 654.0, "maxY": 746.5}, "class_id": 0, "box_caption": "person 0.006", "scores": {"class_score": 0.00591278076171875}, "domain": "pixel"}, {"position": {"minX": 351.75, "minY": -56.0, "maxX": 452.25, "maxY": 84.875}, "class_id": 0, "box_caption": "person 0.006", "scores": {"class_score": 0.005889892578125}, "domain": "pixel"}, {"position": {"minX": 519.5, "minY": 323.5, "maxX": 663.5, "maxY": 542.0}, "class_id": 0, "box_caption": "person 0.006", "scores": {"class_score": 0.005889892578125}, "domain": "pixel"}, {"position": {"minX": 519.5, "minY": 373.25, "maxX": 666.5, "maxY": 620.5}, "class_id": 0, "box_caption": "person 0.006", "scores": {"class_score": 0.005889892578125}, "domain": "pixel"}, {"position": {"minX": 306.75, "minY": 497.0, "maxX": 429.75, "maxY": 689.0}, "class_id": 0, "box_caption": "person 0.006", "scores": {"class_score": 0.005889892578125}, "domain": "pixel"}, {"position": {"minX": 439.0, "minY": -60.25, "maxX": 557.0, "maxY": 84.75}, "class_id": 0, "box_caption": "person 0.006", "scores": {"class_score": 0.00586700439453125}, "domain": "pixel"}, {"position": {"minX": 617.0, "minY": 251.5, "maxX": 699.0, "maxY": 418.5}, "class_id": 0, "box_caption": "person 0.006", "scores": {"class_score": 0.00586700439453125}, "domain": "pixel"}, {"position": {"minX": 112.125, "minY": 491.75, "maxX": 237.375, "maxY": 697.0}, "class_id": 0, "box_caption": "person 0.006", "scores": {"class_score": 0.00586700439453125}, "domain": "pixel"}, {"position": {"minX": 427.0, "minY": 247.0, "maxX": 568.0, "maxY": 487.0}, "class_id": 0, "box_caption": "person 0.006", "scores": {"class_score": 0.00586700439453125}, "domain": "pixel"}, {"position": {"minX": 348.25, "minY": -31.875, "maxX": 454.75, "maxY": 134.0}, "class_id": 0, "box_caption": "person 0.006", "scores": {"class_score": 0.0058441162109375}, "domain": "pixel"}, {"position": {"minX": 24.6875, "minY": 170.875, "maxX": 113.1875, "maxY": 303.0}, "class_id": 0, "box_caption": "person 0.006", "scores": {"class_score": 0.0058441162109375}, "domain": "pixel"}, {"position": {"minX": -31.0, "minY": 401.5, "maxX": 66.75, "maxY": 590.0}, "class_id": 0, "box_caption": "person 0.006", "scores": {"class_score": 0.0058441162109375}, "domain": "pixel"}, {"position": {"minX": -71.25, "minY": 33.0, "maxX": 105.0, "maxY": 254.75}, "class_id": 0, "box_caption": "person 0.006", "scores": {"class_score": 0.0058441162109375}, "domain": "pixel"}, {"position": {"minX": 161.25, "minY": 387.0, "maxX": 320.75, "maxY": 669.0}, "class_id": 0, "box_caption": "person 0.006", "scores": {"class_score": 0.0058441162109375}, "domain": "pixel"}, {"position": {"minX": 30.40625, "minY": -74.5, "maxX": 129.0, "maxY": 102.25}, "class_id": 0, "box_caption": "person 0.006", "scores": {"class_score": 0.00582122802734375}, "domain": "pixel"}, {"position": {"minX": 11.625, "minY": 253.25, "maxX": 85.5625, "maxY": 415.25}, "class_id": 0, "box_caption": "person 0.006", "scores": {"class_score": 0.00582122802734375}, "domain": "pixel"}, {"position": {"minX": -28.875, "minY": 568.5, "maxX": 62.8125, "maxY": 741.5}, "class_id": 0, "box_caption": "person 0.006", "scores": {"class_score": 0.00582122802734375}, "domain": "pixel"}, {"position": {"minX": 462.0, "minY": 565.5, "maxX": 596.0, "maxY": 748.5}, "class_id": 0, "box_caption": "person 0.006", "scores": {"class_score": 0.00582122802734375}, "domain": "pixel"}, {"position": {"minX": 443.5, "minY": 38.6875, "maxX": 538.5, "maxY": 186.75}, "class_id": 0, "box_caption": "person 0.006", "scores": {"class_score": 0.00579833984375}, "domain": "pixel"}, {"position": {"minX": 488.0, "minY": 348.0, "maxX": 634.0, "maxY": 583.5}, "class_id": 0, "box_caption": "person 0.006", "scores": {"class_score": 0.00579833984375}, "domain": "pixel"}, {"position": {"minX": 385.75, "minY": -58.21875, "maxX": 482.75, "maxY": 86.125}, "class_id": 0, "box_caption": "person 0.006", "scores": {"class_score": 0.00577545166015625}, "domain": "pixel"}, {"position": {"minX": 620.5, "minY": 448.75, "maxX": 695.5, "maxY": 608.0}, "class_id": 0, "box_caption": "person 0.006", "scores": {"class_score": 0.00577545166015625}, "domain": "pixel"}, {"position": {"minX": 356.0, "minY": 475.5, "maxX": 447.5, "maxY": 644.5}, "class_id": 0, "box_caption": "person 0.006", "scores": {"class_score": 0.00577545166015625}, "domain": "pixel"}, {"position": {"minX": -65.5625, "minY": 79.25, "maxX": 96.9375, "maxY": 339.75}, "class_id": 0, "box_caption": "person 0.006", "scores": {"class_score": 0.00577545166015625}, "domain": "pixel"}, {"position": {"minX": 29.6875, "minY": -52.0625, "maxX": 192.75, "maxY": 151.0}, "class_id": 0, "box_caption": "person 0.006", "scores": {"class_score": 0.0057525634765625}, "domain": "pixel"}, {"position": {"minX": -28.96875, "minY": 465.75, "maxX": 64.75, "maxY": 653.0}, "class_id": 0, "box_caption": "person 0.006", "scores": {"class_score": 0.0057525634765625}, "domain": "pixel"}, {"position": {"minX": 26.4375, "minY": 572.5, "maxX": 135.0, "maxY": 741.5}, "class_id": 0, "box_caption": "person 0.006", "scores": {"class_score": 0.0057525634765625}, "domain": "pixel"}, {"position": {"minX": 44.34375, "minY": 270.0, "maxX": 67.1875, "maxY": 315.0}, "class_id": 0, "box_caption": "person 0.006", "scores": {"class_score": 0.00572967529296875}, "domain": "pixel"}, {"position": {"minX": 510.25, "minY": 248.75, "maxX": 674.0, "maxY": 491.25}, "class_id": 0, "box_caption": "person 0.006", "scores": {"class_score": 0.00572967529296875}, "domain": "pixel"}, {"position": {"minX": 572.0, "minY": 468.0, "maxX": 678.0, "maxY": 654.0}, "class_id": 0, "box_caption": "person 0.006", "scores": {"class_score": 0.00572967529296875}, "domain": "pixel"}, {"position": {"minX": 612.5, "minY": 480.25, "maxX": 703.5, "maxY": 640.5}, "class_id": 0, "box_caption": "person 0.006", "scores": {"class_score": 0.00572967529296875}, "domain": "pixel"}, {"position": {"minX": 523.5, "minY": 491.25, "maxX": 663.5, "maxY": 694.5}, "class_id": 0, "box_caption": "person 0.006", "scores": {"class_score": 0.00572967529296875}, "domain": "pixel"}, {"position": {"minX": 578.5, "minY": 543.5, "maxX": 671.5, "maxY": 704.5}, "class_id": 0, "box_caption": "person 0.006", "scores": {"class_score": 0.00572967529296875}, "domain": "pixel"}, {"position": {"minX": 404.0, "minY": 567.5, "maxX": 527.0, "maxY": 746.5}, "class_id": 0, "box_caption": "person 0.006", "scores": {"class_score": 0.00572967529296875}, "domain": "pixel"}, {"position": {"minX": 399.0, "minY": 192.375, "maxX": 588.5, "maxY": 420.0}, "class_id": 0, "box_caption": "person 0.006", "scores": {"class_score": 0.00572967529296875}, "domain": "pixel"}, {"position": {"minX": 285.0, "minY": 421.5, "maxX": 455.0, "maxY": 698.5}, "class_id": 0, "box_caption": "person 0.006", "scores": {"class_score": 0.00572967529296875}, "domain": "pixel"}, {"position": {"minX": 5.375, "minY": 575.0, "maxX": 94.75, "maxY": 737.0}, "class_id": 0, "box_caption": "person 0.006", "scores": {"class_score": 0.005706787109375}, "domain": "pixel"}, {"position": {"minX": 340.0, "minY": 573.5, "maxX": 463.0, "maxY": 740.5}, "class_id": 0, "box_caption": "person 0.006", "scores": {"class_score": 0.005706787109375}, "domain": "pixel"}, {"position": {"minX": 389.25, "minY": -30.25, "maxX": 610.0, "maxY": 123.5}, "class_id": 0, "box_caption": "person 0.006", "scores": {"class_score": 0.005706787109375}, "domain": "pixel"}, {"position": {"minX": 447.0, "minY": -46.5, "maxX": 678.0, "maxY": 141.0}, "class_id": 0, "box_caption": "person 0.006", "scores": {"class_score": 0.005706787109375}, "domain": "pixel"}, {"position": {"minX": 267.5, "minY": 489.5, "maxX": 406.5, "maxY": 697.5}, "class_id": 0, "box_caption": "person 0.006", "scores": {"class_score": 0.005687713623046875}, "domain": "pixel"}, {"position": {"minX": 78.3125, "minY": 531.0, "maxX": 213.25, "maxY": 721.0}, "class_id": 0, "box_caption": "person 0.006", "scores": {"class_score": 0.005687713623046875}, "domain": "pixel"}, {"position": {"minX": 52.4375, "minY": 570.0, "maxX": 172.75, "maxY": 744.0}, "class_id": 0, "box_caption": "person 0.006", "scores": {"class_score": 0.005687713623046875}, "domain": "pixel"}, {"position": {"minX": 610.0, "minY": 352.25, "maxX": 703.0, "maxY": 513.0}, "class_id": 0, "box_caption": "person 0.006", "scores": {"class_score": 0.005664825439453125}, "domain": "pixel"}, {"position": {"minX": 126.875, "minY": -67.25, "maxX": 230.125, "maxY": 92.75}, "class_id": 0, "box_caption": "person 0.006", "scores": {"class_score": 0.005641937255859375}, "domain": "pixel"}, {"position": {"minX": 423.75, "minY": -62.6875, "maxX": 503.25, "maxY": 92.8125}, "class_id": 0, "box_caption": "person 0.006", "scores": {"class_score": 0.005641937255859375}, "domain": "pixel"}, {"position": {"minX": 80.625, "minY": -38.78125, "maxX": 204.125, "maxY": 134.625}, "class_id": 0, "box_caption": "person 0.006", "scores": {"class_score": 0.005641937255859375}, "domain": "pixel"}, {"position": {"minX": 437.75, "minY": -28.0625, "maxX": 552.0, "maxY": 120.0625}, "class_id": 0, "box_caption": "person 0.006", "scores": {"class_score": 0.005641937255859375}, "domain": "pixel"}, {"position": {"minX": 447.5, "minY": 403.75, "maxX": 548.0, "maxY": 586.0}, "class_id": 0, "box_caption": "person 0.006", "scores": {"class_score": 0.005641937255859375}, "domain": "pixel"}, {"position": {"minX": 578.0, "minY": 394.5, "maxX": 674.0, "maxY": 598.5}, "class_id": 0, "box_caption": "person 0.006", "scores": {"class_score": 0.005641937255859375}, "domain": "pixel"}, {"position": {"minX": 395.5, "minY": 442.0, "maxX": 536.5, "maxY": 681.0}, "class_id": 0, "box_caption": "person 0.006", "scores": {"class_score": 0.005641937255859375}, "domain": "pixel"}, {"position": {"minX": 66.875, "minY": -64.75, "maxX": 162.375, "maxY": 91.375}, "class_id": 0, "box_caption": "person 0.006", "scores": {"class_score": 0.005619049072265625}, "domain": "pixel"}], "class_labels": {"0": "person"}}