{"box_data": [{"position": {"minX": 48.3125, "minY": 342.0, "maxX": 183.0, "maxY": 544.0}, "class_id": 0, "box_caption": "person 0.317", "scores": {"class_score": 0.3173828125}, "domain": "pixel"}, {"position": {"minX": 241.625, "minY": 386.25, "maxX": 309.0, "maxY": 545.5}, "class_id": 0, "box_caption": "person 0.223", "scores": {"class_score": 0.223388671875}, "domain": "pixel"}, {"position": {"minX": 254.625, "minY": 394.75, "maxX": 340.5, "maxY": 553.0}, "class_id": 0, "box_caption": "person 0.204", "scores": {"class_score": 0.2037353515625}, "domain": "pixel"}, {"position": {"minX": 293.0, "minY": 398.75, "maxX": 352.5, "maxY": 551.5}, "class_id": 0, "box_caption": "person 0.129", "scores": {"class_score": 0.12890625}, "domain": "pixel"}, {"position": {"minX": 400.75, "minY": 496.75, "maxX": 429.25, "maxY": 572.5}, "class_id": 0, "box_caption": "person 0.129", "scores": {"class_score": 0.1285400390625}, "domain": "pixel"}, {"position": {"minX": 610.5, "minY": 214.25, "maxX": 629.5, "maxY": 257.5}, "class_id": 0, "box_caption": "person 0.122", "scores": {"class_score": 0.12213134765625}, "domain": "pixel"}, {"position": {"minX": 91.5, "minY": 333.0, "maxX": 226.25, "maxY": 540.5}, "class_id": 0, "box_caption": "person 0.115", "scores": {"class_score": 0.11474609375}, "domain": "pixel"}, {"position": {"minX": 402.75, "minY": 496.5, "maxX": 426.25, "maxY": 549.5}, "class_id": 0, "box_caption": "person 0.114", "scores": {"class_score": 0.1143798828125}, "domain": "pixel"}, {"position": {"minX": 20.71875, "minY": 354.75, "maxX": 146.625, "maxY": 550.0}, "class_id": 0, "box_caption": "person 0.104", "scores": {"class_score": 0.10357666015625}, "domain": "pixel"}, {"position": {"minX": 214.0, "minY": 339.75, "maxX": 296.25, "maxY": 538.5}, "class_id": 0, "box_caption": "person 0.095", "scores": {"class_score": 0.0953369140625}, "domain": "pixel"}, {"position": {"minX": 580.5, "minY": 265.75, "maxX": 646.5, "maxY": 396.75}, "class_id": 0, "box_caption": "person 0.095", "scores": {"class_score": 0.0948486328125}, "domain": "pixel"}, {"position": {"minX": 555.5, "minY": 278.5, "maxX": 637.5, "maxY": 394.5}, "class_id": 0, "box_caption": "person 0.089", "scores": {"class_score": 0.089111328125}, "domain": "pixel"}, {"position": {"minX": 253.375, "minY": 424.75, "maxX": 305.25, "maxY": 548.0}, "class_id": 0, "box_caption": "person 0.089", "scores": {"class_score": 0.0885009765625}, "domain": "pixel"}, {"position": {"minX": 586.5, "minY": 234.75, "maxX": 655.5, "maxY": 384.25}, "class_id": 0, "box_caption": "person 0.075", "scores": {"class_score": 0.07476806640625}, "domain": "pixel"}, {"position": {"minX": 9.40625, "minY": 332.25, "maxX": 105.5, "maxY": 545.0}, "class_id": 0, "box_caption": "person 0.065", "scores": {"class_score": 0.06488037109375}, "domain": "pixel"}, {"position": {"minX": 294.75, "minY": 114.5, "maxX": 334.25, "maxY": 227.0}, "class_id": 0, "box_caption": "person 0.063", "scores": {"class_score": 0.06280517578125}, "domain": "pixel"}, {"position": {"minX": 589.5, "minY": 281.25, "maxX": 640.5, "maxY": 382.25}, "class_id": 0, "box_caption": "person 0.056", "scores": {"class_score": 0.0560302734375}, "domain": "pixel"}, {"position": {"minX": 246.0, "minY": 430.25, "maxX": 291.0, "maxY": 545.5}, "class_id": 0, "box_caption": "person 0.056", "scores": {"class_score": 0.0560302734375}, "domain": "pixel"}, {"position": {"minX": 544.0, "minY": 285.25, "maxX": 609.0, "maxY": 391.75}, "class_id": 0, "box_caption": "person 0.055", "scores": {"class_score": 0.055419921875}, "domain": "pixel"}, {"position": {"minX": 105.9375, "minY": 344.25, "maxX": 193.5, "maxY": 534.5}, "class_id": 0, "box_caption": "person 0.053", "scores": {"class_score": 0.05340576171875}, "domain": "pixel"}, {"position": {"minX": 220.375, "minY": 317.5, "maxX": 281.0, "maxY": 493.0}, "class_id": 0, "box_caption": "person 0.052", "scores": {"class_score": 0.0517578125}, "domain": "pixel"}, {"position": {"minX": 228.375, "minY": 415.5, "maxX": 289.5, "maxY": 559.0}, "class_id": 0, "box_caption": "person 0.051", "scores": {"class_score": 0.05072021484375}, "domain": "pixel"}, {"position": {"minX": 402.75, "minY": 523.0, "maxX": 425.75, "maxY": 580.0}, "class_id": 0, "box_caption": "person 0.048", "scores": {"class_score": 0.047943115234375}, "domain": "pixel"}, {"position": {"minX": 64.625, "minY": 363.5, "maxX": 151.125, "maxY": 546.5}, "class_id": 0, "box_caption": "person 0.047", "scores": {"class_score": 0.046722412109375}, "domain": "pixel"}, {"position": {"minX": 268.5, "minY": 447.75, "maxX": 325.0, "maxY": 556.0}, "class_id": 0, "box_caption": "person 0.046", "scores": {"class_score": 0.04638671875}, "domain": "pixel"}, {"position": {"minX": 576.0, "minY": 427.0, "maxX": 588.0, "maxY": 461.0}, "class_id": 0, "box_caption": "person 0.044", "scores": {"class_score": 0.04400634765625}, "domain": "pixel"}, {"position": {"minX": 391.25, "minY": 485.5, "maxX": 440.25, "maxY": 582.5}, "class_id": 0, "box_caption": "person 0.044", "scores": {"class_score": 0.043609619140625}, "domain": "pixel"}, {"position": {"minX": 304.5, "minY": 451.5, "maxX": 354.0, "maxY": 550.5}, "class_id": 0, "box_caption": "person 0.041", "scores": {"class_score": 0.0413818359375}, "domain": "pixel"}, {"position": {"minX": 410.25, "minY": 498.5, "maxX": 424.75, "maxY": 539.5}, "class_id": 0, "box_caption": "person 0.039", "scores": {"class_score": 0.03875732421875}, "domain": "pixel"}, {"position": {"minX": 631.0, "minY": 223.0, "maxX": 660.0, "maxY": 337.5}, "class_id": 0, "box_caption": "person 0.038", "scores": {"class_score": 0.038116455078125}, "domain": "pixel"}, {"position": {"minX": 223.25, "minY": 323.0, "maxX": 266.0, "maxY": 422.5}, "class_id": 0, "box_caption": "person 0.034", "scores": {"class_score": 0.03436279296875}, "domain": "pixel"}, {"position": {"minX": 302.0, "minY": 375.5, "maxX": 351.5, "maxY": 513.5}, "class_id": 0, "box_caption": "person 0.034", "scores": {"class_score": 0.033538818359375}, "domain": "pixel"}, {"position": {"minX": 605.5, "minY": 216.5, "maxX": 632.5, "maxY": 265.25}, "class_id": 0, "box_caption": "person 0.033", "scores": {"class_score": 0.03265380859375}, "domain": "pixel"}, {"position": {"minX": 311.0, "minY": 417.5, "maxX": 363.5, "maxY": 532.5}, "class_id": 0, "box_caption": "person 0.032", "scores": {"class_score": 0.031982421875}, "domain": "pixel"}, {"position": {"minX": 281.0, "minY": 449.0, "maxX": 345.5, "maxY": 554.0}, "class_id": 0, "box_caption": "person 0.031", "scores": {"class_score": 0.030914306640625}, "domain": "pixel"}, {"position": {"minX": 222.5, "minY": 342.0, "maxX": 251.5, "maxY": 409.0}, "class_id": 0, "box_caption": "person 0.029", "scores": {"class_score": 0.0294189453125}, "domain": "pixel"}, {"position": {"minX": 595.5, "minY": 223.75, "maxX": 620.5, "maxY": 259.25}, "class_id": 0, "box_caption": "person 0.029", "scores": {"class_score": 0.0285491943359375}, "domain": "pixel"}, {"position": {"minX": 53.0625, "minY": 359.25, "maxX": 214.0, "maxY": 604.0}, "class_id": 0, "box_caption": "person 0.028", "scores": {"class_score": 0.0276947021484375}, "domain": "pixel"}, {"position": {"minX": 612.5, "minY": 221.625, "maxX": 663.5, "maxY": 377.5}, "class_id": 0, "box_caption": "person 0.028", "scores": {"class_score": 0.02752685546875}, "domain": "pixel"}, {"position": {"minX": 13.84375, "minY": 410.25, "maxX": 86.625, "maxY": 571.0}, "class_id": 0, "box_caption": "person 0.026", "scores": {"class_score": 0.025665283203125}, "domain": "pixel"}, {"position": {"minX": 348.5, "minY": 186.375, "maxX": 513.5, "maxY": 368.5}, "class_id": 0, "box_caption": "person 0.026", "scores": {"class_score": 0.0256195068359375}, "domain": "pixel"}, {"position": {"minX": 401.25, "minY": 537.5, "maxX": 423.75, "maxY": 587.5}, "class_id": 0, "box_caption": "person 0.025", "scores": {"class_score": 0.0246124267578125}, "domain": "pixel"}, {"position": {"minX": 370.25, "minY": 233.25, "maxX": 489.75, "maxY": 380.25}, "class_id": 0, "box_caption": "person 0.025", "scores": {"class_score": 0.0245208740234375}, "domain": "pixel"}, {"position": {"minX": 641.0, "minY": 410.0, "maxX": 658.0, "maxY": 458.0}, "class_id": 0, "box_caption": "person 0.024", "scores": {"class_score": 0.0243377685546875}, "domain": "pixel"}, {"position": {"minX": 236.25, "minY": 368.25, "maxX": 297.75, "maxY": 520.0}, "class_id": 0, "box_caption": "person 0.024", "scores": {"class_score": 0.02423095703125}, "domain": "pixel"}, {"position": {"minX": 119.125, "minY": 337.0, "maxX": 292.5, "maxY": 535.0}, "class_id": 0, "box_caption": "person 0.024", "scores": {"class_score": 0.0241851806640625}, "domain": "pixel"}, {"position": {"minX": 435.25, "minY": 296.75, "maxX": 471.25, "maxY": 379.75}, "class_id": 0, "box_caption": "person 0.024", "scores": {"class_score": 0.0240020751953125}, "domain": "pixel"}, {"position": {"minX": 359.25, "minY": 491.5, "maxX": 477.25, "maxY": 605.5}, "class_id": 0, "box_caption": "person 0.024", "scores": {"class_score": 0.023956298828125}, "domain": "pixel"}, {"position": {"minX": 112.0, "minY": 301.75, "maxX": 183.0, "maxY": 464.25}, "class_id": 0, "box_caption": "person 0.024", "scores": {"class_score": 0.0235137939453125}, "domain": "pixel"}, {"position": {"minX": 538.0, "minY": 263.75, "maxX": 653.0, "maxY": 408.25}, "class_id": 0, "box_caption": "person 0.023", "scores": {"class_score": 0.0228424072265625}, "domain": "pixel"}, {"position": {"minX": 279.25, "minY": 478.75, "maxX": 307.25, "maxY": 553.0}, "class_id": 0, "box_caption": "person 0.023", "scores": {"class_score": 0.0226287841796875}, "domain": "pixel"}, {"position": {"minX": 353.5, "minY": 146.125, "maxX": 574.0, "maxY": 343.0}, "class_id": 0, "box_caption": "person 0.022", "scores": {"class_score": 0.0224609375}, "domain": "pixel"}, {"position": {"minX": 364.0, "minY": 286.5, "maxX": 427.5, "maxY": 378.0}, "class_id": 0, "box_caption": "person 0.022", "scores": {"class_score": 0.0224151611328125}, "domain": "pixel"}, {"position": {"minX": 290.0, "minY": 116.5625, "maxX": 312.5, "maxY": 179.75}, "class_id": 0, "box_caption": "person 0.021", "scores": {"class_score": 0.021209716796875}, "domain": "pixel"}, {"position": {"minX": 355.5, "minY": 241.25, "maxX": 454.0, "maxY": 380.25}, "class_id": 0, "box_caption": "person 0.021", "scores": {"class_score": 0.0210418701171875}, "domain": "pixel"}, {"position": {"minX": 226.0, "minY": 405.5, "maxX": 330.5, "maxY": 566.0}, "class_id": 0, "box_caption": "person 0.020", "scores": {"class_score": 0.02044677734375}, "domain": "pixel"}, {"position": {"minX": 493.5, "minY": 480.0, "maxX": 509.5, "maxY": 503.0}, "class_id": 0, "box_caption": "person 0.020", "scores": {"class_score": 0.020172119140625}, "domain": "pixel"}, {"position": {"minX": 74.75, "minY": 384.5, "maxX": 194.75, "maxY": 548.5}, "class_id": 0, "box_caption": "person 0.020", "scores": {"class_score": 0.0200958251953125}, "domain": "pixel"}, {"position": {"minX": 7.375, "minY": 382.5, "maxX": 154.375, "maxY": 659.5}, "class_id": 0, "box_caption": "person 0.020", "scores": {"class_score": 0.0200958251953125}, "domain": "pixel"}, {"position": {"minX": 398.0, "minY": 494.0, "maxX": 423.0, "maxY": 538.0}, "class_id": 0, "box_caption": "person 0.020", "scores": {"class_score": 0.019989013671875}, "domain": "pixel"}, {"position": {"minX": 285.5, "minY": 109.625, "maxX": 322.5, "maxY": 228.125}, "class_id": 0, "box_caption": "person 0.020", "scores": {"class_score": 0.0199432373046875}, "domain": "pixel"}, {"position": {"minX": 393.25, "minY": 280.5, "maxX": 473.25, "maxY": 378.5}, "class_id": 0, "box_caption": "person 0.019", "scores": {"class_score": 0.0190887451171875}, "domain": "pixel"}, {"position": {"minX": 72.125, "minY": 302.0, "maxX": 195.625, "maxY": 519.0}, "class_id": 0, "box_caption": "person 0.019", "scores": {"class_score": 0.019012451171875}, "domain": "pixel"}, {"position": {"minX": 418.75, "minY": 282.25, "maxX": 481.75, "maxY": 375.25}, "class_id": 0, "box_caption": "person 0.019", "scores": {"class_score": 0.0185394287109375}, "domain": "pixel"}, {"position": {"minX": 271.0, "minY": 395.0, "maxX": 376.5, "maxY": 552.0}, "class_id": 0, "box_caption": "person 0.018", "scores": {"class_score": 0.017578125}, "domain": "pixel"}, {"position": {"minX": 601.0, "minY": 208.5, "maxX": 647.0, "maxY": 291.5}, "class_id": 0, "box_caption": "person 0.018", "scores": {"class_score": 0.01751708984375}, "domain": "pixel"}, {"position": {"minX": 16.53125, "minY": 55.875, "maxX": 70.375, "maxY": 236.625}, "class_id": 0, "box_caption": "person 0.017", "scores": {"class_score": 0.0170440673828125}, "domain": "pixel"}, {"position": {"minX": 530.0, "minY": 224.0, "maxX": 552.0, "maxY": 267.75}, "class_id": 0, "box_caption": "person 0.016", "scores": {"class_score": 0.015899658203125}, "domain": "pixel"}, {"position": {"minX": 540.0, "minY": 225.5, "maxX": 559.0, "maxY": 275.25}, "class_id": 0, "box_caption": "person 0.016", "scores": {"class_score": 0.0156707763671875}, "domain": "pixel"}, {"position": {"minX": 231.5, "minY": 357.0, "maxX": 359.5, "maxY": 541.5}, "class_id": 0, "box_caption": "person 0.016", "scores": {"class_score": 0.01560211181640625}, "domain": "pixel"}, {"position": {"minX": 242.125, "minY": 464.0, "maxX": 273.0, "maxY": 544.5}, "class_id": 0, "box_caption": "person 0.015", "scores": {"class_score": 0.0154876708984375}, "domain": "pixel"}, {"position": {"minX": 12.84375, "minY": 433.0, "maxX": 77.0, "maxY": 616.0}, "class_id": 0, "box_caption": "person 0.015", "scores": {"class_score": 0.0154266357421875}, "domain": "pixel"}, {"position": {"minX": 25.0, "minY": 49.375, "maxX": 327.0, "maxY": 243.375}, "class_id": 0, "box_caption": "person 0.015", "scores": {"class_score": 0.01473236083984375}, "domain": "pixel"}, {"position": {"minX": 230.0, "minY": 326.0, "maxX": 256.5, "maxY": 404.5}, "class_id": 0, "box_caption": "person 0.014", "scores": {"class_score": 0.01433563232421875}, "domain": "pixel"}, {"position": {"minX": 633.5, "minY": 229.25, "maxX": 655.5, "maxY": 313.75}, "class_id": 0, "box_caption": "person 0.014", "scores": {"class_score": 0.0141754150390625}, "domain": "pixel"}, {"position": {"minX": 257.75, "minY": 361.25, "maxX": 326.25, "maxY": 525.5}, "class_id": 0, "box_caption": "person 0.014", "scores": {"class_score": 0.0141754150390625}, "domain": "pixel"}, {"position": {"minX": 342.0, "minY": 111.6875, "maxX": 525.0, "maxY": 304.25}, "class_id": 0, "box_caption": "person 0.014", "scores": {"class_score": 0.0137939453125}, "domain": "pixel"}, {"position": {"minX": 236.25, "minY": 433.5, "maxX": 279.75, "maxY": 544.0}, "class_id": 0, "box_caption": "person 0.014", "scores": {"class_score": 0.0135345458984375}, "domain": "pixel"}, {"position": {"minX": 366.25, "minY": 304.25, "maxX": 409.25, "maxY": 391.75}, "class_id": 0, "box_caption": "person 0.013", "scores": {"class_score": 0.01332855224609375}, "domain": "pixel"}, {"position": {"minX": 137.0, "minY": 307.75, "maxX": 184.25, "maxY": 440.25}, "class_id": 0, "box_caption": "person 0.013", "scores": {"class_score": 0.01332855224609375}, "domain": "pixel"}, {"position": {"minX": 229.5, "minY": 311.25, "maxX": 300.5, "maxY": 510.25}, "class_id": 0, "box_caption": "person 0.013", "scores": {"class_score": 0.01322174072265625}, "domain": "pixel"}, {"position": {"minX": 284.75, "minY": 101.625, "maxX": 341.75, "maxY": 220.625}, "class_id": 0, "box_caption": "person 0.013", "scores": {"class_score": 0.01306915283203125}, "domain": "pixel"}, {"position": {"minX": 538.0, "minY": 268.0, "maxX": 625.0, "maxY": 371.0}, "class_id": 0, "box_caption": "person 0.013", "scores": {"class_score": 0.01287078857421875}, "domain": "pixel"}, {"position": {"minX": 331.5, "minY": 58.9375, "maxX": 656.5, "maxY": 288.25}, "class_id": 0, "box_caption": "person 0.013", "scores": {"class_score": 0.01287078857421875}, "domain": "pixel"}, {"position": {"minX": 329.75, "minY": 482.75, "maxX": 512.5, "maxY": 622.0}, "class_id": 0, "box_caption": "person 0.013", "scores": {"class_score": 0.012725830078125}, "domain": "pixel"}, {"position": {"minX": 395.75, "minY": 489.75, "maxX": 416.25, "maxY": 542.5}, "class_id": 0, "box_caption": "person 0.012", "scores": {"class_score": 0.01242828369140625}, "domain": "pixel"}, {"position": {"minX": 305.75, "minY": 433.0, "maxX": 389.25, "maxY": 555.0}, "class_id": 0, "box_caption": "person 0.012", "scores": {"class_score": 0.01214599609375}, "domain": "pixel"}, {"position": {"minX": 186.0, "minY": 368.0, "maxX": 314.0, "maxY": 551.0}, "class_id": 0, "box_caption": "person 0.012", "scores": {"class_score": 0.0121002197265625}, "domain": "pixel"}, {"position": {"minX": 289.0, "minY": 111.75, "maxX": 318.0, "maxY": 196.25}, "class_id": 0, "box_caption": "person 0.012", "scores": {"class_score": 0.012054443359375}, "domain": "pixel"}, {"position": {"minX": 405.5, "minY": 494.75, "maxX": 430.5, "maxY": 536.5}, "class_id": 0, "box_caption": "person 0.012", "scores": {"class_score": 0.01177978515625}, "domain": "pixel"}, {"position": {"minX": 310.75, "minY": 477.5, "maxX": 338.75, "maxY": 541.0}, "class_id": 0, "box_caption": "person 0.012", "scores": {"class_score": 0.0117340087890625}, "domain": "pixel"}, {"position": {"minX": 2.4375, "minY": 277.25, "maxX": 142.0, "maxY": 541.0}, "class_id": 0, "box_caption": "person 0.012", "scores": {"class_score": 0.0117340087890625}, "domain": "pixel"}, {"position": {"minX": 260.5, "minY": 474.75, "maxX": 307.5, "maxY": 558.0}, "class_id": 0, "box_caption": "person 0.011", "scores": {"class_score": 0.01146697998046875}, "domain": "pixel"}, {"position": {"minX": 529.0, "minY": 297.0, "maxX": 619.0, "maxY": 408.0}, "class_id": 0, "box_caption": "person 0.011", "scores": {"class_score": 0.01137542724609375}, "domain": "pixel"}, {"position": {"minX": 367.0, "minY": 534.5, "maxX": 379.5, "maxY": 558.5}, "class_id": 0, "box_caption": "person 0.011", "scores": {"class_score": 0.0112457275390625}, "domain": "pixel"}, {"position": {"minX": 377.0, "minY": 478.5, "maxX": 454.5, "maxY": 596.5}, "class_id": 0, "box_caption": "person 0.011", "scores": {"class_score": 0.01111602783203125}, "domain": "pixel"}, {"position": {"minX": 114.5, "minY": 320.25, "maxX": 207.5, "maxY": 497.25}, "class_id": 0, "box_caption": "person 0.011", "scores": {"class_score": 0.01107025146484375}, "domain": "pixel"}, {"position": {"minX": 638.5, "minY": 394.75, "maxX": 657.5, "maxY": 466.25}, "class_id": 0, "box_caption": "person 0.011", "scores": {"class_score": 0.01107025146484375}, "domain": "pixel"}, {"position": {"minX": 377.5, "minY": 215.0, "maxX": 536.5, "maxY": 385.5}, "class_id": 0, "box_caption": "person 0.011", "scores": {"class_score": 0.01085662841796875}, "domain": "pixel"}, {"position": {"minX": 396.25, "minY": 527.5, "maxX": 420.25, "maxY": 584.5}, "class_id": 0, "box_caption": "person 0.011", "scores": {"class_score": 0.010650634765625}, "domain": "pixel"}, {"position": {"minX": 283.0, "minY": 472.5, "maxX": 313.5, "maxY": 543.5}, "class_id": 0, "box_caption": "person 0.011", "scores": {"class_score": 0.01056671142578125}, "domain": "pixel"}, {"position": {"minX": 612.0, "minY": 213.625, "maxX": 641.0, "maxY": 276.75}, "class_id": 0, "box_caption": "person 0.011", "scores": {"class_score": 0.010528564453125}, "domain": "pixel"}, {"position": {"minX": 615.5, "minY": 210.75, "maxX": 658.5, "maxY": 325.25}, "class_id": 0, "box_caption": "person 0.010", "scores": {"class_score": 0.01049041748046875}, "domain": "pixel"}, {"position": {"minX": 20.8125, "minY": 65.8125, "maxX": 58.25, "maxY": 210.0}, "class_id": 0, "box_caption": "person 0.010", "scores": {"class_score": 0.010406494140625}, "domain": "pixel"}, {"position": {"minX": 299.0, "minY": 389.5, "maxX": 329.5, "maxY": 457.5}, "class_id": 0, "box_caption": "person 0.010", "scores": {"class_score": 0.0103302001953125}, "domain": "pixel"}, {"position": {"minX": 589.5, "minY": 228.375, "maxX": 606.5, "maxY": 263.0}, "class_id": 0, "box_caption": "person 0.010", "scores": {"class_score": 0.01024627685546875}, "domain": "pixel"}, {"position": {"minX": 277.5, "minY": 114.9375, "maxX": 327.0, "maxY": 252.75}, "class_id": 0, "box_caption": "person 0.010", "scores": {"class_score": 0.01024627685546875}, "domain": "pixel"}, {"position": {"minX": 252.25, "minY": 433.5, "maxX": 285.25, "maxY": 522.5}, "class_id": 0, "box_caption": "person 0.010", "scores": {"class_score": 0.01016998291015625}, "domain": "pixel"}, {"position": {"minX": 594.5, "minY": 226.875, "maxX": 613.5, "maxY": 262.0}, "class_id": 0, "box_caption": "person 0.010", "scores": {"class_score": 0.0101318359375}, "domain": "pixel"}, {"position": {"minX": 390.75, "minY": 168.5, "maxX": 587.0, "maxY": 314.75}, "class_id": 0, "box_caption": "person 0.010", "scores": {"class_score": 0.00981903076171875}, "domain": "pixel"}, {"position": {"minX": 353.75, "minY": 282.0, "maxX": 407.25, "maxY": 381.5}, "class_id": 0, "box_caption": "person 0.010", "scores": {"class_score": 0.00971221923828125}, "domain": "pixel"}, {"position": {"minX": 222.125, "minY": 384.75, "maxX": 285.5, "maxY": 529.0}, "class_id": 0, "box_caption": "person 0.010", "scores": {"class_score": 0.00971221923828125}, "domain": "pixel"}, {"position": {"minX": 372.0, "minY": 508.25, "maxX": 689.0, "maxY": 667.0}, "class_id": 0, "box_caption": "person 0.010", "scores": {"class_score": 0.00971221923828125}, "domain": "pixel"}, {"position": {"minX": 553.5, "minY": 277.0, "maxX": 604.5, "maxY": 368.5}, "class_id": 0, "box_caption": "person 0.010", "scores": {"class_score": 0.00963592529296875}, "domain": "pixel"}, {"position": {"minX": 576.0, "minY": 230.5, "maxX": 600.0, "maxY": 259.75}, "class_id": 0, "box_caption": "person 0.010", "scores": {"class_score": 0.0095977783203125}, "domain": "pixel"}, {"position": {"minX": 143.5, "minY": 56.375, "maxX": 330.75, "maxY": 243.625}, "class_id": 0, "box_caption": "person 0.010", "scores": {"class_score": 0.00955963134765625}, "domain": "pixel"}, {"position": {"minX": 4.375, "minY": 324.75, "maxX": 62.125, "maxY": 550.0}, "class_id": 0, "box_caption": "person 0.010", "scores": {"class_score": 0.009521484375}, "domain": "pixel"}, {"position": {"minX": 125.1875, "minY": 372.25, "maxX": 205.75, "maxY": 536.5}, "class_id": 0, "box_caption": "person 0.009", "scores": {"class_score": 0.00926971435546875}, "domain": "pixel"}, {"position": {"minX": 40.21875, "minY": 326.5, "maxX": 136.5, "maxY": 522.5}, "class_id": 0, "box_caption": "person 0.009", "scores": {"class_score": 0.0092315673828125}, "domain": "pixel"}, {"position": {"minX": 16.25, "minY": 360.0, "maxX": 263.0, "maxY": 681.0}, "class_id": 0, "box_caption": "person 0.009", "scores": {"class_score": 0.0092315673828125}, "domain": "pixel"}, {"position": {"minX": 292.0, "minY": 383.25, "maxX": 343.5, "maxY": 494.75}, "class_id": 0, "box_caption": "person 0.009", "scores": {"class_score": 0.00905609130859375}, "domain": "pixel"}, {"position": {"minX": 563.0, "minY": 203.0, "maxX": 647.0, "maxY": 366.0}, "class_id": 0, "box_caption": "person 0.009", "scores": {"class_score": 0.00905609130859375}, "domain": "pixel"}, {"position": {"minX": 573.0, "minY": 291.75, "maxX": 635.0, "maxY": 416.25}, "class_id": 0, "box_caption": "person 0.009", "scores": {"class_score": 0.0089874267578125}, "domain": "pixel"}, {"position": {"minX": 265.0, "minY": 459.5, "maxX": 674.0, "maxY": 663.5}, "class_id": 0, "box_caption": "person 0.009", "scores": {"class_score": 0.0089874267578125}, "domain": "pixel"}, {"position": {"minX": 591.0, "minY": 186.25, "maxX": 649.0, "maxY": 314.75}, "class_id": 0, "box_caption": "person 0.009", "scores": {"class_score": 0.00891876220703125}, "domain": "pixel"}, {"position": {"minX": 209.25, "minY": 297.75, "maxX": 318.75, "maxY": 528.0}, "class_id": 0, "box_caption": "person 0.009", "scores": {"class_score": 0.008880615234375}, "domain": "pixel"}, {"position": {"minX": 554.5, "minY": 229.75, "maxX": 578.5, "maxY": 260.25}, "class_id": 0, "box_caption": "person 0.009", "scores": {"class_score": 0.00885009765625}, "domain": "pixel"}, {"position": {"minX": 352.0, "minY": 173.875, "maxX": 464.0, "maxY": 312.5}, "class_id": 0, "box_caption": "person 0.009", "scores": {"class_score": 0.00881195068359375}, "domain": "pixel"}, {"position": {"minX": 162.75, "minY": 320.0, "maxX": 273.25, "maxY": 495.0}, "class_id": 0, "box_caption": "person 0.009", "scores": {"class_score": 0.00881195068359375}, "domain": "pixel"}, {"position": {"minX": 1.59375, "minY": 375.0, "maxX": 117.125, "maxY": 605.0}, "class_id": 0, "box_caption": "person 0.009", "scores": {"class_score": 0.0087432861328125}, "domain": "pixel"}, {"position": {"minX": 285.5, "minY": 481.75, "maxX": 336.5, "maxY": 549.5}, "class_id": 0, "box_caption": "person 0.009", "scores": {"class_score": 0.008575439453125}, "domain": "pixel"}, {"position": {"minX": 224.125, "minY": 355.5, "maxX": 247.625, "maxY": 405.0}, "class_id": 0, "box_caption": "person 0.009", "scores": {"class_score": 0.008514404296875}, "domain": "pixel"}, {"position": {"minX": 303.25, "minY": 115.0, "maxX": 335.75, "maxY": 196.5}, "class_id": 0, "box_caption": "person 0.009", "scores": {"class_score": 0.008514404296875}, "domain": "pixel"}, {"position": {"minX": 186.75, "minY": 302.25, "maxX": 285.75, "maxY": 538.0}, "class_id": 0, "box_caption": "person 0.008", "scores": {"class_score": 0.00844573974609375}, "domain": "pixel"}, {"position": {"minX": 11.71875, "minY": 49.6875, "maxX": 136.625, "maxY": 240.0}, "class_id": 0, "box_caption": "person 0.008", "scores": {"class_score": 0.0082550048828125}, "domain": "pixel"}, {"position": {"minX": 546.0, "minY": 228.625, "maxX": 565.0, "maxY": 274.0}, "class_id": 0, "box_caption": "person 0.008", "scores": {"class_score": 0.00818634033203125}, "domain": "pixel"}, {"position": {"minX": 487.75, "minY": 475.0, "maxX": 513.5, "maxY": 504.5}, "class_id": 0, "box_caption": "person 0.008", "scores": {"class_score": 0.00818634033203125}, "domain": "pixel"}, {"position": {"minX": 246.125, "minY": 484.75, "maxX": 270.75, "maxY": 545.5}, "class_id": 0, "box_caption": "person 0.008", "scores": {"class_score": 0.00815582275390625}, "domain": "pixel"}, {"position": {"minX": 120.5625, "minY": 319.75, "maxX": 176.375, "maxY": 437.25}, "class_id": 0, "box_caption": "person 0.008", "scores": {"class_score": 0.00806427001953125}, "domain": "pixel"}, {"position": {"minX": 10.203125, "minY": 415.25, "maxX": 58.1875, "maxY": 576.5}, "class_id": 0, "box_caption": "person 0.008", "scores": {"class_score": 0.00806427001953125}, "domain": "pixel"}, {"position": {"minX": 394.5, "minY": 528.5, "maxX": 431.0, "maxY": 591.5}, "class_id": 0, "box_caption": "person 0.008", "scores": {"class_score": 0.00800323486328125}, "domain": "pixel"}, {"position": {"minX": 15.34375, "minY": 461.5, "maxX": 60.40625, "maxY": 548.5}, "class_id": 0, "box_caption": "person 0.008", "scores": {"class_score": 0.0079345703125}, "domain": "pixel"}, {"position": {"minX": 305.75, "minY": 338.75, "maxX": 357.25, "maxY": 484.75}, "class_id": 0, "box_caption": "person 0.008", "scores": {"class_score": 0.007904052734375}, "domain": "pixel"}, {"position": {"minX": 407.5, "minY": 528.0, "maxX": 424.5, "maxY": 571.0}, "class_id": 0, "box_caption": "person 0.008", "scores": {"class_score": 0.007843017578125}, "domain": "pixel"}, {"position": {"minX": 204.0, "minY": 69.0625, "maxX": 345.0, "maxY": 238.0}, "class_id": 0, "box_caption": "person 0.008", "scores": {"class_score": 0.0078125}, "domain": "pixel"}, {"position": {"minX": 549.0, "minY": 301.25, "maxX": 591.0, "maxY": 376.25}, "class_id": 0, "box_caption": "person 0.008", "scores": {"class_score": 0.00763702392578125}, "domain": "pixel"}, {"position": {"minX": 603.0, "minY": 279.5, "maxX": 646.0, "maxY": 404.0}, "class_id": 0, "box_caption": "person 0.007", "scores": {"class_score": 0.0074615478515625}, "domain": "pixel"}, {"position": {"minX": 59.46875, "minY": 288.75, "maxX": 170.75, "maxY": 481.25}, "class_id": 0, "box_caption": "person 0.007", "scores": {"class_score": 0.00731658935546875}, "domain": "pixel"}, {"position": {"minX": 230.5, "minY": 301.25, "maxX": 274.0, "maxY": 442.75}, "class_id": 0, "box_caption": "person 0.007", "scores": {"class_score": 0.00731658935546875}, "domain": "pixel"}, {"position": {"minX": 448.25, "minY": 302.5, "maxX": 476.75, "maxY": 379.0}, "class_id": 0, "box_caption": "person 0.007", "scores": {"class_score": 0.007289886474609375}, "domain": "pixel"}, {"position": {"minX": 327.5, "minY": 440.25, "maxX": 370.0, "maxY": 531.0}, "class_id": 0, "box_caption": "person 0.007", "scores": {"class_score": 0.007289886474609375}, "domain": "pixel"}, {"position": {"minX": 534.5, "minY": 217.0, "maxX": 559.5, "maxY": 265.5}, "class_id": 0, "box_caption": "person 0.007", "scores": {"class_score": 0.007232666015625}, "domain": "pixel"}, {"position": {"minX": 474.25, "minY": 188.125, "maxX": 587.5, "maxY": 293.25}, "class_id": 0, "box_caption": "person 0.007", "scores": {"class_score": 0.007232666015625}, "domain": "pixel"}, {"position": {"minX": 195.125, "minY": 330.75, "maxX": 251.625, "maxY": 413.25}, "class_id": 0, "box_caption": "person 0.007", "scores": {"class_score": 0.0070953369140625}, "domain": "pixel"}, {"position": {"minX": 459.75, "minY": 572.5, "maxX": 662.5, "maxY": 661.5}, "class_id": 0, "box_caption": "person 0.007", "scores": {"class_score": 0.0070648193359375}, "domain": "pixel"}, {"position": {"minX": 606.5, "minY": 203.875, "maxX": 630.5, "maxY": 253.125}, "class_id": 0, "box_caption": "person 0.007", "scores": {"class_score": 0.00690460205078125}, "domain": "pixel"}, {"position": {"minX": 290.0, "minY": 121.8125, "maxX": 343.5, "maxY": 260.25}, "class_id": 0, "box_caption": "person 0.007", "scores": {"class_score": 0.006511688232421875}, "domain": "pixel"}, {"position": {"minX": 388.0, "minY": 496.75, "maxX": 419.5, "maxY": 547.0}, "class_id": 0, "box_caption": "person 0.006", "scores": {"class_score": 0.006488800048828125}, "domain": "pixel"}, {"position": {"minX": 572.0, "minY": 426.5, "maxX": 591.0, "maxY": 465.0}, "class_id": 0, "box_caption": "person 0.006", "scores": {"class_score": 0.006389617919921875}, "domain": "pixel"}, {"position": {"minX": 532.5, "minY": 302.75, "maxX": 589.5, "maxY": 388.25}, "class_id": 0, "box_caption": "person 0.006", "scores": {"class_score": 0.0063629150390625}, "domain": "pixel"}, {"position": {"minX": 12.421875, "minY": 10.375, "maxX": 74.9375, "maxY": 165.125}, "class_id": 0, "box_caption": "person 0.006", "scores": {"class_score": 0.0063629150390625}, "domain": "pixel"}, {"position": {"minX": 9.71875, "minY": 21.6875, "maxX": 59.59375, "maxY": 214.0}, "class_id": 0, "box_caption": "person 0.006", "scores": {"class_score": 0.0063629150390625}, "domain": "pixel"}, {"position": {"minX": 48.3125, "minY": 391.0, "maxX": 134.0, "maxY": 552.0}, "class_id": 0, "box_caption": "person 0.006", "scores": {"class_score": 0.006313323974609375}, "domain": "pixel"}, {"position": {"minX": 250.0, "minY": 478.0, "maxX": 284.5, "maxY": 548.0}, "class_id": 0, "box_caption": "person 0.006", "scores": {"class_score": 0.006290435791015625}, "domain": "pixel"}, {"position": {"minX": 644.5, "minY": 421.5, "maxX": 657.5, "maxY": 459.5}, "class_id": 0, "box_caption": "person 0.006", "scores": {"class_score": 0.0062408447265625}, "domain": "pixel"}, {"position": {"minX": 17.875, "minY": 47.625, "maxX": 208.875, "maxY": 238.625}, "class_id": 0, "box_caption": "person 0.006", "scores": {"class_score": 0.0062408447265625}, "domain": "pixel"}, {"position": {"minX": 271.75, "minY": 346.5, "maxX": 329.75, "maxY": 485.5}, "class_id": 0, "box_caption": "person 0.006", "scores": {"class_score": 0.006168365478515625}, "domain": "pixel"}, {"position": {"minX": 305.75, "minY": 386.5, "maxX": 342.25, "maxY": 468.5}, "class_id": 0, "box_caption": "person 0.006", "scores": {"class_score": 0.006145477294921875}, "domain": "pixel"}, {"position": {"minX": 271.0, "minY": 498.5, "maxX": 311.0, "maxY": 554.5}, "class_id": 0, "box_caption": "person 0.006", "scores": {"class_score": 0.00609588623046875}, "domain": "pixel"}, {"position": {"minX": 331.75, "minY": 434.25, "maxX": 363.25, "maxY": 511.25}, "class_id": 0, "box_caption": "person 0.006", "scores": {"class_score": 0.00605010986328125}, "domain": "pixel"}, {"position": {"minX": 218.5, "minY": 284.75, "maxX": 270.5, "maxY": 415.75}, "class_id": 0, "box_caption": "person 0.006", "scores": {"class_score": 0.00605010986328125}, "domain": "pixel"}, {"position": {"minX": 236.25, "minY": 337.5, "maxX": 292.75, "maxY": 484.5}, "class_id": 0, "box_caption": "person 0.006", "scores": {"class_score": 0.00595855712890625}, "domain": "pixel"}, {"position": {"minX": 346.0, "minY": 139.875, "maxX": 469.0, "maxY": 285.0}, "class_id": 0, "box_caption": "person 0.006", "scores": {"class_score": 0.00586700439453125}, "domain": "pixel"}, {"position": {"minX": 297.25, "minY": 385.0, "maxX": 319.25, "maxY": 443.0}, "class_id": 0, "box_caption": "person 0.006", "scores": {"class_score": 0.00582122802734375}, "domain": "pixel"}, {"position": {"minX": 210.25, "minY": 424.0, "maxX": 301.75, "maxY": 600.0}, "class_id": 0, "box_caption": "person 0.006", "scores": {"class_score": 0.00582122802734375}, "domain": "pixel"}, {"position": {"minX": 19.28125, "minY": 455.25, "maxX": 45.96875, "maxY": 558.0}, "class_id": 0, "box_caption": "person 0.006", "scores": {"class_score": 0.00579833984375}, "domain": "pixel"}, {"position": {"minX": 350.75, "minY": 292.5, "maxX": 402.75, "maxY": 431.5}, "class_id": 0, "box_caption": "person 0.006", "scores": {"class_score": 0.00579833984375}, "domain": "pixel"}, {"position": {"minX": 560.0, "minY": 265.0, "maxX": 664.0, "maxY": 447.0}, "class_id": 0, "box_caption": "person 0.006", "scores": {"class_score": 0.00579833984375}, "domain": "pixel"}, {"position": {"minX": 294.25, "minY": 107.875, "maxX": 325.75, "maxY": 182.125}, "class_id": 0, "box_caption": "person 0.006", "scores": {"class_score": 0.00572967529296875}, "domain": "pixel"}, {"position": {"minX": 580.5, "minY": 211.375, "maxX": 634.5, "maxY": 282.0}, "class_id": 0, "box_caption": "person 0.006", "scores": {"class_score": 0.00572967529296875}, "domain": "pixel"}, {"position": {"minX": 97.375, "minY": 466.75, "maxX": 121.375, "maxY": 549.5}, "class_id": 0, "box_caption": "person 0.006", "scores": {"class_score": 0.005641937255859375}, "domain": "pixel"}, {"position": {"minX": 145.125, "minY": 327.25, "maxX": 188.125, "maxY": 427.75}, "class_id": 0, "box_caption": "person 0.006", "scores": {"class_score": 0.005535125732421875}, "domain": "pixel"}, {"position": {"minX": 88.125, "minY": 330.5, "maxX": 183.375, "maxY": 489.0}, "class_id": 0, "box_caption": "person 0.005", "scores": {"class_score": 0.00547027587890625}, "domain": "pixel"}, {"position": {"minX": 55.375, "minY": 92.3125, "maxX": 294.5, "maxY": 235.5}, "class_id": 0, "box_caption": "person 0.005", "scores": {"class_score": 0.00547027587890625}, "domain": "pixel"}, {"position": {"minX": 551.0, "minY": 230.625, "maxX": 574.0, "maxY": 269.75}, "class_id": 0, "box_caption": "person 0.005", "scores": {"class_score": 0.005428314208984375}, "domain": "pixel"}, {"position": {"minX": 292.25, "minY": 126.0, "maxX": 309.75, "maxY": 170.5}, "class_id": 0, "box_caption": "person 0.005", "scores": {"class_score": 0.005405426025390625}, "domain": "pixel"}, {"position": {"minX": 440.25, "minY": 292.5, "maxX": 484.75, "maxY": 368.5}, "class_id": 0, "box_caption": "person 0.005", "scores": {"class_score": 0.00536346435546875}, "domain": "pixel"}, {"position": {"minX": 74.5625, "minY": 422.5, "maxX": 137.625, "maxY": 546.0}, "class_id": 0, "box_caption": "person 0.005", "scores": {"class_score": 0.00536346435546875}, "domain": "pixel"}, {"position": {"minX": 105.5, "minY": 570.5, "maxX": 508.5, "maxY": 670.5}, "class_id": 0, "box_caption": "person 0.005", "scores": {"class_score": 0.005344390869140625}, "domain": "pixel"}, {"position": {"minX": 315.25, "minY": 392.0, "maxX": 356.25, "maxY": 494.0}, "class_id": 0, "box_caption": "person 0.005", "scores": {"class_score": 0.00530242919921875}, "domain": "pixel"}, {"position": {"minX": 333.75, "minY": 43.0625, "maxX": 531.0, "maxY": 268.25}, "class_id": 0, "box_caption": "person 0.005", "scores": {"class_score": 0.005279541015625}, "domain": "pixel"}, {"position": {"minX": 5.4375, "minY": 463.25, "maxX": 86.9375, "maxY": 652.0}, "class_id": 0, "box_caption": "person 0.005", "scores": {"class_score": 0.005218505859375}, "domain": "pixel"}, {"position": {"minX": 310.5, "minY": 588.5, "maxX": 333.0, "maxY": 637.5}, "class_id": 0, "box_caption": "person 0.005", "scores": {"class_score": 0.005138397216796875}, "domain": "pixel"}, {"position": {"minX": 237.75, "minY": 426.0, "maxX": 375.75, "maxY": 593.0}, "class_id": 0, "box_caption": "person 0.005", "scores": {"class_score": 0.005138397216796875}, "domain": "pixel"}, {"position": {"minX": 446.75, "minY": 471.0, "maxX": 665.0, "maxY": 663.0}, "class_id": 0, "box_caption": "person 0.005", "scores": {"class_score": 0.00511932373046875}, "domain": "pixel"}, {"position": {"minX": 604.0, "minY": 214.375, "maxX": 628.0, "maxY": 249.625}, "class_id": 0, "box_caption": "person 0.005", "scores": {"class_score": 0.005100250244140625}, "domain": "pixel"}, {"position": {"minX": 536.0, "minY": 615.0, "maxX": 558.0, "maxY": 642.0}, "class_id": 0, "box_caption": "person 0.005", "scores": {"class_score": 0.005100250244140625}, "domain": "pixel"}, {"position": {"minX": 129.75, "minY": 337.0, "maxX": 190.5, "maxY": 479.0}, "class_id": 0, "box_caption": "person 0.005", "scores": {"class_score": 0.005062103271484375}, "domain": "pixel"}, {"position": {"minX": 641.5, "minY": 228.0, "maxX": 662.5, "maxY": 334.5}, "class_id": 0, "box_caption": "person 0.005", "scores": {"class_score": 0.005062103271484375}, "domain": "pixel"}, {"position": {"minX": 578.0, "minY": 281.25, "maxX": 649.0, "maxY": 465.25}, "class_id": 0, "box_caption": "person 0.005", "scores": {"class_score": 0.00498199462890625}, "domain": "pixel"}, {"position": {"minX": 26.15625, "minY": 418.0, "maxX": 120.875, "maxY": 556.0}, "class_id": 0, "box_caption": "person 0.005", "scores": {"class_score": 0.004962921142578125}, "domain": "pixel"}, {"position": {"minX": 492.25, "minY": 478.5, "maxX": 518.5, "maxY": 503.0}, "class_id": 0, "box_caption": "person 0.005", "scores": {"class_score": 0.00490570068359375}, "domain": "pixel"}, {"position": {"minX": 326.0, "minY": 434.25, "maxX": 354.5, "maxY": 504.75}, "class_id": 0, "box_caption": "person 0.005", "scores": {"class_score": 0.00482940673828125}, "domain": "pixel"}, {"position": {"minX": 235.0, "minY": 315.25, "maxX": 274.75, "maxY": 408.25}, "class_id": 0, "box_caption": "person 0.005", "scores": {"class_score": 0.00482940673828125}, "domain": "pixel"}, {"position": {"minX": 453.0, "minY": 171.25, "maxX": 608.0, "maxY": 308.5}, "class_id": 0, "box_caption": "person 0.005", "scores": {"class_score": 0.00482940673828125}, "domain": "pixel"}, {"position": {"minX": 5.40625, "minY": 73.75, "maxX": 83.5, "maxY": 476.75}, "class_id": 0, "box_caption": "person 0.005", "scores": {"class_score": 0.00482940673828125}, "domain": "pixel"}, {"position": {"minX": 507.5, "minY": 525.5, "maxX": 666.5, "maxY": 659.5}, "class_id": 0, "box_caption": "person 0.005", "scores": {"class_score": 0.004810333251953125}, "domain": "pixel"}, {"position": {"minX": 14.609375, "minY": 462.75, "maxX": 57.375, "maxY": 602.0}, "class_id": 0, "box_caption": "person 0.005", "scores": {"class_score": 0.004791259765625}, "domain": "pixel"}, {"position": {"minX": 243.5, "minY": 492.5, "maxX": 263.5, "maxY": 536.5}, "class_id": 0, "box_caption": "person 0.005", "scores": {"class_score": 0.004665374755859375}, "domain": "pixel"}, {"position": {"minX": 323.5, "minY": 308.0, "maxX": 387.0, "maxY": 491.0}, "class_id": 0, "box_caption": "person 0.005", "scores": {"class_score": 0.004665374755859375}, "domain": "pixel"}, {"position": {"minX": 397.25, "minY": 492.5, "maxX": 413.25, "maxY": 530.0}, "class_id": 0, "box_caption": "person 0.005", "scores": {"class_score": 0.00464630126953125}, "domain": "pixel"}, {"position": {"minX": 219.125, "minY": 339.0, "maxX": 260.75, "maxY": 470.5}, "class_id": 0, "box_caption": "person 0.005", "scores": {"class_score": 0.00464630126953125}, "domain": "pixel"}, {"position": {"minX": 4.21875, "minY": 74.8125, "maxX": 54.53125, "maxY": 274.25}, "class_id": 0, "box_caption": "person 0.005", "scores": {"class_score": 0.004573822021484375}, "domain": "pixel"}, {"position": {"minX": 274.0, "minY": 446.25, "maxX": 448.0, "maxY": 595.0}, "class_id": 0, "box_caption": "person 0.005", "scores": {"class_score": 0.004573822021484375}, "domain": "pixel"}, {"position": {"minX": 333.5, "minY": 148.25, "maxX": 492.5, "maxY": 335.75}, "class_id": 0, "box_caption": "person 0.005", "scores": {"class_score": 0.004573822021484375}, "domain": "pixel"}, {"position": {"minX": 636.5, "minY": 244.5, "maxX": 660.5, "maxY": 322.5}, "class_id": 0, "box_caption": "person 0.005", "scores": {"class_score": 0.00455474853515625}, "domain": "pixel"}, {"position": {"minX": 319.25, "minY": 444.0, "maxX": 361.75, "maxY": 518.5}, "class_id": 0, "box_caption": "person 0.005", "scores": {"class_score": 0.004520416259765625}, "domain": "pixel"}, {"position": {"minX": 335.0, "minY": 253.0, "maxX": 464.5, "maxY": 408.5}, "class_id": 0, "box_caption": "person 0.005", "scores": {"class_score": 0.004520416259765625}, "domain": "pixel"}, {"position": {"minX": 247.375, "minY": 98.5, "maxX": 352.5, "maxY": 248.0}, "class_id": 0, "box_caption": "person 0.005", "scores": {"class_score": 0.004505157470703125}, "domain": "pixel"}, {"position": {"minX": 445.25, "minY": 216.75, "maxX": 527.0, "maxY": 274.75}, "class_id": 0, "box_caption": "person 0.004", "scores": {"class_score": 0.00443267822265625}, "domain": "pixel"}, {"position": {"minX": 403.0, "minY": 113.75, "maxX": 652.0, "maxY": 308.5}, "class_id": 0, "box_caption": "person 0.004", "scores": {"class_score": 0.00441741943359375}, "domain": "pixel"}, {"position": {"minX": 404.5, "minY": 294.25, "maxX": 461.5, "maxY": 409.25}, "class_id": 0, "box_caption": "person 0.004", "scores": {"class_score": 0.004364013671875}, "domain": "pixel"}, {"position": {"minX": 9.71875, "minY": 238.875, "maxX": 76.75, "maxY": 512.0}, "class_id": 0, "box_caption": "person 0.004", "scores": {"class_score": 0.004364013671875}, "domain": "pixel"}, {"position": {"minX": 598.0, "minY": 276.25, "maxX": 636.0, "maxY": 359.25}, "class_id": 0, "box_caption": "person 0.004", "scores": {"class_score": 0.004329681396484375}, "domain": "pixel"}, {"position": {"minX": 184.0, "minY": 19.890625, "maxX": 203.5, "maxY": 58.75}, "class_id": 0, "box_caption": "person 0.004", "scores": {"class_score": 0.004329681396484375}, "domain": "pixel"}, {"position": {"minX": 598.5, "minY": 273.0, "maxX": 654.5, "maxY": 441.0}, "class_id": 0, "box_caption": "person 0.004", "scores": {"class_score": 0.004329681396484375}, "domain": "pixel"}, {"position": {"minX": 626.0, "minY": 238.375, "maxX": 660.0, "maxY": 377.5}, "class_id": 0, "box_caption": "person 0.004", "scores": {"class_score": 0.004314422607421875}, "domain": "pixel"}, {"position": {"minX": 502.25, "minY": 234.5, "maxX": 631.0, "maxY": 395.5}, "class_id": 0, "box_caption": "person 0.004", "scores": {"class_score": 0.004314422607421875}, "domain": "pixel"}, {"position": {"minX": 166.5, "minY": 339.0, "maxX": 191.75, "maxY": 405.0}, "class_id": 0, "box_caption": "person 0.004", "scores": {"class_score": 0.00426483154296875}, "domain": "pixel"}, {"position": {"minX": 216.375, "minY": 338.0, "maxX": 244.375, "maxY": 410.5}, "class_id": 0, "box_caption": "person 0.004", "scores": {"class_score": 0.00426483154296875}, "domain": "pixel"}, {"position": {"minX": 410.5, "minY": 493.25, "maxX": 434.0, "maxY": 554.0}, "class_id": 0, "box_caption": "person 0.004", "scores": {"class_score": 0.00424957275390625}, "domain": "pixel"}, {"position": {"minX": 524.5, "minY": 221.5, "maxX": 542.5, "maxY": 267.25}, "class_id": 0, "box_caption": "person 0.004", "scores": {"class_score": 0.004199981689453125}, "domain": "pixel"}, {"position": {"minX": 129.375, "minY": 292.5, "maxX": 174.125, "maxY": 404.0}, "class_id": 0, "box_caption": "person 0.004", "scores": {"class_score": 0.0041656494140625}, "domain": "pixel"}, {"position": {"minX": 25.671875, "minY": 71.75, "maxX": 70.875, "maxY": 198.5}, "class_id": 0, "box_caption": "person 0.004", "scores": {"class_score": 0.004150390625}, "domain": "pixel"}, {"position": {"minX": 395.75, "minY": 300.5, "maxX": 452.25, "maxY": 382.0}, "class_id": 0, "box_caption": "person 0.004", "scores": {"class_score": 0.004150390625}, "domain": "pixel"}, {"position": {"minX": 452.5, "minY": 444.5, "maxX": 470.0, "maxY": 485.0}, "class_id": 0, "box_caption": "person 0.004", "scores": {"class_score": 0.0041351318359375}, "domain": "pixel"}, {"position": {"minX": 229.0, "minY": 308.5, "maxX": 262.25, "maxY": 393.5}, "class_id": 0, "box_caption": "person 0.004", "scores": {"class_score": 0.0041351318359375}, "domain": "pixel"}, {"position": {"minX": 274.25, "minY": 376.5, "maxX": 321.75, "maxY": 472.5}, "class_id": 0, "box_caption": "person 0.004", "scores": {"class_score": 0.004100799560546875}, "domain": "pixel"}, {"position": {"minX": 8.46875, "minY": 398.5, "maxX": 71.125, "maxY": 547.5}, "class_id": 0, "box_caption": "person 0.004", "scores": {"class_score": 0.004100799560546875}, "domain": "pixel"}, {"position": {"minX": 19.8125, "minY": 28.625, "maxX": 82.3125, "maxY": 213.75}, "class_id": 0, "box_caption": "person 0.004", "scores": {"class_score": 0.004085540771484375}, "domain": "pixel"}, {"position": {"minX": 639.0, "minY": 418.0, "maxX": 655.0, "maxY": 461.5}, "class_id": 0, "box_caption": "person 0.004", "scores": {"class_score": 0.004039764404296875}, "domain": "pixel"}, {"position": {"minX": 407.25, "minY": 542.0, "maxX": 425.25, "maxY": 584.0}, "class_id": 0, "box_caption": "person 0.004", "scores": {"class_score": 0.004024505615234375}, "domain": "pixel"}, {"position": {"minX": 214.75, "minY": 364.0, "maxX": 245.0, "maxY": 406.0}, "class_id": 0, "box_caption": "person 0.004", "scores": {"class_score": 0.00400543212890625}, "domain": "pixel"}, {"position": {"minX": 577.0, "minY": 331.0, "maxX": 597.0, "maxY": 381.0}, "class_id": 0, "box_caption": "person 0.004", "scores": {"class_score": 0.00397491455078125}, "domain": "pixel"}, {"position": {"minX": 334.5, "minY": 452.0, "maxX": 355.0, "maxY": 502.5}, "class_id": 0, "box_caption": "person 0.004", "scores": {"class_score": 0.00395965576171875}, "domain": "pixel"}, {"position": {"minX": 57.125, "minY": 405.5, "maxX": 152.625, "maxY": 596.5}, "class_id": 0, "box_caption": "person 0.004", "scores": {"class_score": 0.0038852691650390625}, "domain": "pixel"}, {"position": {"minX": 29.15625, "minY": 285.0, "maxX": 128.5, "maxY": 477.0}, "class_id": 0, "box_caption": "person 0.004", "scores": {"class_score": 0.0038700103759765625}, "domain": "pixel"}, {"position": {"minX": 455.75, "minY": 322.5, "maxX": 475.25, "maxY": 375.0}, "class_id": 0, "box_caption": "person 0.004", "scores": {"class_score": 0.0038547515869140625}, "domain": "pixel"}, {"position": {"minX": 525.0, "minY": 277.5, "maxX": 598.0, "maxY": 382.5}, "class_id": 0, "box_caption": "person 0.004", "scores": {"class_score": 0.0038547515869140625}, "domain": "pixel"}, {"position": {"minX": 2.25, "minY": 10.75, "maxX": 104.0625, "maxY": 215.75}, "class_id": 0, "box_caption": "person 0.004", "scores": {"class_score": 0.0038242340087890625}, "domain": "pixel"}, {"position": {"minX": 542.5, "minY": 176.25, "maxX": 659.5, "maxY": 389.75}, "class_id": 0, "box_caption": "person 0.004", "scores": {"class_score": 0.0038089752197265625}, "domain": "pixel"}, {"position": {"minX": 469.5, "minY": 278.0, "maxX": 611.5, "maxY": 403.5}, "class_id": 0, "box_caption": "person 0.004", "scores": {"class_score": 0.003795623779296875}, "domain": "pixel"}, {"position": {"minX": 23.015625, "minY": 449.5, "maxX": 85.3125, "maxY": 554.5}, "class_id": 0, "box_caption": "person 0.004", "scores": {"class_score": 0.003765106201171875}, "domain": "pixel"}, {"position": {"minX": 16.25, "minY": 46.5, "maxX": 48.75, "maxY": 227.5}, "class_id": 0, "box_caption": "person 0.004", "scores": {"class_score": 0.0037212371826171875}, "domain": "pixel"}, {"position": {"minX": 346.5, "minY": 191.0, "maxX": 439.0, "maxY": 248.75}, "class_id": 0, "box_caption": "person 0.004", "scores": {"class_score": 0.0037078857421875}, "domain": "pixel"}, {"position": {"minX": 644.5, "minY": 410.25, "maxX": 662.5, "maxY": 467.25}, "class_id": 0, "box_caption": "person 0.004", "scores": {"class_score": 0.0037078857421875}, "domain": "pixel"}, {"position": {"minX": 492.25, "minY": 280.25, "maxX": 644.0, "maxY": 430.75}, "class_id": 0, "box_caption": "person 0.004", "scores": {"class_score": 0.003692626953125}, "domain": "pixel"}, {"position": {"minX": 64.25, "minY": 345.0, "maxX": 349.25, "maxY": 635.5}, "class_id": 0, "box_caption": "person 0.004", "scores": {"class_score": 0.003692626953125}, "domain": "pixel"}, {"position": {"minX": 304.5, "minY": 557.5, "maxX": 694.5, "maxY": 672.5}, "class_id": 0, "box_caption": "person 0.004", "scores": {"class_score": 0.00359344482421875}, "domain": "pixel"}, {"position": {"minX": 533.5, "minY": 217.375, "maxX": 548.5, "maxY": 258.5}, "class_id": 0, "box_caption": "person 0.004", "scores": {"class_score": 0.0035648345947265625}, "domain": "pixel"}, {"position": {"minX": 516.5, "minY": 639.0, "maxX": 530.5, "maxY": 660.0}, "class_id": 0, "box_caption": "person 0.004", "scores": {"class_score": 0.003551483154296875}, "domain": "pixel"}, {"position": {"minX": 566.5, "minY": 188.75, "maxX": 638.5, "maxY": 308.25}, "class_id": 0, "box_caption": "person 0.004", "scores": {"class_score": 0.003551483154296875}, "domain": "pixel"}, {"position": {"minX": 491.75, "minY": 478.75, "maxX": 510.25, "maxY": 513.0}, "class_id": 0, "box_caption": "person 0.004", "scores": {"class_score": 0.0035381317138671875}, "domain": "pixel"}, {"position": {"minX": 484.25, "minY": 474.5, "maxX": 521.5, "maxY": 517.0}, "class_id": 0, "box_caption": "person 0.004", "scores": {"class_score": 0.0035381317138671875}, "domain": "pixel"}, {"position": {"minX": 144.875, "minY": 299.0, "maxX": 179.875, "maxY": 395.0}, "class_id": 0, "box_caption": "person 0.004", "scores": {"class_score": 0.0035381317138671875}, "domain": "pixel"}, {"position": {"minX": 341.75, "minY": 252.625, "maxX": 425.25, "maxY": 377.0}, "class_id": 0, "box_caption": "person 0.004", "scores": {"class_score": 0.0035381317138671875}, "domain": "pixel"}, {"position": {"minX": 366.25, "minY": 448.75, "maxX": 447.25, "maxY": 575.0}, "class_id": 0, "box_caption": "person 0.004", "scores": {"class_score": 0.0035247802734375}, "domain": "pixel"}, {"position": {"minX": 138.25, "minY": 303.5, "maxX": 173.0, "maxY": 383.0}, "class_id": 0, "box_caption": "person 0.004", "scores": {"class_score": 0.0035114288330078125}, "domain": "pixel"}, {"position": {"minX": 581.0, "minY": 303.5, "maxX": 631.0, "maxY": 377.0}, "class_id": 0, "box_caption": "person 0.003", "scores": {"class_score": 0.00345611572265625}, "domain": "pixel"}, {"position": {"minX": 319.0, "minY": 436.25, "maxX": 609.0, "maxY": 635.5}, "class_id": 0, "box_caption": "person 0.003", "scores": {"class_score": 0.003429412841796875}, "domain": "pixel"}, {"position": {"minX": 319.5, "minY": 358.0, "maxX": 376.0, "maxY": 508.5}, "class_id": 0, "box_caption": "person 0.003", "scores": {"class_score": 0.0034160614013671875}, "domain": "pixel"}, {"position": {"minX": 507.5, "minY": 228.0, "maxX": 547.5, "maxY": 266.0}, "class_id": 0, "box_caption": "person 0.003", "scores": {"class_score": 0.0034027099609375}, "domain": "pixel"}, {"position": {"minX": 230.25, "minY": 506.5, "maxX": 575.0, "maxY": 667.5}, "class_id": 0, "box_caption": "person 0.003", "scores": {"class_score": 0.0033893585205078125}, "domain": "pixel"}, {"position": {"minX": 256.5, "minY": 504.0, "maxX": 297.0, "maxY": 563.0}, "class_id": 0, "box_caption": "person 0.003", "scores": {"class_score": 0.003376007080078125}, "domain": "pixel"}, {"position": {"minX": 242.375, "minY": 640.5, "maxX": 257.0, "maxY": 659.5}, "class_id": 0, "box_caption": "person 0.003", "scores": {"class_score": 0.0032978057861328125}, "domain": "pixel"}, {"position": {"minX": 531.0, "minY": 614.0, "maxX": 565.0, "maxY": 651.0}, "class_id": 0, "box_caption": "person 0.003", "scores": {"class_score": 0.0032978057861328125}, "domain": "pixel"}, {"position": {"minX": 162.625, "minY": 354.75, "maxX": 191.125, "maxY": 416.25}, "class_id": 0, "box_caption": "person 0.003", "scores": {"class_score": 0.0032978057861328125}, "domain": "pixel"}, {"position": {"minX": 498.0, "minY": 611.5, "maxX": 585.0, "maxY": 651.5}, "class_id": 0, "box_caption": "person 0.003", "scores": {"class_score": 0.00327301025390625}, "domain": "pixel"}, {"position": {"minX": 537.5, "minY": 216.75, "maxX": 554.5, "maxY": 257.25}, "class_id": 0, "box_caption": "person 0.003", "scores": {"class_score": 0.0032596588134765625}, "domain": "pixel"}, {"position": {"minX": 564.0, "minY": 415.25, "maxX": 596.0, "maxY": 469.25}, "class_id": 0, "box_caption": "person 0.003", "scores": {"class_score": 0.0032596588134765625}, "domain": "pixel"}, {"position": {"minX": 262.25, "minY": 518.5, "maxX": 293.75, "maxY": 565.5}, "class_id": 0, "box_caption": "person 0.003", "scores": {"class_score": 0.0032482147216796875}, "domain": "pixel"}, {"position": {"minX": 579.5, "minY": 422.75, "maxX": 590.5, "maxY": 456.75}, "class_id": 0, "box_caption": "person 0.003", "scores": {"class_score": 0.003223419189453125}, "domain": "pixel"}, {"position": {"minX": 293.75, "minY": 589.0, "maxX": 354.25, "maxY": 641.0}, "class_id": 0, "box_caption": "person 0.003", "scores": {"class_score": 0.003223419189453125}, "domain": "pixel"}, {"position": {"minX": 287.0, "minY": 464.5, "maxX": 520.0, "maxY": 650.5}, "class_id": 0, "box_caption": "person 0.003", "scores": {"class_score": 0.00319671630859375}, "domain": "pixel"}, {"position": {"minX": 297.75, "minY": 399.0, "maxX": 321.25, "maxY": 452.5}, "class_id": 0, "box_caption": "person 0.003", "scores": {"class_score": 0.003185272216796875}, "domain": "pixel"}, {"position": {"minX": 172.75, "minY": 342.75, "maxX": 198.25, "maxY": 402.25}, "class_id": 0, "box_caption": "person 0.003", "scores": {"class_score": 0.003124237060546875}, "domain": "pixel"}, {"position": {"minX": 393.25, "minY": 260.25, "maxX": 585.5, "maxY": 401.25}, "class_id": 0, "box_caption": "person 0.003", "scores": {"class_score": 0.003124237060546875}, "domain": "pixel"}, {"position": {"minX": 3.046875, "minY": 251.5, "maxX": 49.0625, "maxY": 490.5}, "class_id": 0, "box_caption": "person 0.003", "scores": {"class_score": 0.003124237060546875}, "domain": "pixel"}, {"position": {"minX": 293.0, "minY": 121.3125, "maxX": 326.0, "maxY": 208.5}, "class_id": 0, "box_caption": "person 0.003", "scores": {"class_score": 0.003063201904296875}, "domain": "pixel"}, {"position": {"minX": 467.0, "minY": 191.75, "maxX": 591.0, "maxY": 345.25}, "class_id": 0, "box_caption": "person 0.003", "scores": {"class_score": 0.0030517578125}, "domain": "pixel"}, {"position": {"minX": 587.5, "minY": 218.25, "maxX": 617.5, "maxY": 298.75}, "class_id": 0, "box_caption": "person 0.003", "scores": {"class_score": 0.0030269622802734375}, "domain": "pixel"}, {"position": {"minX": 282.5, "minY": 491.5, "maxX": 303.0, "maxY": 539.5}, "class_id": 0, "box_caption": "person 0.003", "scores": {"class_score": 0.0030155181884765625}, "domain": "pixel"}, {"position": {"minX": 638.5, "minY": 233.125, "maxX": 658.5, "maxY": 304.0}, "class_id": 0, "box_caption": "person 0.003", "scores": {"class_score": 0.0030040740966796875}, "domain": "pixel"}, {"position": {"minX": 40.28125, "minY": 443.0, "maxX": 104.25, "maxY": 556.0}, "class_id": 0, "box_caption": "person 0.003", "scores": {"class_score": 0.0030040740966796875}, "domain": "pixel"}, {"position": {"minX": 0.734375, "minY": 463.0, "maxX": 55.0, "maxY": 656.0}, "class_id": 0, "box_caption": "person 0.003", "scores": {"class_score": 0.0029926300048828125}, "domain": "pixel"}, {"position": {"minX": 232.75, "minY": 418.25, "maxX": 490.75, "maxY": 626.0}, "class_id": 0, "box_caption": "person 0.003", "scores": {"class_score": 0.0029468536376953125}, "domain": "pixel"}, {"position": {"minX": 170.75, "minY": 534.0, "maxX": 498.75, "maxY": 659.0}, "class_id": 0, "box_caption": "person 0.003", "scores": {"class_score": 0.0029239654541015625}, "domain": "pixel"}, {"position": {"minX": 306.0, "minY": 484.75, "maxX": 343.0, "maxY": 560.0}, "class_id": 0, "box_caption": "person 0.003", "scores": {"class_score": 0.0029125213623046875}, "domain": "pixel"}, {"position": {"minX": 45.625, "minY": 329.75, "maxX": 77.25, "maxY": 390.75}, "class_id": 0, "box_caption": "person 0.003", "scores": {"class_score": 0.0028896331787109375}, "domain": "pixel"}, {"position": {"minX": 371.75, "minY": 290.25, "maxX": 450.25, "maxY": 371.25}, "class_id": 0, "box_caption": "person 0.003", "scores": {"class_score": 0.0028553009033203125}, "domain": "pixel"}], "class_labels": {"0": "person"}}