{"box_data": [{"position": {"minX": 280.25, "minY": 229.0, "maxX": 334.75, "maxY": 396.0}, "class_id": 0, "box_caption": "person 0.617", "scores": {"class_score": 0.61669921875}, "domain": "pixel"}, {"position": {"minX": 503.25, "minY": 63.90625, "maxX": 545.5, "maxY": 175.375}, "class_id": 0, "box_caption": "person 0.416", "scores": {"class_score": 0.415771484375}, "domain": "pixel"}, {"position": {"minX": 541.5, "minY": 120.625, "maxX": 564.5, "maxY": 180.625}, "class_id": 0, "box_caption": "person 0.239", "scores": {"class_score": 0.2393798828125}, "domain": "pixel"}, {"position": {"minX": 460.0, "minY": 136.5, "maxX": 486.0, "maxY": 204.25}, "class_id": 0, "box_caption": "person 0.221", "scores": {"class_score": 0.220703125}, "domain": "pixel"}, {"position": {"minX": 284.0, "minY": 223.875, "maxX": 351.0, "maxY": 427.5}, "class_id": 0, "box_caption": "person 0.208", "scores": {"class_score": 0.20751953125}, "domain": "pixel"}, {"position": {"minX": 467.0, "minY": 132.125, "maxX": 496.5, "maxY": 209.625}, "class_id": 0, "box_caption": "person 0.190", "scores": {"class_score": 0.1895751953125}, "domain": "pixel"}, {"position": {"minX": 288.25, "minY": 219.75, "maxX": 332.75, "maxY": 355.75}, "class_id": 0, "box_caption": "person 0.172", "scores": {"class_score": 0.172119140625}, "domain": "pixel"}, {"position": {"minX": 313.25, "minY": 327.5, "maxX": 345.25, "maxY": 426.5}, "class_id": 0, "box_caption": "person 0.171", "scores": {"class_score": 0.1705322265625}, "domain": "pixel"}, {"position": {"minX": 264.75, "minY": 236.0, "maxX": 327.75, "maxY": 420.0}, "class_id": 0, "box_caption": "person 0.165", "scores": {"class_score": 0.1650390625}, "domain": "pixel"}, {"position": {"minX": 537.5, "minY": 97.1875, "maxX": 566.5, "maxY": 182.0}, "class_id": 0, "box_caption": "person 0.159", "scores": {"class_score": 0.1591796875}, "domain": "pixel"}, {"position": {"minX": 518.5, "minY": 54.03125, "maxX": 581.5, "maxY": 178.5}, "class_id": 0, "box_caption": "person 0.157", "scores": {"class_score": 0.1573486328125}, "domain": "pixel"}, {"position": {"minX": 430.5, "minY": 113.375, "maxX": 448.0, "maxY": 158.625}, "class_id": 0, "box_caption": "person 0.156", "scores": {"class_score": 0.1561279296875}, "domain": "pixel"}, {"position": {"minX": 508.25, "minY": 50.6875, "maxX": 558.0, "maxY": 171.25}, "class_id": 0, "box_caption": "person 0.131", "scores": {"class_score": 0.1312255859375}, "domain": "pixel"}, {"position": {"minX": 527.0, "minY": 64.125, "maxX": 568.0, "maxY": 179.25}, "class_id": 0, "box_caption": "person 0.128", "scores": {"class_score": 0.1280517578125}, "domain": "pixel"}, {"position": {"minX": 365.25, "minY": 167.75, "maxX": 412.25, "maxY": 326.0}, "class_id": 0, "box_caption": "person 0.113", "scores": {"class_score": 0.11279296875}, "domain": "pixel"}, {"position": {"minX": 295.75, "minY": 231.5, "maxX": 346.75, "maxY": 387.5}, "class_id": 0, "box_caption": "person 0.101", "scores": {"class_score": 0.10089111328125}, "domain": "pixel"}, {"position": {"minX": 496.5, "minY": 74.6875, "maxX": 534.5, "maxY": 165.75}, "class_id": 0, "box_caption": "person 0.100", "scores": {"class_score": 0.10015869140625}, "domain": "pixel"}, {"position": {"minX": 566.0, "minY": 67.375, "maxX": 605.0, "maxY": 169.375}, "class_id": 0, "box_caption": "person 0.093", "scores": {"class_score": 0.09332275390625}, "domain": "pixel"}, {"position": {"minX": 11.75, "minY": 17.6875, "maxX": 74.625, "maxY": 212.0}, "class_id": 0, "box_caption": "person 0.086", "scores": {"class_score": 0.085693359375}, "domain": "pixel"}, {"position": {"minX": 7.53125, "minY": -5.875, "maxX": 95.0, "maxY": 485.0}, "class_id": 0, "box_caption": "person 0.084", "scores": {"class_score": 0.0838623046875}, "domain": "pixel"}, {"position": {"minX": 457.25, "minY": 115.25, "maxX": 489.25, "maxY": 210.5}, "class_id": 0, "box_caption": "person 0.082", "scores": {"class_score": 0.08154296875}, "domain": "pixel"}, {"position": {"minX": 274.25, "minY": 268.75, "maxX": 338.75, "maxY": 430.75}, "class_id": 0, "box_caption": "person 0.081", "scores": {"class_score": 0.0809326171875}, "domain": "pixel"}, {"position": {"minX": 380.5, "minY": 286.75, "maxX": 421.5, "maxY": 405.25}, "class_id": 0, "box_caption": "person 0.079", "scores": {"class_score": 0.0794677734375}, "domain": "pixel"}, {"position": {"minX": 306.25, "minY": 301.0, "maxX": 352.75, "maxY": 427.0}, "class_id": 0, "box_caption": "person 0.078", "scores": {"class_score": 0.07806396484375}, "domain": "pixel"}, {"position": {"minX": 508.0, "minY": 107.9375, "maxX": 530.0, "maxY": 173.0}, "class_id": 0, "box_caption": "person 0.075", "scores": {"class_score": 0.0753173828125}, "domain": "pixel"}, {"position": {"minX": 508.5, "minY": 85.125, "maxX": 538.5, "maxY": 179.125}, "class_id": 0, "box_caption": "person 0.067", "scores": {"class_score": 0.06707763671875}, "domain": "pixel"}, {"position": {"minX": 547.0, "minY": 59.53125, "maxX": 590.0, "maxY": 177.25}, "class_id": 0, "box_caption": "person 0.065", "scores": {"class_score": 0.06488037109375}, "domain": "pixel"}, {"position": {"minX": 288.75, "minY": 213.25, "maxX": 360.75, "maxY": 362.75}, "class_id": 0, "box_caption": "person 0.063", "scores": {"class_score": 0.0631103515625}, "domain": "pixel"}, {"position": {"minX": 436.0, "minY": 109.0625, "maxX": 456.0, "maxY": 158.0}, "class_id": 0, "box_caption": "person 0.062", "scores": {"class_score": 0.0618896484375}, "domain": "pixel"}, {"position": {"minX": 521.5, "minY": 56.875, "maxX": 555.5, "maxY": 160.375}, "class_id": 0, "box_caption": "person 0.061", "scores": {"class_score": 0.06097412109375}, "domain": "pixel"}, {"position": {"minX": 570.0, "minY": 89.875, "maxX": 601.0, "maxY": 177.375}, "class_id": 0, "box_caption": "person 0.060", "scores": {"class_score": 0.059661865234375}, "domain": "pixel"}, {"position": {"minX": 642.5, "minY": 83.5, "maxX": 657.5, "maxY": 120.875}, "class_id": 0, "box_caption": "person 0.056", "scores": {"class_score": 0.056243896484375}, "domain": "pixel"}, {"position": {"minX": 266.25, "minY": 293.75, "maxX": 309.25, "maxY": 426.25}, "class_id": 0, "box_caption": "person 0.054", "scores": {"class_score": 0.054412841796875}, "domain": "pixel"}, {"position": {"minX": 476.0, "minY": 85.75, "maxX": 529.0, "maxY": 197.75}, "class_id": 0, "box_caption": "person 0.052", "scores": {"class_score": 0.052032470703125}, "domain": "pixel"}, {"position": {"minX": 544.0, "minY": 94.875, "maxX": 577.0, "maxY": 179.375}, "class_id": 0, "box_caption": "person 0.051", "scores": {"class_score": 0.050506591796875}, "domain": "pixel"}, {"position": {"minX": 574.0, "minY": 76.0, "maxX": 604.0, "maxY": 152.875}, "class_id": 0, "box_caption": "person 0.050", "scores": {"class_score": 0.049774169921875}, "domain": "pixel"}, {"position": {"minX": 8.96875, "minY": 25.5, "maxX": 80.375, "maxY": 328.0}, "class_id": 0, "box_caption": "person 0.048", "scores": {"class_score": 0.0482177734375}, "domain": "pixel"}, {"position": {"minX": 34.9375, "minY": 313.75, "maxX": 52.9375, "maxY": 367.25}, "class_id": 0, "box_caption": "person 0.048", "scores": {"class_score": 0.047607421875}, "domain": "pixel"}, {"position": {"minX": 548.5, "minY": 119.375, "maxX": 568.5, "maxY": 178.625}, "class_id": 0, "box_caption": "person 0.046", "scores": {"class_score": 0.0460205078125}, "domain": "pixel"}, {"position": {"minX": 341.0, "minY": 190.0, "maxX": 403.0, "maxY": 342.0}, "class_id": 0, "box_caption": "person 0.046", "scores": {"class_score": 0.045684814453125}, "domain": "pixel"}, {"position": {"minX": 490.0, "minY": 82.5, "maxX": 512.0, "maxY": 149.25}, "class_id": 0, "box_caption": "person 0.044", "scores": {"class_score": 0.04400634765625}, "domain": "pixel"}, {"position": {"minX": 612.5, "minY": 84.375, "maxX": 629.5, "maxY": 126.25}, "class_id": 0, "box_caption": "person 0.042", "scores": {"class_score": 0.042388916015625}, "domain": "pixel"}, {"position": {"minX": 471.5, "minY": 148.125, "maxX": 494.0, "maxY": 208.125}, "class_id": 0, "box_caption": "person 0.042", "scores": {"class_score": 0.04193115234375}, "domain": "pixel"}, {"position": {"minX": 454.75, "minY": 136.125, "maxX": 473.75, "maxY": 207.125}, "class_id": 0, "box_caption": "person 0.041", "scores": {"class_score": 0.0411376953125}, "domain": "pixel"}, {"position": {"minX": 315.25, "minY": 246.25, "maxX": 360.25, "maxY": 371.75}, "class_id": 0, "box_caption": "person 0.040", "scores": {"class_score": 0.040252685546875}, "domain": "pixel"}, {"position": {"minX": 526.0, "minY": 86.25, "maxX": 558.0, "maxY": 176.25}, "class_id": 0, "box_caption": "person 0.039", "scores": {"class_score": 0.0390625}, "domain": "pixel"}, {"position": {"minX": 379.75, "minY": 250.75, "maxX": 418.75, "maxY": 371.75}, "class_id": 0, "box_caption": "person 0.039", "scores": {"class_score": 0.038970947265625}, "domain": "pixel"}, {"position": {"minX": 379.25, "minY": 316.25, "maxX": 413.75, "maxY": 405.75}, "class_id": 0, "box_caption": "person 0.039", "scores": {"class_score": 0.0386962890625}, "domain": "pixel"}, {"position": {"minX": 640.0, "minY": 81.25, "maxX": 654.0, "maxY": 116.75}, "class_id": 0, "box_caption": "person 0.036", "scores": {"class_score": 0.03582763671875}, "domain": "pixel"}, {"position": {"minX": 578.0, "minY": 106.0625, "maxX": 598.0, "maxY": 173.75}, "class_id": 0, "box_caption": "person 0.033", "scores": {"class_score": 0.0328369140625}, "domain": "pixel"}, {"position": {"minX": 324.25, "minY": 232.125, "maxX": 367.75, "maxY": 334.0}, "class_id": 0, "box_caption": "person 0.031", "scores": {"class_score": 0.030792236328125}, "domain": "pixel"}, {"position": {"minX": 11.375, "minY": 52.875, "maxX": 64.0625, "maxY": 246.875}, "class_id": 0, "box_caption": "person 0.030", "scores": {"class_score": 0.03033447265625}, "domain": "pixel"}, {"position": {"minX": 510.0, "minY": 123.875, "maxX": 527.0, "maxY": 168.625}, "class_id": 0, "box_caption": "person 0.028", "scores": {"class_score": 0.0283355712890625}, "domain": "pixel"}, {"position": {"minX": 479.5, "minY": 146.0, "maxX": 500.5, "maxY": 213.5}, "class_id": 0, "box_caption": "person 0.028", "scores": {"class_score": 0.0282135009765625}, "domain": "pixel"}, {"position": {"minX": 263.75, "minY": 213.875, "maxX": 370.75, "maxY": 400.0}, "class_id": 0, "box_caption": "person 0.028", "scores": {"class_score": 0.027587890625}, "domain": "pixel"}, {"position": {"minX": 475.0, "minY": 159.375, "maxX": 496.0, "maxY": 213.125}, "class_id": 0, "box_caption": "person 0.027", "scores": {"class_score": 0.027374267578125}, "domain": "pixel"}, {"position": {"minX": 268.5, "minY": 374.0, "maxX": 298.5, "maxY": 419.5}, "class_id": 0, "box_caption": "person 0.027", "scores": {"class_score": 0.027374267578125}, "domain": "pixel"}, {"position": {"minX": 334.25, "minY": 236.5, "maxX": 392.75, "maxY": 362.0}, "class_id": 0, "box_caption": "person 0.027", "scores": {"class_score": 0.02685546875}, "domain": "pixel"}, {"position": {"minX": 339.0, "minY": 316.25, "maxX": 399.5, "maxY": 417.25}, "class_id": 0, "box_caption": "person 0.027", "scores": {"class_score": 0.026611328125}, "domain": "pixel"}, {"position": {"minX": 540.5, "minY": 138.5, "maxX": 560.5, "maxY": 184.0}, "class_id": 0, "box_caption": "person 0.027", "scores": {"class_score": 0.02655029296875}, "domain": "pixel"}, {"position": {"minX": 563.0, "minY": 61.75, "maxX": 597.0, "maxY": 140.625}, "class_id": 0, "box_caption": "person 0.026", "scores": {"class_score": 0.026458740234375}, "domain": "pixel"}, {"position": {"minX": 348.75, "minY": 146.75, "maxX": 408.75, "maxY": 287.75}, "class_id": 0, "box_caption": "person 0.026", "scores": {"class_score": 0.0257110595703125}, "domain": "pixel"}, {"position": {"minX": 513.5, "minY": 79.625, "maxX": 545.5, "maxY": 166.5}, "class_id": 0, "box_caption": "person 0.025", "scores": {"class_score": 0.0246124267578125}, "domain": "pixel"}, {"position": {"minX": 266.25, "minY": 348.5, "maxX": 304.75, "maxY": 421.5}, "class_id": 0, "box_caption": "person 0.024", "scores": {"class_score": 0.0244293212890625}, "domain": "pixel"}, {"position": {"minX": 339.75, "minY": 188.125, "maxX": 380.25, "maxY": 312.0}, "class_id": 0, "box_caption": "person 0.024", "scores": {"class_score": 0.02423095703125}, "domain": "pixel"}, {"position": {"minX": 321.0, "minY": 248.5, "maxX": 355.0, "maxY": 347.5}, "class_id": 0, "box_caption": "person 0.024", "scores": {"class_score": 0.0240478515625}, "domain": "pixel"}, {"position": {"minX": 492.75, "minY": 76.75, "maxX": 525.0, "maxY": 154.375}, "class_id": 0, "box_caption": "person 0.023", "scores": {"class_score": 0.0231475830078125}, "domain": "pixel"}, {"position": {"minX": 319.5, "minY": 265.75, "maxX": 354.0, "maxY": 384.75}, "class_id": 0, "box_caption": "person 0.023", "scores": {"class_score": 0.022979736328125}, "domain": "pixel"}, {"position": {"minX": 299.0, "minY": 261.25, "maxX": 350.5, "maxY": 419.75}, "class_id": 0, "box_caption": "person 0.022", "scores": {"class_score": 0.0224609375}, "domain": "pixel"}, {"position": {"minX": 384.5, "minY": 277.75, "maxX": 412.0, "maxY": 347.75}, "class_id": 0, "box_caption": "person 0.022", "scores": {"class_score": 0.0224151611328125}, "domain": "pixel"}, {"position": {"minX": 220.0, "minY": 395.25, "maxX": 233.75, "maxY": 426.75}, "class_id": 0, "box_caption": "person 0.022", "scores": {"class_score": 0.021575927734375}, "domain": "pixel"}, {"position": {"minX": 371.0, "minY": 155.5, "maxX": 410.0, "maxY": 282.5}, "class_id": 0, "box_caption": "person 0.021", "scores": {"class_score": 0.021331787109375}, "domain": "pixel"}, {"position": {"minX": 294.0, "minY": 234.875, "maxX": 329.0, "maxY": 334.5}, "class_id": 0, "box_caption": "person 0.020", "scores": {"class_score": 0.02001953125}, "domain": "pixel"}, {"position": {"minX": 578.5, "minY": 88.625, "maxX": 601.5, "maxY": 159.75}, "class_id": 0, "box_caption": "person 0.020", "scores": {"class_score": 0.0199432373046875}, "domain": "pixel"}, {"position": {"minX": 462.0, "minY": 147.125, "maxX": 480.0, "maxY": 196.125}, "class_id": 0, "box_caption": "person 0.020", "scores": {"class_score": 0.019866943359375}, "domain": "pixel"}, {"position": {"minX": 278.75, "minY": 223.5, "maxX": 319.75, "maxY": 353.5}, "class_id": 0, "box_caption": "person 0.020", "scores": {"class_score": 0.01971435546875}, "domain": "pixel"}, {"position": {"minX": 476.0, "minY": 117.625, "maxX": 501.0, "maxY": 210.875}, "class_id": 0, "box_caption": "person 0.019", "scores": {"class_score": 0.0190582275390625}, "domain": "pixel"}, {"position": {"minX": 243.875, "minY": 232.25, "maxX": 341.0, "maxY": 434.25}, "class_id": 0, "box_caption": "person 0.019", "scores": {"class_score": 0.018829345703125}, "domain": "pixel"}, {"position": {"minX": 531.0, "minY": 118.3125, "maxX": 560.0, "maxY": 181.75}, "class_id": 0, "box_caption": "person 0.019", "scores": {"class_score": 0.018798828125}, "domain": "pixel"}, {"position": {"minX": 264.5, "minY": 340.0, "maxX": 327.5, "maxY": 420.5}, "class_id": 0, "box_caption": "person 0.019", "scores": {"class_score": 0.018646240234375}, "domain": "pixel"}, {"position": {"minX": 354.75, "minY": 282.0, "maxX": 404.75, "maxY": 399.0}, "class_id": 0, "box_caption": "person 0.019", "scores": {"class_score": 0.0185394287109375}, "domain": "pixel"}, {"position": {"minX": 639.5, "minY": 29.03125, "maxX": 659.5, "maxY": 94.125}, "class_id": 0, "box_caption": "person 0.018", "scores": {"class_score": 0.018341064453125}, "domain": "pixel"}, {"position": {"minX": 310.75, "minY": 174.125, "maxX": 373.25, "maxY": 323.0}, "class_id": 0, "box_caption": "person 0.018", "scores": {"class_score": 0.0181884765625}, "domain": "pixel"}, {"position": {"minX": 557.0, "minY": 60.6875, "maxX": 589.0, "maxY": 153.0}, "class_id": 0, "box_caption": "person 0.018", "scores": {"class_score": 0.017852783203125}, "domain": "pixel"}, {"position": {"minX": 11.4375, "minY": 15.4375, "maxX": 107.0625, "maxY": 262.5}, "class_id": 0, "box_caption": "person 0.017", "scores": {"class_score": 0.0173797607421875}, "domain": "pixel"}, {"position": {"minX": 441.25, "minY": 109.9375, "maxX": 457.75, "maxY": 152.5}, "class_id": 0, "box_caption": "person 0.017", "scores": {"class_score": 0.017303466796875}, "domain": "pixel"}, {"position": {"minX": 460.75, "minY": 105.25, "maxX": 486.25, "maxY": 180.25}, "class_id": 0, "box_caption": "person 0.017", "scores": {"class_score": 0.017303466796875}, "domain": "pixel"}, {"position": {"minX": 310.0, "minY": 116.4375, "maxX": 346.5, "maxY": 246.25}, "class_id": 0, "box_caption": "person 0.017", "scores": {"class_score": 0.0171051025390625}, "domain": "pixel"}, {"position": {"minX": 13.703125, "minY": 12.25, "maxX": 71.9375, "maxY": 105.9375}, "class_id": 0, "box_caption": "person 0.017", "scores": {"class_score": 0.0171051025390625}, "domain": "pixel"}, {"position": {"minX": 471.25, "minY": 94.5625, "maxX": 500.75, "maxY": 184.25}, "class_id": 0, "box_caption": "person 0.017", "scores": {"class_score": 0.0170440673828125}, "domain": "pixel"}, {"position": {"minX": 279.0, "minY": 240.75, "maxX": 308.5, "maxY": 345.25}, "class_id": 0, "box_caption": "person 0.017", "scores": {"class_score": 0.0169219970703125}, "domain": "pixel"}, {"position": {"minX": 493.0, "minY": 77.125, "maxX": 511.0, "maxY": 130.5}, "class_id": 0, "box_caption": "person 0.017", "scores": {"class_score": 0.0169219970703125}, "domain": "pixel"}, {"position": {"minX": 30.375, "minY": 283.5, "maxX": 55.625, "maxY": 381.5}, "class_id": 0, "box_caption": "person 0.017", "scores": {"class_score": 0.01678466796875}, "domain": "pixel"}, {"position": {"minX": 44.5625, "minY": 482.75, "maxX": 80.125, "maxY": 563.5}, "class_id": 0, "box_caption": "person 0.017", "scores": {"class_score": 0.01666259765625}, "domain": "pixel"}, {"position": {"minX": 494.75, "minY": 41.3125, "maxX": 605.5, "maxY": 182.75}, "class_id": 0, "box_caption": "person 0.017", "scores": {"class_score": 0.01666259765625}, "domain": "pixel"}, {"position": {"minX": 334.0, "minY": 203.625, "maxX": 366.5, "maxY": 298.5}, "class_id": 0, "box_caption": "person 0.016", "scores": {"class_score": 0.0164031982421875}, "domain": "pixel"}, {"position": {"minX": 471.0, "minY": 121.5, "maxX": 494.0, "maxY": 197.25}, "class_id": 0, "box_caption": "person 0.016", "scores": {"class_score": 0.0162811279296875}, "domain": "pixel"}, {"position": {"minX": 605.5, "minY": 62.375, "maxX": 633.5, "maxY": 131.25}, "class_id": 0, "box_caption": "person 0.016", "scores": {"class_score": 0.0162811279296875}, "domain": "pixel"}, {"position": {"minX": 286.25, "minY": 298.75, "maxX": 335.75, "maxY": 422.75}, "class_id": 0, "box_caption": "person 0.016", "scores": {"class_score": 0.0162811279296875}, "domain": "pixel"}, {"position": {"minX": 395.5, "minY": 113.75, "maxX": 408.5, "maxY": 151.75}, "class_id": 0, "box_caption": "person 0.016", "scores": {"class_score": 0.015716552734375}, "domain": "pixel"}, {"position": {"minX": 307.75, "minY": 120.1875, "maxX": 368.75, "maxY": 289.0}, "class_id": 0, "box_caption": "person 0.016", "scores": {"class_score": 0.015716552734375}, "domain": "pixel"}, {"position": {"minX": 373.75, "minY": 161.0, "maxX": 407.75, "maxY": 247.0}, "class_id": 0, "box_caption": "person 0.016", "scores": {"class_score": 0.01554107666015625}, "domain": "pixel"}, {"position": {"minX": 638.0, "minY": 70.0, "maxX": 658.0, "maxY": 120.25}, "class_id": 0, "box_caption": "person 0.015", "scores": {"class_score": 0.0154266357421875}, "domain": "pixel"}, {"position": {"minX": 283.0, "minY": 161.5, "maxX": 340.5, "maxY": 352.0}, "class_id": 0, "box_caption": "person 0.015", "scores": {"class_score": 0.0153656005859375}, "domain": "pixel"}, {"position": {"minX": 565.5, "minY": 50.8125, "maxX": 613.5, "maxY": 146.75}, "class_id": 0, "box_caption": "person 0.015", "scores": {"class_score": 0.01490020751953125}, "domain": "pixel"}, {"position": {"minX": 606.0, "minY": 79.5625, "maxX": 626.0, "maxY": 133.375}, "class_id": 0, "box_caption": "person 0.015", "scores": {"class_score": 0.0147857666015625}, "domain": "pixel"}, {"position": {"minX": 454.75, "minY": 165.0, "maxX": 468.75, "maxY": 208.0}, "class_id": 0, "box_caption": "person 0.015", "scores": {"class_score": 0.01473236083984375}, "domain": "pixel"}, {"position": {"minX": 350.75, "minY": 128.375, "maxX": 376.75, "maxY": 178.125}, "class_id": 0, "box_caption": "person 0.015", "scores": {"class_score": 0.01450347900390625}, "domain": "pixel"}, {"position": {"minX": 353.75, "minY": 136.625, "maxX": 377.75, "maxY": 190.375}, "class_id": 0, "box_caption": "person 0.015", "scores": {"class_score": 0.01450347900390625}, "domain": "pixel"}, {"position": {"minX": 581.5, "minY": 84.0, "maxX": 606.5, "maxY": 145.875}, "class_id": 0, "box_caption": "person 0.014", "scores": {"class_score": 0.01433563232421875}, "domain": "pixel"}, {"position": {"minX": 226.25, "minY": 324.0, "maxX": 238.0, "maxY": 355.0}, "class_id": 0, "box_caption": "person 0.014", "scores": {"class_score": 0.01395416259765625}, "domain": "pixel"}, {"position": {"minX": 507.25, "minY": 65.3125, "maxX": 538.0, "maxY": 153.25}, "class_id": 0, "box_caption": "person 0.014", "scores": {"class_score": 0.0135345458984375}, "domain": "pixel"}, {"position": {"minX": 454.75, "minY": 121.125, "maxX": 478.25, "maxY": 191.125}, "class_id": 0, "box_caption": "person 0.014", "scores": {"class_score": 0.0135345458984375}, "domain": "pixel"}, {"position": {"minX": 518.5, "minY": 101.9375, "maxX": 542.5, "maxY": 176.75}, "class_id": 0, "box_caption": "person 0.013", "scores": {"class_score": 0.01348114013671875}, "domain": "pixel"}, {"position": {"minX": 12.921875, "minY": 30.5, "maxX": 53.0, "maxY": 212.25}, "class_id": 0, "box_caption": "person 0.013", "scores": {"class_score": 0.01302337646484375}, "domain": "pixel"}, {"position": {"minX": 502.25, "minY": 105.1875, "maxX": 523.5, "maxY": 173.5}, "class_id": 0, "box_caption": "person 0.013", "scores": {"class_score": 0.0129241943359375}, "domain": "pixel"}, {"position": {"minX": 301.5, "minY": 236.375, "maxX": 339.5, "maxY": 345.0}, "class_id": 0, "box_caption": "person 0.012", "scores": {"class_score": 0.01242828369140625}, "domain": "pixel"}, {"position": {"minX": 317.0, "minY": 313.5, "maxX": 361.0, "maxY": 424.5}, "class_id": 0, "box_caption": "person 0.012", "scores": {"class_score": 0.012237548828125}, "domain": "pixel"}, {"position": {"minX": 359.0, "minY": 151.625, "maxX": 402.5, "maxY": 251.375}, "class_id": 0, "box_caption": "person 0.012", "scores": {"class_score": 0.012054443359375}, "domain": "pixel"}, {"position": {"minX": 424.25, "minY": 111.3125, "maxX": 440.25, "maxY": 154.25}, "class_id": 0, "box_caption": "person 0.012", "scores": {"class_score": 0.0120086669921875}, "domain": "pixel"}, {"position": {"minX": 120.9375, "minY": 484.5, "maxX": 157.0, "maxY": 651.5}, "class_id": 0, "box_caption": "person 0.012", "scores": {"class_score": 0.0119171142578125}, "domain": "pixel"}, {"position": {"minX": 444.5, "minY": 101.0, "maxX": 496.5, "maxY": 207.0}, "class_id": 0, "box_caption": "person 0.012", "scores": {"class_score": 0.011871337890625}, "domain": "pixel"}, {"position": {"minX": 647.0, "minY": 81.8125, "maxX": 660.0, "maxY": 131.25}, "class_id": 0, "box_caption": "person 0.012", "scores": {"class_score": 0.0118255615234375}, "domain": "pixel"}, {"position": {"minX": 465.5, "minY": 147.75, "maxX": 486.0, "maxY": 196.5}, "class_id": 0, "box_caption": "person 0.011", "scores": {"class_score": 0.01142120361328125}, "domain": "pixel"}, {"position": {"minX": 270.25, "minY": 369.5, "maxX": 308.75, "maxY": 423.5}, "class_id": 0, "box_caption": "person 0.011", "scores": {"class_score": 0.01116180419921875}, "domain": "pixel"}, {"position": {"minX": 546.5, "minY": 118.75, "maxX": 564.5, "maxY": 167.25}, "class_id": 0, "box_caption": "person 0.011", "scores": {"class_score": 0.010986328125}, "domain": "pixel"}, {"position": {"minX": 313.75, "minY": 120.8125, "maxX": 343.25, "maxY": 184.25}, "class_id": 0, "box_caption": "person 0.011", "scores": {"class_score": 0.01078033447265625}, "domain": "pixel"}, {"position": {"minX": 11.1875, "minY": 35.75, "maxX": 52.21875, "maxY": 326.75}, "class_id": 0, "box_caption": "person 0.010", "scores": {"class_score": 0.01049041748046875}, "domain": "pixel"}, {"position": {"minX": 285.75, "minY": 218.5, "maxX": 322.75, "maxY": 323.0}, "class_id": 0, "box_caption": "person 0.010", "scores": {"class_score": 0.0104522705078125}, "domain": "pixel"}, {"position": {"minX": 519.5, "minY": 36.375, "maxX": 569.5, "maxY": 153.875}, "class_id": 0, "box_caption": "person 0.010", "scores": {"class_score": 0.01016998291015625}, "domain": "pixel"}, {"position": {"minX": 494.5, "minY": 103.625, "maxX": 527.5, "maxY": 190.125}, "class_id": 0, "box_caption": "person 0.010", "scores": {"class_score": 0.0100555419921875}, "domain": "pixel"}, {"position": {"minX": 315.75, "minY": 139.0, "maxX": 426.75, "maxY": 354.5}, "class_id": 0, "box_caption": "person 0.010", "scores": {"class_score": 0.0099334716796875}, "domain": "pixel"}, {"position": {"minX": 559.5, "minY": 83.5625, "maxX": 584.5, "maxY": 169.25}, "class_id": 0, "box_caption": "person 0.010", "scores": {"class_score": 0.00974273681640625}, "domain": "pixel"}, {"position": {"minX": 374.0, "minY": 214.75, "maxX": 409.5, "maxY": 338.25}, "class_id": 0, "box_caption": "person 0.010", "scores": {"class_score": 0.00971221923828125}, "domain": "pixel"}, {"position": {"minX": 299.75, "minY": 212.0, "maxX": 349.25, "maxY": 327.0}, "class_id": 0, "box_caption": "person 0.009", "scores": {"class_score": 0.00948333740234375}, "domain": "pixel"}, {"position": {"minX": 8.6875, "minY": 84.375, "maxX": 89.9375, "maxY": 393.5}, "class_id": 0, "box_caption": "person 0.009", "scores": {"class_score": 0.00937652587890625}, "domain": "pixel"}, {"position": {"minX": 328.5, "minY": 326.75, "maxX": 382.0, "maxY": 419.75}, "class_id": 0, "box_caption": "person 0.009", "scores": {"class_score": 0.00930023193359375}, "domain": "pixel"}, {"position": {"minX": 350.0, "minY": 332.25, "maxX": 406.0, "maxY": 410.25}, "class_id": 0, "box_caption": "person 0.009", "scores": {"class_score": 0.0092315673828125}, "domain": "pixel"}, {"position": {"minX": 605.5, "minY": 33.03125, "maxX": 646.5, "maxY": 130.0}, "class_id": 0, "box_caption": "person 0.009", "scores": {"class_score": 0.0092315673828125}, "domain": "pixel"}, {"position": {"minX": 541.5, "minY": 152.875, "maxX": 555.5, "maxY": 184.625}, "class_id": 0, "box_caption": "person 0.009", "scores": {"class_score": 0.00905609130859375}, "domain": "pixel"}, {"position": {"minX": 389.5, "minY": 114.0625, "maxX": 405.5, "maxY": 153.75}, "class_id": 0, "box_caption": "person 0.009", "scores": {"class_score": 0.0090179443359375}, "domain": "pixel"}, {"position": {"minX": 577.5, "minY": 67.75, "maxX": 610.5, "maxY": 134.25}, "class_id": 0, "box_caption": "person 0.009", "scores": {"class_score": 0.00891876220703125}, "domain": "pixel"}, {"position": {"minX": 313.0, "minY": 113.25, "maxX": 361.0, "maxY": 188.75}, "class_id": 0, "box_caption": "person 0.009", "scores": {"class_score": 0.00891876220703125}, "domain": "pixel"}, {"position": {"minX": 495.5, "minY": 93.5, "maxX": 522.5, "maxY": 164.5}, "class_id": 0, "box_caption": "person 0.009", "scores": {"class_score": 0.008880615234375}, "domain": "pixel"}, {"position": {"minX": 448.0, "minY": 106.5, "maxX": 467.5, "maxY": 159.0}, "class_id": 0, "box_caption": "person 0.009", "scores": {"class_score": 0.00881195068359375}, "domain": "pixel"}, {"position": {"minX": 209.375, "minY": 10.015625, "maxX": 288.75, "maxY": 62.25}, "class_id": 0, "box_caption": "person 0.009", "scores": {"class_score": 0.00878143310546875}, "domain": "pixel"}, {"position": {"minX": 317.25, "minY": 345.75, "maxX": 337.75, "maxY": 429.25}, "class_id": 0, "box_caption": "person 0.009", "scores": {"class_score": 0.00864410400390625}, "domain": "pixel"}, {"position": {"minX": 338.0, "minY": 266.75, "maxX": 374.0, "maxY": 352.25}, "class_id": 0, "box_caption": "person 0.009", "scores": {"class_score": 0.008544921875}, "domain": "pixel"}, {"position": {"minX": 617.5, "minY": 64.625, "maxX": 642.5, "maxY": 121.125}, "class_id": 0, "box_caption": "person 0.008", "scores": {"class_score": 0.0083160400390625}, "domain": "pixel"}, {"position": {"minX": 266.5, "minY": 367.0, "maxX": 291.5, "maxY": 415.5}, "class_id": 0, "box_caption": "person 0.008", "scores": {"class_score": 0.00818634033203125}, "domain": "pixel"}, {"position": {"minX": 590.5, "minY": 63.53125, "maxX": 633.5, "maxY": 136.875}, "class_id": 0, "box_caption": "person 0.008", "scores": {"class_score": 0.00818634033203125}, "domain": "pixel"}, {"position": {"minX": 37.03125, "minY": 291.75, "maxX": 55.71875, "maxY": 358.75}, "class_id": 0, "box_caption": "person 0.008", "scores": {"class_score": 0.00809478759765625}, "domain": "pixel"}, {"position": {"minX": 584.0, "minY": 97.5, "maxX": 601.0, "maxY": 148.875}, "class_id": 0, "box_caption": "person 0.008", "scores": {"class_score": 0.007965087890625}, "domain": "pixel"}, {"position": {"minX": 486.25, "minY": 86.6875, "maxX": 505.25, "maxY": 147.75}, "class_id": 0, "box_caption": "person 0.008", "scores": {"class_score": 0.007904052734375}, "domain": "pixel"}, {"position": {"minX": 611.0, "minY": 90.75, "maxX": 627.0, "maxY": 135.375}, "class_id": 0, "box_caption": "person 0.008", "scores": {"class_score": 0.00787353515625}, "domain": "pixel"}, {"position": {"minX": 348.75, "minY": 139.875, "maxX": 383.75, "maxY": 220.625}, "class_id": 0, "box_caption": "person 0.008", "scores": {"class_score": 0.0078125}, "domain": "pixel"}, {"position": {"minX": 358.25, "minY": 130.25, "maxX": 379.75, "maxY": 181.75}, "class_id": 0, "box_caption": "person 0.008", "scores": {"class_score": 0.00763702392578125}, "domain": "pixel"}, {"position": {"minX": 386.75, "minY": 273.0, "maxX": 414.75, "maxY": 329.0}, "class_id": 0, "box_caption": "person 0.008", "scores": {"class_score": 0.007518768310546875}, "domain": "pixel"}, {"position": {"minX": 539.5, "minY": 58.71875, "maxX": 569.5, "maxY": 157.375}, "class_id": 0, "box_caption": "person 0.007", "scores": {"class_score": 0.0074615478515625}, "domain": "pixel"}, {"position": {"minX": 532.5, "minY": 74.0, "maxX": 560.5, "maxY": 158.625}, "class_id": 0, "box_caption": "person 0.007", "scores": {"class_score": 0.007404327392578125}, "domain": "pixel"}, {"position": {"minX": 541.5, "minY": 117.4375, "maxX": 559.5, "maxY": 165.375}, "class_id": 0, "box_caption": "person 0.007", "scores": {"class_score": 0.007373809814453125}, "domain": "pixel"}, {"position": {"minX": 389.0, "minY": 301.0, "maxX": 445.0, "maxY": 406.5}, "class_id": 0, "box_caption": "person 0.007", "scores": {"class_score": 0.007373809814453125}, "domain": "pixel"}, {"position": {"minX": 291.75, "minY": 201.75, "maxX": 329.25, "maxY": 308.75}, "class_id": 0, "box_caption": "person 0.007", "scores": {"class_score": 0.00734710693359375}, "domain": "pixel"}, {"position": {"minX": 344.75, "minY": 128.0, "maxX": 399.75, "maxY": 227.5}, "class_id": 0, "box_caption": "person 0.007", "scores": {"class_score": 0.007289886474609375}, "domain": "pixel"}, {"position": {"minX": 288.0, "minY": 258.5, "maxX": 329.0, "maxY": 372.5}, "class_id": 0, "box_caption": "person 0.007", "scores": {"class_score": 0.007232666015625}, "domain": "pixel"}, {"position": {"minX": 387.0, "minY": 283.75, "maxX": 417.5, "maxY": 377.25}, "class_id": 0, "box_caption": "person 0.007", "scores": {"class_score": 0.0070953369140625}, "domain": "pixel"}, {"position": {"minX": 47.8125, "minY": 501.75, "maxX": 77.5625, "maxY": 559.5}, "class_id": 0, "box_caption": "person 0.007", "scores": {"class_score": 0.0069580078125}, "domain": "pixel"}, {"position": {"minX": 375.5, "minY": 160.0, "maxX": 403.5, "maxY": 215.5}, "class_id": 0, "box_caption": "person 0.007", "scores": {"class_score": 0.00679779052734375}, "domain": "pixel"}, {"position": {"minX": 31.921875, "minY": 309.0, "maxX": 60.0625, "maxY": 373.0}, "class_id": 0, "box_caption": "person 0.007", "scores": {"class_score": 0.00679779052734375}, "domain": "pixel"}, {"position": {"minX": 15.90625, "minY": 147.125, "maxX": 86.0, "maxY": 590.5}, "class_id": 0, "box_caption": "person 0.007", "scores": {"class_score": 0.006717681884765625}, "domain": "pixel"}, {"position": {"minX": 302.0, "minY": 322.0, "maxX": 338.5, "maxY": 422.0}, "class_id": 0, "box_caption": "person 0.007", "scores": {"class_score": 0.006587982177734375}, "domain": "pixel"}, {"position": {"minX": 465.0, "minY": 121.6875, "maxX": 487.5, "maxY": 197.5}, "class_id": 0, "box_caption": "person 0.006", "scores": {"class_score": 0.006488800048828125}, "domain": "pixel"}, {"position": {"minX": -0.125, "minY": -14.25, "maxX": 122.4375, "maxY": 377.0}, "class_id": 0, "box_caption": "person 0.006", "scores": {"class_score": 0.006488800048828125}, "domain": "pixel"}, {"position": {"minX": 324.75, "minY": 241.5, "maxX": 353.75, "maxY": 314.5}, "class_id": 0, "box_caption": "person 0.006", "scores": {"class_score": 0.006389617919921875}, "domain": "pixel"}, {"position": {"minX": 22.65625, "minY": 7.75, "maxX": 108.625, "maxY": 161.625}, "class_id": 0, "box_caption": "person 0.006", "scores": {"class_score": 0.006389617919921875}, "domain": "pixel"}, {"position": {"minX": 321.25, "minY": 126.8125, "maxX": 355.25, "maxY": 197.5}, "class_id": 0, "box_caption": "person 0.006", "scores": {"class_score": 0.0063629150390625}, "domain": "pixel"}, {"position": {"minX": 29.28125, "minY": 291.75, "maxX": 65.5, "maxY": 393.75}, "class_id": 0, "box_caption": "person 0.006", "scores": {"class_score": 0.006290435791015625}, "domain": "pixel"}, {"position": {"minX": 466.5, "minY": 159.5, "maxX": 489.5, "maxY": 208.0}, "class_id": 0, "box_caption": "person 0.006", "scores": {"class_score": 0.00605010986328125}, "domain": "pixel"}, {"position": {"minX": 464.5, "minY": 100.8125, "maxX": 485.0, "maxY": 158.25}, "class_id": 0, "box_caption": "person 0.006", "scores": {"class_score": 0.0059814453125}, "domain": "pixel"}, {"position": {"minX": 362.5, "minY": 149.125, "maxX": 398.0, "maxY": 221.125}, "class_id": 0, "box_caption": "person 0.006", "scores": {"class_score": 0.00595855712890625}, "domain": "pixel"}, {"position": {"minX": 345.0, "minY": 126.875, "maxX": 368.0, "maxY": 169.875}, "class_id": 0, "box_caption": "person 0.006", "scores": {"class_score": 0.00591278076171875}, "domain": "pixel"}, {"position": {"minX": 509.0, "minY": 110.5, "maxX": 552.0, "maxY": 200.0}, "class_id": 0, "box_caption": "person 0.006", "scores": {"class_score": 0.00582122802734375}, "domain": "pixel"}, {"position": {"minX": 356.0, "minY": 135.625, "maxX": 386.0, "maxY": 196.875}, "class_id": 0, "box_caption": "person 0.006", "scores": {"class_score": 0.00577545166015625}, "domain": "pixel"}, {"position": {"minX": 512.5, "minY": 116.5, "maxX": 531.5, "maxY": 164.75}, "class_id": 0, "box_caption": "person 0.006", "scores": {"class_score": 0.0057525634765625}, "domain": "pixel"}, {"position": {"minX": 378.5, "minY": 182.25, "maxX": 416.5, "maxY": 335.75}, "class_id": 0, "box_caption": "person 0.006", "scores": {"class_score": 0.005706787109375}, "domain": "pixel"}, {"position": {"minX": 491.75, "minY": 92.0, "maxX": 509.75, "maxY": 139.875}, "class_id": 0, "box_caption": "person 0.006", "scores": {"class_score": 0.005687713623046875}, "domain": "pixel"}, {"position": {"minX": 372.75, "minY": 176.0, "maxX": 402.75, "maxY": 262.5}, "class_id": 0, "box_caption": "person 0.006", "scores": {"class_score": 0.005687713623046875}, "domain": "pixel"}, {"position": {"minX": 272.5, "minY": 369.25, "maxX": 295.0, "maxY": 411.25}, "class_id": 0, "box_caption": "person 0.006", "scores": {"class_score": 0.005641937255859375}, "domain": "pixel"}, {"position": {"minX": 590.0, "minY": 79.875, "maxX": 613.0, "maxY": 136.625}, "class_id": 0, "box_caption": "person 0.006", "scores": {"class_score": 0.005641937255859375}, "domain": "pixel"}, {"position": {"minX": 428.5, "minY": 107.3125, "maxX": 445.0, "maxY": 150.75}, "class_id": 0, "box_caption": "person 0.006", "scores": {"class_score": 0.005641937255859375}, "domain": "pixel"}, {"position": {"minX": 568.5, "minY": 61.5625, "maxX": 604.5, "maxY": 126.5625}, "class_id": 0, "box_caption": "person 0.006", "scores": {"class_score": 0.0055999755859375}, "domain": "pixel"}, {"position": {"minX": 366.0, "minY": 137.375, "maxX": 406.0, "maxY": 233.875}, "class_id": 0, "box_caption": "person 0.006", "scores": {"class_score": 0.0055999755859375}, "domain": "pixel"}, {"position": {"minX": 293.25, "minY": 101.875, "maxX": 347.25, "maxY": 315.5}, "class_id": 0, "box_caption": "person 0.006", "scores": {"class_score": 0.005535125732421875}, "domain": "pixel"}, {"position": {"minX": 614.5, "minY": 92.5, "maxX": 630.5, "maxY": 133.125}, "class_id": 0, "box_caption": "person 0.006", "scores": {"class_score": 0.005512237548828125}, "domain": "pixel"}, {"position": {"minX": 439.75, "minY": 102.4375, "maxX": 461.75, "maxY": 156.125}, "class_id": 0, "box_caption": "person 0.005", "scores": {"class_score": 0.005489349365234375}, "domain": "pixel"}, {"position": {"minX": 342.5, "minY": 171.875, "maxX": 383.5, "maxY": 269.0}, "class_id": 0, "box_caption": "person 0.005", "scores": {"class_score": 0.0054473876953125}, "domain": "pixel"}, {"position": {"minX": 376.75, "minY": 273.0, "maxX": 461.25, "maxY": 434.5}, "class_id": 0, "box_caption": "person 0.005", "scores": {"class_score": 0.0054473876953125}, "domain": "pixel"}, {"position": {"minX": 479.75, "minY": 120.625, "maxX": 497.25, "maxY": 193.625}, "class_id": 0, "box_caption": "person 0.005", "scores": {"class_score": 0.005428314208984375}, "domain": "pixel"}, {"position": {"minX": 293.75, "minY": 223.875, "maxX": 325.25, "maxY": 298.5}, "class_id": 0, "box_caption": "person 0.005", "scores": {"class_score": 0.0053863525390625}, "domain": "pixel"}, {"position": {"minX": 330.25, "minY": 230.25, "maxX": 363.25, "maxY": 306.75}, "class_id": 0, "box_caption": "person 0.005", "scores": {"class_score": 0.0053863525390625}, "domain": "pixel"}, {"position": {"minX": 455.75, "minY": 148.5, "maxX": 472.25, "maxY": 196.25}, "class_id": 0, "box_caption": "person 0.005", "scores": {"class_score": 0.005344390869140625}, "domain": "pixel"}, {"position": {"minX": 341.75, "minY": 145.0, "maxX": 390.25, "maxY": 255.75}, "class_id": 0, "box_caption": "person 0.005", "scores": {"class_score": 0.005321502685546875}, "domain": "pixel"}, {"position": {"minX": 127.5625, "minY": 461.25, "maxX": 152.75, "maxY": 552.5}, "class_id": 0, "box_caption": "person 0.005", "scores": {"class_score": 0.005321502685546875}, "domain": "pixel"}, {"position": {"minX": 496.25, "minY": 74.0625, "maxX": 519.0, "maxY": 133.0}, "class_id": 0, "box_caption": "person 0.005", "scores": {"class_score": 0.00530242919921875}, "domain": "pixel"}, {"position": {"minX": 546.5, "minY": 136.5, "maxX": 565.5, "maxY": 181.75}, "class_id": 0, "box_caption": "person 0.005", "scores": {"class_score": 0.00530242919921875}, "domain": "pixel"}, {"position": {"minX": 189.875, "minY": 2.1875, "maxX": 293.0, "maxY": 166.5}, "class_id": 0, "box_caption": "person 0.005", "scores": {"class_score": 0.005279541015625}, "domain": "pixel"}, {"position": {"minX": 457.5, "minY": 97.8125, "maxX": 478.0, "maxY": 169.0}, "class_id": 0, "box_caption": "person 0.005", "scores": {"class_score": 0.005260467529296875}, "domain": "pixel"}, {"position": {"minX": 324.25, "minY": 157.0, "maxX": 370.25, "maxY": 282.25}, "class_id": 0, "box_caption": "person 0.005", "scores": {"class_score": 0.005218505859375}, "domain": "pixel"}, {"position": {"minX": 428.5, "minY": 105.125, "maxX": 460.5, "maxY": 167.375}, "class_id": 0, "box_caption": "person 0.005", "scores": {"class_score": 0.005199432373046875}, "domain": "pixel"}, {"position": {"minX": 580.5, "minY": 116.8125, "maxX": 595.5, "maxY": 163.5}, "class_id": 0, "box_caption": "person 0.005", "scores": {"class_score": 0.00518035888671875}, "domain": "pixel"}, {"position": {"minX": 487.0, "minY": 147.0, "maxX": 503.0, "maxY": 213.25}, "class_id": 0, "box_caption": "person 0.005", "scores": {"class_score": 0.00518035888671875}, "domain": "pixel"}, {"position": {"minX": 536.0, "minY": 138.75, "maxX": 556.0, "maxY": 187.25}, "class_id": 0, "box_caption": "person 0.005", "scores": {"class_score": 0.00518035888671875}, "domain": "pixel"}, {"position": {"minX": 435.25, "minY": 125.0625, "maxX": 448.25, "maxY": 161.625}, "class_id": 0, "box_caption": "person 0.005", "scores": {"class_score": 0.005138397216796875}, "domain": "pixel"}, {"position": {"minX": 456.25, "minY": 162.75, "maxX": 477.25, "maxY": 207.0}, "class_id": 0, "box_caption": "person 0.005", "scores": {"class_score": 0.00511932373046875}, "domain": "pixel"}, {"position": {"minX": 31.40625, "minY": 297.75, "maxX": 51.09375, "maxY": 368.25}, "class_id": 0, "box_caption": "person 0.005", "scores": {"class_score": 0.005100250244140625}, "domain": "pixel"}, {"position": {"minX": 283.5, "minY": 315.75, "maxX": 314.5, "maxY": 410.75}, "class_id": 0, "box_caption": "person 0.005", "scores": {"class_score": 0.005100250244140625}, "domain": "pixel"}, {"position": {"minX": 382.75, "minY": 168.0, "maxX": 407.75, "maxY": 225.5}, "class_id": 0, "box_caption": "person 0.005", "scores": {"class_score": 0.0050201416015625}, "domain": "pixel"}, {"position": {"minX": 482.75, "minY": 168.875, "maxX": 499.25, "maxY": 215.375}, "class_id": 0, "box_caption": "person 0.005", "scores": {"class_score": 0.00498199462890625}, "domain": "pixel"}, {"position": {"minX": 592.5, "minY": 94.375, "maxX": 609.5, "maxY": 137.5}, "class_id": 0, "box_caption": "person 0.005", "scores": {"class_score": 0.004962921142578125}, "domain": "pixel"}, {"position": {"minX": 9.265625, "minY": 19.4375, "maxX": 57.875, "maxY": 160.25}, "class_id": 0, "box_caption": "person 0.005", "scores": {"class_score": 0.00494384765625}, "domain": "pixel"}, {"position": {"minX": 501.5, "minY": 537.0, "maxX": 509.5, "maxY": 558.0}, "class_id": 0, "box_caption": "person 0.005", "scores": {"class_score": 0.004924774169921875}, "domain": "pixel"}, {"position": {"minX": 214.375, "minY": 386.5, "maxX": 238.625, "maxY": 433.5}, "class_id": 0, "box_caption": "person 0.005", "scores": {"class_score": 0.00490570068359375}, "domain": "pixel"}, {"position": {"minX": 490.75, "minY": 95.25, "maxX": 515.0, "maxY": 162.25}, "class_id": 0, "box_caption": "person 0.005", "scores": {"class_score": 0.0048675537109375}, "domain": "pixel"}, {"position": {"minX": 472.25, "minY": 105.0, "maxX": 490.75, "maxY": 181.0}, "class_id": 0, "box_caption": "person 0.005", "scores": {"class_score": 0.0048675537109375}, "domain": "pixel"}, {"position": {"minX": 431.25, "minY": 123.5, "maxX": 445.75, "maxY": 164.0}, "class_id": 0, "box_caption": "person 0.005", "scores": {"class_score": 0.004791259765625}, "domain": "pixel"}, {"position": {"minX": 257.5, "minY": 255.25, "maxX": 663.5, "maxY": 661.0}, "class_id": 0, "box_caption": "person 0.005", "scores": {"class_score": 0.004791259765625}, "domain": "pixel"}, {"position": {"minX": 368.25, "minY": 130.875, "maxX": 387.25, "maxY": 181.625}, "class_id": 0, "box_caption": "person 0.005", "scores": {"class_score": 0.004756927490234375}, "domain": "pixel"}, {"position": {"minX": 604.5, "minY": 14.6875, "maxX": 653.5, "maxY": 106.8125}, "class_id": 0, "box_caption": "person 0.005", "scores": {"class_score": 0.004718780517578125}, "domain": "pixel"}, {"position": {"minX": 224.75, "minY": 315.5, "maxX": 246.5, "maxY": 366.5}, "class_id": 0, "box_caption": "person 0.005", "scores": {"class_score": 0.004680633544921875}, "domain": "pixel"}, {"position": {"minX": 476.75, "minY": 96.75, "maxX": 492.75, "maxY": 153.625}, "class_id": 0, "box_caption": "person 0.005", "scores": {"class_score": 0.00464630126953125}, "domain": "pixel"}, {"position": {"minX": 643.5, "minY": 43.5625, "maxX": 661.5, "maxY": 96.9375}, "class_id": 0, "box_caption": "person 0.005", "scores": {"class_score": 0.00464630126953125}, "domain": "pixel"}, {"position": {"minX": 124.875, "minY": 468.0, "maxX": 154.625, "maxY": 603.0}, "class_id": 0, "box_caption": "person 0.005", "scores": {"class_score": 0.00464630126953125}, "domain": "pixel"}, {"position": {"minX": 37.6875, "minY": 470.0, "maxX": 87.6875, "maxY": 572.0}, "class_id": 0, "box_caption": "person 0.005", "scores": {"class_score": 0.004573822021484375}, "domain": "pixel"}, {"position": {"minX": 341.75, "minY": 193.5, "maxX": 369.25, "maxY": 279.75}, "class_id": 0, "box_caption": "person 0.005", "scores": {"class_score": 0.00453948974609375}, "domain": "pixel"}, {"position": {"minX": 382.75, "minY": 112.5625, "maxX": 406.75, "maxY": 159.125}, "class_id": 0, "box_caption": "person 0.005", "scores": {"class_score": 0.004505157470703125}, "domain": "pixel"}, {"position": {"minX": 318.0, "minY": 135.875, "maxX": 362.5, "maxY": 264.5}, "class_id": 0, "box_caption": "person 0.004", "scores": {"class_score": 0.004398345947265625}, "domain": "pixel"}, {"position": {"minX": 364.0, "minY": 175.25, "maxX": 398.0, "maxY": 250.0}, "class_id": 0, "box_caption": "person 0.004", "scores": {"class_score": 0.004364013671875}, "domain": "pixel"}, {"position": {"minX": 13.46875, "minY": 17.75, "maxX": 58.34375, "maxY": 83.125}, "class_id": 0, "box_caption": "person 0.004", "scores": {"class_score": 0.004329681396484375}, "domain": "pixel"}, {"position": {"minX": 329.25, "minY": 174.25, "maxX": 365.25, "maxY": 266.5}, "class_id": 0, "box_caption": "person 0.004", "scores": {"class_score": 0.004299163818359375}, "domain": "pixel"}, {"position": {"minX": 278.25, "minY": 112.5, "maxX": 402.75, "maxY": 382.0}, "class_id": 0, "box_caption": "person 0.004", "scores": {"class_score": 0.00426483154296875}, "domain": "pixel"}, {"position": {"minX": 374.25, "minY": 334.5, "maxX": 408.75, "maxY": 408.5}, "class_id": 0, "box_caption": "person 0.004", "scores": {"class_score": 0.004230499267578125}, "domain": "pixel"}, {"position": {"minX": 484.75, "minY": 47.15625, "maxX": 541.5, "maxY": 155.0}, "class_id": 0, "box_caption": "person 0.004", "scores": {"class_score": 0.004230499267578125}, "domain": "pixel"}, {"position": {"minX": 343.5, "minY": 113.25, "maxX": 391.5, "maxY": 183.25}, "class_id": 0, "box_caption": "person 0.004", "scores": {"class_score": 0.004215240478515625}, "domain": "pixel"}, {"position": {"minX": 468.0, "minY": 96.875, "maxX": 482.0, "maxY": 142.625}, "class_id": 0, "box_caption": "person 0.004", "scores": {"class_score": 0.004199981689453125}, "domain": "pixel"}, {"position": {"minX": 310.0, "minY": 209.5, "maxX": 347.0, "maxY": 293.0}, "class_id": 0, "box_caption": "person 0.004", "scores": {"class_score": 0.004199981689453125}, "domain": "pixel"}, {"position": {"minX": 27.109375, "minY": 227.75, "maxX": 60.375, "maxY": 406.75}, "class_id": 0, "box_caption": "person 0.004", "scores": {"class_score": 0.004199981689453125}, "domain": "pixel"}, {"position": {"minX": 377.75, "minY": 267.75, "maxX": 406.25, "maxY": 329.75}, "class_id": 0, "box_caption": "person 0.004", "scores": {"class_score": 0.0041351318359375}, "domain": "pixel"}, {"position": {"minX": 327.0, "minY": 213.0, "maxX": 357.5, "maxY": 291.5}, "class_id": 0, "box_caption": "person 0.004", "scores": {"class_score": 0.004100799560546875}, "domain": "pixel"}, {"position": {"minX": 203.375, "minY": 4.859375, "maxX": 320.0, "maxY": 58.6875}, "class_id": 0, "box_caption": "person 0.004", "scores": {"class_score": 0.004100799560546875}, "domain": "pixel"}, {"position": {"minX": 382.75, "minY": 158.0, "maxX": 412.75, "maxY": 272.25}, "class_id": 0, "box_caption": "person 0.004", "scores": {"class_score": 0.004085540771484375}, "domain": "pixel"}, {"position": {"minX": 228.5, "minY": 9.65625, "maxX": 273.75, "maxY": 60.96875}, "class_id": 0, "box_caption": "person 0.004", "scores": {"class_score": 0.00400543212890625}, "domain": "pixel"}, {"position": {"minX": 21.28125, "minY": 12.234375, "maxX": 62.40625, "maxY": 70.5625}, "class_id": 0, "box_caption": "person 0.004", "scores": {"class_score": 0.00400543212890625}, "domain": "pixel"}, {"position": {"minX": 314.25, "minY": 296.75, "maxX": 412.25, "maxY": 463.25}, "class_id": 0, "box_caption": "person 0.004", "scores": {"class_score": 0.00399017333984375}, "domain": "pixel"}, {"position": {"minX": 456.75, "minY": 178.0, "maxX": 465.75, "maxY": 207.25}, "class_id": 0, "box_caption": "person 0.004", "scores": {"class_score": 0.00397491455078125}, "domain": "pixel"}, {"position": {"minX": 12.25, "minY": 85.0625, "maxX": 48.53125, "maxY": 278.0}, "class_id": 0, "box_caption": "person 0.004", "scores": {"class_score": 0.00397491455078125}, "domain": "pixel"}, {"position": {"minX": 343.75, "minY": 286.5, "maxX": 374.75, "maxY": 361.5}, "class_id": 0, "box_caption": "person 0.004", "scores": {"class_score": 0.00397491455078125}, "domain": "pixel"}, {"position": {"minX": 386.5, "minY": 333.75, "maxX": 415.5, "maxY": 402.75}, "class_id": 0, "box_caption": "person 0.004", "scores": {"class_score": 0.00397491455078125}, "domain": "pixel"}, {"position": {"minX": 389.25, "minY": 252.0, "maxX": 598.0, "maxY": 612.0}, "class_id": 0, "box_caption": "person 0.004", "scores": {"class_score": 0.00394439697265625}, "domain": "pixel"}, {"position": {"minX": 441.75, "minY": 67.625, "maxX": 560.5, "maxY": 213.125}, "class_id": 0, "box_caption": "person 0.004", "scores": {"class_score": 0.0039005279541015625}, "domain": "pixel"}, {"position": {"minX": 606.0, "minY": 94.125, "maxX": 622.0, "maxY": 135.375}, "class_id": 0, "box_caption": "person 0.004", "scores": {"class_score": 0.0038700103759765625}, "domain": "pixel"}, {"position": {"minX": 102.1875, "minY": 146.75, "maxX": 134.5, "maxY": 231.0}, "class_id": 0, "box_caption": "person 0.004", "scores": {"class_score": 0.0038547515869140625}, "domain": "pixel"}, {"position": {"minX": 49.03125, "minY": 6.03125, "maxX": 118.0, "maxY": 82.0}, "class_id": 0, "box_caption": "person 0.004", "scores": {"class_score": 0.0038242340087890625}, "domain": "pixel"}, {"position": {"minX": 309.5, "minY": 119.0, "maxX": 337.0, "maxY": 218.5}, "class_id": 0, "box_caption": "person 0.004", "scores": {"class_score": 0.003795623779296875}, "domain": "pixel"}, {"position": {"minX": 526.5, "minY": 46.28125, "maxX": 560.5, "maxY": 141.0}, "class_id": 0, "box_caption": "person 0.004", "scores": {"class_score": 0.003765106201171875}, "domain": "pixel"}, {"position": {"minX": 514.0, "minY": 60.28125, "maxX": 545.0, "maxY": 145.0}, "class_id": 0, "box_caption": "person 0.004", "scores": {"class_score": 0.0037364959716796875}, "domain": "pixel"}, {"position": {"minX": 375.25, "minY": 147.75, "maxX": 398.25, "maxY": 200.0}, "class_id": 0, "box_caption": "person 0.004", "scores": {"class_score": 0.0037078857421875}, "domain": "pixel"}, {"position": {"minX": 18.078125, "minY": 121.0, "maxX": 67.8125, "maxY": 437.0}, "class_id": 0, "box_caption": "person 0.004", "scores": {"class_score": 0.0037078857421875}, "domain": "pixel"}, {"position": {"minX": 454.0, "minY": 116.4375, "maxX": 471.5, "maxY": 180.5}, "class_id": 0, "box_caption": "person 0.004", "scores": {"class_score": 0.0036792755126953125}, "domain": "pixel"}, {"position": {"minX": 327.5, "minY": 301.5, "maxX": 349.0, "maxY": 365.0}, "class_id": 0, "box_caption": "person 0.004", "scores": {"class_score": 0.0036640167236328125}, "domain": "pixel"}, {"position": {"minX": 313.5, "minY": 115.1875, "maxX": 339.0, "maxY": 168.125}, "class_id": 0, "box_caption": "person 0.004", "scores": {"class_score": 0.003650665283203125}, "domain": "pixel"}, {"position": {"minX": 482.0, "minY": 155.25, "maxX": 499.5, "maxY": 203.75}, "class_id": 0, "box_caption": "person 0.004", "scores": {"class_score": 0.0035800933837890625}, "domain": "pixel"}, {"position": {"minX": 291.75, "minY": 322.25, "maxX": 321.75, "maxY": 400.25}, "class_id": 0, "box_caption": "person 0.004", "scores": {"class_score": 0.0035381317138671875}, "domain": "pixel"}, {"position": {"minX": 299.25, "minY": 95.1875, "maxX": 341.25, "maxY": 268.5}, "class_id": 0, "box_caption": "person 0.003", "scores": {"class_score": 0.0034694671630859375}, "domain": "pixel"}, {"position": {"minX": 427.75, "minY": 125.75, "maxX": 443.25, "maxY": 159.0}, "class_id": 0, "box_caption": "person 0.003", "scores": {"class_score": 0.00345611572265625}, "domain": "pixel"}, {"position": {"minX": 22.5625, "minY": 20.96875, "maxX": 63.6875, "maxY": 116.875}, "class_id": 0, "box_caption": "person 0.003", "scores": {"class_score": 0.003429412841796875}, "domain": "pixel"}, {"position": {"minX": 360.25, "minY": 291.75, "maxX": 397.75, "maxY": 365.25}, "class_id": 0, "box_caption": "person 0.003", "scores": {"class_score": 0.0034027099609375}, "domain": "pixel"}, {"position": {"minX": 365.0, "minY": 283.75, "maxX": 397.0, "maxY": 340.75}, "class_id": 0, "box_caption": "person 0.003", "scores": {"class_score": 0.003337860107421875}, "domain": "pixel"}, {"position": {"minX": 18.125, "minY": 64.625, "maxX": 79.8125, "maxY": 231.875}, "class_id": 0, "box_caption": "person 0.003", "scores": {"class_score": 0.0033245086669921875}, "domain": "pixel"}, {"position": {"minX": 97.125, "minY": 492.5, "maxX": 161.875, "maxY": 640.5}, "class_id": 0, "box_caption": "person 0.003", "scores": {"class_score": 0.0033245086669921875}, "domain": "pixel"}, {"position": {"minX": 325.0, "minY": 129.625, "maxX": 347.0, "maxY": 182.125}, "class_id": 0, "box_caption": "person 0.003", "scores": {"class_score": 0.0032978057861328125}, "domain": "pixel"}, {"position": {"minX": 624.5, "minY": 36.8125, "maxX": 662.5, "maxY": 117.6875}, "class_id": 0, "box_caption": "person 0.003", "scores": {"class_score": 0.0032863616943359375}, "domain": "pixel"}, {"position": {"minX": 645.0, "minY": 70.0, "maxX": 663.0, "maxY": 118.0}, "class_id": 0, "box_caption": "person 0.003", "scores": {"class_score": 0.00327301025390625}, "domain": "pixel"}, {"position": {"minX": 304.5, "minY": 158.0, "maxX": 353.5, "maxY": 307.5}, "class_id": 0, "box_caption": "person 0.003", "scores": {"class_score": 0.00327301025390625}, "domain": "pixel"}, {"position": {"minX": 295.75, "minY": 183.375, "maxX": 421.25, "maxY": 409.5}, "class_id": 0, "box_caption": "person 0.003", "scores": {"class_score": 0.00327301025390625}, "domain": "pixel"}, {"position": {"minX": 361.0, "minY": 143.375, "maxX": 378.5, "maxY": 184.625}, "class_id": 0, "box_caption": "person 0.003", "scores": {"class_score": 0.003223419189453125}, "domain": "pixel"}, {"position": {"minX": 329.75, "minY": 257.75, "maxX": 364.25, "maxY": 337.25}, "class_id": 0, "box_caption": "person 0.003", "scores": {"class_score": 0.003223419189453125}, "domain": "pixel"}, {"position": {"minX": 30.21875, "minY": 319.5, "maxX": 49.46875, "maxY": 369.5}, "class_id": 0, "box_caption": "person 0.003", "scores": {"class_score": 0.003223419189453125}, "domain": "pixel"}, {"position": {"minX": 382.5, "minY": 106.75, "maxX": 402.0, "maxY": 149.75}, "class_id": 0, "box_caption": "person 0.003", "scores": {"class_score": 0.0032100677490234375}, "domain": "pixel"}, {"position": {"minX": 353.25, "minY": 119.9375, "maxX": 375.75, "maxY": 166.0}, "class_id": 0, "box_caption": "person 0.003", "scores": {"class_score": 0.00319671630859375}, "domain": "pixel"}, {"position": {"minX": 505.0, "minY": 124.6875, "maxX": 522.0, "maxY": 169.0}, "class_id": 0, "box_caption": "person 0.003", "scores": {"class_score": 0.0031719207763671875}, "domain": "pixel"}, {"position": {"minX": 379.0, "minY": 113.0, "maxX": 398.0, "maxY": 164.25}, "class_id": 0, "box_caption": "person 0.003", "scores": {"class_score": 0.0031719207763671875}, "domain": "pixel"}, {"position": {"minX": 567.0, "minY": 85.8125, "maxX": 595.0, "maxY": 161.5}, "class_id": 0, "box_caption": "person 0.003", "scores": {"class_score": 0.0031719207763671875}, "domain": "pixel"}, {"position": {"minX": 550.0, "minY": 71.75, "maxX": 579.0, "maxY": 157.625}, "class_id": 0, "box_caption": "person 0.003", "scores": {"class_score": 0.003147125244140625}, "domain": "pixel"}, {"position": {"minX": 387.0, "minY": 285.25, "maxX": 408.5, "maxY": 331.75}, "class_id": 0, "box_caption": "person 0.003", "scores": {"class_score": 0.00313568115234375}, "domain": "pixel"}, {"position": {"minX": 72.25, "minY": 12.03125, "maxX": 126.875, "maxY": 63.96875}, "class_id": 0, "box_caption": "person 0.003", "scores": {"class_score": 0.00313568115234375}, "domain": "pixel"}, {"position": {"minX": 625.5, "minY": 17.5, "maxX": 665.5, "maxY": 99.3125}, "class_id": 0, "box_caption": "person 0.003", "scores": {"class_score": 0.00313568115234375}, "domain": "pixel"}, {"position": {"minX": 415.5, "minY": 5.75, "maxX": 645.5, "maxY": 539.0}, "class_id": 0, "box_caption": "person 0.003", "scores": {"class_score": 0.00313568115234375}, "domain": "pixel"}, {"position": {"minX": 638.5, "minY": 15.03125, "maxX": 659.5, "maxY": 77.125}, "class_id": 0, "box_caption": "person 0.003", "scores": {"class_score": 0.003124237060546875}, "domain": "pixel"}, {"position": {"minX": 312.5, "minY": 161.375, "maxX": 347.5, "maxY": 270.0}, "class_id": 0, "box_caption": "person 0.003", "scores": {"class_score": 0.003124237060546875}, "domain": "pixel"}, {"position": {"minX": 382.25, "minY": 351.25, "maxX": 411.75, "maxY": 407.75}, "class_id": 0, "box_caption": "person 0.003", "scores": {"class_score": 0.0031108856201171875}, "domain": "pixel"}], "class_labels": {"0": "person"}}