{"box_data": [{"position": {"minX": 108.375, "minY": 191.375, "maxX": 184.125, "maxY": 353.5}, "class_id": 0, "box_caption": "person 0.333", "scores": {"class_score": 0.332763671875}, "domain": "pixel"}, {"position": {"minX": 457.5, "minY": 152.75, "maxX": 587.5, "maxY": 651.0}, "class_id": 0, "box_caption": "person 0.257", "scores": {"class_score": 0.2568359375}, "domain": "pixel"}, {"position": {"minX": 467.5, "minY": 138.75, "maxX": 651.5, "maxY": 663.0}, "class_id": 0, "box_caption": "person 0.196", "scores": {"class_score": 0.195556640625}, "domain": "pixel"}, {"position": {"minX": 11.9375, "minY": 322.75, "maxX": 158.0, "maxY": 609.0}, "class_id": 0, "box_caption": "person 0.122", "scores": {"class_score": 0.1217041015625}, "domain": "pixel"}, {"position": {"minX": 353.0, "minY": 479.0, "maxX": 367.0, "maxY": 512.5}, "class_id": 0, "box_caption": "person 0.113", "scores": {"class_score": 0.1131591796875}, "domain": "pixel"}, {"position": {"minX": 125.0, "minY": 203.5, "maxX": 200.25, "maxY": 356.0}, "class_id": 0, "box_caption": "person 0.093", "scores": {"class_score": 0.093017578125}, "domain": "pixel"}, {"position": {"minX": 461.5, "minY": 167.25, "maxX": 566.5, "maxY": 536.0}, "class_id": 0, "box_caption": "person 0.083", "scores": {"class_score": 0.0831298828125}, "domain": "pixel"}, {"position": {"minX": 22.125, "minY": 189.25, "maxX": 202.375, "maxY": 606.0}, "class_id": 0, "box_caption": "person 0.077", "scores": {"class_score": 0.077392578125}, "domain": "pixel"}, {"position": {"minX": 180.5, "minY": 203.25, "maxX": 238.0, "maxY": 357.25}, "class_id": 0, "box_caption": "person 0.070", "scores": {"class_score": 0.0703125}, "domain": "pixel"}, {"position": {"minX": 98.25, "minY": 432.75, "maxX": 183.75, "maxY": 584.0}, "class_id": 0, "box_caption": "person 0.064", "scores": {"class_score": 0.06427001953125}, "domain": "pixel"}, {"position": {"minX": 336.25, "minY": 403.5, "maxX": 348.75, "maxY": 438.0}, "class_id": 0, "box_caption": "person 0.059", "scores": {"class_score": 0.058990478515625}, "domain": "pixel"}, {"position": {"minX": 395.0, "minY": 183.875, "maxX": 568.5, "maxY": 676.5}, "class_id": 0, "box_caption": "person 0.058", "scores": {"class_score": 0.058441162109375}, "domain": "pixel"}, {"position": {"minX": 86.5, "minY": 181.75, "maxX": 166.25, "maxY": 354.75}, "class_id": 0, "box_caption": "person 0.049", "scores": {"class_score": 0.049041748046875}, "domain": "pixel"}, {"position": {"minX": 6.71875, "minY": 337.75, "maxX": 111.0, "maxY": 598.0}, "class_id": 0, "box_caption": "person 0.044", "scores": {"class_score": 0.0439453125}, "domain": "pixel"}, {"position": {"minX": 560.0, "minY": 185.5, "maxX": 670.0, "maxY": 670.0}, "class_id": 0, "box_caption": "person 0.041", "scores": {"class_score": 0.040618896484375}, "domain": "pixel"}, {"position": {"minX": 127.6875, "minY": 453.0, "maxX": 190.875, "maxY": 568.0}, "class_id": 0, "box_caption": "person 0.039", "scores": {"class_score": 0.0391845703125}, "domain": "pixel"}, {"position": {"minX": 467.0, "minY": 181.875, "maxX": 558.0, "maxY": 432.0}, "class_id": 0, "box_caption": "person 0.037", "scores": {"class_score": 0.037200927734375}, "domain": "pixel"}, {"position": {"minX": 189.25, "minY": 199.0, "maxX": 258.25, "maxY": 350.0}, "class_id": 0, "box_caption": "person 0.034", "scores": {"class_score": 0.033966064453125}, "domain": "pixel"}, {"position": {"minX": 507.5, "minY": 245.0, "maxX": 663.5, "maxY": 661.5}, "class_id": 0, "box_caption": "person 0.031", "scores": {"class_score": 0.03125}, "domain": "pixel"}, {"position": {"minX": 488.5, "minY": 22.90625, "maxX": 532.5, "maxY": 129.625}, "class_id": 0, "box_caption": "person 0.030", "scores": {"class_score": 0.0304412841796875}, "domain": "pixel"}, {"position": {"minX": 191.125, "minY": 195.0, "maxX": 236.875, "maxY": 318.5}, "class_id": 0, "box_caption": "person 0.027", "scores": {"class_score": 0.0272674560546875}, "domain": "pixel"}, {"position": {"minX": 29.0625, "minY": 400.75, "maxX": 193.75, "maxY": 625.5}, "class_id": 0, "box_caption": "person 0.027", "scores": {"class_score": 0.0269622802734375}, "domain": "pixel"}, {"position": {"minX": 436.75, "minY": 193.5, "maxX": 555.5, "maxY": 592.5}, "class_id": 0, "box_caption": "person 0.027", "scores": {"class_score": 0.02691650390625}, "domain": "pixel"}, {"position": {"minX": 54.9375, "minY": 342.0, "maxX": 209.25, "maxY": 595.5}, "class_id": 0, "box_caption": "person 0.024", "scores": {"class_score": 0.024383544921875}, "domain": "pixel"}, {"position": {"minX": 234.25, "minY": 361.0, "maxX": 290.25, "maxY": 520.5}, "class_id": 0, "box_caption": "person 0.023", "scores": {"class_score": 0.02276611328125}, "domain": "pixel"}, {"position": {"minX": 217.875, "minY": 389.0, "maxX": 277.5, "maxY": 524.5}, "class_id": 0, "box_caption": "person 0.020", "scores": {"class_score": 0.0204925537109375}, "domain": "pixel"}, {"position": {"minX": 349.25, "minY": 477.5, "maxX": 370.25, "maxY": 515.5}, "class_id": 0, "box_caption": "person 0.020", "scores": {"class_score": 0.0203399658203125}, "domain": "pixel"}, {"position": {"minX": 199.625, "minY": 192.875, "maxX": 252.125, "maxY": 314.5}, "class_id": 0, "box_caption": "person 0.020", "scores": {"class_score": 0.019866943359375}, "domain": "pixel"}, {"position": {"minX": 489.25, "minY": 40.625, "maxX": 521.5, "maxY": 124.625}, "class_id": 0, "box_caption": "person 0.019", "scores": {"class_score": 0.019195556640625}, "domain": "pixel"}, {"position": {"minX": 125.625, "minY": 190.75, "maxX": 191.375, "maxY": 314.75}, "class_id": 0, "box_caption": "person 0.019", "scores": {"class_score": 0.0191192626953125}, "domain": "pixel"}, {"position": {"minX": 147.5, "minY": 222.0, "maxX": 217.0, "maxY": 357.0}, "class_id": 0, "box_caption": "person 0.019", "scores": {"class_score": 0.0187225341796875}, "domain": "pixel"}, {"position": {"minX": 43.25, "minY": 168.875, "maxX": 290.0, "maxY": 618.5}, "class_id": 0, "box_caption": "person 0.017", "scores": {"class_score": 0.017181396484375}, "domain": "pixel"}, {"position": {"minX": 197.25, "minY": 241.75, "maxX": 251.5, "maxY": 344.75}, "class_id": 0, "box_caption": "person 0.017", "scores": {"class_score": 0.016845703125}, "domain": "pixel"}, {"position": {"minX": 338.25, "minY": 412.25, "maxX": 350.25, "maxY": 438.25}, "class_id": 0, "box_caption": "person 0.016", "scores": {"class_score": 0.0161590576171875}, "domain": "pixel"}, {"position": {"minX": 142.875, "minY": 195.5, "maxX": 258.5, "maxY": 353.0}, "class_id": 0, "box_caption": "person 0.016", "scores": {"class_score": 0.0160980224609375}, "domain": "pixel"}, {"position": {"minX": 73.3125, "minY": 426.0, "maxX": 203.75, "maxY": 604.0}, "class_id": 0, "box_caption": "person 0.016", "scores": {"class_score": 0.015899658203125}, "domain": "pixel"}, {"position": {"minX": 598.5, "minY": 139.75, "maxX": 666.5, "maxY": 349.75}, "class_id": 0, "box_caption": "person 0.015", "scores": {"class_score": 0.0154266357421875}, "domain": "pixel"}, {"position": {"minX": 392.75, "minY": 203.625, "maxX": 427.25, "maxY": 289.75}, "class_id": 0, "box_caption": "person 0.015", "scores": {"class_score": 0.0153045654296875}, "domain": "pixel"}, {"position": {"minX": 88.5625, "minY": 190.0, "maxX": 197.75, "maxY": 466.0}, "class_id": 0, "box_caption": "person 0.015", "scores": {"class_score": 0.01519012451171875}, "domain": "pixel"}, {"position": {"minX": 355.0, "minY": 397.5, "maxX": 382.5, "maxY": 448.0}, "class_id": 0, "box_caption": "person 0.015", "scores": {"class_score": 0.01495361328125}, "domain": "pixel"}, {"position": {"minX": 110.5625, "minY": 191.75, "maxX": 163.25, "maxY": 286.0}, "class_id": 0, "box_caption": "person 0.014", "scores": {"class_score": 0.01406097412109375}, "domain": "pixel"}, {"position": {"minX": 109.9375, "minY": 135.75, "maxX": 182.25, "maxY": 311.25}, "class_id": 0, "box_caption": "person 0.014", "scores": {"class_score": 0.01406097412109375}, "domain": "pixel"}, {"position": {"minX": 103.125, "minY": 177.375, "maxX": 220.875, "maxY": 345.0}, "class_id": 0, "box_caption": "person 0.014", "scores": {"class_score": 0.01406097412109375}, "domain": "pixel"}, {"position": {"minX": 462.0, "minY": 156.875, "maxX": 543.5, "maxY": 343.0}, "class_id": 0, "box_caption": "person 0.014", "scores": {"class_score": 0.0137939453125}, "domain": "pixel"}, {"position": {"minX": 431.5, "minY": 393.5, "maxX": 445.5, "maxY": 433.0}, "class_id": 0, "box_caption": "person 0.013", "scores": {"class_score": 0.01302337646484375}, "domain": "pixel"}, {"position": {"minX": 416.5, "minY": 474.75, "maxX": 428.0, "maxY": 505.25}, "class_id": 0, "box_caption": "person 0.013", "scores": {"class_score": 0.012725830078125}, "domain": "pixel"}, {"position": {"minX": 454.25, "minY": 282.0, "maxX": 557.0, "maxY": 660.5}, "class_id": 0, "box_caption": "person 0.012", "scores": {"class_score": 0.01242828369140625}, "domain": "pixel"}, {"position": {"minX": 509.75, "minY": 114.5, "maxX": 674.5, "maxY": 590.5}, "class_id": 0, "box_caption": "person 0.012", "scores": {"class_score": 0.01233673095703125}, "domain": "pixel"}, {"position": {"minX": 194.0, "minY": 473.0, "maxX": 227.0, "maxY": 533.0}, "class_id": 0, "box_caption": "person 0.012", "scores": {"class_score": 0.011688232421875}, "domain": "pixel"}, {"position": {"minX": 119.75, "minY": 186.875, "maxX": 177.75, "maxY": 290.0}, "class_id": 0, "box_caption": "person 0.012", "scores": {"class_score": 0.0115966796875}, "domain": "pixel"}, {"position": {"minX": 336.25, "minY": 397.25, "maxX": 354.75, "maxY": 437.75}, "class_id": 0, "box_caption": "person 0.011", "scores": {"class_score": 0.011199951171875}, "domain": "pixel"}, {"position": {"minX": 7.0625, "minY": 140.375, "maxX": 105.875, "maxY": 607.5}, "class_id": 0, "box_caption": "person 0.011", "scores": {"class_score": 0.011199951171875}, "domain": "pixel"}, {"position": {"minX": 470.75, "minY": 264.5, "maxX": 574.0, "maxY": 596.5}, "class_id": 0, "box_caption": "person 0.011", "scores": {"class_score": 0.01061248779296875}, "domain": "pixel"}, {"position": {"minX": 627.5, "minY": 137.875, "maxX": 663.5, "maxY": 326.0}, "class_id": 0, "box_caption": "person 0.011", "scores": {"class_score": 0.010528564453125}, "domain": "pixel"}, {"position": {"minX": 479.25, "minY": 202.5, "maxX": 557.0, "maxY": 363.0}, "class_id": 0, "box_caption": "person 0.010", "scores": {"class_score": 0.01024627685546875}, "domain": "pixel"}, {"position": {"minX": 253.625, "minY": 367.5, "maxX": 297.0, "maxY": 518.0}, "class_id": 0, "box_caption": "person 0.010", "scores": {"class_score": 0.01009368896484375}, "domain": "pixel"}, {"position": {"minX": 600.5, "minY": 204.625, "maxX": 658.5, "maxY": 356.0}, "class_id": 0, "box_caption": "person 0.010", "scores": {"class_score": 0.00997161865234375}, "domain": "pixel"}, {"position": {"minX": 187.625, "minY": 457.25, "maxX": 237.875, "maxY": 542.5}, "class_id": 0, "box_caption": "person 0.010", "scores": {"class_score": 0.00997161865234375}, "domain": "pixel"}, {"position": {"minX": 24.1875, "minY": 261.0, "maxX": 145.0, "maxY": 549.0}, "class_id": 0, "box_caption": "person 0.010", "scores": {"class_score": 0.009857177734375}, "domain": "pixel"}, {"position": {"minX": 123.25, "minY": 251.0, "maxX": 184.5, "maxY": 360.5}, "class_id": 0, "box_caption": "person 0.010", "scores": {"class_score": 0.00955963134765625}, "domain": "pixel"}, {"position": {"minX": 593.5, "minY": 174.875, "maxX": 665.5, "maxY": 421.5}, "class_id": 0, "box_caption": "person 0.010", "scores": {"class_score": 0.00955963134765625}, "domain": "pixel"}, {"position": {"minX": 149.875, "minY": 473.5, "maxX": 205.375, "maxY": 559.5}, "class_id": 0, "box_caption": "person 0.009", "scores": {"class_score": 0.0094146728515625}, "domain": "pixel"}, {"position": {"minX": 341.5, "minY": 327.25, "maxX": 385.0, "maxY": 402.25}, "class_id": 0, "box_caption": "person 0.009", "scores": {"class_score": 0.0094146728515625}, "domain": "pixel"}, {"position": {"minX": 455.5, "minY": 277.5, "maxX": 619.5, "maxY": 673.0}, "class_id": 0, "box_caption": "person 0.009", "scores": {"class_score": 0.00937652587890625}, "domain": "pixel"}, {"position": {"minX": 440.5, "minY": 180.5, "maxX": 478.5, "maxY": 278.25}, "class_id": 0, "box_caption": "person 0.009", "scores": {"class_score": 0.00933837890625}, "domain": "pixel"}, {"position": {"minX": 139.0, "minY": 193.625, "maxX": 185.5, "maxY": 280.0}, "class_id": 0, "box_caption": "person 0.009", "scores": {"class_score": 0.0092315673828125}, "domain": "pixel"}, {"position": {"minX": 102.875, "minY": 226.0, "maxX": 184.875, "maxY": 424.5}, "class_id": 0, "box_caption": "person 0.009", "scores": {"class_score": 0.00916290283203125}, "domain": "pixel"}, {"position": {"minX": 336.25, "minY": 148.0, "maxX": 545.0, "maxY": 662.5}, "class_id": 0, "box_caption": "person 0.009", "scores": {"class_score": 0.00916290283203125}, "domain": "pixel"}, {"position": {"minX": 67.625, "minY": 199.125, "maxX": 186.375, "maxY": 384.5}, "class_id": 0, "box_caption": "person 0.009", "scores": {"class_score": 0.008880615234375}, "domain": "pixel"}, {"position": {"minX": 546.0, "minY": 88.0625, "maxX": 648.0, "maxY": 337.0}, "class_id": 0, "box_caption": "person 0.009", "scores": {"class_score": 0.00881195068359375}, "domain": "pixel"}, {"position": {"minX": 350.5, "minY": 474.5, "maxX": 364.0, "maxY": 511.5}, "class_id": 0, "box_caption": "person 0.009", "scores": {"class_score": 0.00878143310546875}, "domain": "pixel"}, {"position": {"minX": 491.5, "minY": 59.5625, "maxX": 515.0, "maxY": 120.9375}, "class_id": 0, "box_caption": "person 0.009", "scores": {"class_score": 0.0087127685546875}, "domain": "pixel"}, {"position": {"minX": 205.875, "minY": 438.5, "maxX": 263.75, "maxY": 540.0}, "class_id": 0, "box_caption": "person 0.009", "scores": {"class_score": 0.00864410400390625}, "domain": "pixel"}, {"position": {"minX": 487.0, "minY": 9.625, "maxX": 554.0, "maxY": 116.5}, "class_id": 0, "box_caption": "person 0.008", "scores": {"class_score": 0.00844573974609375}, "domain": "pixel"}, {"position": {"minX": 26.0625, "minY": 324.0, "maxX": 92.6875, "maxY": 525.5}, "class_id": 0, "box_caption": "person 0.008", "scores": {"class_score": 0.00821685791015625}, "domain": "pixel"}, {"position": {"minX": 183.25, "minY": 203.125, "maxX": 230.75, "maxY": 298.25}, "class_id": 0, "box_caption": "person 0.008", "scores": {"class_score": 0.00818634033203125}, "domain": "pixel"}, {"position": {"minX": 78.875, "minY": 200.375, "maxX": 139.125, "maxY": 356.5}, "class_id": 0, "box_caption": "person 0.008", "scores": {"class_score": 0.00809478759765625}, "domain": "pixel"}, {"position": {"minX": 199.5, "minY": 461.5, "maxX": 234.25, "maxY": 524.5}, "class_id": 0, "box_caption": "person 0.008", "scores": {"class_score": 0.00809478759765625}, "domain": "pixel"}, {"position": {"minX": 281.75, "minY": 6.9375, "maxX": 380.75, "maxY": 151.25}, "class_id": 0, "box_caption": "person 0.008", "scores": {"class_score": 0.00809478759765625}, "domain": "pixel"}, {"position": {"minX": 179.625, "minY": 480.75, "maxX": 220.125, "maxY": 551.5}, "class_id": 0, "box_caption": "person 0.008", "scores": {"class_score": 0.0079345703125}, "domain": "pixel"}, {"position": {"minX": 599.0, "minY": 247.5, "maxX": 674.0, "maxY": 681.0}, "class_id": 0, "box_caption": "person 0.008", "scores": {"class_score": 0.0079345703125}, "domain": "pixel"}, {"position": {"minX": 340.75, "minY": 349.0, "maxX": 380.75, "maxY": 446.0}, "class_id": 0, "box_caption": "person 0.008", "scores": {"class_score": 0.00757598876953125}, "domain": "pixel"}, {"position": {"minX": 51.375, "minY": 175.375, "maxX": 182.0, "maxY": 514.5}, "class_id": 0, "box_caption": "person 0.007", "scores": {"class_score": 0.007488250732421875}, "domain": "pixel"}, {"position": {"minX": 203.375, "minY": 188.125, "maxX": 245.125, "maxY": 281.5}, "class_id": 0, "box_caption": "person 0.007", "scores": {"class_score": 0.0074615478515625}, "domain": "pixel"}, {"position": {"minX": 161.125, "minY": 463.75, "maxX": 240.375, "maxY": 566.5}, "class_id": 0, "box_caption": "person 0.007", "scores": {"class_score": 0.007289886474609375}, "domain": "pixel"}, {"position": {"minX": 312.0, "minY": 328.0, "maxX": 361.0, "maxY": 398.5}, "class_id": 0, "box_caption": "person 0.007", "scores": {"class_score": 0.007175445556640625}, "domain": "pixel"}, {"position": {"minX": 237.25, "minY": 292.75, "maxX": 302.75, "maxY": 531.0}, "class_id": 0, "box_caption": "person 0.007", "scores": {"class_score": 0.0070648193359375}, "domain": "pixel"}, {"position": {"minX": 573.5, "minY": 329.0, "maxX": 671.5, "maxY": 650.0}, "class_id": 0, "box_caption": "person 0.007", "scores": {"class_score": 0.006984710693359375}, "domain": "pixel"}, {"position": {"minX": 115.25, "minY": 441.0, "maxX": 182.5, "maxY": 550.5}, "class_id": 0, "box_caption": "person 0.007", "scores": {"class_score": 0.00690460205078125}, "domain": "pixel"}, {"position": {"minX": 111.375, "minY": 240.875, "maxX": 173.125, "maxY": 370.5}, "class_id": 0, "box_caption": "person 0.007", "scores": {"class_score": 0.006717681884765625}, "domain": "pixel"}, {"position": {"minX": 54.75, "minY": 236.375, "maxX": 221.25, "maxY": 563.0}, "class_id": 0, "box_caption": "person 0.007", "scores": {"class_score": 0.00669097900390625}, "domain": "pixel"}, {"position": {"minX": 335.0, "minY": 320.75, "maxX": 361.5, "maxY": 376.75}, "class_id": 0, "box_caption": "person 0.007", "scores": {"class_score": 0.006587982177734375}, "domain": "pixel"}, {"position": {"minX": 2.15625, "minY": 329.5, "maxX": 71.875, "maxY": 610.0}, "class_id": 0, "box_caption": "person 0.007", "scores": {"class_score": 0.006511688232421875}, "domain": "pixel"}, {"position": {"minX": 361.25, "minY": 406.75, "maxX": 377.75, "maxY": 452.25}, "class_id": 0, "box_caption": "person 0.006", "scores": {"class_score": 0.006488800048828125}, "domain": "pixel"}, {"position": {"minX": 444.5, "minY": 179.875, "maxX": 491.5, "maxY": 290.0}, "class_id": 0, "box_caption": "person 0.006", "scores": {"class_score": 0.006488800048828125}, "domain": "pixel"}, {"position": {"minX": 397.0, "minY": 198.0, "maxX": 443.0, "maxY": 285.25}, "class_id": 0, "box_caption": "person 0.006", "scores": {"class_score": 0.006412506103515625}, "domain": "pixel"}, {"position": {"minX": 181.125, "minY": 398.25, "maxX": 260.25, "maxY": 541.0}, "class_id": 0, "box_caption": "person 0.006", "scores": {"class_score": 0.006191253662109375}, "domain": "pixel"}, {"position": {"minX": 226.125, "minY": 181.5, "maxX": 268.5, "maxY": 311.75}, "class_id": 0, "box_caption": "person 0.006", "scores": {"class_score": 0.00609588623046875}, "domain": "pixel"}, {"position": {"minX": 194.125, "minY": 187.5, "maxX": 232.375, "maxY": 269.25}, "class_id": 0, "box_caption": "person 0.006", "scores": {"class_score": 0.0059814453125}, "domain": "pixel"}, {"position": {"minX": 210.625, "minY": 378.75, "maxX": 265.5, "maxY": 503.75}, "class_id": 0, "box_caption": "person 0.006", "scores": {"class_score": 0.00586700439453125}, "domain": "pixel"}, {"position": {"minX": 448.5, "minY": 166.875, "maxX": 540.5, "maxY": 490.5}, "class_id": 0, "box_caption": "person 0.006", "scores": {"class_score": 0.00586700439453125}, "domain": "pixel"}, {"position": {"minX": 332.75, "minY": 313.0, "maxX": 393.25, "maxY": 418.5}, "class_id": 0, "box_caption": "person 0.006", "scores": {"class_score": 0.0058441162109375}, "domain": "pixel"}, {"position": {"minX": 485.0, "minY": 212.0, "maxX": 630.0, "maxY": 538.0}, "class_id": 0, "box_caption": "person 0.006", "scores": {"class_score": 0.00577545166015625}, "domain": "pixel"}, {"position": {"minX": 83.375, "minY": 360.75, "maxX": 244.875, "maxY": 584.0}, "class_id": 0, "box_caption": "person 0.006", "scores": {"class_score": 0.00577545166015625}, "domain": "pixel"}, {"position": {"minX": 469.5, "minY": 362.5, "maxX": 657.5, "maxY": 667.5}, "class_id": 0, "box_caption": "person 0.006", "scores": {"class_score": 0.005687713623046875}, "domain": "pixel"}, {"position": {"minX": 561.0, "minY": 166.5, "maxX": 650.0, "maxY": 379.5}, "class_id": 0, "box_caption": "person 0.006", "scores": {"class_score": 0.0055999755859375}, "domain": "pixel"}, {"position": {"minX": 380.0, "minY": 183.125, "maxX": 432.0, "maxY": 301.0}, "class_id": 0, "box_caption": "person 0.006", "scores": {"class_score": 0.00557708740234375}, "domain": "pixel"}, {"position": {"minX": 30.9375, "minY": 355.75, "maxX": 85.5625, "maxY": 488.75}, "class_id": 0, "box_caption": "person 0.005", "scores": {"class_score": 0.00547027587890625}, "domain": "pixel"}, {"position": {"minX": 281.25, "minY": 246.25, "maxX": 305.25, "maxY": 320.75}, "class_id": 0, "box_caption": "person 0.005", "scores": {"class_score": 0.005344390869140625}, "domain": "pixel"}, {"position": {"minX": 79.625, "minY": 10.5, "maxX": 215.125, "maxY": 349.0}, "class_id": 0, "box_caption": "person 0.005", "scores": {"class_score": 0.005344390869140625}, "domain": "pixel"}, {"position": {"minX": 457.0, "minY": 132.5, "maxX": 587.0, "maxY": 375.75}, "class_id": 0, "box_caption": "person 0.005", "scores": {"class_score": 0.005321502685546875}, "domain": "pixel"}, {"position": {"minX": 204.75, "minY": 451.5, "maxX": 252.5, "maxY": 523.5}, "class_id": 0, "box_caption": "person 0.005", "scores": {"class_score": 0.005199432373046875}, "domain": "pixel"}, {"position": {"minX": 522.0, "minY": 55.5, "maxX": 674.0, "maxY": 367.0}, "class_id": 0, "box_caption": "person 0.005", "scores": {"class_score": 0.00518035888671875}, "domain": "pixel"}, {"position": {"minX": 192.5, "minY": 416.75, "maxX": 278.5, "maxY": 557.0}, "class_id": 0, "box_caption": "person 0.005", "scores": {"class_score": 0.005161285400390625}, "domain": "pixel"}, {"position": {"minX": 593.5, "minY": 195.0, "maxX": 645.5, "maxY": 339.0}, "class_id": 0, "box_caption": "person 0.005", "scores": {"class_score": 0.005138397216796875}, "domain": "pixel"}, {"position": {"minX": 496.75, "minY": 168.75, "maxX": 592.0, "maxY": 380.25}, "class_id": 0, "box_caption": "person 0.005", "scores": {"class_score": 0.005138397216796875}, "domain": "pixel"}, {"position": {"minX": 150.375, "minY": 199.75, "maxX": 209.875, "maxY": 299.0}, "class_id": 0, "box_caption": "person 0.005", "scores": {"class_score": 0.0050811767578125}, "domain": "pixel"}, {"position": {"minX": 52.0625, "minY": 225.875, "maxX": 146.5, "maxY": 490.0}, "class_id": 0, "box_caption": "person 0.005", "scores": {"class_score": 0.005062103271484375}, "domain": "pixel"}, {"position": {"minX": 246.25, "minY": 228.5, "maxX": 288.75, "maxY": 328.5}, "class_id": 0, "box_caption": "person 0.005", "scores": {"class_score": 0.005062103271484375}, "domain": "pixel"}, {"position": {"minX": 503.0, "minY": 72.5, "maxX": 629.0, "maxY": 357.25}, "class_id": 0, "box_caption": "person 0.005", "scores": {"class_score": 0.0050201416015625}, "domain": "pixel"}, {"position": {"minX": 485.5, "minY": 170.5, "maxX": 529.5, "maxY": 256.75}, "class_id": 0, "box_caption": "person 0.005", "scores": {"class_score": 0.00498199462890625}, "domain": "pixel"}, {"position": {"minX": 585.5, "minY": 84.5625, "maxX": 663.5, "maxY": 287.25}, "class_id": 0, "box_caption": "person 0.005", "scores": {"class_score": 0.004924774169921875}, "domain": "pixel"}, {"position": {"minX": 331.5, "minY": 326.0, "maxX": 390.0, "maxY": 469.0}, "class_id": 0, "box_caption": "person 0.005", "scores": {"class_score": 0.004924774169921875}, "domain": "pixel"}, {"position": {"minX": 609.5, "minY": 118.3125, "maxX": 662.5, "maxY": 279.75}, "class_id": 0, "box_caption": "person 0.005", "scores": {"class_score": 0.0048675537109375}, "domain": "pixel"}, {"position": {"minX": 344.5, "minY": 326.25, "maxX": 375.5, "maxY": 384.25}, "class_id": 0, "box_caption": "person 0.005", "scores": {"class_score": 0.0048675537109375}, "domain": "pixel"}, {"position": {"minX": 204.125, "minY": 262.75, "maxX": 242.875, "maxY": 352.25}, "class_id": 0, "box_caption": "person 0.005", "scores": {"class_score": 0.004848480224609375}, "domain": "pixel"}, {"position": {"minX": 180.5, "minY": 260.0, "maxX": 230.0, "maxY": 350.5}, "class_id": 0, "box_caption": "person 0.005", "scores": {"class_score": 0.00482940673828125}, "domain": "pixel"}, {"position": {"minX": 509.25, "minY": 196.25, "maxX": 580.5, "maxY": 348.75}, "class_id": 0, "box_caption": "person 0.005", "scores": {"class_score": 0.00482940673828125}, "domain": "pixel"}, {"position": {"minX": 571.0, "minY": 193.5, "maxX": 641.0, "maxY": 347.5}, "class_id": 0, "box_caption": "person 0.005", "scores": {"class_score": 0.00482940673828125}, "domain": "pixel"}, {"position": {"minX": 562.5, "minY": 117.8125, "maxX": 634.5, "maxY": 280.25}, "class_id": 0, "box_caption": "person 0.005", "scores": {"class_score": 0.00473785400390625}, "domain": "pixel"}, {"position": {"minX": 569.0, "minY": 118.9375, "maxX": 674.0, "maxY": 367.0}, "class_id": 0, "box_caption": "person 0.005", "scores": {"class_score": 0.004718780517578125}, "domain": "pixel"}, {"position": {"minX": 292.25, "minY": 20.4375, "maxX": 355.75, "maxY": 155.5}, "class_id": 0, "box_caption": "person 0.005", "scores": {"class_score": 0.00469970703125}, "domain": "pixel"}, {"position": {"minX": 185.125, "minY": 170.0, "maxX": 242.375, "maxY": 283.0}, "class_id": 0, "box_caption": "person 0.005", "scores": {"class_score": 0.00469970703125}, "domain": "pixel"}, {"position": {"minX": 290.75, "minY": 320.5, "maxX": 320.25, "maxY": 399.5}, "class_id": 0, "box_caption": "person 0.005", "scores": {"class_score": 0.004608154296875}, "domain": "pixel"}, {"position": {"minX": 317.0, "minY": 322.75, "maxX": 359.0, "maxY": 377.25}, "class_id": 0, "box_caption": "person 0.005", "scores": {"class_score": 0.004608154296875}, "domain": "pixel"}, {"position": {"minX": 470.5, "minY": 166.25, "maxX": 538.5, "maxY": 297.5}, "class_id": 0, "box_caption": "person 0.005", "scores": {"class_score": 0.004573822021484375}, "domain": "pixel"}, {"position": {"minX": 143.25, "minY": 445.5, "maxX": 259.0, "maxY": 585.5}, "class_id": 0, "box_caption": "person 0.005", "scores": {"class_score": 0.004573822021484375}, "domain": "pixel"}, {"position": {"minX": 123.25, "minY": 125.375, "maxX": 216.25, "maxY": 315.5}, "class_id": 0, "box_caption": "person 0.005", "scores": {"class_score": 0.004520416259765625}, "domain": "pixel"}, {"position": {"minX": 315.5, "minY": 339.25, "maxX": 375.0, "maxY": 458.75}, "class_id": 0, "box_caption": "person 0.005", "scores": {"class_score": 0.004520416259765625}, "domain": "pixel"}, {"position": {"minX": 333.25, "minY": 388.75, "maxX": 357.75, "maxY": 441.75}, "class_id": 0, "box_caption": "person 0.005", "scores": {"class_score": 0.004505157470703125}, "domain": "pixel"}, {"position": {"minX": 3.625, "minY": 105.75, "maxX": 162.75, "maxY": 585.0}, "class_id": 0, "box_caption": "person 0.004", "scores": {"class_score": 0.004451751708984375}, "domain": "pixel"}, {"position": {"minX": 59.09375, "minY": 263.5, "maxX": 121.0, "maxY": 448.5}, "class_id": 0, "box_caption": "person 0.004", "scores": {"class_score": 0.00443267822265625}, "domain": "pixel"}, {"position": {"minX": 128.125, "minY": 247.625, "maxX": 200.375, "maxY": 393.0}, "class_id": 0, "box_caption": "person 0.004", "scores": {"class_score": 0.004398345947265625}, "domain": "pixel"}, {"position": {"minX": 608.0, "minY": 115.5, "maxX": 670.0, "maxY": 564.5}, "class_id": 0, "box_caption": "person 0.004", "scores": {"class_score": 0.004383087158203125}, "domain": "pixel"}, {"position": {"minX": 71.1875, "minY": 107.5, "maxX": 180.25, "maxY": 327.75}, "class_id": 0, "box_caption": "person 0.004", "scores": {"class_score": 0.00428009033203125}, "domain": "pixel"}, {"position": {"minX": 197.25, "minY": 262.5, "maxX": 297.25, "maxY": 550.0}, "class_id": 0, "box_caption": "person 0.004", "scores": {"class_score": 0.00424957275390625}, "domain": "pixel"}, {"position": {"minX": 10.734375, "minY": 155.375, "maxX": 35.875, "maxY": 238.375}, "class_id": 0, "box_caption": "person 0.004", "scores": {"class_score": 0.004230499267578125}, "domain": "pixel"}, {"position": {"minX": 472.5, "minY": 103.5625, "maxX": 563.5, "maxY": 338.75}, "class_id": 0, "box_caption": "person 0.004", "scores": {"class_score": 0.004230499267578125}, "domain": "pixel"}, {"position": {"minX": 279.0, "minY": 7.625, "maxX": 441.5, "maxY": 145.375}, "class_id": 0, "box_caption": "person 0.004", "scores": {"class_score": 0.004215240478515625}, "domain": "pixel"}, {"position": {"minX": 342.75, "minY": 379.75, "maxX": 381.25, "maxY": 458.75}, "class_id": 0, "box_caption": "person 0.004", "scores": {"class_score": 0.004215240478515625}, "domain": "pixel"}, {"position": {"minX": 229.625, "minY": 404.5, "maxX": 287.5, "maxY": 565.5}, "class_id": 0, "box_caption": "person 0.004", "scores": {"class_score": 0.004199981689453125}, "domain": "pixel"}, {"position": {"minX": 289.5, "minY": 307.75, "maxX": 334.0, "maxY": 421.25}, "class_id": 0, "box_caption": "person 0.004", "scores": {"class_score": 0.0041351318359375}, "domain": "pixel"}, {"position": {"minX": 256.0, "minY": 337.5, "maxX": 314.5, "maxY": 529.5}, "class_id": 0, "box_caption": "person 0.004", "scores": {"class_score": 0.0041351318359375}, "domain": "pixel"}, {"position": {"minX": 177.75, "minY": 358.75, "maxX": 303.75, "maxY": 553.0}, "class_id": 0, "box_caption": "person 0.004", "scores": {"class_score": 0.0041351318359375}, "domain": "pixel"}, {"position": {"minX": 182.375, "minY": 247.5, "maxX": 243.625, "maxY": 385.5}, "class_id": 0, "box_caption": "person 0.004", "scores": {"class_score": 0.004085540771484375}, "domain": "pixel"}, {"position": {"minX": 71.0, "minY": 306.25, "maxX": 99.25, "maxY": 389.25}, "class_id": 0, "box_caption": "person 0.004", "scores": {"class_score": 0.004070281982421875}, "domain": "pixel"}, {"position": {"minX": 389.5, "minY": 182.5, "maxX": 452.0, "maxY": 296.75}, "class_id": 0, "box_caption": "person 0.004", "scores": {"class_score": 0.004039764404296875}, "domain": "pixel"}, {"position": {"minX": 545.0, "minY": 154.75, "maxX": 658.0, "maxY": 459.75}, "class_id": 0, "box_caption": "person 0.004", "scores": {"class_score": 0.004024505615234375}, "domain": "pixel"}, {"position": {"minX": 465.0, "minY": 333.5, "maxX": 527.0, "maxY": 644.0}, "class_id": 0, "box_caption": "person 0.004", "scores": {"class_score": 0.00400543212890625}, "domain": "pixel"}, {"position": {"minX": 623.0, "minY": 187.5, "maxX": 664.0, "maxY": 370.0}, "class_id": 0, "box_caption": "person 0.004", "scores": {"class_score": 0.00397491455078125}, "domain": "pixel"}, {"position": {"minX": 563.0, "minY": 156.875, "maxX": 603.0, "maxY": 243.625}, "class_id": 0, "box_caption": "person 0.004", "scores": {"class_score": 0.00394439697265625}, "domain": "pixel"}, {"position": {"minX": 273.25, "minY": 288.75, "maxX": 291.25, "maxY": 346.75}, "class_id": 0, "box_caption": "person 0.004", "scores": {"class_score": 0.00391387939453125}, "domain": "pixel"}, {"position": {"minX": 226.75, "minY": 220.5, "maxX": 271.0, "maxY": 340.0}, "class_id": 0, "box_caption": "person 0.004", "scores": {"class_score": 0.00391387939453125}, "domain": "pixel"}, {"position": {"minX": 303.5, "minY": 322.75, "maxX": 343.5, "maxY": 391.25}, "class_id": 0, "box_caption": "person 0.004", "scores": {"class_score": 0.0038242340087890625}, "domain": "pixel"}, {"position": {"minX": 143.375, "minY": 451.75, "maxX": 184.375, "maxY": 544.0}, "class_id": 0, "box_caption": "person 0.004", "scores": {"class_score": 0.003765106201171875}, "domain": "pixel"}, {"position": {"minX": 221.25, "minY": 441.75, "maxX": 279.5, "maxY": 532.5}, "class_id": 0, "box_caption": "person 0.004", "scores": {"class_score": 0.003765106201171875}, "domain": "pixel"}, {"position": {"minX": 517.0, "minY": 158.375, "maxX": 597.0, "maxY": 332.5}, "class_id": 0, "box_caption": "person 0.004", "scores": {"class_score": 0.003765106201171875}, "domain": "pixel"}, {"position": {"minX": 302.5, "minY": 315.25, "maxX": 370.0, "maxY": 413.25}, "class_id": 0, "box_caption": "person 0.004", "scores": {"class_score": 0.003765106201171875}, "domain": "pixel"}, {"position": {"minX": 166.875, "minY": 218.375, "maxX": 252.875, "maxY": 419.0}, "class_id": 0, "box_caption": "person 0.004", "scores": {"class_score": 0.003749847412109375}, "domain": "pixel"}, {"position": {"minX": 434.75, "minY": 401.0, "maxX": 450.25, "maxY": 435.5}, "class_id": 0, "box_caption": "person 0.004", "scores": {"class_score": 0.0036792755126953125}, "domain": "pixel"}, {"position": {"minX": 264.5, "minY": 288.25, "maxX": 289.5, "maxY": 343.25}, "class_id": 0, "box_caption": "person 0.004", "scores": {"class_score": 0.0036792755126953125}, "domain": "pixel"}, {"position": {"minX": 8.3125, "minY": 83.875, "maxX": 74.0625, "maxY": 335.5}, "class_id": 0, "box_caption": "person 0.004", "scores": {"class_score": 0.0036792755126953125}, "domain": "pixel"}, {"position": {"minX": 330.0, "minY": 400.5, "maxX": 352.5, "maxY": 442.5}, "class_id": 0, "box_caption": "person 0.004", "scores": {"class_score": 0.00359344482421875}, "domain": "pixel"}, {"position": {"minX": 452.25, "minY": 154.5, "maxX": 526.5, "maxY": 310.0}, "class_id": 0, "box_caption": "person 0.004", "scores": {"class_score": 0.00359344482421875}, "domain": "pixel"}, {"position": {"minX": 35.53125, "minY": 347.0, "maxX": 138.875, "maxY": 566.0}, "class_id": 0, "box_caption": "person 0.004", "scores": {"class_score": 0.0035381317138671875}, "domain": "pixel"}, {"position": {"minX": 466.0, "minY": 27.125, "maxX": 661.0, "maxY": 399.5}, "class_id": 0, "box_caption": "person 0.004", "scores": {"class_score": 0.0035381317138671875}, "domain": "pixel"}, {"position": {"minX": 257.25, "minY": 390.5, "maxX": 293.25, "maxY": 497.5}, "class_id": 0, "box_caption": "person 0.004", "scores": {"class_score": 0.0035247802734375}, "domain": "pixel"}, {"position": {"minX": 558.5, "minY": 138.375, "maxX": 608.5, "maxY": 263.5}, "class_id": 0, "box_caption": "person 0.003", "scores": {"class_score": 0.0034694671630859375}, "domain": "pixel"}, {"position": {"minX": 329.25, "minY": 317.5, "maxX": 355.25, "maxY": 378.0}, "class_id": 0, "box_caption": "person 0.003", "scores": {"class_score": 0.00345611572265625}, "domain": "pixel"}, {"position": {"minX": 133.25, "minY": 306.0, "maxX": 296.25, "maxY": 567.0}, "class_id": 0, "box_caption": "person 0.003", "scores": {"class_score": 0.0034427642822265625}, "domain": "pixel"}, {"position": {"minX": 240.0, "minY": 319.0, "maxX": 331.5, "maxY": 547.5}, "class_id": 0, "box_caption": "person 0.003", "scores": {"class_score": 0.0034160614013671875}, "domain": "pixel"}, {"position": {"minX": 345.25, "minY": 387.25, "maxX": 375.75, "maxY": 439.75}, "class_id": 0, "box_caption": "person 0.003", "scores": {"class_score": 0.0034027099609375}, "domain": "pixel"}, {"position": {"minX": 456.5, "minY": 200.0, "maxX": 532.5, "maxY": 392.0}, "class_id": 0, "box_caption": "person 0.003", "scores": {"class_score": 0.0034027099609375}, "domain": "pixel"}, {"position": {"minX": 65.875, "minY": 279.0, "maxX": 113.125, "maxY": 412.5}, "class_id": 0, "box_caption": "person 0.003", "scores": {"class_score": 0.0034027099609375}, "domain": "pixel"}, {"position": {"minX": 115.625, "minY": 186.5, "maxX": 156.375, "maxY": 259.75}, "class_id": 0, "box_caption": "person 0.003", "scores": {"class_score": 0.0033626556396484375}, "domain": "pixel"}, {"position": {"minX": 243.0, "minY": 410.0, "maxX": 292.5, "maxY": 529.5}, "class_id": 0, "box_caption": "person 0.003", "scores": {"class_score": 0.0033512115478515625}, "domain": "pixel"}, {"position": {"minX": 324.25, "minY": 391.75, "maxX": 358.25, "maxY": 450.25}, "class_id": 0, "box_caption": "person 0.003", "scores": {"class_score": 0.0033512115478515625}, "domain": "pixel"}, {"position": {"minX": 214.75, "minY": 289.25, "maxX": 285.0, "maxY": 527.0}, "class_id": 0, "box_caption": "person 0.003", "scores": {"class_score": 0.003337860107421875}, "domain": "pixel"}, {"position": {"minX": 261.0, "minY": 290.0, "maxX": 330.5, "maxY": 510.5}, "class_id": 0, "box_caption": "person 0.003", "scores": {"class_score": 0.003337860107421875}, "domain": "pixel"}, {"position": {"minX": 84.375, "minY": 186.125, "maxX": 132.0, "maxY": 317.5}, "class_id": 0, "box_caption": "person 0.003", "scores": {"class_score": 0.0033245086669921875}, "domain": "pixel"}, {"position": {"minX": 208.625, "minY": 428.75, "maxX": 255.625, "maxY": 515.0}, "class_id": 0, "box_caption": "person 0.003", "scores": {"class_score": 0.0033245086669921875}, "domain": "pixel"}, {"position": {"minX": 211.5, "minY": 179.125, "maxX": 253.5, "maxY": 274.0}, "class_id": 0, "box_caption": "person 0.003", "scores": {"class_score": 0.0032978057861328125}, "domain": "pixel"}, {"position": {"minX": 18.75, "minY": 4.125, "maxX": 201.125, "maxY": 105.0625}, "class_id": 0, "box_caption": "person 0.003", "scores": {"class_score": 0.0032978057861328125}, "domain": "pixel"}, {"position": {"minX": 154.75, "minY": 197.25, "maxX": 201.0, "maxY": 272.75}, "class_id": 0, "box_caption": "person 0.003", "scores": {"class_score": 0.0032596588134765625}, "domain": "pixel"}, {"position": {"minX": 436.75, "minY": 150.875, "maxX": 523.0, "maxY": 385.5}, "class_id": 0, "box_caption": "person 0.003", "scores": {"class_score": 0.0032482147216796875}, "domain": "pixel"}, {"position": {"minX": 213.25, "minY": 384.5, "maxX": 303.25, "maxY": 588.5}, "class_id": 0, "box_caption": "person 0.003", "scores": {"class_score": 0.00319671630859375}, "domain": "pixel"}, {"position": {"minX": 526.5, "minY": 121.3125, "maxX": 607.5, "maxY": 307.5}, "class_id": 0, "box_caption": "person 0.003", "scores": {"class_score": 0.003185272216796875}, "domain": "pixel"}, {"position": {"minX": 495.75, "minY": 173.5, "maxX": 564.5, "maxY": 325.5}, "class_id": 0, "box_caption": "person 0.003", "scores": {"class_score": 0.0031604766845703125}, "domain": "pixel"}, {"position": {"minX": 135.0, "minY": 268.75, "maxX": 179.0, "maxY": 363.25}, "class_id": 0, "box_caption": "person 0.003", "scores": {"class_score": 0.003147125244140625}, "domain": "pixel"}, {"position": {"minX": 301.0, "minY": 318.75, "maxX": 383.0, "maxY": 474.75}, "class_id": 0, "box_caption": "person 0.003", "scores": {"class_score": 0.003147125244140625}, "domain": "pixel"}, {"position": {"minX": 489.75, "minY": 145.25, "maxX": 543.5, "maxY": 293.75}, "class_id": 0, "box_caption": "person 0.003", "scores": {"class_score": 0.0030879974365234375}, "domain": "pixel"}, {"position": {"minX": 459.25, "minY": 261.25, "maxX": 553.0, "maxY": 490.25}, "class_id": 0, "box_caption": "person 0.003", "scores": {"class_score": 0.00307464599609375}, "domain": "pixel"}, {"position": {"minX": 412.5, "minY": 469.0, "maxX": 426.5, "maxY": 506.0}, "class_id": 0, "box_caption": "person 0.003", "scores": {"class_score": 0.003063201904296875}, "domain": "pixel"}, {"position": {"minX": 346.0, "minY": 267.0, "maxX": 438.0, "maxY": 459.5}, "class_id": 0, "box_caption": "person 0.003", "scores": {"class_score": 0.003063201904296875}, "domain": "pixel"}, {"position": {"minX": 355.75, "minY": 174.125, "maxX": 385.75, "maxY": 246.625}, "class_id": 0, "box_caption": "person 0.003", "scores": {"class_score": 0.0030517578125}, "domain": "pixel"}, {"position": {"minX": 40.40625, "minY": 173.25, "maxX": 143.625, "maxY": 379.75}, "class_id": 0, "box_caption": "person 0.003", "scores": {"class_score": 0.003040313720703125}, "domain": "pixel"}, {"position": {"minX": 450.25, "minY": 185.25, "maxX": 509.75, "maxY": 341.75}, "class_id": 0, "box_caption": "person 0.003", "scores": {"class_score": 0.0029811859130859375}, "domain": "pixel"}, {"position": {"minX": 199.0, "minY": 466.25, "maxX": 248.75, "maxY": 534.0}, "class_id": 0, "box_caption": "person 0.003", "scores": {"class_score": 0.0029582977294921875}, "domain": "pixel"}, {"position": {"minX": 577.0, "minY": 107.875, "maxX": 651.0, "maxY": 256.5}, "class_id": 0, "box_caption": "person 0.003", "scores": {"class_score": 0.0029354095458984375}, "domain": "pixel"}, {"position": {"minX": 13.8125, "minY": 8.03125, "maxX": 127.1875, "maxY": 69.75}, "class_id": 0, "box_caption": "person 0.003", "scores": {"class_score": 0.0028896331787109375}, "domain": "pixel"}, {"position": {"minX": 350.25, "minY": 324.75, "maxX": 392.25, "maxY": 389.25}, "class_id": 0, "box_caption": "person 0.003", "scores": {"class_score": 0.0028896331787109375}, "domain": "pixel"}, {"position": {"minX": 350.25, "minY": 173.25, "maxX": 380.75, "maxY": 228.25}, "class_id": 0, "box_caption": "person 0.003", "scores": {"class_score": 0.0028667449951171875}, "domain": "pixel"}, {"position": {"minX": 38.0, "minY": 365.25, "maxX": 101.25, "maxY": 521.5}, "class_id": 0, "box_caption": "person 0.003", "scores": {"class_score": 0.0028667449951171875}, "domain": "pixel"}, {"position": {"minX": 141.0, "minY": 466.25, "maxX": 217.5, "maxY": 591.5}, "class_id": 0, "box_caption": "person 0.003", "scores": {"class_score": 0.0028667449951171875}, "domain": "pixel"}, {"position": {"minX": 236.625, "minY": 278.0, "maxX": 267.0, "maxY": 345.5}, "class_id": 0, "box_caption": "person 0.003", "scores": {"class_score": 0.00284576416015625}, "domain": "pixel"}, {"position": {"minX": 570.0, "minY": 137.125, "maxX": 625.0, "maxY": 261.5}, "class_id": 0, "box_caption": "person 0.003", "scores": {"class_score": 0.0028228759765625}, "domain": "pixel"}, {"position": {"minX": 286.75, "minY": 297.75, "maxX": 330.25, "maxY": 390.25}, "class_id": 0, "box_caption": "person 0.003", "scores": {"class_score": 0.00279998779296875}, "domain": "pixel"}, {"position": {"minX": 463.5, "minY": 386.5, "maxX": 598.5, "maxY": 654.5}, "class_id": 0, "box_caption": "person 0.003", "scores": {"class_score": 0.0027904510498046875}, "domain": "pixel"}, {"position": {"minX": 611.0, "minY": 312.5, "maxX": 670.0, "maxY": 618.5}, "class_id": 0, "box_caption": "person 0.003", "scores": {"class_score": 0.0027790069580078125}, "domain": "pixel"}, {"position": {"minX": 244.5, "minY": 253.25, "maxX": 280.5, "maxY": 340.25}, "class_id": 0, "box_caption": "person 0.003", "scores": {"class_score": 0.002758026123046875}, "domain": "pixel"}, {"position": {"minX": 249.375, "minY": 283.0, "maxX": 281.0, "maxY": 345.0}, "class_id": 0, "box_caption": "person 0.003", "scores": {"class_score": 0.0027370452880859375}, "domain": "pixel"}, {"position": {"minX": 320.5, "minY": 341.5, "maxX": 403.5, "maxY": 507.0}, "class_id": 0, "box_caption": "person 0.003", "scores": {"class_score": 0.0027256011962890625}, "domain": "pixel"}, {"position": {"minX": 168.5, "minY": 165.25, "maxX": 292.75, "maxY": 340.75}, "class_id": 0, "box_caption": "person 0.003", "scores": {"class_score": 0.0027141571044921875}, "domain": "pixel"}, {"position": {"minX": 456.5, "minY": 127.5, "maxX": 640.5, "maxY": 493.0}, "class_id": 0, "box_caption": "person 0.003", "scores": {"class_score": 0.0026721954345703125}, "domain": "pixel"}, {"position": {"minX": 627.5, "minY": 104.6875, "maxX": 661.5, "maxY": 268.0}, "class_id": 0, "box_caption": "person 0.003", "scores": {"class_score": 0.00266265869140625}, "domain": "pixel"}, {"position": {"minX": 256.5, "minY": 7.90625, "maxX": 373.0, "maxY": 106.0}, "class_id": 0, "box_caption": "person 0.003", "scores": {"class_score": 0.0026531219482421875}, "domain": "pixel"}, {"position": {"minX": 14.34375, "minY": 232.5, "maxX": 85.625, "maxY": 513.0}, "class_id": 0, "box_caption": "person 0.003", "scores": {"class_score": 0.0026531219482421875}, "domain": "pixel"}, {"position": {"minX": 7.90625, "minY": 141.25, "maxX": 46.03125, "maxY": 278.25}, "class_id": 0, "box_caption": "person 0.003", "scores": {"class_score": 0.0026416778564453125}, "domain": "pixel"}, {"position": {"minX": 188.125, "minY": 482.5, "maxX": 219.125, "maxY": 534.0}, "class_id": 0, "box_caption": "person 0.003", "scores": {"class_score": 0.00263214111328125}, "domain": "pixel"}, {"position": {"minX": 323.25, "minY": 238.0, "maxX": 462.25, "maxY": 557.0}, "class_id": 0, "box_caption": "person 0.003", "scores": {"class_score": 0.00263214111328125}, "domain": "pixel"}, {"position": {"minX": 73.8125, "minY": 249.875, "maxX": 122.4375, "maxY": 408.0}, "class_id": 0, "box_caption": "person 0.003", "scores": {"class_score": 0.002620697021484375}, "domain": "pixel"}, {"position": {"minX": 236.875, "minY": 205.5, "maxX": 279.0, "maxY": 300.0}, "class_id": 0, "box_caption": "person 0.003", "scores": {"class_score": 0.0026111602783203125}, "domain": "pixel"}, {"position": {"minX": 460.0, "minY": 167.5, "maxX": 519.5, "maxY": 261.5}, "class_id": 0, "box_caption": "person 0.003", "scores": {"class_score": 0.0025806427001953125}, "domain": "pixel"}, {"position": {"minX": 364.5, "minY": 314.75, "maxX": 414.5, "maxY": 405.25}, "class_id": 0, "box_caption": "person 0.003", "scores": {"class_score": 0.0025615692138671875}, "domain": "pixel"}, {"position": {"minX": 173.375, "minY": 432.5, "maxX": 297.0, "maxY": 602.5}, "class_id": 0, "box_caption": "person 0.003", "scores": {"class_score": 0.0025615692138671875}, "domain": "pixel"}, {"position": {"minX": 413.25, "minY": 175.5, "maxX": 463.25, "maxY": 269.75}, "class_id": 0, "box_caption": "person 0.003", "scores": {"class_score": 0.00254058837890625}, "domain": "pixel"}, {"position": {"minX": 125.1875, "minY": 182.75, "maxX": 173.375, "maxY": 260.75}, "class_id": 0, "box_caption": "person 0.003", "scores": {"class_score": 0.0025310516357421875}, "domain": "pixel"}, {"position": {"minX": 173.0, "minY": 186.5, "maxX": 306.0, "maxY": 563.0}, "class_id": 0, "box_caption": "person 0.003", "scores": {"class_score": 0.0025310516357421875}, "domain": "pixel"}, {"position": {"minX": 14.5625, "minY": 4.9375, "maxX": 144.75, "maxY": 143.25}, "class_id": 0, "box_caption": "person 0.003", "scores": {"class_score": 0.002521514892578125}, "domain": "pixel"}, {"position": {"minX": 43.8125, "minY": 369.75, "maxX": 78.9375, "maxY": 469.75}, "class_id": 0, "box_caption": "person 0.003", "scores": {"class_score": 0.0025119781494140625}, "domain": "pixel"}, {"position": {"minX": 298.0, "minY": 327.75, "maxX": 341.5, "maxY": 413.75}, "class_id": 0, "box_caption": "person 0.002", "scores": {"class_score": 0.0024929046630859375}, "domain": "pixel"}, {"position": {"minX": 13.546875, "minY": 149.5, "maxX": 60.1875, "maxY": 286.0}, "class_id": 0, "box_caption": "person 0.002", "scores": {"class_score": 0.0024929046630859375}, "domain": "pixel"}, {"position": {"minX": 322.75, "minY": 372.5, "maxX": 371.25, "maxY": 468.5}, "class_id": 0, "box_caption": "person 0.002", "scores": {"class_score": 0.0024814605712890625}, "domain": "pixel"}, {"position": {"minX": 86.8125, "minY": 443.5, "maxX": 245.75, "maxY": 634.5}, "class_id": 0, "box_caption": "person 0.002", "scores": {"class_score": 0.0024814605712890625}, "domain": "pixel"}, {"position": {"minX": 5.28125, "minY": 346.0, "maxX": 50.71875, "maxY": 663.5}, "class_id": 0, "box_caption": "person 0.002", "scores": {"class_score": 0.0024623870849609375}, "domain": "pixel"}, {"position": {"minX": 44.5, "minY": 11.0625, "maxX": 241.0, "maxY": 142.75}, "class_id": 0, "box_caption": "person 0.002", "scores": {"class_score": 0.0024433135986328125}, "domain": "pixel"}, {"position": {"minX": 377.0, "minY": 176.625, "maxX": 423.5, "maxY": 269.5}, "class_id": 0, "box_caption": "person 0.002", "scores": {"class_score": 0.00243377685546875}, "domain": "pixel"}, {"position": {"minX": 460.5, "minY": 11.5, "maxX": 583.5, "maxY": 145.75}, "class_id": 0, "box_caption": "person 0.002", "scores": {"class_score": 0.00243377685546875}, "domain": "pixel"}, {"position": {"minX": 201.25, "minY": 433.25, "maxX": 239.0, "maxY": 516.5}, "class_id": 0, "box_caption": "person 0.002", "scores": {"class_score": 0.0023975372314453125}, "domain": "pixel"}, {"position": {"minX": 4.3125, "minY": 111.75, "maxX": 78.5625, "maxY": 436.75}, "class_id": 0, "box_caption": "person 0.002", "scores": {"class_score": 0.0023593902587890625}, "domain": "pixel"}, {"position": {"minX": 406.5, "minY": 291.0, "maxX": 550.0, "maxY": 625.0}, "class_id": 0, "box_caption": "person 0.002", "scores": {"class_score": 0.002349853515625}, "domain": "pixel"}, {"position": {"minX": 156.25, "minY": 256.0, "maxX": 210.25, "maxY": 357.5}, "class_id": 0, "box_caption": "person 0.002", "scores": {"class_score": 0.00234222412109375}, "domain": "pixel"}, {"position": {"minX": 491.0, "minY": 7.84375, "maxX": 617.0, "maxY": 90.875}, "class_id": 0, "box_caption": "person 0.002", "scores": {"class_score": 0.0023136138916015625}, "domain": "pixel"}, {"position": {"minX": 267.0, "minY": 297.25, "maxX": 286.0, "maxY": 348.75}, "class_id": 0, "box_caption": "person 0.002", "scores": {"class_score": 0.0023059844970703125}, "domain": "pixel"}, {"position": {"minX": 283.25, "minY": 237.625, "maxX": 311.75, "maxY": 306.5}, "class_id": 0, "box_caption": "person 0.002", "scores": {"class_score": 0.0023059844970703125}, "domain": "pixel"}, {"position": {"minX": 483.5, "minY": 169.375, "maxX": 521.0, "maxY": 236.125}, "class_id": 0, "box_caption": "person 0.002", "scores": {"class_score": 0.00229644775390625}, "domain": "pixel"}, {"position": {"minX": 463.0, "minY": 311.5, "maxX": 545.0, "maxY": 530.0}, "class_id": 0, "box_caption": "person 0.002", "scores": {"class_score": 0.0022430419921875}, "domain": "pixel"}, {"position": {"minX": 68.0, "minY": 414.0, "maxX": 179.375, "maxY": 565.5}, "class_id": 0, "box_caption": "person 0.002", "scores": {"class_score": 0.0022430419921875}, "domain": "pixel"}, {"position": {"minX": 260.5, "minY": 417.0, "maxX": 290.0, "maxY": 518.0}, "class_id": 0, "box_caption": "person 0.002", "scores": {"class_score": 0.0022335052490234375}, "domain": "pixel"}, {"position": {"minX": 352.25, "minY": 184.625, "maxX": 399.75, "maxY": 283.5}, "class_id": 0, "box_caption": "person 0.002", "scores": {"class_score": 0.0022335052490234375}, "domain": "pixel"}, {"position": {"minX": 274.0, "minY": 290.25, "maxX": 340.0, "maxY": 442.25}, "class_id": 0, "box_caption": "person 0.002", "scores": {"class_score": 0.0022335052490234375}, "domain": "pixel"}, {"position": {"minX": 354.75, "minY": 485.25, "maxX": 366.75, "maxY": 520.5}, "class_id": 0, "box_caption": "person 0.002", "scores": {"class_score": 0.0022258758544921875}, "domain": "pixel"}, {"position": {"minX": 431.5, "minY": 174.25, "maxX": 463.0, "maxY": 255.75}, "class_id": 0, "box_caption": "person 0.002", "scores": {"class_score": 0.0022258758544921875}, "domain": "pixel"}, {"position": {"minX": 260.5, "minY": 255.875, "maxX": 295.0, "maxY": 336.5}, "class_id": 0, "box_caption": "person 0.002", "scores": {"class_score": 0.0022258758544921875}, "domain": "pixel"}, {"position": {"minX": 76.4375, "minY": 315.0, "maxX": 104.1875, "maxY": 394.0}, "class_id": 0, "box_caption": "person 0.002", "scores": {"class_score": 0.002216339111328125}, "domain": "pixel"}, {"position": {"minX": 145.375, "minY": 289.75, "maxX": 176.375, "maxY": 356.25}, "class_id": 0, "box_caption": "person 0.002", "scores": {"class_score": 0.002216339111328125}, "domain": "pixel"}, {"position": {"minX": 2.40625, "minY": 105.25, "maxX": 53.40625, "maxY": 317.75}, "class_id": 0, "box_caption": "person 0.002", "scores": {"class_score": 0.002216339111328125}, "domain": "pixel"}, {"position": {"minX": 2.9375, "minY": 3.421875, "maxX": 152.5, "maxY": 54.8125}, "class_id": 0, "box_caption": "person 0.002", "scores": {"class_score": 0.002208709716796875}, "domain": "pixel"}, {"position": {"minX": 3.1875, "minY": 347.25, "maxX": 82.6875, "maxY": 534.0}, "class_id": 0, "box_caption": "person 0.002", "scores": {"class_score": 0.00217437744140625}, "domain": "pixel"}, {"position": {"minX": 308.0, "minY": 311.0, "maxX": 364.0, "maxY": 387.0}, "class_id": 0, "box_caption": "person 0.002", "scores": {"class_score": 0.0021648406982421875}, "domain": "pixel"}, {"position": {"minX": 151.5, "minY": 412.0, "maxX": 324.25, "maxY": 622.0}, "class_id": 0, "box_caption": "person 0.002", "scores": {"class_score": 0.0021495819091796875}, "domain": "pixel"}, {"position": {"minX": 574.5, "minY": 243.625, "maxX": 667.5, "maxY": 558.5}, "class_id": 0, "box_caption": "person 0.002", "scores": {"class_score": 0.002132415771484375}, "domain": "pixel"}, {"position": {"minX": 487.25, "minY": 19.1875, "maxX": 615.0, "maxY": 128.75}, "class_id": 0, "box_caption": "person 0.002", "scores": {"class_score": 0.0021152496337890625}, "domain": "pixel"}, {"position": {"minX": 341.0, "minY": 457.5, "maxX": 372.0, "maxY": 527.5}, "class_id": 0, "box_caption": "person 0.002", "scores": {"class_score": 0.0020999908447265625}, "domain": "pixel"}, {"position": {"minX": 239.25, "minY": 186.375, "maxX": 272.5, "maxY": 278.5}, "class_id": 0, "box_caption": "person 0.002", "scores": {"class_score": 0.00208282470703125}, "domain": "pixel"}, {"position": {"minX": 119.625, "minY": 270.75, "maxX": 162.125, "maxY": 360.25}, "class_id": 0, "box_caption": "person 0.002", "scores": {"class_score": 0.0020503997802734375}, "domain": "pixel"}, {"position": {"minX": 640.5, "minY": 140.5, "maxX": 666.5, "maxY": 326.75}, "class_id": 0, "box_caption": "person 0.002", "scores": {"class_score": 0.0020503997802734375}, "domain": "pixel"}, {"position": {"minX": 208.25, "minY": 255.375, "maxX": 258.0, "maxY": 384.0}, "class_id": 0, "box_caption": "person 0.002", "scores": {"class_score": 0.0020503997802734375}, "domain": "pixel"}, {"position": {"minX": 421.0, "minY": 370.75, "maxX": 460.0, "maxY": 461.25}, "class_id": 0, "box_caption": "person 0.002", "scores": {"class_score": 0.0020351409912109375}, "domain": "pixel"}, {"position": {"minX": 42.4375, "minY": 221.0, "maxX": 115.8125, "maxY": 469.0}, "class_id": 0, "box_caption": "person 0.002", "scores": {"class_score": 0.0020198822021484375}, "domain": "pixel"}, {"position": {"minX": 364.5, "minY": 154.75, "maxX": 436.0, "maxY": 290.25}, "class_id": 0, "box_caption": "person 0.002", "scores": {"class_score": 0.0020198822021484375}, "domain": "pixel"}, {"position": {"minX": 554.0, "minY": 162.75, "maxX": 592.0, "maxY": 263.0}, "class_id": 0, "box_caption": "person 0.002", "scores": {"class_score": 0.002010345458984375}, "domain": "pixel"}, {"position": {"minX": 230.875, "minY": 183.0, "maxX": 261.75, "maxY": 259.75}, "class_id": 0, "box_caption": "person 0.002", "scores": {"class_score": 0.002010345458984375}, "domain": "pixel"}, {"position": {"minX": 222.75, "minY": 221.875, "maxX": 315.25, "maxY": 533.0}, "class_id": 0, "box_caption": "person 0.002", "scores": {"class_score": 0.002002716064453125}, "domain": "pixel"}, {"position": {"minX": 220.125, "minY": 334.75, "maxX": 275.75, "maxY": 484.25}, "class_id": 0, "box_caption": "person 0.002", "scores": {"class_score": 0.001995086669921875}, "domain": "pixel"}, {"position": {"minX": 520.5, "minY": 227.5, "maxX": 575.5, "maxY": 361.0}, "class_id": 0, "box_caption": "person 0.002", "scores": {"class_score": 0.001987457275390625}, "domain": "pixel"}, {"position": {"minX": 201.0, "minY": 159.0, "maxX": 264.0, "maxY": 292.0}, "class_id": 0, "box_caption": "person 0.002", "scores": {"class_score": 0.001987457275390625}, "domain": "pixel"}, {"position": {"minX": 223.375, "minY": 174.75, "maxX": 294.0, "maxY": 329.75}, "class_id": 0, "box_caption": "person 0.002", "scores": {"class_score": 0.001979827880859375}, "domain": "pixel"}, {"position": {"minX": 92.8125, "minY": 239.5, "maxX": 159.5, "maxY": 375.0}, "class_id": 0, "box_caption": "person 0.002", "scores": {"class_score": 0.001972198486328125}, "domain": "pixel"}, {"position": {"minX": 333.25, "minY": 409.25, "maxX": 356.25, "maxY": 447.25}, "class_id": 0, "box_caption": "person 0.002", "scores": {"class_score": 0.001972198486328125}, "domain": "pixel"}, {"position": {"minX": 548.0, "minY": 145.125, "maxX": 597.0, "maxY": 282.0}, "class_id": 0, "box_caption": "person 0.002", "scores": {"class_score": 0.001972198486328125}, "domain": "pixel"}, {"position": {"minX": 12.3125, "minY": 54.75, "maxX": 142.75, "maxY": 364.75}, "class_id": 0, "box_caption": "person 0.002", "scores": {"class_score": 0.001964569091796875}, "domain": "pixel"}, {"position": {"minX": 81.9375, "minY": 175.0, "maxX": 253.0, "maxY": 480.0}, "class_id": 0, "box_caption": "person 0.002", "scores": {"class_score": 0.001964569091796875}, "domain": "pixel"}, {"position": {"minX": 371.5, "minY": 268.5, "maxX": 386.5, "maxY": 295.5}, "class_id": 0, "box_caption": "person 0.002", "scores": {"class_score": 0.001956939697265625}, "domain": "pixel"}, {"position": {"minX": 210.75, "minY": 443.25, "maxX": 291.0, "maxY": 553.5}, "class_id": 0, "box_caption": "person 0.002", "scores": {"class_score": 0.001956939697265625}, "domain": "pixel"}, {"position": {"minX": 289.5, "minY": 9.375, "maxX": 398.5, "maxY": 101.75}, "class_id": 0, "box_caption": "person 0.002", "scores": {"class_score": 0.001941680908203125}, "domain": "pixel"}, {"position": {"minX": 108.875, "minY": 465.75, "maxX": 174.125, "maxY": 593.5}, "class_id": 0, "box_caption": "person 0.002", "scores": {"class_score": 0.001941680908203125}, "domain": "pixel"}, {"position": {"minX": 43.25, "minY": 423.0, "maxX": 231.25, "maxY": 660.0}, "class_id": 0, "box_caption": "person 0.002", "scores": {"class_score": 0.001941680908203125}, "domain": "pixel"}, {"position": {"minX": 147.25, "minY": 435.0, "maxX": 212.75, "maxY": 554.0}, "class_id": 0, "box_caption": "person 0.002", "scores": {"class_score": 0.001918792724609375}, "domain": "pixel"}, {"position": {"minX": 12.40625, "minY": 16.4375, "maxX": 97.75, "maxY": 142.5}, "class_id": 0, "box_caption": "person 0.002", "scores": {"class_score": 0.0019121170043945312}, "domain": "pixel"}], "class_labels": {"0": "person"}}