{"box_data": [{"position": {"minX": 370.0, "minY": 358.0, "maxX": 494.0, "maxY": 631.5}, "class_id": 0, "box_caption": "person 0.066", "scores": {"class_score": 0.06561279296875}, "domain": "pixel"}, {"position": {"minX": 248.375, "minY": 358.25, "maxX": 369.5, "maxY": 635.0}, "class_id": 0, "box_caption": "person 0.054", "scores": {"class_score": 0.0537109375}, "domain": "pixel"}, {"position": {"minX": 506.0, "minY": 329.75, "maxX": 673.0, "maxY": 662.0}, "class_id": 0, "box_caption": "person 0.051", "scores": {"class_score": 0.050506591796875}, "domain": "pixel"}, {"position": {"minX": 485.75, "minY": 157.0, "maxX": 565.0, "maxY": 324.5}, "class_id": 0, "box_caption": "person 0.050", "scores": {"class_score": 0.049774169921875}, "domain": "pixel"}, {"position": {"minX": 0.5625, "minY": 255.0, "maxX": 84.0, "maxY": 412.5}, "class_id": 0, "box_caption": "person 0.049", "scores": {"class_score": 0.04876708984375}, "domain": "pixel"}, {"position": {"minX": 360.0, "minY": 247.25, "maxX": 501.5, "maxY": 616.0}, "class_id": 0, "box_caption": "person 0.048", "scores": {"class_score": 0.04803466796875}, "domain": "pixel"}, {"position": {"minX": 458.0, "minY": 155.75, "maxX": 545.5, "maxY": 330.0}, "class_id": 0, "box_caption": "person 0.046", "scores": {"class_score": 0.046112060546875}, "domain": "pixel"}, {"position": {"minX": 267.5, "minY": 347.0, "maxX": 353.0, "maxY": 584.5}, "class_id": 0, "box_caption": "person 0.045", "scores": {"class_score": 0.044769287109375}, "domain": "pixel"}, {"position": {"minX": 440.5, "minY": 384.0, "maxX": 685.5, "maxY": 664.0}, "class_id": 0, "box_caption": "person 0.045", "scores": {"class_score": 0.044586181640625}, "domain": "pixel"}, {"position": {"minX": 346.25, "minY": 311.0, "maxX": 472.25, "maxY": 622.0}, "class_id": 0, "box_caption": "person 0.044", "scores": {"class_score": 0.044281005859375}, "domain": "pixel"}, {"position": {"minX": 644.0, "minY": 10.703125, "maxX": 661.0, "maxY": 50.75}, "class_id": 0, "box_caption": "person 0.039", "scores": {"class_score": 0.038543701171875}, "domain": "pixel"}, {"position": {"minX": 7.421875, "minY": 266.0, "maxX": 59.0, "maxY": 400.5}, "class_id": 0, "box_caption": "person 0.037", "scores": {"class_score": 0.036895751953125}, "domain": "pixel"}, {"position": {"minX": 5.9375, "minY": 273.25, "maxX": 40.125, "maxY": 384.25}, "class_id": 0, "box_caption": "person 0.036", "scores": {"class_score": 0.0360107421875}, "domain": "pixel"}, {"position": {"minX": 358.75, "minY": 337.0, "maxX": 553.0, "maxY": 651.0}, "class_id": 0, "box_caption": "person 0.036", "scores": {"class_score": 0.0360107421875}, "domain": "pixel"}, {"position": {"minX": 210.5, "minY": 389.0, "maxX": 396.0, "maxY": 661.0}, "class_id": 0, "box_caption": "person 0.035", "scores": {"class_score": 0.034759521484375}, "domain": "pixel"}, {"position": {"minX": 324.75, "minY": 103.0625, "maxX": 406.75, "maxY": 307.25}, "class_id": 0, "box_caption": "person 0.035", "scores": {"class_score": 0.03460693359375}, "domain": "pixel"}, {"position": {"minX": 381.0, "minY": 171.25, "maxX": 533.0, "maxY": 631.0}, "class_id": 0, "box_caption": "person 0.033", "scores": {"class_score": 0.0325927734375}, "domain": "pixel"}, {"position": {"minX": 440.75, "minY": 150.875, "maxX": 547.5, "maxY": 449.5}, "class_id": 0, "box_caption": "person 0.031", "scores": {"class_score": 0.031494140625}, "domain": "pixel"}, {"position": {"minX": 381.25, "minY": 241.75, "maxX": 676.0, "maxY": 683.0}, "class_id": 0, "box_caption": "person 0.031", "scores": {"class_score": 0.0305633544921875}, "domain": "pixel"}, {"position": {"minX": 0.25, "minY": 234.5, "maxX": 97.5, "maxY": 564.5}, "class_id": 0, "box_caption": "person 0.030", "scores": {"class_score": 0.0304412841796875}, "domain": "pixel"}, {"position": {"minX": 329.0, "minY": 96.6875, "maxX": 398.5, "maxY": 250.25}, "class_id": 0, "box_caption": "person 0.030", "scores": {"class_score": 0.0299835205078125}, "domain": "pixel"}, {"position": {"minX": 294.5, "minY": 124.25, "maxX": 379.5, "maxY": 293.75}, "class_id": 0, "box_caption": "person 0.030", "scores": {"class_score": 0.029876708984375}, "domain": "pixel"}, {"position": {"minX": 270.75, "minY": 144.125, "maxX": 333.75, "maxY": 273.5}, "class_id": 0, "box_caption": "person 0.029", "scores": {"class_score": 0.028656005859375}, "domain": "pixel"}, {"position": {"minX": 147.5, "minY": 632.0, "maxX": 162.25, "maxY": 657.0}, "class_id": 0, "box_caption": "person 0.027", "scores": {"class_score": 0.0274810791015625}, "domain": "pixel"}, {"position": {"minX": 511.25, "minY": 173.125, "maxX": 677.0, "maxY": 628.0}, "class_id": 0, "box_caption": "person 0.027", "scores": {"class_score": 0.0272674560546875}, "domain": "pixel"}, {"position": {"minX": 348.25, "minY": 167.25, "maxX": 463.75, "maxY": 568.0}, "class_id": 0, "box_caption": "person 0.027", "scores": {"class_score": 0.026611328125}, "domain": "pixel"}, {"position": {"minX": 414.5, "minY": 137.25, "maxX": 519.0, "maxY": 469.25}, "class_id": 0, "box_caption": "person 0.026", "scores": {"class_score": 0.0263519287109375}, "domain": "pixel"}, {"position": {"minX": 554.0, "minY": 377.5, "maxX": 677.0, "maxY": 672.5}, "class_id": 0, "box_caption": "person 0.025", "scores": {"class_score": 0.0254669189453125}, "domain": "pixel"}, {"position": {"minX": 343.5, "minY": 387.5, "maxX": 648.0, "maxY": 666.5}, "class_id": 0, "box_caption": "person 0.025", "scores": {"class_score": 0.0246124267578125}, "domain": "pixel"}, {"position": {"minX": 240.375, "minY": 171.5, "maxX": 302.0, "maxY": 303.25}, "class_id": 0, "box_caption": "person 0.025", "scores": {"class_score": 0.0245208740234375}, "domain": "pixel"}, {"position": {"minX": 26.03125, "minY": 255.375, "maxX": 118.375, "maxY": 414.5}, "class_id": 0, "box_caption": "person 0.024", "scores": {"class_score": 0.02423095703125}, "domain": "pixel"}, {"position": {"minX": 5.25, "minY": 232.625, "maxX": 142.875, "maxY": 627.0}, "class_id": 0, "box_caption": "person 0.024", "scores": {"class_score": 0.023956298828125}, "domain": "pixel"}, {"position": {"minX": 425.0, "minY": 120.625, "maxX": 557.5, "maxY": 549.5}, "class_id": 0, "box_caption": "person 0.024", "scores": {"class_score": 0.0239105224609375}, "domain": "pixel"}, {"position": {"minX": 264.0, "minY": 152.25, "maxX": 337.5, "maxY": 319.25}, "class_id": 0, "box_caption": "person 0.024", "scores": {"class_score": 0.0236053466796875}, "domain": "pixel"}, {"position": {"minX": 216.375, "minY": 177.375, "maxX": 274.5, "maxY": 300.25}, "class_id": 0, "box_caption": "person 0.024", "scores": {"class_score": 0.0235137939453125}, "domain": "pixel"}, {"position": {"minX": 508.0, "minY": 170.0, "maxX": 560.0, "maxY": 322.5}, "class_id": 0, "box_caption": "person 0.023", "scores": {"class_score": 0.0232391357421875}, "domain": "pixel"}, {"position": {"minX": 463.0, "minY": 138.75, "maxX": 581.0, "maxY": 459.25}, "class_id": 0, "box_caption": "person 0.023", "scores": {"class_score": 0.0230255126953125}, "domain": "pixel"}, {"position": {"minX": 8.75, "minY": 460.0, "maxX": 144.75, "maxY": 661.0}, "class_id": 0, "box_caption": "person 0.022", "scores": {"class_score": 0.0224609375}, "domain": "pixel"}, {"position": {"minX": 431.75, "minY": 165.125, "maxX": 509.75, "maxY": 376.5}, "class_id": 0, "box_caption": "person 0.022", "scores": {"class_score": 0.0222930908203125}, "domain": "pixel"}, {"position": {"minX": 430.5, "minY": 149.25, "maxX": 636.5, "maxY": 651.0}, "class_id": 0, "box_caption": "person 0.022", "scores": {"class_score": 0.0222015380859375}, "domain": "pixel"}, {"position": {"minX": 213.5, "minY": 323.0, "maxX": 336.0, "maxY": 610.5}, "class_id": 0, "box_caption": "person 0.022", "scores": {"class_score": 0.0221099853515625}, "domain": "pixel"}, {"position": {"minX": 381.75, "minY": 247.75, "maxX": 479.75, "maxY": 556.0}, "class_id": 0, "box_caption": "person 0.021", "scores": {"class_score": 0.020721435546875}, "domain": "pixel"}, {"position": {"minX": -2.6875, "minY": 512.0, "maxX": 92.1875, "maxY": 665.0}, "class_id": 0, "box_caption": "person 0.021", "scores": {"class_score": 0.020721435546875}, "domain": "pixel"}, {"position": {"minX": 320.0, "minY": 119.125, "maxX": 419.5, "maxY": 421.0}, "class_id": 0, "box_caption": "person 0.020", "scores": {"class_score": 0.0204925537109375}, "domain": "pixel"}, {"position": {"minX": 334.25, "minY": 400.0, "maxX": 480.75, "maxY": 647.0}, "class_id": 0, "box_caption": "person 0.020", "scores": {"class_score": 0.02001953125}, "domain": "pixel"}, {"position": {"minX": 488.75, "minY": 168.25, "maxX": 550.0, "maxY": 297.75}, "class_id": 0, "box_caption": "person 0.020", "scores": {"class_score": 0.0196380615234375}, "domain": "pixel"}, {"position": {"minX": 238.25, "minY": 248.375, "maxX": 299.25, "maxY": 417.0}, "class_id": 0, "box_caption": "person 0.019", "scores": {"class_score": 0.019195556640625}, "domain": "pixel"}, {"position": {"minX": 432.0, "minY": 129.5, "maxX": 506.5, "maxY": 293.5}, "class_id": 0, "box_caption": "person 0.019", "scores": {"class_score": 0.0186920166015625}, "domain": "pixel"}, {"position": {"minX": 211.875, "minY": 185.5, "maxX": 279.0, "maxY": 358.0}, "class_id": 0, "box_caption": "person 0.019", "scores": {"class_score": 0.01861572265625}, "domain": "pixel"}, {"position": {"minX": 344.75, "minY": 114.375, "maxX": 442.25, "maxY": 427.5}, "class_id": 0, "box_caption": "person 0.018", "scores": {"class_score": 0.0182647705078125}, "domain": "pixel"}, {"position": {"minX": 278.5, "minY": 359.0, "maxX": 450.0, "maxY": 635.0}, "class_id": 0, "box_caption": "person 0.018", "scores": {"class_score": 0.018157958984375}, "domain": "pixel"}, {"position": {"minX": 164.75, "minY": 637.0, "maxX": 176.75, "maxY": 660.0}, "class_id": 0, "box_caption": "person 0.018", "scores": {"class_score": 0.017913818359375}, "domain": "pixel"}, {"position": {"minX": 11.09375, "minY": 246.875, "maxX": 128.5, "maxY": 481.5}, "class_id": 0, "box_caption": "person 0.018", "scores": {"class_score": 0.017913818359375}, "domain": "pixel"}, {"position": {"minX": 19.0, "minY": 263.0, "maxX": 90.875, "maxY": 454.0}, "class_id": 0, "box_caption": "person 0.018", "scores": {"class_score": 0.017852783203125}, "domain": "pixel"}, {"position": {"minX": 334.5, "minY": 92.625, "maxX": 397.0, "maxY": 198.875}, "class_id": 0, "box_caption": "person 0.018", "scores": {"class_score": 0.017852783203125}, "domain": "pixel"}, {"position": {"minX": 229.5, "minY": 172.25, "maxX": 302.5, "maxY": 366.25}, "class_id": 0, "box_caption": "person 0.018", "scores": {"class_score": 0.017578125}, "domain": "pixel"}, {"position": {"minX": 508.75, "minY": 152.75, "maxX": 589.0, "maxY": 324.75}, "class_id": 0, "box_caption": "person 0.017", "scores": {"class_score": 0.017242431640625}, "domain": "pixel"}, {"position": {"minX": 232.75, "minY": 319.0, "maxX": 316.25, "maxY": 549.0}, "class_id": 0, "box_caption": "person 0.017", "scores": {"class_score": 0.01678466796875}, "domain": "pixel"}, {"position": {"minX": 455.75, "minY": 102.75, "maxX": 537.5, "maxY": 260.75}, "class_id": 0, "box_caption": "person 0.016", "scores": {"class_score": 0.0164031982421875}, "domain": "pixel"}, {"position": {"minX": 154.625, "minY": 637.5, "maxX": 169.375, "maxY": 658.5}, "class_id": 0, "box_caption": "person 0.016", "scores": {"class_score": 0.0161590576171875}, "domain": "pixel"}, {"position": {"minX": -1.0, "minY": 262.5, "maxX": 66.8125, "maxY": 467.5}, "class_id": 0, "box_caption": "person 0.016", "scores": {"class_score": 0.0161590576171875}, "domain": "pixel"}, {"position": {"minX": 462.0, "minY": 103.9375, "maxX": 584.0, "maxY": 313.25}, "class_id": 0, "box_caption": "person 0.016", "scores": {"class_score": 0.016021728515625}, "domain": "pixel"}, {"position": {"minX": 368.5, "minY": 115.125, "maxX": 488.5, "maxY": 495.0}, "class_id": 0, "box_caption": "person 0.016", "scores": {"class_score": 0.015777587890625}, "domain": "pixel"}, {"position": {"minX": 217.5, "minY": 254.375, "maxX": 280.25, "maxY": 416.5}, "class_id": 0, "box_caption": "person 0.016", "scores": {"class_score": 0.0156707763671875}, "domain": "pixel"}, {"position": {"minX": 434.0, "minY": 127.0, "maxX": 557.5, "maxY": 355.25}, "class_id": 0, "box_caption": "person 0.016", "scores": {"class_score": 0.01560211181640625}, "domain": "pixel"}, {"position": {"minX": 257.5, "minY": 318.5, "maxX": 403.0, "maxY": 614.5}, "class_id": 0, "box_caption": "person 0.016", "scores": {"class_score": 0.01560211181640625}, "domain": "pixel"}, {"position": {"minX": 5.140625, "minY": 292.5, "maxX": 42.8125, "maxY": 421.0}, "class_id": 0, "box_caption": "person 0.015", "scores": {"class_score": 0.0154266357421875}, "domain": "pixel"}, {"position": {"minX": 642.0, "minY": 8.40625, "maxX": 664.0, "maxY": 66.375}, "class_id": 0, "box_caption": "person 0.015", "scores": {"class_score": 0.0154266357421875}, "domain": "pixel"}, {"position": {"minX": 353.0, "minY": 111.6875, "maxX": 429.5, "maxY": 304.75}, "class_id": 0, "box_caption": "person 0.015", "scores": {"class_score": 0.01525115966796875}, "domain": "pixel"}, {"position": {"minX": 119.8125, "minY": 336.0, "maxX": 369.75, "maxY": 656.5}, "class_id": 0, "box_caption": "person 0.015", "scores": {"class_score": 0.0150146484375}, "domain": "pixel"}, {"position": {"minX": 215.125, "minY": 168.0, "maxX": 230.875, "maxY": 208.75}, "class_id": 0, "box_caption": "person 0.015", "scores": {"class_score": 0.01495361328125}, "domain": "pixel"}, {"position": {"minX": 293.25, "minY": 334.0, "maxX": 358.25, "maxY": 546.5}, "class_id": 0, "box_caption": "person 0.015", "scores": {"class_score": 0.01473236083984375}, "domain": "pixel"}, {"position": {"minX": 4.828125, "minY": 606.0, "maxX": 37.5, "maxY": 659.0}, "class_id": 0, "box_caption": "person 0.014", "scores": {"class_score": 0.0143890380859375}, "domain": "pixel"}, {"position": {"minX": 448.0, "minY": 171.75, "maxX": 524.5, "maxY": 355.25}, "class_id": 0, "box_caption": "person 0.014", "scores": {"class_score": 0.01433563232421875}, "domain": "pixel"}, {"position": {"minX": 368.0, "minY": 226.375, "maxX": 442.5, "maxY": 512.0}, "class_id": 0, "box_caption": "person 0.014", "scores": {"class_score": 0.0141754150390625}, "domain": "pixel"}, {"position": {"minX": 477.5, "minY": 159.125, "maxX": 534.0, "maxY": 306.5}, "class_id": 0, "box_caption": "person 0.014", "scores": {"class_score": 0.01406097412109375}, "domain": "pixel"}, {"position": {"minX": 485.5, "minY": 118.375, "maxX": 632.5, "maxY": 554.5}, "class_id": 0, "box_caption": "person 0.014", "scores": {"class_score": 0.01406097412109375}, "domain": "pixel"}, {"position": {"minX": -1.46875, "minY": 394.75, "maxX": 97.125, "maxY": 666.0}, "class_id": 0, "box_caption": "person 0.014", "scores": {"class_score": 0.01395416259765625}, "domain": "pixel"}, {"position": {"minX": -0.109375, "minY": 220.0, "maxX": 63.75, "maxY": 398.5}, "class_id": 0, "box_caption": "person 0.014", "scores": {"class_score": 0.01384735107421875}, "domain": "pixel"}, {"position": {"minX": 9.1796875, "minY": 305.75, "maxX": 32.75, "maxY": 373.25}, "class_id": 0, "box_caption": "person 0.014", "scores": {"class_score": 0.01374053955078125}, "domain": "pixel"}, {"position": {"minX": 153.375, "minY": 635.0, "maxX": 174.375, "maxY": 657.0}, "class_id": 0, "box_caption": "person 0.014", "scores": {"class_score": 0.01363372802734375}, "domain": "pixel"}, {"position": {"minX": 229.25, "minY": 244.0, "maxX": 303.75, "maxY": 487.5}, "class_id": 0, "box_caption": "person 0.013", "scores": {"class_score": 0.013427734375}, "domain": "pixel"}, {"position": {"minX": 482.5, "minY": 104.0, "maxX": 568.5, "maxY": 262.0}, "class_id": 0, "box_caption": "person 0.013", "scores": {"class_score": 0.01337432861328125}, "domain": "pixel"}, {"position": {"minX": 53.0, "minY": 256.5, "maxX": 159.0, "maxY": 413.5}, "class_id": 0, "box_caption": "person 0.013", "scores": {"class_score": 0.013275146484375}, "domain": "pixel"}, {"position": {"minX": 214.5, "minY": 165.25, "maxX": 261.5, "maxY": 267.25}, "class_id": 0, "box_caption": "person 0.013", "scores": {"class_score": 0.01322174072265625}, "domain": "pixel"}, {"position": {"minX": 383.75, "minY": 129.125, "maxX": 476.25, "maxY": 415.5}, "class_id": 0, "box_caption": "person 0.013", "scores": {"class_score": 0.01322174072265625}, "domain": "pixel"}, {"position": {"minX": 273.5, "minY": 150.625, "maxX": 317.0, "maxY": 245.875}, "class_id": 0, "box_caption": "person 0.013", "scores": {"class_score": 0.0127716064453125}, "domain": "pixel"}, {"position": {"minX": 242.0, "minY": 257.25, "maxX": 284.0, "maxY": 391.25}, "class_id": 0, "box_caption": "person 0.013", "scores": {"class_score": 0.012725830078125}, "domain": "pixel"}, {"position": {"minX": 264.5, "minY": 161.25, "maxX": 303.0, "maxY": 238.75}, "class_id": 0, "box_caption": "person 0.013", "scores": {"class_score": 0.01262664794921875}, "domain": "pixel"}, {"position": {"minX": 10.65625, "minY": 250.5, "maxX": 42.15625, "maxY": 350.0}, "class_id": 0, "box_caption": "person 0.013", "scores": {"class_score": 0.0125732421875}, "domain": "pixel"}, {"position": {"minX": 234.5, "minY": 151.375, "maxX": 314.0, "maxY": 278.75}, "class_id": 0, "box_caption": "person 0.012", "scores": {"class_score": 0.012054443359375}, "domain": "pixel"}, {"position": {"minX": 267.75, "minY": 104.9375, "maxX": 401.25, "maxY": 312.5}, "class_id": 0, "box_caption": "person 0.012", "scores": {"class_score": 0.012054443359375}, "domain": "pixel"}, {"position": {"minX": 97.25, "minY": 460.5, "maxX": 382.25, "maxY": 659.5}, "class_id": 0, "box_caption": "person 0.012", "scores": {"class_score": 0.0120086669921875}, "domain": "pixel"}, {"position": {"minX": 636.0, "minY": 246.0, "maxX": 655.0, "maxY": 310.5}, "class_id": 0, "box_caption": "person 0.012", "scores": {"class_score": 0.011962890625}, "domain": "pixel"}, {"position": {"minX": 392.0, "minY": 148.75, "maxX": 474.0, "maxY": 330.5}, "class_id": 0, "box_caption": "person 0.012", "scores": {"class_score": 0.011871337890625}, "domain": "pixel"}, {"position": {"minX": 286.0, "minY": 132.5, "maxX": 384.0, "maxY": 408.5}, "class_id": 0, "box_caption": "person 0.012", "scores": {"class_score": 0.0118255615234375}, "domain": "pixel"}, {"position": {"minX": 292.25, "minY": 316.75, "maxX": 309.75, "maxY": 365.25}, "class_id": 0, "box_caption": "person 0.012", "scores": {"class_score": 0.01177978515625}, "domain": "pixel"}, {"position": {"minX": 347.5, "minY": 100.75, "maxX": 514.0, "maxY": 574.0}, "class_id": 0, "box_caption": "person 0.012", "scores": {"class_score": 0.011688232421875}, "domain": "pixel"}, {"position": {"minX": 8.40625, "minY": 626.0, "maxX": 29.4375, "maxY": 659.0}, "class_id": 0, "box_caption": "person 0.012", "scores": {"class_score": 0.0116424560546875}, "domain": "pixel"}, {"position": {"minX": 531.0, "minY": 274.0, "maxX": 659.0, "maxY": 590.5}, "class_id": 0, "box_caption": "person 0.012", "scores": {"class_score": 0.0116424560546875}, "domain": "pixel"}, {"position": {"minX": 310.5, "minY": 101.3125, "maxX": 376.5, "maxY": 200.75}, "class_id": 0, "box_caption": "person 0.012", "scores": {"class_score": 0.011505126953125}, "domain": "pixel"}, {"position": {"minX": 9.2265625, "minY": 610.0, "maxX": 28.84375, "maxY": 656.0}, "class_id": 0, "box_caption": "person 0.011", "scores": {"class_score": 0.01116180419921875}, "domain": "pixel"}, {"position": {"minX": 336.5, "minY": 442.5, "maxX": 534.5, "maxY": 659.5}, "class_id": 0, "box_caption": "person 0.011", "scores": {"class_score": 0.01107025146484375}, "domain": "pixel"}, {"position": {"minX": -13.5625, "minY": 227.0, "maxX": 227.25, "maxY": 635.0}, "class_id": 0, "box_caption": "person 0.011", "scores": {"class_score": 0.01107025146484375}, "domain": "pixel"}, {"position": {"minX": 1.0, "minY": 571.5, "maxX": 81.625, "maxY": 657.5}, "class_id": 0, "box_caption": "person 0.011", "scores": {"class_score": 0.01085662841796875}, "domain": "pixel"}, {"position": {"minX": 317.5, "minY": 86.625, "maxX": 480.5, "maxY": 521.0}, "class_id": 0, "box_caption": "person 0.011", "scores": {"class_score": 0.0108184814453125}, "domain": "pixel"}, {"position": {"minX": 304.5, "minY": 336.0, "maxX": 430.0, "maxY": 598.0}, "class_id": 0, "box_caption": "person 0.011", "scores": {"class_score": 0.01078033447265625}, "domain": "pixel"}, {"position": {"minX": 576.5, "minY": 511.75, "maxX": 670.5, "maxY": 663.5}, "class_id": 0, "box_caption": "person 0.011", "scores": {"class_score": 0.01078033447265625}, "domain": "pixel"}, {"position": {"minX": 6.25, "minY": 274.75, "maxX": 33.3125, "maxY": 356.25}, "class_id": 0, "box_caption": "person 0.011", "scores": {"class_score": 0.01073455810546875}, "domain": "pixel"}, {"position": {"minX": 2.890625, "minY": 520.0, "maxX": 57.125, "maxY": 664.0}, "class_id": 0, "box_caption": "person 0.011", "scores": {"class_score": 0.01073455810546875}, "domain": "pixel"}, {"position": {"minX": 139.625, "minY": 630.5, "maxX": 158.625, "maxY": 654.5}, "class_id": 0, "box_caption": "person 0.011", "scores": {"class_score": 0.01061248779296875}, "domain": "pixel"}, {"position": {"minX": 630.0, "minY": 544.0, "maxX": 666.0, "maxY": 656.0}, "class_id": 0, "box_caption": "person 0.011", "scores": {"class_score": 0.01061248779296875}, "domain": "pixel"}, {"position": {"minX": 217.125, "minY": 314.5, "maxX": 280.25, "maxY": 486.0}, "class_id": 0, "box_caption": "person 0.011", "scores": {"class_score": 0.01056671142578125}, "domain": "pixel"}, {"position": {"minX": 394.0, "minY": 272.5, "maxX": 524.0, "maxY": 591.5}, "class_id": 0, "box_caption": "person 0.011", "scores": {"class_score": 0.01056671142578125}, "domain": "pixel"}, {"position": {"minX": 490.25, "minY": 183.625, "maxX": 544.0, "maxY": 342.0}, "class_id": 0, "box_caption": "person 0.010", "scores": {"class_score": 0.01049041748046875}, "domain": "pixel"}, {"position": {"minX": 287.5, "minY": 310.75, "maxX": 308.0, "maxY": 372.25}, "class_id": 0, "box_caption": "person 0.010", "scores": {"class_score": 0.010406494140625}, "domain": "pixel"}, {"position": {"minX": -3.9375, "minY": 100.625, "maxX": 97.4375, "maxY": 451.5}, "class_id": 0, "box_caption": "person 0.010", "scores": {"class_score": 0.010406494140625}, "domain": "pixel"}, {"position": {"minX": 283.5, "minY": 330.0, "maxX": 340.0, "maxY": 519.5}, "class_id": 0, "box_caption": "person 0.010", "scores": {"class_score": 0.0103302001953125}, "domain": "pixel"}, {"position": {"minX": 572.5, "minY": 313.5, "maxX": 672.5, "maxY": 618.5}, "class_id": 0, "box_caption": "person 0.010", "scores": {"class_score": 0.01029205322265625}, "domain": "pixel"}, {"position": {"minX": 170.0, "minY": 522.5, "maxX": 378.5, "maxY": 653.5}, "class_id": 0, "box_caption": "person 0.010", "scores": {"class_score": 0.01016998291015625}, "domain": "pixel"}, {"position": {"minX": 575.5, "minY": 85.8125, "maxX": 672.5, "maxY": 330.5}, "class_id": 0, "box_caption": "person 0.010", "scores": {"class_score": 0.0101318359375}, "domain": "pixel"}, {"position": {"minX": 516.0, "minY": 99.3125, "maxX": 595.0, "maxY": 258.75}, "class_id": 0, "box_caption": "person 0.010", "scores": {"class_score": 0.0100555419921875}, "domain": "pixel"}, {"position": {"minX": 256.5, "minY": 283.0, "maxX": 342.5, "maxY": 521.5}, "class_id": 0, "box_caption": "person 0.010", "scores": {"class_score": 0.0100555419921875}, "domain": "pixel"}, {"position": {"minX": 142.875, "minY": 632.0, "maxX": 165.875, "maxY": 659.0}, "class_id": 0, "box_caption": "person 0.010", "scores": {"class_score": 0.0097808837890625}, "domain": "pixel"}, {"position": {"minX": 269.0, "minY": 310.0, "maxX": 332.5, "maxY": 497.5}, "class_id": 0, "box_caption": "person 0.010", "scores": {"class_score": 0.0097808837890625}, "domain": "pixel"}, {"position": {"minX": 256.75, "minY": 159.75, "maxX": 302.75, "maxY": 269.5}, "class_id": 0, "box_caption": "person 0.010", "scores": {"class_score": 0.00971221923828125}, "domain": "pixel"}, {"position": {"minX": 437.75, "minY": 118.125, "maxX": 504.75, "maxY": 239.875}, "class_id": 0, "box_caption": "person 0.010", "scores": {"class_score": 0.00955963134765625}, "domain": "pixel"}, {"position": {"minX": 491.75, "minY": 508.0, "maxX": 696.5, "maxY": 661.0}, "class_id": 0, "box_caption": "person 0.010", "scores": {"class_score": 0.00955963134765625}, "domain": "pixel"}, {"position": {"minX": -4.5, "minY": 460.0, "maxX": 288.75, "maxY": 661.0}, "class_id": 0, "box_caption": "person 0.009", "scores": {"class_score": 0.00948333740234375}, "domain": "pixel"}, {"position": {"minX": 460.5, "minY": 159.125, "maxX": 518.0, "maxY": 307.0}, "class_id": 0, "box_caption": "person 0.009", "scores": {"class_score": 0.00945281982421875}, "domain": "pixel"}, {"position": {"minX": 2.8125, "minY": 573.0, "maxX": 53.6875, "maxY": 665.0}, "class_id": 0, "box_caption": "person 0.009", "scores": {"class_score": 0.00945281982421875}, "domain": "pixel"}, {"position": {"minX": 501.5, "minY": 120.125, "maxX": 605.5, "maxY": 483.0}, "class_id": 0, "box_caption": "person 0.009", "scores": {"class_score": 0.0094146728515625}, "domain": "pixel"}, {"position": {"minX": 634.5, "minY": 224.125, "maxX": 657.5, "maxY": 306.75}, "class_id": 0, "box_caption": "person 0.009", "scores": {"class_score": 0.00937652587890625}, "domain": "pixel"}, {"position": {"minX": 211.625, "minY": 168.625, "maxX": 232.375, "maxY": 226.875}, "class_id": 0, "box_caption": "person 0.009", "scores": {"class_score": 0.00933837890625}, "domain": "pixel"}, {"position": {"minX": 258.5, "minY": 265.0, "maxX": 291.0, "maxY": 356.0}, "class_id": 0, "box_caption": "person 0.009", "scores": {"class_score": 0.00933837890625}, "domain": "pixel"}, {"position": {"minX": 213.625, "minY": 164.75, "maxX": 248.625, "maxY": 231.5}, "class_id": 0, "box_caption": "person 0.009", "scores": {"class_score": 0.00926971435546875}, "domain": "pixel"}, {"position": {"minX": 238.125, "minY": 388.5, "maxX": 492.5, "maxY": 660.5}, "class_id": 0, "box_caption": "person 0.009", "scores": {"class_score": 0.00919342041015625}, "domain": "pixel"}, {"position": {"minX": 207.0, "minY": 346.25, "maxX": 227.25, "maxY": 400.25}, "class_id": 0, "box_caption": "person 0.009", "scores": {"class_score": 0.00891876220703125}, "domain": "pixel"}, {"position": {"minX": 496.25, "minY": 179.5, "maxX": 575.5, "maxY": 378.0}, "class_id": 0, "box_caption": "person 0.009", "scores": {"class_score": 0.008880615234375}, "domain": "pixel"}, {"position": {"minX": 229.75, "minY": 265.25, "maxX": 272.25, "maxY": 391.75}, "class_id": 0, "box_caption": "person 0.009", "scores": {"class_score": 0.00881195068359375}, "domain": "pixel"}, {"position": {"minX": 526.0, "minY": 102.75, "maxX": 656.0, "maxY": 319.75}, "class_id": 0, "box_caption": "person 0.009", "scores": {"class_score": 0.0087432861328125}, "domain": "pixel"}, {"position": {"minX": 230.5, "minY": 289.0, "maxX": 371.0, "maxY": 578.5}, "class_id": 0, "box_caption": "person 0.009", "scores": {"class_score": 0.0087432861328125}, "domain": "pixel"}, {"position": {"minX": 210.75, "minY": 156.75, "maxX": 231.25, "maxY": 207.0}, "class_id": 0, "box_caption": "person 0.009", "scores": {"class_score": 0.0087127685546875}, "domain": "pixel"}, {"position": {"minX": 16.5, "minY": 423.5, "maxX": 198.625, "maxY": 640.5}, "class_id": 0, "box_caption": "person 0.009", "scores": {"class_score": 0.0087127685546875}, "domain": "pixel"}, {"position": {"minX": 621.0, "minY": 512.5, "maxX": 667.0, "maxY": 665.5}, "class_id": 0, "box_caption": "person 0.009", "scores": {"class_score": 0.0087127685546875}, "domain": "pixel"}, {"position": {"minX": 387.5, "minY": 304.0, "maxX": 604.5, "maxY": 629.0}, "class_id": 0, "box_caption": "person 0.009", "scores": {"class_score": 0.00864410400390625}, "domain": "pixel"}, {"position": {"minX": 193.0, "minY": 298.5, "maxX": 301.25, "maxY": 571.5}, "class_id": 0, "box_caption": "person 0.009", "scores": {"class_score": 0.00864410400390625}, "domain": "pixel"}, {"position": {"minX": 481.0, "minY": 93.0, "maxX": 632.0, "maxY": 323.0}, "class_id": 0, "box_caption": "person 0.009", "scores": {"class_score": 0.008544921875}, "domain": "pixel"}, {"position": {"minX": 521.5, "minY": 186.5, "maxX": 578.5, "maxY": 339.5}, "class_id": 0, "box_caption": "person 0.008", "scores": {"class_score": 0.00844573974609375}, "domain": "pixel"}, {"position": {"minX": -1.71875, "minY": 460.25, "maxX": 62.78125, "maxY": 660.0}, "class_id": 0, "box_caption": "person 0.008", "scores": {"class_score": 0.00844573974609375}, "domain": "pixel"}, {"position": {"minX": 647.0, "minY": 319.0, "maxX": 660.0, "maxY": 372.0}, "class_id": 0, "box_caption": "person 0.008", "scores": {"class_score": 0.0083770751953125}, "domain": "pixel"}, {"position": {"minX": 326.0, "minY": 82.125, "maxX": 396.0, "maxY": 160.25}, "class_id": 0, "box_caption": "person 0.008", "scores": {"class_score": 0.0083770751953125}, "domain": "pixel"}, {"position": {"minX": 11.6875, "minY": 511.25, "maxX": 206.75, "maxY": 664.0}, "class_id": 0, "box_caption": "person 0.008", "scores": {"class_score": 0.0083770751953125}, "domain": "pixel"}, {"position": {"minX": 646.0, "minY": 6.484375, "maxX": 661.0, "maxY": 38.875}, "class_id": 0, "box_caption": "person 0.008", "scores": {"class_score": 0.0083160400390625}, "domain": "pixel"}, {"position": {"minX": 470.5, "minY": 189.375, "maxX": 538.0, "maxY": 370.5}, "class_id": 0, "box_caption": "person 0.008", "scores": {"class_score": 0.0082550048828125}, "domain": "pixel"}, {"position": {"minX": 217.125, "minY": 166.5, "maxX": 242.875, "maxY": 209.0}, "class_id": 0, "box_caption": "person 0.008", "scores": {"class_score": 0.00818634033203125}, "domain": "pixel"}, {"position": {"minX": 453.25, "minY": 279.5, "maxX": 500.75, "maxY": 437.5}, "class_id": 0, "box_caption": "person 0.008", "scores": {"class_score": 0.00818634033203125}, "domain": "pixel"}, {"position": {"minX": 226.75, "minY": 175.25, "maxX": 266.5, "maxY": 286.0}, "class_id": 0, "box_caption": "person 0.008", "scores": {"class_score": 0.00809478759765625}, "domain": "pixel"}, {"position": {"minX": 471.0, "minY": 331.5, "maxX": 495.0, "maxY": 395.5}, "class_id": 0, "box_caption": "person 0.008", "scores": {"class_score": 0.00806427001953125}, "domain": "pixel"}, {"position": {"minX": 321.0, "minY": 168.5, "maxX": 424.5, "maxY": 571.5}, "class_id": 0, "box_caption": "person 0.008", "scores": {"class_score": 0.00803375244140625}, "domain": "pixel"}, {"position": {"minX": 524.5, "minY": 161.375, "maxX": 575.5, "maxY": 302.0}, "class_id": 0, "box_caption": "person 0.008", "scores": {"class_score": 0.00800323486328125}, "domain": "pixel"}, {"position": {"minX": 233.5, "minY": 128.5, "maxX": 372.5, "maxY": 349.5}, "class_id": 0, "box_caption": "person 0.008", "scores": {"class_score": 0.007965087890625}, "domain": "pixel"}, {"position": {"minX": 645.0, "minY": 27.78125, "maxX": 662.0, "maxY": 83.75}, "class_id": 0, "box_caption": "person 0.008", "scores": {"class_score": 0.00787353515625}, "domain": "pixel"}, {"position": {"minX": 264.75, "minY": 429.25, "maxX": 388.75, "maxY": 643.0}, "class_id": 0, "box_caption": "person 0.008", "scores": {"class_score": 0.00787353515625}, "domain": "pixel"}, {"position": {"minX": 255.75, "minY": 257.75, "maxX": 297.25, "maxY": 393.25}, "class_id": 0, "box_caption": "person 0.008", "scores": {"class_score": 0.0078125}, "domain": "pixel"}, {"position": {"minX": 242.125, "minY": 178.0, "maxX": 287.25, "maxY": 283.75}, "class_id": 0, "box_caption": "person 0.008", "scores": {"class_score": 0.007785797119140625}, "domain": "pixel"}, {"position": {"minX": 34.1875, "minY": 236.5, "maxX": 182.0, "maxY": 438.0}, "class_id": 0, "box_caption": "person 0.008", "scores": {"class_score": 0.007785797119140625}, "domain": "pixel"}, {"position": {"minX": 260.0, "minY": 119.0, "maxX": 354.5, "maxY": 252.75}, "class_id": 0, "box_caption": "person 0.008", "scores": {"class_score": 0.007694244384765625}, "domain": "pixel"}, {"position": {"minX": 606.0, "minY": 364.0, "maxX": 673.0, "maxY": 687.0}, "class_id": 0, "box_caption": "person 0.008", "scores": {"class_score": 0.00766754150390625}, "domain": "pixel"}, {"position": {"minX": 163.5, "minY": 633.0, "maxX": 178.5, "maxY": 655.0}, "class_id": 0, "box_caption": "person 0.008", "scores": {"class_score": 0.00763702392578125}, "domain": "pixel"}, {"position": {"minX": 5.5859375, "minY": 292.75, "maxX": 31.71875, "maxY": 390.75}, "class_id": 0, "box_caption": "person 0.008", "scores": {"class_score": 0.00763702392578125}, "domain": "pixel"}, {"position": {"minX": 499.5, "minY": 276.25, "maxX": 627.5, "maxY": 589.0}, "class_id": 0, "box_caption": "person 0.008", "scores": {"class_score": 0.00763702392578125}, "domain": "pixel"}, {"position": {"minX": 648.0, "minY": 305.25, "maxX": 660.0, "maxY": 357.75}, "class_id": 0, "box_caption": "person 0.008", "scores": {"class_score": 0.00757598876953125}, "domain": "pixel"}, {"position": {"minX": 3.8125, "minY": 183.875, "maxX": 151.25, "maxY": 432.5}, "class_id": 0, "box_caption": "person 0.008", "scores": {"class_score": 0.00757598876953125}, "domain": "pixel"}, {"position": {"minX": 419.0, "minY": 216.5, "maxX": 506.5, "maxY": 524.5}, "class_id": 0, "box_caption": "person 0.007", "scores": {"class_score": 0.007488250732421875}, "domain": "pixel"}, {"position": {"minX": 618.0, "minY": 119.625, "maxX": 667.0, "maxY": 356.0}, "class_id": 0, "box_caption": "person 0.007", "scores": {"class_score": 0.007373809814453125}, "domain": "pixel"}, {"position": {"minX": 505.75, "minY": 154.75, "maxX": 567.5, "maxY": 281.25}, "class_id": 0, "box_caption": "person 0.007", "scores": {"class_score": 0.00734710693359375}, "domain": "pixel"}, {"position": {"minX": 464.0, "minY": 104.25, "maxX": 530.0, "maxY": 191.25}, "class_id": 0, "box_caption": "person 0.007", "scores": {"class_score": 0.00734710693359375}, "domain": "pixel"}, {"position": {"minX": 296.5, "minY": 324.75, "maxX": 311.5, "maxY": 369.25}, "class_id": 0, "box_caption": "person 0.007", "scores": {"class_score": 0.007289886474609375}, "domain": "pixel"}, {"position": {"minX": 14.46875, "minY": 223.875, "maxX": 57.59375, "maxY": 372.5}, "class_id": 0, "box_caption": "person 0.007", "scores": {"class_score": 0.007289886474609375}, "domain": "pixel"}, {"position": {"minX": 571.5, "minY": 144.25, "maxX": 673.5, "maxY": 536.0}, "class_id": 0, "box_caption": "person 0.007", "scores": {"class_score": 0.007232666015625}, "domain": "pixel"}, {"position": {"minX": 10.5546875, "minY": 280.0, "maxX": 32.59375, "maxY": 338.0}, "class_id": 0, "box_caption": "person 0.007", "scores": {"class_score": 0.007205963134765625}, "domain": "pixel"}, {"position": {"minX": 294.0, "minY": 328.25, "maxX": 307.0, "maxY": 361.25}, "class_id": 0, "box_caption": "person 0.007", "scores": {"class_score": 0.007175445556640625}, "domain": "pixel"}, {"position": {"minX": 462.25, "minY": 307.25, "maxX": 492.25, "maxY": 413.25}, "class_id": 0, "box_caption": "person 0.007", "scores": {"class_score": 0.007175445556640625}, "domain": "pixel"}, {"position": {"minX": 346.5, "minY": 104.125, "maxX": 401.5, "maxY": 228.875}, "class_id": 0, "box_caption": "person 0.007", "scores": {"class_score": 0.007175445556640625}, "domain": "pixel"}, {"position": {"minX": 632.5, "minY": 207.125, "maxX": 660.5, "maxY": 320.5}, "class_id": 0, "box_caption": "person 0.007", "scores": {"class_score": 0.007175445556640625}, "domain": "pixel"}, {"position": {"minX": 270.0, "minY": 167.25, "maxX": 321.5, "maxY": 295.75}, "class_id": 0, "box_caption": "person 0.007", "scores": {"class_score": 0.007122039794921875}, "domain": "pixel"}, {"position": {"minX": 305.5, "minY": 86.875, "maxX": 419.0, "maxY": 275.0}, "class_id": 0, "box_caption": "person 0.007", "scores": {"class_score": 0.007122039794921875}, "domain": "pixel"}, {"position": {"minX": 622.5, "minY": 246.5, "maxX": 647.5, "maxY": 309.0}, "class_id": 0, "box_caption": "person 0.007", "scores": {"class_score": 0.0070953369140625}, "domain": "pixel"}, {"position": {"minX": 207.25, "minY": 313.25, "maxX": 225.75, "maxY": 377.75}, "class_id": 0, "box_caption": "person 0.007", "scores": {"class_score": 0.0070953369140625}, "domain": "pixel"}, {"position": {"minX": 203.5, "minY": 318.25, "maxX": 220.0, "maxY": 363.25}, "class_id": 0, "box_caption": "person 0.007", "scores": {"class_score": 0.0070648193359375}, "domain": "pixel"}, {"position": {"minX": 0.59375, "minY": 297.5, "maxX": 115.375, "maxY": 690.0}, "class_id": 0, "box_caption": "person 0.007", "scores": {"class_score": 0.0070648193359375}, "domain": "pixel"}, {"position": {"minX": 283.0, "minY": 291.5, "maxX": 312.0, "maxY": 389.5}, "class_id": 0, "box_caption": "person 0.007", "scores": {"class_score": 0.00701141357421875}, "domain": "pixel"}, {"position": {"minX": 4.84375, "minY": 440.25, "maxX": 53.34375, "maxY": 621.5}, "class_id": 0, "box_caption": "person 0.007", "scores": {"class_score": 0.0069580078125}, "domain": "pixel"}, {"position": {"minX": 8.8359375, "minY": 101.1875, "maxX": 28.09375, "maxY": 171.0}, "class_id": 0, "box_caption": "person 0.007", "scores": {"class_score": 0.0068511962890625}, "domain": "pixel"}, {"position": {"minX": 357.5, "minY": 190.875, "maxX": 427.0, "maxY": 466.0}, "class_id": 0, "box_caption": "person 0.007", "scores": {"class_score": 0.00679779052734375}, "domain": "pixel"}, {"position": {"minX": 254.625, "minY": 113.75, "maxX": 418.0, "maxY": 427.75}, "class_id": 0, "box_caption": "person 0.007", "scores": {"class_score": 0.00679779052734375}, "domain": "pixel"}, {"position": {"minX": 256.5, "minY": 164.75, "maxX": 334.5, "maxY": 441.75}, "class_id": 0, "box_caption": "person 0.007", "scores": {"class_score": 0.006771087646484375}, "domain": "pixel"}, {"position": {"minX": 603.5, "minY": 226.125, "maxX": 676.5, "maxY": 632.0}, "class_id": 0, "box_caption": "person 0.007", "scores": {"class_score": 0.006771087646484375}, "domain": "pixel"}, {"position": {"minX": -2.6875, "minY": 245.0, "maxX": 69.875, "maxY": 621.0}, "class_id": 0, "box_caption": "person 0.007", "scores": {"class_score": 0.006717681884765625}, "domain": "pixel"}, {"position": {"minX": 92.8125, "minY": 241.25, "maxX": 187.5, "maxY": 377.75}, "class_id": 0, "box_caption": "person 0.007", "scores": {"class_score": 0.00669097900390625}, "domain": "pixel"}, {"position": {"minX": 67.375, "minY": 517.0, "maxX": 347.0, "maxY": 664.0}, "class_id": 0, "box_caption": "person 0.007", "scores": {"class_score": 0.00669097900390625}, "domain": "pixel"}, {"position": {"minX": 392.25, "minY": 120.5, "maxX": 536.5, "maxY": 364.0}, "class_id": 0, "box_caption": "person 0.007", "scores": {"class_score": 0.0066680908203125}, "domain": "pixel"}, {"position": {"minX": 246.375, "minY": 218.5, "maxX": 287.75, "maxY": 377.5}, "class_id": 0, "box_caption": "person 0.007", "scores": {"class_score": 0.006641387939453125}, "domain": "pixel"}, {"position": {"minX": 22.8125, "minY": 230.875, "maxX": 89.9375, "maxY": 395.0}, "class_id": 0, "box_caption": "person 0.007", "scores": {"class_score": 0.00661468505859375}, "domain": "pixel"}, {"position": {"minX": 281.25, "minY": 138.75, "maxX": 342.25, "maxY": 353.25}, "class_id": 0, "box_caption": "person 0.007", "scores": {"class_score": 0.006587982177734375}, "domain": "pixel"}, {"position": {"minX": 443.5, "minY": 195.0, "maxX": 498.5, "maxY": 364.0}, "class_id": 0, "box_caption": "person 0.007", "scores": {"class_score": 0.006565093994140625}, "domain": "pixel"}, {"position": {"minX": 647.0, "minY": 334.0, "maxX": 660.0, "maxY": 390.0}, "class_id": 0, "box_caption": "person 0.007", "scores": {"class_score": 0.006565093994140625}, "domain": "pixel"}, {"position": {"minX": 564.0, "minY": 459.75, "maxX": 667.0, "maxY": 678.0}, "class_id": 0, "box_caption": "person 0.007", "scores": {"class_score": 0.00653839111328125}, "domain": "pixel"}, {"position": {"minX": 341.25, "minY": 76.875, "maxX": 408.25, "maxY": 166.125}, "class_id": 0, "box_caption": "person 0.006", "scores": {"class_score": 0.006439208984375}, "domain": "pixel"}, {"position": {"minX": 315.25, "minY": 88.0, "maxX": 378.25, "maxY": 246.25}, "class_id": 0, "box_caption": "person 0.006", "scores": {"class_score": 0.006439208984375}, "domain": "pixel"}, {"position": {"minX": 5.203125, "minY": 184.25, "maxX": 50.1875, "maxY": 374.75}, "class_id": 0, "box_caption": "person 0.006", "scores": {"class_score": 0.006439208984375}, "domain": "pixel"}, {"position": {"minX": 319.5, "minY": 89.5, "maxX": 468.0, "maxY": 324.25}, "class_id": 0, "box_caption": "person 0.006", "scores": {"class_score": 0.006439208984375}, "domain": "pixel"}, {"position": {"minX": 12.296875, "minY": 287.5, "maxX": 66.5625, "maxY": 429.0}, "class_id": 0, "box_caption": "person 0.006", "scores": {"class_score": 0.006389617919921875}, "domain": "pixel"}, {"position": {"minX": 461.5, "minY": 264.0, "maxX": 510.0, "maxY": 425.0}, "class_id": 0, "box_caption": "person 0.006", "scores": {"class_score": 0.00634002685546875}, "domain": "pixel"}, {"position": {"minX": 435.0, "minY": 93.0, "maxX": 559.5, "maxY": 271.0}, "class_id": 0, "box_caption": "person 0.006", "scores": {"class_score": 0.006313323974609375}, "domain": "pixel"}, {"position": {"minX": 208.75, "minY": 356.0, "maxX": 220.25, "maxY": 387.5}, "class_id": 0, "box_caption": "person 0.006", "scores": {"class_score": 0.006290435791015625}, "domain": "pixel"}, {"position": {"minX": 246.5, "minY": 280.5, "maxX": 275.5, "maxY": 353.5}, "class_id": 0, "box_caption": "person 0.006", "scores": {"class_score": 0.006290435791015625}, "domain": "pixel"}, {"position": {"minX": 625.0, "minY": 193.75, "maxX": 669.0, "maxY": 346.25}, "class_id": 0, "box_caption": "person 0.006", "scores": {"class_score": 0.0062408447265625}, "domain": "pixel"}, {"position": {"minX": 291.0, "minY": 395.5, "maxX": 361.0, "maxY": 582.5}, "class_id": 0, "box_caption": "person 0.006", "scores": {"class_score": 0.00621795654296875}, "domain": "pixel"}, {"position": {"minX": 277.5, "minY": 396.5, "maxX": 347.0, "maxY": 545.5}, "class_id": 0, "box_caption": "person 0.006", "scores": {"class_score": 0.006145477294921875}, "domain": "pixel"}, {"position": {"minX": 340.25, "minY": 213.0, "maxX": 407.25, "maxY": 458.5}, "class_id": 0, "box_caption": "person 0.006", "scores": {"class_score": 0.006145477294921875}, "domain": "pixel"}, {"position": {"minX": 228.625, "minY": 287.0, "maxX": 271.0, "maxY": 433.0}, "class_id": 0, "box_caption": "person 0.006", "scores": {"class_score": 0.006122589111328125}, "domain": "pixel"}, {"position": {"minX": 206.0, "minY": 304.0, "maxX": 220.0, "maxY": 345.0}, "class_id": 0, "box_caption": "person 0.006", "scores": {"class_score": 0.00605010986328125}, "domain": "pixel"}, {"position": {"minX": 637.5, "minY": 7.96875, "maxX": 672.5, "maxY": 89.75}, "class_id": 0, "box_caption": "person 0.006", "scores": {"class_score": 0.00605010986328125}, "domain": "pixel"}, {"position": {"minX": 7.21875, "minY": 19.703125, "maxX": 27.625, "maxY": 61.4375}, "class_id": 0, "box_caption": "person 0.006", "scores": {"class_score": 0.0060272216796875}, "domain": "pixel"}, {"position": {"minX": 295.75, "minY": 105.0, "maxX": 361.25, "maxY": 262.25}, "class_id": 0, "box_caption": "person 0.006", "scores": {"class_score": 0.0060272216796875}, "domain": "pixel"}, {"position": {"minX": 183.0, "minY": 170.25, "maxX": 249.75, "maxY": 311.75}, "class_id": 0, "box_caption": "person 0.006", "scores": {"class_score": 0.00600433349609375}, "domain": "pixel"}, {"position": {"minX": 204.625, "minY": 310.75, "maxX": 218.625, "maxY": 352.25}, "class_id": 0, "box_caption": "person 0.006", "scores": {"class_score": 0.0059814453125}, "domain": "pixel"}, {"position": {"minX": 465.5, "minY": 347.0, "maxX": 487.0, "maxY": 400.0}, "class_id": 0, "box_caption": "person 0.006", "scores": {"class_score": 0.00591278076171875}, "domain": "pixel"}, {"position": {"minX": 434.25, "minY": 205.75, "maxX": 485.75, "maxY": 355.75}, "class_id": 0, "box_caption": "person 0.006", "scores": {"class_score": 0.005889892578125}, "domain": "pixel"}, {"position": {"minX": 638.0, "minY": 262.75, "maxX": 657.0, "maxY": 324.25}, "class_id": 0, "box_caption": "person 0.006", "scores": {"class_score": 0.00586700439453125}, "domain": "pixel"}, {"position": {"minX": 541.5, "minY": 214.625, "maxX": 650.5, "maxY": 526.5}, "class_id": 0, "box_caption": "person 0.006", "scores": {"class_score": 0.00586700439453125}, "domain": "pixel"}, {"position": {"minX": 280.0, "minY": 134.75, "maxX": 337.5, "maxY": 235.25}, "class_id": 0, "box_caption": "person 0.006", "scores": {"class_score": 0.00582122802734375}, "domain": "pixel"}, {"position": {"minX": 6.1875, "minY": 161.25, "maxX": 79.4375, "maxY": 391.75}, "class_id": 0, "box_caption": "person 0.006", "scores": {"class_score": 0.00579833984375}, "domain": "pixel"}, {"position": {"minX": 3.0, "minY": 577.5, "maxX": 150.625, "maxY": 657.5}, "class_id": 0, "box_caption": "person 0.006", "scores": {"class_score": 0.0057525634765625}, "domain": "pixel"}, {"position": {"minX": 88.0625, "minY": 633.5, "maxX": 108.3125, "maxY": 655.5}, "class_id": 0, "box_caption": "person 0.006", "scores": {"class_score": 0.00572967529296875}, "domain": "pixel"}, {"position": {"minX": 644.5, "minY": 210.375, "maxX": 661.5, "maxY": 290.5}, "class_id": 0, "box_caption": "person 0.006", "scores": {"class_score": 0.00572967529296875}, "domain": "pixel"}, {"position": {"minX": 377.5, "minY": 136.0, "maxX": 440.5, "maxY": 389.5}, "class_id": 0, "box_caption": "person 0.006", "scores": {"class_score": 0.005706787109375}, "domain": "pixel"}, {"position": {"minX": 385.75, "minY": 200.875, "maxX": 462.25, "maxY": 484.0}, "class_id": 0, "box_caption": "person 0.006", "scores": {"class_score": 0.005706787109375}, "domain": "pixel"}, {"position": {"minX": 519.5, "minY": 173.125, "maxX": 598.5, "maxY": 430.0}, "class_id": 0, "box_caption": "person 0.006", "scores": {"class_score": 0.005706787109375}, "domain": "pixel"}, {"position": {"minX": 298.0, "minY": 330.0, "maxX": 310.5, "maxY": 362.0}, "class_id": 0, "box_caption": "person 0.006", "scores": {"class_score": 0.005687713623046875}, "domain": "pixel"}, {"position": {"minX": 640.5, "minY": 246.875, "maxX": 658.5, "maxY": 303.0}, "class_id": 0, "box_caption": "person 0.006", "scores": {"class_score": 0.005687713623046875}, "domain": "pixel"}, {"position": {"minX": 270.0, "minY": 277.0, "maxX": 323.5, "maxY": 460.5}, "class_id": 0, "box_caption": "person 0.006", "scores": {"class_score": 0.005687713623046875}, "domain": "pixel"}, {"position": {"minX": 200.0, "minY": 242.375, "maxX": 342.5, "maxY": 559.0}, "class_id": 0, "box_caption": "person 0.006", "scores": {"class_score": 0.005664825439453125}, "domain": "pixel"}, {"position": {"minX": 267.25, "minY": 252.75, "maxX": 475.25, "maxY": 617.0}, "class_id": 0, "box_caption": "person 0.006", "scores": {"class_score": 0.005664825439453125}, "domain": "pixel"}, {"position": {"minX": 8.296875, "minY": 72.125, "maxX": 28.328125, "maxY": 137.625}, "class_id": 0, "box_caption": "person 0.006", "scores": {"class_score": 0.005641937255859375}, "domain": "pixel"}, {"position": {"minX": 641.0, "minY": 560.0, "maxX": 668.0, "maxY": 642.0}, "class_id": 0, "box_caption": "person 0.006", "scores": {"class_score": 0.005641937255859375}, "domain": "pixel"}, {"position": {"minX": 309.75, "minY": 336.5, "maxX": 374.75, "maxY": 575.5}, "class_id": 0, "box_caption": "person 0.006", "scores": {"class_score": 0.005619049072265625}, "domain": "pixel"}, {"position": {"minX": 202.0, "minY": 242.5, "maxX": 221.0, "maxY": 291.0}, "class_id": 0, "box_caption": "person 0.006", "scores": {"class_score": 0.0055999755859375}, "domain": "pixel"}, {"position": {"minX": 7.8203125, "minY": 125.25, "maxX": 30.0, "maxY": 209.0}, "class_id": 0, "box_caption": "person 0.006", "scores": {"class_score": 0.00557708740234375}, "domain": "pixel"}, {"position": {"minX": 423.25, "minY": 191.75, "maxX": 462.75, "maxY": 275.25}, "class_id": 0, "box_caption": "person 0.006", "scores": {"class_score": 0.00555419921875}, "domain": "pixel"}, {"position": {"minX": 317.0, "minY": 122.75, "maxX": 378.5, "maxY": 370.25}, "class_id": 0, "box_caption": "person 0.006", "scores": {"class_score": 0.00555419921875}, "domain": "pixel"}, {"position": {"minX": 512.0, "minY": 360.0, "maxX": 523.0, "maxY": 384.0}, "class_id": 0, "box_caption": "person 0.006", "scores": {"class_score": 0.005512237548828125}, "domain": "pixel"}, {"position": {"minX": 571.5, "minY": 249.75, "maxX": 596.5, "maxY": 303.25}, "class_id": 0, "box_caption": "person 0.006", "scores": {"class_score": 0.005512237548828125}, "domain": "pixel"}, {"position": {"minX": 7.28125, "minY": 487.75, "maxX": 36.34375, "maxY": 583.0}, "class_id": 0, "box_caption": "person 0.006", "scores": {"class_score": 0.005512237548828125}, "domain": "pixel"}, {"position": {"minX": 5.75, "minY": 464.5, "maxX": 39.375, "maxY": 606.5}, "class_id": 0, "box_caption": "person 0.006", "scores": {"class_score": 0.005512237548828125}, "domain": "pixel"}, {"position": {"minX": 286.0, "minY": 265.5, "maxX": 371.5, "maxY": 539.0}, "class_id": 0, "box_caption": "person 0.006", "scores": {"class_score": 0.005512237548828125}, "domain": "pixel"}, {"position": {"minX": 515.5, "minY": 358.5, "maxX": 524.5, "maxY": 383.5}, "class_id": 0, "box_caption": "person 0.005", "scores": {"class_score": 0.005489349365234375}, "domain": "pixel"}, {"position": {"minX": 1.625, "minY": 34.5, "maxX": 156.125, "maxY": 448.25}, "class_id": 0, "box_caption": "person 0.005", "scores": {"class_score": 0.005489349365234375}, "domain": "pixel"}, {"position": {"minX": 584.0, "minY": 118.25, "maxX": 673.0, "maxY": 424.25}, "class_id": 0, "box_caption": "person 0.005", "scores": {"class_score": 0.00547027587890625}, "domain": "pixel"}, {"position": {"minX": 10.0, "minY": 224.75, "maxX": 33.4375, "maxY": 307.25}, "class_id": 0, "box_caption": "person 0.005", "scores": {"class_score": 0.0054473876953125}, "domain": "pixel"}, {"position": {"minX": 204.125, "minY": 332.5, "maxX": 230.875, "maxY": 414.0}, "class_id": 0, "box_caption": "person 0.005", "scores": {"class_score": 0.005428314208984375}, "domain": "pixel"}, {"position": {"minX": 345.0, "minY": 105.25, "maxX": 513.0, "maxY": 378.0}, "class_id": 0, "box_caption": "person 0.005", "scores": {"class_score": 0.0053863525390625}, "domain": "pixel"}, {"position": {"minX": 6.4921875, "minY": 617.0, "maxX": 25.5, "maxY": 653.0}, "class_id": 0, "box_caption": "person 0.005", "scores": {"class_score": 0.00536346435546875}, "domain": "pixel"}, {"position": {"minX": 298.75, "minY": 385.75, "maxX": 382.75, "maxY": 624.0}, "class_id": 0, "box_caption": "person 0.005", "scores": {"class_score": 0.00530242919921875}, "domain": "pixel"}, {"position": {"minX": 322.5, "minY": 312.25, "maxX": 415.0, "maxY": 561.0}, "class_id": 0, "box_caption": "person 0.005", "scores": {"class_score": 0.00530242919921875}, "domain": "pixel"}, {"position": {"minX": 522.0, "minY": 79.0, "maxX": 657.0, "maxY": 531.5}, "class_id": 0, "box_caption": "person 0.005", "scores": {"class_score": 0.005260467529296875}, "domain": "pixel"}, {"position": {"minX": 207.375, "minY": 147.25, "maxX": 328.75, "maxY": 392.25}, "class_id": 0, "box_caption": "person 0.005", "scores": {"class_score": 0.005260467529296875}, "domain": "pixel"}, {"position": {"minX": 158.0, "minY": 285.5, "maxX": 329.5, "maxY": 590.0}, "class_id": 0, "box_caption": "person 0.005", "scores": {"class_score": 0.005260467529296875}, "domain": "pixel"}, {"position": {"minX": 466.25, "minY": 296.25, "maxX": 501.75, "maxY": 397.25}, "class_id": 0, "box_caption": "person 0.005", "scores": {"class_score": 0.005218505859375}, "domain": "pixel"}, {"position": {"minX": 439.0, "minY": 186.75, "maxX": 474.0, "maxY": 272.25}, "class_id": 0, "box_caption": "person 0.005", "scores": {"class_score": 0.005199432373046875}, "domain": "pixel"}, {"position": {"minX": 619.5, "minY": 229.0, "maxX": 651.5, "maxY": 324.0}, "class_id": 0, "box_caption": "person 0.005", "scores": {"class_score": 0.00518035888671875}, "domain": "pixel"}, {"position": {"minX": 8.1640625, "minY": 198.5, "maxX": 35.625, "maxY": 334.0}, "class_id": 0, "box_caption": "person 0.005", "scores": {"class_score": 0.005161285400390625}, "domain": "pixel"}, {"position": {"minX": 642.0, "minY": 174.375, "maxX": 666.0, "maxY": 322.0}, "class_id": 0, "box_caption": "person 0.005", "scores": {"class_score": 0.005138397216796875}, "domain": "pixel"}, {"position": {"minX": 79.0, "minY": 248.25, "maxX": 197.75, "maxY": 418.75}, "class_id": 0, "box_caption": "person 0.005", "scores": {"class_score": 0.005138397216796875}, "domain": "pixel"}, {"position": {"minX": 353.5, "minY": 96.4375, "maxX": 423.0, "maxY": 193.75}, "class_id": 0, "box_caption": "person 0.005", "scores": {"class_score": 0.00511932373046875}, "domain": "pixel"}, {"position": {"minX": 276.0, "minY": 165.5, "maxX": 309.5, "maxY": 229.5}, "class_id": 0, "box_caption": "person 0.005", "scores": {"class_score": 0.005100250244140625}, "domain": "pixel"}, {"position": {"minX": 13.625, "minY": 228.625, "maxX": 200.625, "maxY": 505.5}, "class_id": 0, "box_caption": "person 0.005", "scores": {"class_score": 0.005100250244140625}, "domain": "pixel"}, {"position": {"minX": 206.5, "minY": 322.5, "maxX": 218.75, "maxY": 358.5}, "class_id": 0, "box_caption": "person 0.005", "scores": {"class_score": 0.0050811767578125}, "domain": "pixel"}, {"position": {"minX": 203.125, "minY": 291.25, "maxX": 229.875, "maxY": 397.25}, "class_id": 0, "box_caption": "person 0.005", "scores": {"class_score": 0.0050811767578125}, "domain": "pixel"}, {"position": {"minX": 187.75, "minY": 260.25, "maxX": 242.0, "maxY": 409.75}, "class_id": 0, "box_caption": "person 0.005", "scores": {"class_score": 0.005062103271484375}, "domain": "pixel"}, {"position": {"minX": 644.0, "minY": 247.5, "maxX": 661.0, "maxY": 315.0}, "class_id": 0, "box_caption": "person 0.005", "scores": {"class_score": 0.005039215087890625}, "domain": "pixel"}, {"position": {"minX": 236.5, "minY": 312.0, "maxX": 293.5, "maxY": 503.0}, "class_id": 0, "box_caption": "person 0.005", "scores": {"class_score": 0.005001068115234375}, "domain": "pixel"}, {"position": {"minX": 269.5, "minY": 208.0, "maxX": 328.5, "maxY": 396.0}, "class_id": 0, "box_caption": "person 0.005", "scores": {"class_score": 0.005001068115234375}, "domain": "pixel"}, {"position": {"minX": 205.875, "minY": 303.0, "maxX": 223.125, "maxY": 360.0}, "class_id": 0, "box_caption": "person 0.005", "scores": {"class_score": 0.004962921142578125}, "domain": "pixel"}, {"position": {"minX": 2.390625, "minY": 72.875, "maxX": 39.375, "maxY": 218.875}, "class_id": 0, "box_caption": "person 0.005", "scores": {"class_score": 0.004962921142578125}, "domain": "pixel"}, {"position": {"minX": 273.5, "minY": 362.0, "maxX": 325.5, "maxY": 520.5}, "class_id": 0, "box_caption": "person 0.005", "scores": {"class_score": 0.00494384765625}, "domain": "pixel"}, {"position": {"minX": 640.0, "minY": 12.375, "maxX": 662.0, "maxY": 91.5}, "class_id": 0, "box_caption": "person 0.005", "scores": {"class_score": 0.004924774169921875}, "domain": "pixel"}, {"position": {"minX": 246.25, "minY": 471.5, "maxX": 377.75, "maxY": 663.5}, "class_id": 0, "box_caption": "person 0.005", "scores": {"class_score": 0.004924774169921875}, "domain": "pixel"}, {"position": {"minX": 338.5, "minY": 487.25, "maxX": 717.5, "maxY": 684.0}, "class_id": 0, "box_caption": "person 0.005", "scores": {"class_score": 0.004924774169921875}, "domain": "pixel"}, {"position": {"minX": 643.0, "minY": 308.75, "maxX": 661.0, "maxY": 377.75}, "class_id": 0, "box_caption": "person 0.005", "scores": {"class_score": 0.0048675537109375}, "domain": "pixel"}, {"position": {"minX": 646.5, "minY": 286.0, "maxX": 661.5, "maxY": 344.5}, "class_id": 0, "box_caption": "person 0.005", "scores": {"class_score": 0.004848480224609375}, "domain": "pixel"}, {"position": {"minX": 163.125, "minY": 634.0, "maxX": 189.125, "maxY": 659.0}, "class_id": 0, "box_caption": "person 0.005", "scores": {"class_score": 0.004848480224609375}, "domain": "pixel"}, {"position": {"minX": 253.75, "minY": 174.0, "maxX": 305.25, "maxY": 352.0}, "class_id": 0, "box_caption": "person 0.005", "scores": {"class_score": 0.004848480224609375}, "domain": "pixel"}, {"position": {"minX": 34.625, "minY": 266.25, "maxX": 139.125, "maxY": 451.75}, "class_id": 0, "box_caption": "person 0.005", "scores": {"class_score": 0.004848480224609375}, "domain": "pixel"}, {"position": {"minX": 3.078125, "minY": 251.625, "maxX": 34.875, "maxY": 345.5}, "class_id": 0, "box_caption": "person 0.005", "scores": {"class_score": 0.00482940673828125}, "domain": "pixel"}, {"position": {"minX": 2.25, "minY": 479.0, "maxX": 45.09375, "maxY": 656.0}, "class_id": 0, "box_caption": "person 0.005", "scores": {"class_score": 0.00482940673828125}, "domain": "pixel"}, {"position": {"minX": 454.5, "minY": 221.25, "maxX": 518.0, "maxY": 435.25}, "class_id": 0, "box_caption": "person 0.005", "scores": {"class_score": 0.004810333251953125}, "domain": "pixel"}, {"position": {"minX": 212.0, "minY": 158.25, "maxX": 240.75, "maxY": 218.0}, "class_id": 0, "box_caption": "person 0.005", "scores": {"class_score": 0.004772186279296875}, "domain": "pixel"}], "class_labels": {"0": "person"}}