{"box_data": [{"position": {"minX": 555.5, "minY": 428.75, "maxX": 580.5, "maxY": 486.25}, "class_id": 0, "box_caption": "person 0.129", "scores": {"class_score": 0.12939453125}, "domain": "pixel"}, {"position": {"minX": 6.8359375, "minY": 603.5, "maxX": 23.96875, "maxY": 654.5}, "class_id": 0, "box_caption": "person 0.083", "scores": {"class_score": 0.0830078125}, "domain": "pixel"}, {"position": {"minX": 197.0, "minY": 200.875, "maxX": 348.0, "maxY": 599.5}, "class_id": 0, "box_caption": "person 0.070", "scores": {"class_score": 0.06982421875}, "domain": "pixel"}, {"position": {"minX": 255.375, "minY": 441.75, "maxX": 342.75, "maxY": 614.0}, "class_id": 0, "box_caption": "person 0.062", "scores": {"class_score": 0.061767578125}, "domain": "pixel"}, {"position": {"minX": 495.0, "minY": 161.25, "maxX": 621.0, "maxY": 389.75}, "class_id": 0, "box_caption": "person 0.061", "scores": {"class_score": 0.06097412109375}, "domain": "pixel"}, {"position": {"minX": 29.234375, "minY": 281.75, "maxX": 40.34375, "maxY": 315.25}, "class_id": 0, "box_caption": "person 0.057", "scores": {"class_score": 0.057281494140625}, "domain": "pixel"}, {"position": {"minX": 466.5, "minY": 182.375, "maxX": 594.5, "maxY": 418.5}, "class_id": 0, "box_caption": "person 0.054", "scores": {"class_score": 0.054290771484375}, "domain": "pixel"}, {"position": {"minX": 171.0, "minY": 126.875, "maxX": 310.0, "maxY": 419.0}, "class_id": 0, "box_caption": "person 0.048", "scores": {"class_score": 0.04840087890625}, "domain": "pixel"}, {"position": {"minX": 70.9375, "minY": 158.25, "maxX": 160.5, "maxY": 383.75}, "class_id": 0, "box_caption": "person 0.047", "scores": {"class_score": 0.0469970703125}, "domain": "pixel"}, {"position": {"minX": 219.75, "minY": 135.75, "maxX": 317.75, "maxY": 406.75}, "class_id": 0, "box_caption": "person 0.043", "scores": {"class_score": 0.042816162109375}, "domain": "pixel"}, {"position": {"minX": 107.5625, "minY": 135.75, "maxX": 240.75, "maxY": 404.25}, "class_id": 0, "box_caption": "person 0.043", "scores": {"class_score": 0.042633056640625}, "domain": "pixel"}, {"position": {"minX": 515.5, "minY": 152.125, "maxX": 663.5, "maxY": 398.0}, "class_id": 0, "box_caption": "person 0.042", "scores": {"class_score": 0.041778564453125}, "domain": "pixel"}, {"position": {"minX": 130.375, "minY": 472.0, "maxX": 173.375, "maxY": 562.0}, "class_id": 0, "box_caption": "person 0.041", "scores": {"class_score": 0.04052734375}, "domain": "pixel"}, {"position": {"minX": 139.25, "minY": 134.375, "maxX": 276.5, "maxY": 407.5}, "class_id": 0, "box_caption": "person 0.040", "scores": {"class_score": 0.040252685546875}, "domain": "pixel"}, {"position": {"minX": 85.625, "minY": 151.0, "maxX": 201.625, "maxY": 393.0}, "class_id": 0, "box_caption": "person 0.040", "scores": {"class_score": 0.039794921875}, "domain": "pixel"}, {"position": {"minX": 646.0, "minY": 302.0, "maxX": 658.0, "maxY": 357.0}, "class_id": 0, "box_caption": "person 0.039", "scores": {"class_score": 0.0390625}, "domain": "pixel"}, {"position": {"minX": 610.5, "minY": 389.75, "maxX": 628.5, "maxY": 433.25}, "class_id": 0, "box_caption": "person 0.038", "scores": {"class_score": 0.038177490234375}, "domain": "pixel"}, {"position": {"minX": 291.5, "minY": 517.0, "maxX": 338.0, "maxY": 614.0}, "class_id": 0, "box_caption": "person 0.037", "scores": {"class_score": 0.036773681640625}, "domain": "pixel"}, {"position": {"minX": 417.75, "minY": 155.5, "maxX": 580.0, "maxY": 397.5}, "class_id": 0, "box_caption": "person 0.036", "scores": {"class_score": 0.03607177734375}, "domain": "pixel"}, {"position": {"minX": 117.25, "minY": 185.0, "maxX": 309.5, "maxY": 613.0}, "class_id": 0, "box_caption": "person 0.036", "scores": {"class_score": 0.035552978515625}, "domain": "pixel"}, {"position": {"minX": 9.0390625, "minY": 591.0, "maxX": 26.53125, "maxY": 646.0}, "class_id": 0, "box_caption": "person 0.035", "scores": {"class_score": 0.03521728515625}, "domain": "pixel"}, {"position": {"minX": 645.5, "minY": 606.0, "maxX": 660.5, "maxY": 657.0}, "class_id": 0, "box_caption": "person 0.033", "scores": {"class_score": 0.0328369140625}, "domain": "pixel"}, {"position": {"minX": 237.375, "minY": 312.0, "maxX": 355.0, "maxY": 608.5}, "class_id": 0, "box_caption": "person 0.032", "scores": {"class_score": 0.0322265625}, "domain": "pixel"}, {"position": {"minX": 219.25, "minY": 425.5, "maxX": 338.25, "maxY": 627.5}, "class_id": 0, "box_caption": "person 0.032", "scores": {"class_score": 0.0322265625}, "domain": "pixel"}, {"position": {"minX": 642.0, "minY": 293.0, "maxX": 661.0, "maxY": 362.0}, "class_id": 0, "box_caption": "person 0.031", "scores": {"class_score": 0.030731201171875}, "domain": "pixel"}, {"position": {"minX": 71.3125, "minY": 308.5, "maxX": 97.8125, "maxY": 375.0}, "class_id": 0, "box_caption": "person 0.031", "scores": {"class_score": 0.0305023193359375}, "domain": "pixel"}, {"position": {"minX": 9.34375, "minY": 349.25, "maxX": 22.5, "maxY": 379.25}, "class_id": 0, "box_caption": "person 0.029", "scores": {"class_score": 0.0293121337890625}, "domain": "pixel"}, {"position": {"minX": 387.75, "minY": 204.75, "maxX": 471.25, "maxY": 402.75}, "class_id": 0, "box_caption": "person 0.026", "scores": {"class_score": 0.0259552001953125}, "domain": "pixel"}, {"position": {"minX": 193.75, "minY": 126.25, "maxX": 339.75, "maxY": 476.25}, "class_id": 0, "box_caption": "person 0.026", "scores": {"class_score": 0.025909423828125}, "domain": "pixel"}, {"position": {"minX": 73.3125, "minY": 331.0, "maxX": 90.4375, "maxY": 376.5}, "class_id": 0, "box_caption": "person 0.025", "scores": {"class_score": 0.024658203125}, "domain": "pixel"}, {"position": {"minX": 644.5, "minY": 586.0, "maxX": 661.5, "maxY": 650.0}, "class_id": 0, "box_caption": "person 0.024", "scores": {"class_score": 0.0243377685546875}, "domain": "pixel"}, {"position": {"minX": 250.5, "minY": 244.375, "maxX": 346.5, "maxY": 556.0}, "class_id": 0, "box_caption": "person 0.023", "scores": {"class_score": 0.0234222412109375}, "domain": "pixel"}, {"position": {"minX": 563.5, "minY": 160.375, "maxX": 669.5, "maxY": 444.0}, "class_id": 0, "box_caption": "person 0.023", "scores": {"class_score": 0.0234222412109375}, "domain": "pixel"}, {"position": {"minX": 67.125, "minY": 317.75, "maxX": 90.875, "maxY": 373.75}, "class_id": 0, "box_caption": "person 0.023", "scores": {"class_score": 0.022979736328125}, "domain": "pixel"}, {"position": {"minX": 641.5, "minY": 599.0, "maxX": 664.5, "maxY": 659.0}, "class_id": 0, "box_caption": "person 0.023", "scores": {"class_score": 0.0226287841796875}, "domain": "pixel"}, {"position": {"minX": 46.4375, "minY": 143.5, "maxX": 181.25, "maxY": 400.0}, "class_id": 0, "box_caption": "person 0.022", "scores": {"class_score": 0.022369384765625}, "domain": "pixel"}, {"position": {"minX": 194.0, "minY": 357.5, "maxX": 353.0, "maxY": 627.5}, "class_id": 0, "box_caption": "person 0.022", "scores": {"class_score": 0.022369384765625}, "domain": "pixel"}, {"position": {"minX": 270.0, "minY": 516.0, "maxX": 326.0, "maxY": 617.0}, "class_id": 0, "box_caption": "person 0.022", "scores": {"class_score": 0.0222015380859375}, "domain": "pixel"}, {"position": {"minX": 394.0, "minY": 187.875, "maxX": 528.5, "maxY": 415.0}, "class_id": 0, "box_caption": "person 0.022", "scores": {"class_score": 0.0218658447265625}, "domain": "pixel"}, {"position": {"minX": 302.25, "minY": 499.5, "maxX": 347.25, "maxY": 609.5}, "class_id": 0, "box_caption": "person 0.022", "scores": {"class_score": 0.021697998046875}, "domain": "pixel"}, {"position": {"minX": 647.5, "minY": 311.25, "maxX": 659.5, "maxY": 351.75}, "class_id": 0, "box_caption": "person 0.021", "scores": {"class_score": 0.021453857421875}, "domain": "pixel"}, {"position": {"minX": 478.75, "minY": 180.125, "maxX": 646.0, "maxY": 478.0}, "class_id": 0, "box_caption": "person 0.021", "scores": {"class_score": 0.0212860107421875}, "domain": "pixel"}, {"position": {"minX": 5.1640625, "minY": 565.5, "maxX": 26.78125, "maxY": 639.5}, "class_id": 0, "box_caption": "person 0.021", "scores": {"class_score": 0.0211181640625}, "domain": "pixel"}, {"position": {"minX": 93.9375, "minY": 149.375, "maxX": 254.75, "maxY": 584.0}, "class_id": 0, "box_caption": "person 0.021", "scores": {"class_score": 0.020599365234375}, "domain": "pixel"}, {"position": {"minX": 559.0, "minY": 420.0, "maxX": 589.0, "maxY": 495.0}, "class_id": 0, "box_caption": "person 0.021", "scores": {"class_score": 0.02056884765625}, "domain": "pixel"}, {"position": {"minX": 177.0, "minY": 238.0, "maxX": 309.0, "maxY": 564.0}, "class_id": 0, "box_caption": "person 0.020", "scores": {"class_score": 0.020416259765625}, "domain": "pixel"}, {"position": {"minX": 282.0, "minY": 468.0, "maxX": 342.5, "maxY": 608.0}, "class_id": 0, "box_caption": "person 0.020", "scores": {"class_score": 0.0199432373046875}, "domain": "pixel"}, {"position": {"minX": 220.75, "minY": 218.0, "maxX": 326.75, "maxY": 519.5}, "class_id": 0, "box_caption": "person 0.020", "scores": {"class_score": 0.0199432373046875}, "domain": "pixel"}, {"position": {"minX": 638.0, "minY": 577.5, "maxX": 666.0, "maxY": 657.5}, "class_id": 0, "box_caption": "person 0.020", "scores": {"class_score": 0.0197601318359375}, "domain": "pixel"}, {"position": {"minX": 119.1875, "minY": 315.5, "maxX": 144.875, "maxY": 393.5}, "class_id": 0, "box_caption": "person 0.020", "scores": {"class_score": 0.01971435546875}, "domain": "pixel"}, {"position": {"minX": 371.5, "minY": 227.25, "maxX": 439.0, "maxY": 386.25}, "class_id": 0, "box_caption": "person 0.020", "scores": {"class_score": 0.019500732421875}, "domain": "pixel"}, {"position": {"minX": 123.375, "minY": 477.25, "maxX": 162.125, "maxY": 563.5}, "class_id": 0, "box_caption": "person 0.019", "scores": {"class_score": 0.019012451171875}, "domain": "pixel"}, {"position": {"minX": 34.375, "minY": 135.125, "maxX": 139.125, "maxY": 349.5}, "class_id": 0, "box_caption": "person 0.019", "scores": {"class_score": 0.0189056396484375}, "domain": "pixel"}, {"position": {"minX": 238.75, "minY": 164.75, "maxX": 348.25, "maxY": 505.25}, "class_id": 0, "box_caption": "person 0.019", "scores": {"class_score": 0.0186920166015625}, "domain": "pixel"}, {"position": {"minX": 75.375, "minY": 296.5, "maxX": 104.0, "maxY": 364.0}, "class_id": 0, "box_caption": "person 0.019", "scores": {"class_score": 0.018646240234375}, "domain": "pixel"}, {"position": {"minX": 260.5, "minY": 212.5, "maxX": 387.5, "maxY": 588.5}, "class_id": 0, "box_caption": "person 0.019", "scores": {"class_score": 0.0185394287109375}, "domain": "pixel"}, {"position": {"minX": 645.0, "minY": 568.5, "maxX": 662.0, "maxY": 636.5}, "class_id": 0, "box_caption": "person 0.018", "scores": {"class_score": 0.0180511474609375}, "domain": "pixel"}, {"position": {"minX": 452.75, "minY": 128.25, "maxX": 600.5, "maxY": 372.75}, "class_id": 0, "box_caption": "person 0.018", "scores": {"class_score": 0.017852783203125}, "domain": "pixel"}, {"position": {"minX": 636.5, "minY": 280.0, "maxX": 665.5, "maxY": 375.5}, "class_id": 0, "box_caption": "person 0.018", "scores": {"class_score": 0.0177154541015625}, "domain": "pixel"}, {"position": {"minX": 117.0, "minY": 455.25, "maxX": 182.5, "maxY": 580.5}, "class_id": 0, "box_caption": "person 0.018", "scores": {"class_score": 0.0177154541015625}, "domain": "pixel"}, {"position": {"minX": 503.0, "minY": 337.75, "maxX": 515.5, "maxY": 375.25}, "class_id": 0, "box_caption": "person 0.018", "scores": {"class_score": 0.017578125}, "domain": "pixel"}, {"position": {"minX": 27.15625, "minY": 287.5, "maxX": 39.84375, "maxY": 330.0}, "class_id": 0, "box_caption": "person 0.017", "scores": {"class_score": 0.0170440673828125}, "domain": "pixel"}, {"position": {"minX": 4.859375, "minY": 529.5, "maxX": 26.8125, "maxY": 605.5}, "class_id": 0, "box_caption": "person 0.017", "scores": {"class_score": 0.0169219970703125}, "domain": "pixel"}, {"position": {"minX": 615.5, "minY": 377.25, "maxX": 636.5, "maxY": 432.25}, "class_id": 0, "box_caption": "person 0.017", "scores": {"class_score": 0.016845703125}, "domain": "pixel"}, {"position": {"minX": 8.2265625, "minY": 620.5, "maxX": 24.53125, "maxY": 659.5}, "class_id": 0, "box_caption": "person 0.016", "scores": {"class_score": 0.0163421630859375}, "domain": "pixel"}, {"position": {"minX": 37.375, "minY": 197.0, "maxX": 197.0, "maxY": 603.5}, "class_id": 0, "box_caption": "person 0.016", "scores": {"class_score": 0.0162200927734375}, "domain": "pixel"}, {"position": {"minX": 627.5, "minY": 526.0, "maxX": 669.5, "maxY": 660.0}, "class_id": 0, "box_caption": "person 0.016", "scores": {"class_score": 0.0161590576171875}, "domain": "pixel"}, {"position": {"minX": 84.6875, "minY": 109.6875, "maxX": 198.0, "maxY": 319.5}, "class_id": 0, "box_caption": "person 0.015", "scores": {"class_score": 0.0153656005859375}, "domain": "pixel"}, {"position": {"minX": 78.0625, "minY": 165.0, "maxX": 207.25, "maxY": 506.0}, "class_id": 0, "box_caption": "person 0.015", "scores": {"class_score": 0.0153656005859375}, "domain": "pixel"}, {"position": {"minX": 607.0, "minY": 374.25, "maxX": 632.0, "maxY": 446.75}, "class_id": 0, "box_caption": "person 0.015", "scores": {"class_score": 0.0153045654296875}, "domain": "pixel"}, {"position": {"minX": 9.578125, "minY": 378.25, "maxX": 26.578125, "maxY": 441.25}, "class_id": 0, "box_caption": "person 0.015", "scores": {"class_score": 0.01512908935546875}, "domain": "pixel"}, {"position": {"minX": 647.0, "minY": 428.25, "maxX": 660.0, "maxY": 489.75}, "class_id": 0, "box_caption": "person 0.015", "scores": {"class_score": 0.01483917236328125}, "domain": "pixel"}, {"position": {"minX": 245.75, "minY": 129.0, "maxX": 338.25, "maxY": 411.0}, "class_id": 0, "box_caption": "person 0.015", "scores": {"class_score": 0.0147857666015625}, "domain": "pixel"}, {"position": {"minX": 129.875, "minY": 292.0, "maxX": 363.0, "maxY": 630.5}, "class_id": 0, "box_caption": "person 0.015", "scores": {"class_score": 0.0147857666015625}, "domain": "pixel"}, {"position": {"minX": 23.625, "minY": 285.25, "maxX": 38.65625, "maxY": 316.75}, "class_id": 0, "box_caption": "person 0.015", "scores": {"class_score": 0.014617919921875}, "domain": "pixel"}, {"position": {"minX": 630.5, "minY": 572.5, "maxX": 672.5, "maxY": 662.5}, "class_id": 0, "box_caption": "person 0.014", "scores": {"class_score": 0.0144500732421875}, "domain": "pixel"}, {"position": {"minX": 64.3125, "minY": 116.3125, "maxX": 161.5, "maxY": 316.25}, "class_id": 0, "box_caption": "person 0.014", "scores": {"class_score": 0.0143890380859375}, "domain": "pixel"}, {"position": {"minX": 521.5, "minY": 46.125, "maxX": 672.5, "maxY": 379.5}, "class_id": 0, "box_caption": "person 0.014", "scores": {"class_score": 0.0143890380859375}, "domain": "pixel"}, {"position": {"minX": 129.375, "minY": 497.25, "maxX": 155.375, "maxY": 564.0}, "class_id": 0, "box_caption": "person 0.014", "scores": {"class_score": 0.0142822265625}, "domain": "pixel"}, {"position": {"minX": 274.25, "minY": 368.75, "maxX": 346.25, "maxY": 609.0}, "class_id": 0, "box_caption": "person 0.014", "scores": {"class_score": 0.0142822265625}, "domain": "pixel"}, {"position": {"minX": 646.0, "minY": 441.25, "maxX": 661.0, "maxY": 505.25}, "class_id": 0, "box_caption": "person 0.014", "scores": {"class_score": 0.0141143798828125}, "domain": "pixel"}, {"position": {"minX": 646.0, "minY": 474.5, "maxX": 660.0, "maxY": 538.0}, "class_id": 0, "box_caption": "person 0.014", "scores": {"class_score": 0.01406097412109375}, "domain": "pixel"}, {"position": {"minX": 188.125, "minY": 188.5, "maxX": 296.0, "maxY": 477.5}, "class_id": 0, "box_caption": "person 0.014", "scores": {"class_score": 0.01395416259765625}, "domain": "pixel"}, {"position": {"minX": 634.5, "minY": 556.0, "maxX": 668.5, "maxY": 647.0}, "class_id": 0, "box_caption": "person 0.014", "scores": {"class_score": 0.0139007568359375}, "domain": "pixel"}, {"position": {"minX": 522.5, "minY": 417.0, "maxX": 540.5, "maxY": 460.0}, "class_id": 0, "box_caption": "person 0.014", "scores": {"class_score": 0.0137939453125}, "domain": "pixel"}, {"position": {"minX": 646.0, "minY": 20.390625, "maxX": 660.0, "maxY": 61.125}, "class_id": 0, "box_caption": "person 0.014", "scores": {"class_score": 0.01363372802734375}, "domain": "pixel"}, {"position": {"minX": 646.0, "minY": 490.25, "maxX": 661.0, "maxY": 552.5}, "class_id": 0, "box_caption": "person 0.013", "scores": {"class_score": 0.013275146484375}, "domain": "pixel"}, {"position": {"minX": 642.0, "minY": 418.0, "maxX": 663.0, "maxY": 496.0}, "class_id": 0, "box_caption": "person 0.013", "scores": {"class_score": 0.01302337646484375}, "domain": "pixel"}, {"position": {"minX": 242.0, "minY": 475.0, "maxX": 359.5, "maxY": 635.0}, "class_id": 0, "box_caption": "person 0.013", "scores": {"class_score": 0.01287078857421875}, "domain": "pixel"}, {"position": {"minX": 646.5, "minY": 457.75, "maxX": 660.5, "maxY": 522.5}, "class_id": 0, "box_caption": "person 0.013", "scores": {"class_score": 0.01282501220703125}, "domain": "pixel"}, {"position": {"minX": 637.5, "minY": 541.0, "maxX": 664.5, "maxY": 632.0}, "class_id": 0, "box_caption": "person 0.013", "scores": {"class_score": 0.01282501220703125}, "domain": "pixel"}, {"position": {"minX": 246.25, "minY": 486.5, "maxX": 318.75, "maxY": 621.5}, "class_id": 0, "box_caption": "person 0.013", "scores": {"class_score": 0.01282501220703125}, "domain": "pixel"}, {"position": {"minX": 2.0625, "minY": 526.0, "maxX": 41.375, "maxY": 659.0}, "class_id": 0, "box_caption": "person 0.013", "scores": {"class_score": 0.01282501220703125}, "domain": "pixel"}, {"position": {"minX": 489.75, "minY": 182.875, "maxX": 581.0, "maxY": 347.5}, "class_id": 0, "box_caption": "person 0.013", "scores": {"class_score": 0.01267242431640625}, "domain": "pixel"}, {"position": {"minX": 608.0, "minY": 400.0, "maxX": 622.0, "maxY": 439.5}, "class_id": 0, "box_caption": "person 0.013", "scores": {"class_score": 0.0125732421875}, "domain": "pixel"}, {"position": {"minX": 258.5, "minY": 201.125, "maxX": 335.5, "maxY": 469.0}, "class_id": 0, "box_caption": "person 0.013", "scores": {"class_score": 0.0125732421875}, "domain": "pixel"}, {"position": {"minX": 645.5, "minY": 536.0, "maxX": 661.5, "maxY": 605.0}, "class_id": 0, "box_caption": "person 0.013", "scores": {"class_score": 0.0125274658203125}, "domain": "pixel"}, {"position": {"minX": 2.609375, "minY": 574.0, "maxX": 39.5, "maxY": 662.0}, "class_id": 0, "box_caption": "person 0.012", "scores": {"class_score": 0.012481689453125}, "domain": "pixel"}, {"position": {"minX": 106.25, "minY": 275.25, "maxX": 162.5, "maxY": 434.25}, "class_id": 0, "box_caption": "person 0.012", "scores": {"class_score": 0.012237548828125}, "domain": "pixel"}, {"position": {"minX": 644.0, "minY": 550.0, "maxX": 665.0, "maxY": 652.0}, "class_id": 0, "box_caption": "person 0.012", "scores": {"class_score": 0.0120086669921875}, "domain": "pixel"}, {"position": {"minX": 66.875, "minY": 334.0, "maxX": 87.75, "maxY": 379.0}, "class_id": 0, "box_caption": "person 0.012", "scores": {"class_score": 0.011962890625}, "domain": "pixel"}, {"position": {"minX": 18.3125, "minY": 239.0, "maxX": 273.0, "maxY": 622.5}, "class_id": 0, "box_caption": "person 0.012", "scores": {"class_score": 0.011962890625}, "domain": "pixel"}, {"position": {"minX": 62.53125, "minY": 224.0, "maxX": 119.75, "maxY": 383.0}, "class_id": 0, "box_caption": "person 0.012", "scores": {"class_score": 0.01177978515625}, "domain": "pixel"}, {"position": {"minX": 65.9375, "minY": 203.625, "maxX": 161.25, "maxY": 463.0}, "class_id": 0, "box_caption": "person 0.012", "scores": {"class_score": 0.011688232421875}, "domain": "pixel"}, {"position": {"minX": 584.5, "minY": 337.25, "maxX": 673.5, "maxY": 656.0}, "class_id": 0, "box_caption": "person 0.012", "scores": {"class_score": 0.0115509033203125}, "domain": "pixel"}, {"position": {"minX": 423.0, "minY": 200.875, "maxX": 565.0, "maxY": 458.0}, "class_id": 0, "box_caption": "person 0.012", "scores": {"class_score": 0.011505126953125}, "domain": "pixel"}, {"position": {"minX": 164.0, "minY": 194.75, "maxX": 258.75, "maxY": 470.25}, "class_id": 0, "box_caption": "person 0.011", "scores": {"class_score": 0.01137542724609375}, "domain": "pixel"}, {"position": {"minX": 642.0, "minY": 464.5, "maxX": 662.0, "maxY": 545.0}, "class_id": 0, "box_caption": "person 0.011", "scores": {"class_score": 0.01132965087890625}, "domain": "pixel"}, {"position": {"minX": 6.40625, "minY": 130.125, "maxX": 70.5, "maxY": 283.5}, "class_id": 0, "box_caption": "person 0.011", "scores": {"class_score": 0.01132965087890625}, "domain": "pixel"}, {"position": {"minX": 113.875, "minY": 114.5625, "maxX": 231.875, "maxY": 318.5}, "class_id": 0, "box_caption": "person 0.011", "scores": {"class_score": 0.0112457275390625}, "domain": "pixel"}, {"position": {"minX": 10.015625, "minY": 602.0, "maxX": 24.296875, "maxY": 640.0}, "class_id": 0, "box_caption": "person 0.011", "scores": {"class_score": 0.011199951171875}, "domain": "pixel"}, {"position": {"minX": 523.0, "minY": 175.0, "maxX": 664.0, "maxY": 557.0}, "class_id": 0, "box_caption": "person 0.011", "scores": {"class_score": 0.01116180419921875}, "domain": "pixel"}, {"position": {"minX": 646.0, "minY": 297.25, "maxX": 663.0, "maxY": 350.75}, "class_id": 0, "box_caption": "person 0.011", "scores": {"class_score": 0.01111602783203125}, "domain": "pixel"}, {"position": {"minX": 646.0, "minY": 506.0, "maxX": 661.0, "maxY": 570.0}, "class_id": 0, "box_caption": "person 0.011", "scores": {"class_score": 0.010986328125}, "domain": "pixel"}, {"position": {"minX": 345.0, "minY": 267.5, "maxX": 398.0, "maxY": 399.0}, "class_id": 0, "box_caption": "person 0.011", "scores": {"class_score": 0.01094818115234375}, "domain": "pixel"}, {"position": {"minX": 193.625, "minY": 452.5, "maxX": 352.5, "maxY": 660.5}, "class_id": 0, "box_caption": "person 0.011", "scores": {"class_score": 0.01094818115234375}, "domain": "pixel"}, {"position": {"minX": 81.0, "minY": 281.75, "maxX": 116.625, "maxY": 371.25}, "class_id": 0, "box_caption": "person 0.011", "scores": {"class_score": 0.01090240478515625}, "domain": "pixel"}, {"position": {"minX": 646.5, "minY": 17.8125, "maxX": 660.5, "maxY": 45.6875}, "class_id": 0, "box_caption": "person 0.011", "scores": {"class_score": 0.0108184814453125}, "domain": "pixel"}, {"position": {"minX": 3.7578125, "minY": 539.5, "maxX": 29.40625, "maxY": 626.5}, "class_id": 0, "box_caption": "person 0.011", "scores": {"class_score": 0.01078033447265625}, "domain": "pixel"}, {"position": {"minX": 190.625, "minY": 122.1875, "maxX": 293.5, "maxY": 308.25}, "class_id": 0, "box_caption": "person 0.011", "scores": {"class_score": 0.01073455810546875}, "domain": "pixel"}, {"position": {"minX": 59.9375, "minY": 88.0625, "maxX": 229.0, "maxY": 340.0}, "class_id": 0, "box_caption": "person 0.011", "scores": {"class_score": 0.0106964111328125}, "domain": "pixel"}, {"position": {"minX": 217.25, "minY": 136.125, "maxX": 374.25, "maxY": 539.0}, "class_id": 0, "box_caption": "person 0.011", "scores": {"class_score": 0.0106964111328125}, "domain": "pixel"}, {"position": {"minX": 5.4609375, "minY": 477.0, "maxX": 28.21875, "maxY": 561.0}, "class_id": 0, "box_caption": "person 0.011", "scores": {"class_score": 0.010650634765625}, "domain": "pixel"}, {"position": {"minX": 10.3671875, "minY": 344.5, "maxX": 21.6875, "maxY": 373.0}, "class_id": 0, "box_caption": "person 0.010", "scores": {"class_score": 0.01049041748046875}, "domain": "pixel"}, {"position": {"minX": 4.4375, "minY": 492.5, "maxX": 31.0, "maxY": 609.5}, "class_id": 0, "box_caption": "person 0.010", "scores": {"class_score": 0.01049041748046875}, "domain": "pixel"}, {"position": {"minX": 101.25, "minY": 398.75, "maxX": 193.25, "maxY": 594.5}, "class_id": 0, "box_caption": "person 0.010", "scores": {"class_score": 0.01049041748046875}, "domain": "pixel"}, {"position": {"minX": 73.9375, "minY": 302.25, "maxX": 216.0, "maxY": 624.0}, "class_id": 0, "box_caption": "person 0.010", "scores": {"class_score": 0.0104522705078125}, "domain": "pixel"}, {"position": {"minX": -14.75, "minY": 207.875, "maxX": 177.25, "maxY": 657.0}, "class_id": 0, "box_caption": "person 0.010", "scores": {"class_score": 0.010406494140625}, "domain": "pixel"}, {"position": {"minX": 557.0, "minY": 412.25, "maxX": 583.0, "maxY": 477.25}, "class_id": 0, "box_caption": "person 0.010", "scores": {"class_score": 0.01036834716796875}, "domain": "pixel"}, {"position": {"minX": 71.1875, "minY": 194.75, "maxX": 134.375, "maxY": 396.25}, "class_id": 0, "box_caption": "person 0.010", "scores": {"class_score": 0.01036834716796875}, "domain": "pixel"}, {"position": {"minX": 66.625, "minY": 277.75, "maxX": 108.875, "maxY": 385.25}, "class_id": 0, "box_caption": "person 0.010", "scores": {"class_score": 0.01029205322265625}, "domain": "pixel"}, {"position": {"minX": 14.78125, "minY": 290.0, "maxX": 33.78125, "maxY": 329.0}, "class_id": 0, "box_caption": "person 0.010", "scores": {"class_score": 0.0101318359375}, "domain": "pixel"}, {"position": {"minX": 2.046875, "minY": 480.5, "maxX": 44.1875, "maxY": 639.5}, "class_id": 0, "box_caption": "person 0.010", "scores": {"class_score": 0.01009368896484375}, "domain": "pixel"}, {"position": {"minX": 80.125, "minY": 244.375, "maxX": 149.875, "maxY": 419.5}, "class_id": 0, "box_caption": "person 0.010", "scores": {"class_score": 0.0100555419921875}, "domain": "pixel"}, {"position": {"minX": 581.5, "minY": 168.75, "maxX": 651.5, "maxY": 390.75}, "class_id": 0, "box_caption": "person 0.010", "scores": {"class_score": 0.010009765625}, "domain": "pixel"}, {"position": {"minX": 305.75, "minY": 537.5, "maxX": 339.75, "maxY": 619.5}, "class_id": 0, "box_caption": "person 0.010", "scores": {"class_score": 0.00997161865234375}, "domain": "pixel"}, {"position": {"minX": 97.75, "minY": 208.5, "maxX": 188.0, "maxY": 460.0}, "class_id": 0, "box_caption": "person 0.010", "scores": {"class_score": 0.00997161865234375}, "domain": "pixel"}, {"position": {"minX": 352.75, "minY": 132.75, "maxX": 518.0, "maxY": 417.25}, "class_id": 0, "box_caption": "person 0.010", "scores": {"class_score": 0.00989532470703125}, "domain": "pixel"}, {"position": {"minX": 632.0, "minY": 240.875, "maxX": 668.0, "maxY": 388.5}, "class_id": 0, "box_caption": "person 0.010", "scores": {"class_score": 0.009857177734375}, "domain": "pixel"}, {"position": {"minX": 350.5, "minY": 91.5, "maxX": 584.5, "maxY": 397.5}, "class_id": 0, "box_caption": "person 0.010", "scores": {"class_score": 0.00981903076171875}, "domain": "pixel"}, {"position": {"minX": 646.5, "minY": 626.0, "maxX": 661.5, "maxY": 660.0}, "class_id": 0, "box_caption": "person 0.010", "scores": {"class_score": 0.00974273681640625}, "domain": "pixel"}, {"position": {"minX": 362.75, "minY": 173.25, "maxX": 449.75, "maxY": 378.25}, "class_id": 0, "box_caption": "person 0.010", "scores": {"class_score": 0.00974273681640625}, "domain": "pixel"}, {"position": {"minX": 75.375, "minY": 347.0, "maxX": 89.0, "maxY": 378.5}, "class_id": 0, "box_caption": "person 0.010", "scores": {"class_score": 0.00971221923828125}, "domain": "pixel"}, {"position": {"minX": 112.0, "minY": 317.0, "maxX": 138.375, "maxY": 396.0}, "class_id": 0, "box_caption": "person 0.010", "scores": {"class_score": 0.009674072265625}, "domain": "pixel"}, {"position": {"minX": 590.5, "minY": 515.0, "maxX": 678.5, "maxY": 671.0}, "class_id": 0, "box_caption": "person 0.010", "scores": {"class_score": 0.00963592529296875}, "domain": "pixel"}, {"position": {"minX": 223.75, "minY": 118.4375, "maxX": 314.75, "maxY": 310.5}, "class_id": 0, "box_caption": "person 0.010", "scores": {"class_score": 0.00955963134765625}, "domain": "pixel"}, {"position": {"minX": 572.5, "minY": 277.0, "maxX": 675.5, "maxY": 587.0}, "class_id": 0, "box_caption": "person 0.010", "scores": {"class_score": 0.00955963134765625}, "domain": "pixel"}, {"position": {"minX": 107.0, "minY": 285.0, "maxX": 147.5, "maxY": 403.0}, "class_id": 0, "box_caption": "person 0.010", "scores": {"class_score": 0.009521484375}, "domain": "pixel"}, {"position": {"minX": 6.421875, "minY": 370.25, "maxX": 32.3125, "maxY": 471.75}, "class_id": 0, "box_caption": "person 0.009", "scores": {"class_score": 0.00945281982421875}, "domain": "pixel"}, {"position": {"minX": 7.515625, "minY": 141.0, "maxX": 51.4375, "maxY": 274.5}, "class_id": 0, "box_caption": "person 0.009", "scores": {"class_score": 0.0094146728515625}, "domain": "pixel"}, {"position": {"minX": 7.375, "minY": 295.25, "maxX": 21.3125, "maxY": 330.25}, "class_id": 0, "box_caption": "person 0.009", "scores": {"class_score": 0.00933837890625}, "domain": "pixel"}, {"position": {"minX": 627.0, "minY": 427.5, "maxX": 670.0, "maxY": 623.5}, "class_id": 0, "box_caption": "person 0.009", "scores": {"class_score": 0.00933837890625}, "domain": "pixel"}, {"position": {"minX": 145.25, "minY": 411.5, "maxX": 344.5, "maxY": 647.5}, "class_id": 0, "box_caption": "person 0.009", "scores": {"class_score": 0.00916290283203125}, "domain": "pixel"}, {"position": {"minX": 136.625, "minY": 462.75, "maxX": 196.125, "maxY": 575.0}, "class_id": 0, "box_caption": "person 0.009", "scores": {"class_score": 0.009124755859375}, "domain": "pixel"}, {"position": {"minX": 644.5, "minY": 310.25, "maxX": 661.5, "maxY": 369.75}, "class_id": 0, "box_caption": "person 0.009", "scores": {"class_score": 0.00891876220703125}, "domain": "pixel"}, {"position": {"minX": 298.5, "minY": 477.5, "maxX": 353.5, "maxY": 593.5}, "class_id": 0, "box_caption": "person 0.009", "scores": {"class_score": 0.00891876220703125}, "domain": "pixel"}, {"position": {"minX": 69.875, "minY": 344.75, "maxX": 86.875, "maxY": 382.75}, "class_id": 0, "box_caption": "person 0.009", "scores": {"class_score": 0.00878143310546875}, "domain": "pixel"}, {"position": {"minX": 617.5, "minY": 354.5, "maxX": 671.5, "maxY": 630.5}, "class_id": 0, "box_caption": "person 0.009", "scores": {"class_score": 0.0087127685546875}, "domain": "pixel"}, {"position": {"minX": 145.25, "minY": 118.1875, "maxX": 267.25, "maxY": 317.25}, "class_id": 0, "box_caption": "person 0.009", "scores": {"class_score": 0.00867462158203125}, "domain": "pixel"}, {"position": {"minX": 4.734375, "minY": 455.5, "maxX": 31.984375, "maxY": 581.5}, "class_id": 0, "box_caption": "person 0.009", "scores": {"class_score": 0.00864410400390625}, "domain": "pixel"}, {"position": {"minX": 612.5, "minY": 360.25, "maxX": 641.5, "maxY": 449.75}, "class_id": 0, "box_caption": "person 0.009", "scores": {"class_score": 0.00861358642578125}, "domain": "pixel"}, {"position": {"minX": 546.5, "minY": 410.75, "maxX": 576.5, "maxY": 481.25}, "class_id": 0, "box_caption": "person 0.009", "scores": {"class_score": 0.008544921875}, "domain": "pixel"}, {"position": {"minX": 127.5, "minY": 196.75, "maxX": 225.75, "maxY": 471.75}, "class_id": 0, "box_caption": "person 0.009", "scores": {"class_score": 0.008544921875}, "domain": "pixel"}, {"position": {"minX": 289.0, "minY": 251.25, "maxX": 374.0, "maxY": 551.0}, "class_id": 0, "box_caption": "person 0.009", "scores": {"class_score": 0.008544921875}, "domain": "pixel"}, {"position": {"minX": 648.0, "minY": 617.0, "maxX": 661.0, "maxY": 653.0}, "class_id": 0, "box_caption": "person 0.009", "scores": {"class_score": 0.008514404296875}, "domain": "pixel"}, {"position": {"minX": 647.5, "minY": 37.625, "maxX": 660.5, "maxY": 77.25}, "class_id": 0, "box_caption": "person 0.009", "scores": {"class_score": 0.008514404296875}, "domain": "pixel"}, {"position": {"minX": 636.5, "minY": 395.75, "maxX": 665.5, "maxY": 517.0}, "class_id": 0, "box_caption": "person 0.008", "scores": {"class_score": 0.00847625732421875}, "domain": "pixel"}, {"position": {"minX": 84.375, "minY": 306.25, "maxX": 113.125, "maxY": 370.25}, "class_id": 0, "box_caption": "person 0.008", "scores": {"class_score": 0.00844573974609375}, "domain": "pixel"}, {"position": {"minX": 2.1875, "minY": 124.0, "maxX": 86.9375, "maxY": 353.75}, "class_id": 0, "box_caption": "person 0.008", "scores": {"class_score": 0.00841522216796875}, "domain": "pixel"}, {"position": {"minX": 536.5, "minY": 348.25, "maxX": 636.5, "maxY": 577.0}, "class_id": 0, "box_caption": "person 0.008", "scores": {"class_score": 0.00841522216796875}, "domain": "pixel"}, {"position": {"minX": 120.875, "minY": 408.5, "maxX": 217.875, "maxY": 585.0}, "class_id": 0, "box_caption": "person 0.008", "scores": {"class_score": 0.0083465576171875}, "domain": "pixel"}, {"position": {"minX": 9.1875, "minY": 22.296875, "maxX": 28.09375, "maxY": 61.0}, "class_id": 0, "box_caption": "person 0.008", "scores": {"class_score": 0.0083160400390625}, "domain": "pixel"}, {"position": {"minX": 618.5, "minY": 387.25, "maxX": 634.5, "maxY": 424.25}, "class_id": 0, "box_caption": "person 0.008", "scores": {"class_score": 0.0082550048828125}, "domain": "pixel"}, {"position": {"minX": 5.703125, "minY": 162.5, "maxX": 41.5625, "maxY": 266.75}, "class_id": 0, "box_caption": "person 0.008", "scores": {"class_score": 0.0082550048828125}, "domain": "pixel"}, {"position": {"minX": 645.0, "minY": 415.5, "maxX": 664.0, "maxY": 527.0}, "class_id": 0, "box_caption": "person 0.008", "scores": {"class_score": 0.0082550048828125}, "domain": "pixel"}, {"position": {"minX": 647.0, "minY": 51.5, "maxX": 660.0, "maxY": 97.25}, "class_id": 0, "box_caption": "person 0.008", "scores": {"class_score": 0.00821685791015625}, "domain": "pixel"}, {"position": {"minX": 639.5, "minY": 508.25, "maxX": 663.5, "maxY": 598.0}, "class_id": 0, "box_caption": "person 0.008", "scores": {"class_score": 0.00818634033203125}, "domain": "pixel"}, {"position": {"minX": 644.5, "minY": 510.5, "maxX": 664.5, "maxY": 627.5}, "class_id": 0, "box_caption": "person 0.008", "scores": {"class_score": 0.00818634033203125}, "domain": "pixel"}, {"position": {"minX": 509.5, "minY": 363.5, "maxX": 675.5, "maxY": 694.5}, "class_id": 0, "box_caption": "person 0.008", "scores": {"class_score": 0.00818634033203125}, "domain": "pixel"}, {"position": {"minX": 6.61328125, "minY": 307.5, "maxX": 20.296875, "maxY": 344.5}, "class_id": 0, "box_caption": "person 0.008", "scores": {"class_score": 0.00812530517578125}, "domain": "pixel"}, {"position": {"minX": 606.0, "minY": 196.75, "maxX": 655.0, "maxY": 392.25}, "class_id": 0, "box_caption": "person 0.008", "scores": {"class_score": 0.00806427001953125}, "domain": "pixel"}, {"position": {"minX": 127.25, "minY": 428.0, "maxX": 176.5, "maxY": 556.5}, "class_id": 0, "box_caption": "person 0.008", "scores": {"class_score": 0.00806427001953125}, "domain": "pixel"}, {"position": {"minX": 644.5, "minY": 447.5, "maxX": 663.5, "maxY": 560.5}, "class_id": 0, "box_caption": "person 0.008", "scores": {"class_score": 0.00806427001953125}, "domain": "pixel"}, {"position": {"minX": 10.140625, "minY": 350.5, "maxX": 27.484375, "maxY": 393.0}, "class_id": 0, "box_caption": "person 0.008", "scores": {"class_score": 0.007843017578125}, "domain": "pixel"}, {"position": {"minX": 2.296875, "minY": 158.0, "maxX": 47.75, "maxY": 310.75}, "class_id": 0, "box_caption": "person 0.008", "scores": {"class_score": 0.007785797119140625}, "domain": "pixel"}, {"position": {"minX": -2.21875, "minY": 313.25, "maxX": 91.375, "maxY": 682.0}, "class_id": 0, "box_caption": "person 0.008", "scores": {"class_score": 0.007785797119140625}, "domain": "pixel"}, {"position": {"minX": 646.0, "minY": 361.0, "maxX": 662.0, "maxY": 423.0}, "class_id": 0, "box_caption": "person 0.008", "scores": {"class_score": 0.007755279541015625}, "domain": "pixel"}, {"position": {"minX": 29.375, "minY": 308.0, "maxX": 40.0625, "maxY": 338.5}, "class_id": 0, "box_caption": "person 0.008", "scores": {"class_score": 0.007694244384765625}, "domain": "pixel"}, {"position": {"minX": 628.0, "minY": 365.25, "maxX": 670.0, "maxY": 561.0}, "class_id": 0, "box_caption": "person 0.008", "scores": {"class_score": 0.007694244384765625}, "domain": "pixel"}, {"position": {"minX": 108.6875, "minY": 89.1875, "maxX": 309.75, "maxY": 342.0}, "class_id": 0, "box_caption": "person 0.008", "scores": {"class_score": 0.007694244384765625}, "domain": "pixel"}, {"position": {"minX": 625.5, "minY": 225.75, "maxX": 668.5, "maxY": 438.25}, "class_id": 0, "box_caption": "person 0.008", "scores": {"class_score": 0.00763702392578125}, "domain": "pixel"}, {"position": {"minX": 574.5, "minY": 74.875, "maxX": 670.5, "maxY": 350.5}, "class_id": 0, "box_caption": "person 0.008", "scores": {"class_score": 0.007518768310546875}, "domain": "pixel"}, {"position": {"minX": 289.75, "minY": 397.75, "maxX": 356.25, "maxY": 593.0}, "class_id": 0, "box_caption": "person 0.008", "scores": {"class_score": 0.007518768310546875}, "domain": "pixel"}, {"position": {"minX": 618.0, "minY": 189.0, "maxX": 665.0, "maxY": 472.0}, "class_id": 0, "box_caption": "person 0.008", "scores": {"class_score": 0.007518768310546875}, "domain": "pixel"}, {"position": {"minX": 74.75, "minY": 163.75, "maxX": 143.125, "maxY": 333.75}, "class_id": 0, "box_caption": "person 0.007", "scores": {"class_score": 0.0074615478515625}, "domain": "pixel"}, {"position": {"minX": 39.3125, "minY": 353.5, "maxX": 194.0, "maxY": 637.5}, "class_id": 0, "box_caption": "person 0.007", "scores": {"class_score": 0.0074310302734375}, "domain": "pixel"}, {"position": {"minX": 326.5, "minY": 509.5, "maxX": 357.5, "maxY": 591.5}, "class_id": 0, "box_caption": "person 0.007", "scores": {"class_score": 0.007404327392578125}, "domain": "pixel"}, {"position": {"minX": 636.0, "minY": 441.75, "maxX": 665.0, "maxY": 566.5}, "class_id": 0, "box_caption": "person 0.007", "scores": {"class_score": 0.00731658935546875}, "domain": "pixel"}, {"position": {"minX": 308.25, "minY": 217.5, "maxX": 416.75, "maxY": 577.5}, "class_id": 0, "box_caption": "person 0.007", "scores": {"class_score": 0.00731658935546875}, "domain": "pixel"}, {"position": {"minX": 7.6328125, "minY": 220.375, "maxX": 27.25, "maxY": 276.5}, "class_id": 0, "box_caption": "person 0.007", "scores": {"class_score": 0.007289886474609375}, "domain": "pixel"}, {"position": {"minX": 336.75, "minY": 275.5, "maxX": 397.25, "maxY": 451.5}, "class_id": 0, "box_caption": "person 0.007", "scores": {"class_score": 0.007289886474609375}, "domain": "pixel"}, {"position": {"minX": 647.0, "minY": 304.75, "maxX": 661.0, "maxY": 342.25}, "class_id": 0, "box_caption": "person 0.007", "scores": {"class_score": 0.007232666015625}, "domain": "pixel"}, {"position": {"minX": 555.0, "minY": 387.0, "maxX": 613.0, "maxY": 540.0}, "class_id": 0, "box_caption": "person 0.007", "scores": {"class_score": 0.007232666015625}, "domain": "pixel"}, {"position": {"minX": 500.5, "minY": 184.0, "maxX": 512.5, "maxY": 210.75}, "class_id": 0, "box_caption": "person 0.007", "scores": {"class_score": 0.007175445556640625}, "domain": "pixel"}, {"position": {"minX": 63.28125, "minY": 302.25, "maxX": 93.375, "maxY": 362.25}, "class_id": 0, "box_caption": "person 0.007", "scores": {"class_score": 0.00714874267578125}, "domain": "pixel"}, {"position": {"minX": 4.5390625, "minY": 439.75, "maxX": 30.03125, "maxY": 536.5}, "class_id": 0, "box_caption": "person 0.007", "scores": {"class_score": 0.006984710693359375}, "domain": "pixel"}, {"position": {"minX": 634.5, "minY": 522.5, "maxX": 667.5, "maxY": 615.5}, "class_id": 0, "box_caption": "person 0.007", "scores": {"class_score": 0.006931304931640625}, "domain": "pixel"}, {"position": {"minX": 392.5, "minY": 250.25, "maxX": 455.5, "maxY": 405.75}, "class_id": 0, "box_caption": "person 0.007", "scores": {"class_score": 0.006931304931640625}, "domain": "pixel"}, {"position": {"minX": 601.0, "minY": 366.25, "maxX": 631.0, "maxY": 465.25}, "class_id": 0, "box_caption": "person 0.007", "scores": {"class_score": 0.00690460205078125}, "domain": "pixel"}, {"position": {"minX": 513.5, "minY": 382.5, "maxX": 532.5, "maxY": 431.0}, "class_id": 0, "box_caption": "person 0.007", "scores": {"class_score": 0.0068511962890625}, "domain": "pixel"}, {"position": {"minX": 7.9921875, "minY": 311.0, "maxX": 18.09375, "maxY": 339.0}, "class_id": 0, "box_caption": "person 0.007", "scores": {"class_score": 0.00679779052734375}, "domain": "pixel"}, {"position": {"minX": 547.5, "minY": 427.75, "maxX": 580.5, "maxY": 501.75}, "class_id": 0, "box_caption": "person 0.007", "scores": {"class_score": 0.006771087646484375}, "domain": "pixel"}, {"position": {"minX": 338.0, "minY": 220.5, "maxX": 406.0, "maxY": 391.5}, "class_id": 0, "box_caption": "person 0.007", "scores": {"class_score": 0.006771087646484375}, "domain": "pixel"}, {"position": {"minX": 3.515625, "minY": 412.25, "maxX": 33.8125, "maxY": 562.5}, "class_id": 0, "box_caption": "person 0.007", "scores": {"class_score": 0.006744384765625}, "domain": "pixel"}, {"position": {"minX": 589.0, "minY": 324.5, "maxX": 667.0, "maxY": 540.5}, "class_id": 0, "box_caption": "person 0.007", "scores": {"class_score": 0.006744384765625}, "domain": "pixel"}, {"position": {"minX": 30.875, "minY": 189.0, "maxX": 135.625, "maxY": 542.0}, "class_id": 0, "box_caption": "person 0.007", "scores": {"class_score": 0.006744384765625}, "domain": "pixel"}, {"position": {"minX": 51.5, "minY": 239.625, "maxX": 120.0, "maxY": 429.5}, "class_id": 0, "box_caption": "person 0.007", "scores": {"class_score": 0.00669097900390625}, "domain": "pixel"}, {"position": {"minX": 397.0, "minY": 278.0, "maxX": 464.0, "maxY": 445.5}, "class_id": 0, "box_caption": "person 0.007", "scores": {"class_score": 0.0066680908203125}, "domain": "pixel"}, {"position": {"minX": 418.0, "minY": 377.5, "maxX": 708.0, "maxY": 685.5}, "class_id": 0, "box_caption": "person 0.007", "scores": {"class_score": 0.006641387939453125}, "domain": "pixel"}, {"position": {"minX": 644.5, "minY": 477.25, "maxX": 664.5, "maxY": 594.5}, "class_id": 0, "box_caption": "person 0.007", "scores": {"class_score": 0.00661468505859375}, "domain": "pixel"}, {"position": {"minX": 368.5, "minY": 286.0, "maxX": 435.5, "maxY": 439.5}, "class_id": 0, "box_caption": "person 0.007", "scores": {"class_score": 0.006511688232421875}, "domain": "pixel"}, {"position": {"minX": 6.90625, "minY": 389.75, "maxX": 28.9375, "maxY": 457.75}, "class_id": 0, "box_caption": "person 0.006", "scores": {"class_score": 0.006488800048828125}, "domain": "pixel"}, {"position": {"minX": 1.203125, "minY": 405.0, "maxX": 46.0625, "maxY": 588.0}, "class_id": 0, "box_caption": "person 0.006", "scores": {"class_score": 0.006488800048828125}, "domain": "pixel"}, {"position": {"minX": 455.0, "minY": 129.875, "maxX": 476.5, "maxY": 183.625}, "class_id": 0, "box_caption": "person 0.006", "scores": {"class_score": 0.006439208984375}, "domain": "pixel"}, {"position": {"minX": 613.5, "minY": 251.25, "maxX": 672.5, "maxY": 547.0}, "class_id": 0, "box_caption": "person 0.006", "scores": {"class_score": 0.006412506103515625}, "domain": "pixel"}, {"position": {"minX": 365.0, "minY": 221.125, "maxX": 497.0, "maxY": 443.5}, "class_id": 0, "box_caption": "person 0.006", "scores": {"class_score": 0.006412506103515625}, "domain": "pixel"}, {"position": {"minX": 4.875, "minY": 614.5, "maxX": 29.25, "maxY": 665.5}, "class_id": 0, "box_caption": "person 0.006", "scores": {"class_score": 0.006389617919921875}, "domain": "pixel"}, {"position": {"minX": 499.5, "minY": 338.5, "maxX": 516.5, "maxY": 383.5}, "class_id": 0, "box_caption": "person 0.006", "scores": {"class_score": 0.00634002685546875}, "domain": "pixel"}, {"position": {"minX": 555.5, "minY": 443.0, "maxX": 575.5, "maxY": 485.5}, "class_id": 0, "box_caption": "person 0.006", "scores": {"class_score": 0.006313323974609375}, "domain": "pixel"}, {"position": {"minX": 347.25, "minY": 520.5, "maxX": 372.75, "maxY": 577.5}, "class_id": 0, "box_caption": "person 0.006", "scores": {"class_score": 0.006313323974609375}, "domain": "pixel"}, {"position": {"minX": 25.65625, "minY": 269.25, "maxX": 45.46875, "maxY": 328.75}, "class_id": 0, "box_caption": "person 0.006", "scores": {"class_score": 0.006313323974609375}, "domain": "pixel"}, {"position": {"minX": 95.625, "minY": 422.75, "maxX": 246.375, "maxY": 622.0}, "class_id": 0, "box_caption": "person 0.006", "scores": {"class_score": 0.006290435791015625}, "domain": "pixel"}, {"position": {"minX": 520.5, "minY": 402.5, "maxX": 545.5, "maxY": 473.0}, "class_id": 0, "box_caption": "person 0.006", "scores": {"class_score": 0.0062408447265625}, "domain": "pixel"}, {"position": {"minX": 323.75, "minY": 241.5, "maxX": 406.25, "maxY": 486.0}, "class_id": 0, "box_caption": "person 0.006", "scores": {"class_score": 0.00621795654296875}, "domain": "pixel"}, {"position": {"minX": 6.5234375, "minY": 322.25, "maxX": 21.46875, "maxY": 369.25}, "class_id": 0, "box_caption": "person 0.006", "scores": {"class_score": 0.006191253662109375}, "domain": "pixel"}, {"position": {"minX": 535.0, "minY": 384.0, "maxX": 603.0, "maxY": 533.5}, "class_id": 0, "box_caption": "person 0.006", "scores": {"class_score": 0.006168365478515625}, "domain": "pixel"}, {"position": {"minX": 213.125, "minY": 95.5, "maxX": 373.0, "maxY": 387.5}, "class_id": 0, "box_caption": "person 0.006", "scores": {"class_score": 0.006145477294921875}, "domain": "pixel"}, {"position": {"minX": 51.375, "minY": 316.5, "maxX": 68.4375, "maxY": 350.0}, "class_id": 0, "box_caption": "person 0.006", "scores": {"class_score": 0.006122589111328125}, "domain": "pixel"}, {"position": {"minX": 405.0, "minY": 244.5, "maxX": 473.5, "maxY": 412.5}, "class_id": 0, "box_caption": "person 0.006", "scores": {"class_score": 0.006122589111328125}, "domain": "pixel"}, {"position": {"minX": 611.5, "minY": 127.625, "maxX": 670.5, "maxY": 413.0}, "class_id": 0, "box_caption": "person 0.006", "scores": {"class_score": 0.006122589111328125}, "domain": "pixel"}, {"position": {"minX": 282.25, "minY": 200.0, "maxX": 370.25, "maxY": 471.5}, "class_id": 0, "box_caption": "person 0.006", "scores": {"class_score": 0.006122589111328125}, "domain": "pixel"}, {"position": {"minX": 645.5, "minY": 12.15625, "maxX": 664.5, "maxY": 48.21875}, "class_id": 0, "box_caption": "person 0.006", "scores": {"class_score": 0.00609588623046875}, "domain": "pixel"}, {"position": {"minX": 382.5, "minY": 266.25, "maxX": 435.5, "maxY": 388.75}, "class_id": 0, "box_caption": "person 0.006", "scores": {"class_score": 0.00609588623046875}, "domain": "pixel"}, {"position": {"minX": 537.5, "minY": 404.75, "maxX": 583.5, "maxY": 484.25}, "class_id": 0, "box_caption": "person 0.006", "scores": {"class_score": 0.00609588623046875}, "domain": "pixel"}, {"position": {"minX": 493.0, "minY": 343.5, "maxX": 639.0, "maxY": 643.5}, "class_id": 0, "box_caption": "person 0.006", "scores": {"class_score": 0.00609588623046875}, "domain": "pixel"}, {"position": {"minX": 384.75, "minY": 187.875, "maxX": 435.75, "maxY": 341.0}, "class_id": 0, "box_caption": "person 0.006", "scores": {"class_score": 0.00605010986328125}, "domain": "pixel"}, {"position": {"minX": 543.0, "minY": 224.75, "maxX": 645.0, "maxY": 503.75}, "class_id": 0, "box_caption": "person 0.006", "scores": {"class_score": 0.0060272216796875}, "domain": "pixel"}, {"position": {"minX": 8.296875, "minY": 287.0, "maxX": 19.59375, "maxY": 315.0}, "class_id": 0, "box_caption": "person 0.006", "scores": {"class_score": 0.00600433349609375}, "domain": "pixel"}, {"position": {"minX": 329.5, "minY": 536.5, "maxX": 354.0, "maxY": 593.5}, "class_id": 0, "box_caption": "person 0.006", "scores": {"class_score": 0.00600433349609375}, "domain": "pixel"}, {"position": {"minX": 93.9375, "minY": 360.5, "maxX": 313.5, "maxY": 635.0}, "class_id": 0, "box_caption": "person 0.006", "scores": {"class_score": 0.00600433349609375}, "domain": "pixel"}, {"position": {"minX": 634.5, "minY": 468.75, "maxX": 665.5, "maxY": 602.0}, "class_id": 0, "box_caption": "person 0.006", "scores": {"class_score": 0.0059814453125}, "domain": "pixel"}, {"position": {"minX": 4.375, "minY": 93.875, "maxX": 158.625, "maxY": 331.5}, "class_id": 0, "box_caption": "person 0.006", "scores": {"class_score": 0.0059814453125}, "domain": "pixel"}, {"position": {"minX": 273.5, "minY": 517.5, "maxX": 376.5, "maxY": 639.5}, "class_id": 0, "box_caption": "person 0.006", "scores": {"class_score": 0.0059356689453125}, "domain": "pixel"}, {"position": {"minX": 450.5, "minY": 134.25, "maxX": 481.0, "maxY": 174.25}, "class_id": 0, "box_caption": "person 0.006", "scores": {"class_score": 0.00591278076171875}, "domain": "pixel"}, {"position": {"minX": 5.3203125, "minY": 406.75, "maxX": 30.0625, "maxY": 504.25}, "class_id": 0, "box_caption": "person 0.006", "scores": {"class_score": 0.00591278076171875}, "domain": "pixel"}, {"position": {"minX": 357.75, "minY": 256.5, "maxX": 440.25, "maxY": 468.0}, "class_id": 0, "box_caption": "person 0.006", "scores": {"class_score": 0.00591278076171875}, "domain": "pixel"}, {"position": {"minX": 362.25, "minY": 249.625, "maxX": 423.25, "maxY": 376.5}, "class_id": 0, "box_caption": "person 0.006", "scores": {"class_score": 0.005889892578125}, "domain": "pixel"}, {"position": {"minX": 78.0, "minY": 251.0, "maxX": 125.5, "maxY": 376.0}, "class_id": 0, "box_caption": "person 0.006", "scores": {"class_score": 0.00586700439453125}, "domain": "pixel"}, {"position": {"minX": 12.515625, "minY": 307.25, "maxX": 29.171875, "maxY": 342.75}, "class_id": 0, "box_caption": "person 0.006", "scores": {"class_score": 0.00586700439453125}, "domain": "pixel"}, {"position": {"minX": 648.0, "minY": 349.5, "maxX": 661.0, "maxY": 413.0}, "class_id": 0, "box_caption": "person 0.006", "scores": {"class_score": 0.00586700439453125}, "domain": "pixel"}, {"position": {"minX": 14.71875, "minY": 144.5, "maxX": 60.90625, "maxY": 253.5}, "class_id": 0, "box_caption": "person 0.006", "scores": {"class_score": 0.00586700439453125}, "domain": "pixel"}, {"position": {"minX": 222.625, "minY": 457.5, "maxX": 309.5, "maxY": 616.5}, "class_id": 0, "box_caption": "person 0.006", "scores": {"class_score": 0.0058441162109375}, "domain": "pixel"}, {"position": {"minX": -2.5625, "minY": 364.5, "maxX": 55.4375, "maxY": 628.0}, "class_id": 0, "box_caption": "person 0.006", "scores": {"class_score": 0.0058441162109375}, "domain": "pixel"}, {"position": {"minX": 8.78125, "minY": 244.875, "maxX": 22.234375, "maxY": 275.5}, "class_id": 0, "box_caption": "person 0.006", "scores": {"class_score": 0.00582122802734375}, "domain": "pixel"}, {"position": {"minX": 637.0, "minY": 355.0, "maxX": 660.0, "maxY": 431.0}, "class_id": 0, "box_caption": "person 0.006", "scores": {"class_score": 0.00577545166015625}, "domain": "pixel"}, {"position": {"minX": 103.125, "minY": 331.5, "maxX": 243.625, "maxY": 598.0}, "class_id": 0, "box_caption": "person 0.006", "scores": {"class_score": 0.00577545166015625}, "domain": "pixel"}, {"position": {"minX": 100.75, "minY": 442.0, "maxX": 383.25, "maxY": 679.0}, "class_id": 0, "box_caption": "person 0.006", "scores": {"class_score": 0.00577545166015625}, "domain": "pixel"}, {"position": {"minX": 576.0, "minY": 349.5, "maxX": 598.0, "maxY": 406.0}, "class_id": 0, "box_caption": "person 0.006", "scores": {"class_score": 0.0057525634765625}, "domain": "pixel"}, {"position": {"minX": 443.25, "minY": 132.0, "maxX": 474.25, "maxY": 174.75}, "class_id": 0, "box_caption": "person 0.006", "scores": {"class_score": 0.00572967529296875}, "domain": "pixel"}, {"position": {"minX": -9.375, "minY": 347.0, "maxX": 166.375, "maxY": 708.0}, "class_id": 0, "box_caption": "person 0.006", "scores": {"class_score": 0.005706787109375}, "domain": "pixel"}, {"position": {"minX": 45.96875, "minY": 323.25, "maxX": 67.0, "maxY": 360.25}, "class_id": 0, "box_caption": "person 0.006", "scores": {"class_score": 0.005687713623046875}, "domain": "pixel"}, {"position": {"minX": 647.5, "minY": 411.0, "maxX": 662.5, "maxY": 480.0}, "class_id": 0, "box_caption": "person 0.006", "scores": {"class_score": 0.005687713623046875}, "domain": "pixel"}, {"position": {"minX": 393.25, "minY": 181.25, "maxX": 453.25, "maxY": 347.25}, "class_id": 0, "box_caption": "person 0.006", "scores": {"class_score": 0.005619049072265625}, "domain": "pixel"}, {"position": {"minX": 449.0, "minY": 131.5, "maxX": 474.5, "maxY": 195.5}, "class_id": 0, "box_caption": "person 0.006", "scores": {"class_score": 0.0055999755859375}, "domain": "pixel"}, {"position": {"minX": 339.0, "minY": 547.5, "maxX": 355.5, "maxY": 594.5}, "class_id": 0, "box_caption": "person 0.006", "scores": {"class_score": 0.0055999755859375}, "domain": "pixel"}, {"position": {"minX": 345.75, "minY": 508.0, "maxX": 369.25, "maxY": 565.0}, "class_id": 0, "box_caption": "person 0.006", "scores": {"class_score": 0.0055999755859375}, "domain": "pixel"}, {"position": {"minX": 645.0, "minY": 245.0, "maxX": 664.0, "maxY": 387.0}, "class_id": 0, "box_caption": "person 0.006", "scores": {"class_score": 0.005535125732421875}, "domain": "pixel"}, {"position": {"minX": 333.0, "minY": 195.75, "maxX": 468.0, "maxY": 416.25}, "class_id": 0, "box_caption": "person 0.006", "scores": {"class_score": 0.005535125732421875}, "domain": "pixel"}, {"position": {"minX": 4.15625, "minY": 195.0, "maxX": 32.09375, "maxY": 270.0}, "class_id": 0, "box_caption": "person 0.006", "scores": {"class_score": 0.005512237548828125}, "domain": "pixel"}, {"position": {"minX": 513.0, "minY": 400.75, "maxX": 532.0, "maxY": 447.25}, "class_id": 0, "box_caption": "person 0.005", "scores": {"class_score": 0.005428314208984375}, "domain": "pixel"}, {"position": {"minX": 2.171875, "minY": 342.0, "maxX": 42.25, "maxY": 521.5}, "class_id": 0, "box_caption": "person 0.005", "scores": {"class_score": 0.005428314208984375}, "domain": "pixel"}, {"position": {"minX": 360.5, "minY": 522.0, "maxX": 384.5, "maxY": 573.0}, "class_id": 0, "box_caption": "person 0.005", "scores": {"class_score": 0.0053863525390625}, "domain": "pixel"}, {"position": {"minX": 8.1015625, "minY": 327.75, "maxX": 27.1875, "maxY": 393.75}, "class_id": 0, "box_caption": "person 0.005", "scores": {"class_score": 0.00536346435546875}, "domain": "pixel"}, {"position": {"minX": 606.5, "minY": 336.75, "maxX": 646.5, "maxY": 498.25}, "class_id": 0, "box_caption": "person 0.005", "scores": {"class_score": 0.00536346435546875}, "domain": "pixel"}, {"position": {"minX": 414.25, "minY": 49.25, "maxX": 648.0, "maxY": 379.75}, "class_id": 0, "box_caption": "person 0.005", "scores": {"class_score": 0.00536346435546875}, "domain": "pixel"}, {"position": {"minX": 8.1484375, "minY": 8.625, "maxX": 30.8125, "maxY": 63.1875}, "class_id": 0, "box_caption": "person 0.005", "scores": {"class_score": 0.005344390869140625}, "domain": "pixel"}, {"position": {"minX": 6.953125, "minY": 232.375, "maxX": 23.609375, "maxY": 287.75}, "class_id": 0, "box_caption": "person 0.005", "scores": {"class_score": 0.00530242919921875}, "domain": "pixel"}, {"position": {"minX": 325.5, "minY": 496.5, "maxX": 362.5, "maxY": 574.5}, "class_id": 0, "box_caption": "person 0.005", "scores": {"class_score": 0.00530242919921875}, "domain": "pixel"}, {"position": {"minX": 1.03125, "minY": 75.25, "maxX": 85.0, "maxY": 287.75}, "class_id": 0, "box_caption": "person 0.005", "scores": {"class_score": 0.00530242919921875}, "domain": "pixel"}, {"position": {"minX": 515.5, "minY": 367.5, "maxX": 534.5, "maxY": 423.5}, "class_id": 0, "box_caption": "person 0.005", "scores": {"class_score": 0.005279541015625}, "domain": "pixel"}, {"position": {"minX": 279.5, "minY": 433.5, "maxX": 343.0, "maxY": 573.0}, "class_id": 0, "box_caption": "person 0.005", "scores": {"class_score": 0.005260467529296875}, "domain": "pixel"}, {"position": {"minX": -3.03125, "minY": 451.25, "maxX": 80.875, "maxY": 667.0}, "class_id": 0, "box_caption": "person 0.005", "scores": {"class_score": 0.005260467529296875}, "domain": "pixel"}, {"position": {"minX": 243.125, "minY": 288.5, "maxX": 409.5, "maxY": 636.5}, "class_id": 0, "box_caption": "person 0.005", "scores": {"class_score": 0.005260467529296875}, "domain": "pixel"}, {"position": {"minX": 553.0, "minY": 434.5, "maxX": 684.0, "maxY": 685.5}, "class_id": 0, "box_caption": "person 0.005", "scores": {"class_score": 0.005260467529296875}, "domain": "pixel"}, {"position": {"minX": 625.0, "minY": 175.875, "maxX": 662.0, "maxY": 386.0}, "class_id": 0, "box_caption": "person 0.005", "scores": {"class_score": 0.005199432373046875}, "domain": "pixel"}, {"position": {"minX": 253.375, "minY": 348.5, "maxX": 341.25, "maxY": 562.0}, "class_id": 0, "box_caption": "person 0.005", "scores": {"class_score": 0.00518035888671875}, "domain": "pixel"}, {"position": {"minX": 359.75, "minY": 274.25, "maxX": 382.75, "maxY": 329.25}, "class_id": 0, "box_caption": "person 0.005", "scores": {"class_score": 0.005138397216796875}, "domain": "pixel"}, {"position": {"minX": 354.0, "minY": 267.0, "maxX": 393.0, "maxY": 354.5}, "class_id": 0, "box_caption": "person 0.005", "scores": {"class_score": 0.005138397216796875}, "domain": "pixel"}, {"position": {"minX": 503.25, "minY": 214.0, "maxX": 597.0, "maxY": 377.5}, "class_id": 0, "box_caption": "person 0.005", "scores": {"class_score": 0.005100250244140625}, "domain": "pixel"}, {"position": {"minX": -16.6875, "minY": 414.25, "maxX": 236.0, "maxY": 706.0}, "class_id": 0, "box_caption": "person 0.005", "scores": {"class_score": 0.005100250244140625}, "domain": "pixel"}], "class_labels": {"0": "person"}}