{"box_data": [{"position": {"minX": 44.625, "minY": 343.25, "maxX": 188.375, "maxY": 536.5}, "class_id": 0, "box_caption": "person 0.312", "scores": {"class_score": 0.3115234375}, "domain": "pixel"}, {"position": {"minX": 396.75, "minY": 496.75, "maxX": 427.75, "maxY": 576.5}, "class_id": 0, "box_caption": "person 0.274", "scores": {"class_score": 0.273681640625}, "domain": "pixel"}, {"position": {"minX": 255.5, "minY": 380.5, "maxX": 360.5, "maxY": 548.0}, "class_id": 0, "box_caption": "person 0.252", "scores": {"class_score": 0.25244140625}, "domain": "pixel"}, {"position": {"minX": 243.25, "minY": 365.0, "maxX": 332.25, "maxY": 541.5}, "class_id": 0, "box_caption": "person 0.156", "scores": {"class_score": 0.1561279296875}, "domain": "pixel"}, {"position": {"minX": 19.5, "minY": 352.5, "maxX": 153.75, "maxY": 551.5}, "class_id": 0, "box_caption": "person 0.146", "scores": {"class_score": 0.1461181640625}, "domain": "pixel"}, {"position": {"minX": 100.4375, "minY": 340.0, "maxX": 193.75, "maxY": 535.0}, "class_id": 0, "box_caption": "person 0.118", "scores": {"class_score": 0.1175537109375}, "domain": "pixel"}, {"position": {"minX": 540.5, "minY": 276.25, "maxX": 639.5, "maxY": 408.75}, "class_id": 0, "box_caption": "person 0.066", "scores": {"class_score": 0.06646728515625}, "domain": "pixel"}, {"position": {"minX": 231.375, "minY": 348.0, "maxX": 302.5, "maxY": 534.0}, "class_id": 0, "box_caption": "person 0.048", "scores": {"class_score": 0.048492431640625}, "domain": "pixel"}, {"position": {"minX": 221.25, "minY": 336.5, "maxX": 283.75, "maxY": 442.5}, "class_id": 0, "box_caption": "person 0.044", "scores": {"class_score": 0.043701171875}, "domain": "pixel"}, {"position": {"minX": 294.5, "minY": 126.375, "maxX": 337.5, "maxY": 246.875}, "class_id": 0, "box_caption": "person 0.042", "scores": {"class_score": 0.04168701171875}, "domain": "pixel"}, {"position": {"minX": 367.5, "minY": 225.125, "maxX": 494.0, "maxY": 384.0}, "class_id": 0, "box_caption": "person 0.041", "scores": {"class_score": 0.0411376953125}, "domain": "pixel"}, {"position": {"minX": 220.75, "minY": 328.5, "maxX": 273.75, "maxY": 409.5}, "class_id": 0, "box_caption": "person 0.039", "scores": {"class_score": 0.038604736328125}, "domain": "pixel"}, {"position": {"minX": 42.65625, "minY": 380.5, "maxX": 165.125, "maxY": 579.0}, "class_id": 0, "box_caption": "person 0.037", "scores": {"class_score": 0.036773681640625}, "domain": "pixel"}, {"position": {"minX": 232.125, "minY": 337.5, "maxX": 294.5, "maxY": 474.0}, "class_id": 0, "box_caption": "person 0.034", "scores": {"class_score": 0.033599853515625}, "domain": "pixel"}, {"position": {"minX": 279.0, "minY": 412.5, "maxX": 368.0, "maxY": 552.5}, "class_id": 0, "box_caption": "person 0.032", "scores": {"class_score": 0.0318603515625}, "domain": "pixel"}, {"position": {"minX": 368.0, "minY": 297.75, "maxX": 439.0, "maxY": 380.75}, "class_id": 0, "box_caption": "person 0.031", "scores": {"class_score": 0.0311431884765625}, "domain": "pixel"}, {"position": {"minX": 345.5, "minY": 188.25, "maxX": 521.0, "maxY": 374.75}, "class_id": 0, "box_caption": "person 0.031", "scores": {"class_score": 0.0305633544921875}, "domain": "pixel"}, {"position": {"minX": 402.25, "minY": 523.5, "maxX": 423.25, "maxY": 573.5}, "class_id": 0, "box_caption": "person 0.030", "scores": {"class_score": 0.0304412841796875}, "domain": "pixel"}, {"position": {"minX": 385.0, "minY": 291.0, "maxX": 463.5, "maxY": 378.5}, "class_id": 0, "box_caption": "person 0.030", "scores": {"class_score": 0.029876708984375}, "domain": "pixel"}, {"position": {"minX": 219.875, "minY": 342.25, "maxX": 248.375, "maxY": 403.75}, "class_id": 0, "box_caption": "person 0.027", "scores": {"class_score": 0.0272674560546875}, "domain": "pixel"}, {"position": {"minX": 399.5, "minY": 282.25, "maxX": 492.5, "maxY": 384.75}, "class_id": 0, "box_caption": "person 0.024", "scores": {"class_score": 0.024139404296875}, "domain": "pixel"}, {"position": {"minX": 400.25, "minY": 495.0, "maxX": 424.25, "maxY": 559.0}, "class_id": 0, "box_caption": "person 0.022", "scores": {"class_score": 0.021697998046875}, "domain": "pixel"}, {"position": {"minX": 61.84375, "minY": 424.25, "maxX": 147.875, "maxY": 548.5}, "class_id": 0, "box_caption": "person 0.021", "scores": {"class_score": 0.0213623046875}, "domain": "pixel"}, {"position": {"minX": 532.5, "minY": 288.5, "maxX": 619.5, "maxY": 392.5}, "class_id": 0, "box_caption": "person 0.021", "scores": {"class_score": 0.0212860107421875}, "domain": "pixel"}, {"position": {"minX": 76.8125, "minY": 337.75, "maxX": 248.75, "maxY": 548.5}, "class_id": 0, "box_caption": "person 0.021", "scores": {"class_score": 0.020965576171875}, "domain": "pixel"}, {"position": {"minX": 565.0, "minY": 278.0, "maxX": 657.0, "maxY": 442.0}, "class_id": 0, "box_caption": "person 0.021", "scores": {"class_score": 0.0208892822265625}, "domain": "pixel"}, {"position": {"minX": 345.0, "minY": 200.25, "maxX": 440.5, "maxY": 259.25}, "class_id": 0, "box_caption": "person 0.021", "scores": {"class_score": 0.020599365234375}, "domain": "pixel"}, {"position": {"minX": 366.0, "minY": 306.0, "maxX": 416.0, "maxY": 381.5}, "class_id": 0, "box_caption": "person 0.020", "scores": {"class_score": 0.0200958251953125}, "domain": "pixel"}, {"position": {"minX": 399.0, "minY": 535.5, "maxX": 418.5, "maxY": 577.5}, "class_id": 0, "box_caption": "person 0.019", "scores": {"class_score": 0.0192718505859375}, "domain": "pixel"}, {"position": {"minX": 7.75, "minY": 405.0, "maxX": 145.875, "maxY": 637.0}, "class_id": 0, "box_caption": "person 0.019", "scores": {"class_score": 0.0187225341796875}, "domain": "pixel"}, {"position": {"minX": 347.25, "minY": 187.625, "maxX": 503.75, "maxY": 299.5}, "class_id": 0, "box_caption": "person 0.018", "scores": {"class_score": 0.0177764892578125}, "domain": "pixel"}, {"position": {"minX": 229.5, "minY": 331.75, "maxX": 259.0, "maxY": 398.75}, "class_id": 0, "box_caption": "person 0.018", "scores": {"class_score": 0.01763916015625}, "domain": "pixel"}, {"position": {"minX": 13.0, "minY": 413.5, "maxX": 130.125, "maxY": 556.5}, "class_id": 0, "box_caption": "person 0.018", "scores": {"class_score": 0.017578125}, "domain": "pixel"}, {"position": {"minX": 122.125, "minY": 336.5, "maxX": 197.125, "maxY": 489.5}, "class_id": 0, "box_caption": "person 0.017", "scores": {"class_score": 0.0174407958984375}, "domain": "pixel"}, {"position": {"minX": 197.25, "minY": 353.5, "maxX": 314.75, "maxY": 542.5}, "class_id": 0, "box_caption": "person 0.017", "scores": {"class_score": 0.0170440673828125}, "domain": "pixel"}, {"position": {"minX": 12.0625, "minY": 21.5625, "maxX": 71.8125, "maxY": 256.5}, "class_id": 0, "box_caption": "person 0.017", "scores": {"class_score": 0.0169219970703125}, "domain": "pixel"}, {"position": {"minX": 638.5, "minY": 416.75, "maxX": 655.5, "maxY": 454.75}, "class_id": 0, "box_caption": "person 0.017", "scores": {"class_score": 0.0167236328125}, "domain": "pixel"}, {"position": {"minX": 297.0, "minY": 375.75, "maxX": 329.0, "maxY": 440.25}, "class_id": 0, "box_caption": "person 0.016", "scores": {"class_score": 0.015777587890625}, "domain": "pixel"}, {"position": {"minX": 41.3125, "minY": 351.5, "maxX": 223.75, "maxY": 612.0}, "class_id": 0, "box_caption": "person 0.016", "scores": {"class_score": 0.015716552734375}, "domain": "pixel"}, {"position": {"minX": 311.5, "minY": 590.5, "maxX": 329.5, "maxY": 636.5}, "class_id": 0, "box_caption": "person 0.015", "scores": {"class_score": 0.01450347900390625}, "domain": "pixel"}, {"position": {"minX": 530.0, "minY": 230.5, "maxX": 647.0, "maxY": 397.0}, "class_id": 0, "box_caption": "person 0.015", "scores": {"class_score": 0.01450347900390625}, "domain": "pixel"}, {"position": {"minX": 76.8125, "minY": 436.0, "maxX": 131.25, "maxY": 539.0}, "class_id": 0, "box_caption": "person 0.014", "scores": {"class_score": 0.0141143798828125}, "domain": "pixel"}, {"position": {"minX": 236.5, "minY": 330.5, "maxX": 275.5, "maxY": 391.5}, "class_id": 0, "box_caption": "person 0.014", "scores": {"class_score": 0.01395416259765625}, "domain": "pixel"}, {"position": {"minX": 278.25, "minY": 359.5, "maxX": 336.75, "maxY": 458.5}, "class_id": 0, "box_caption": "person 0.014", "scores": {"class_score": 0.01395416259765625}, "domain": "pixel"}, {"position": {"minX": 360.0, "minY": 308.75, "maxX": 401.5, "maxY": 378.25}, "class_id": 0, "box_caption": "person 0.014", "scores": {"class_score": 0.01363372802734375}, "domain": "pixel"}, {"position": {"minX": 346.0, "minY": 159.75, "maxX": 575.5, "maxY": 339.5}, "class_id": 0, "box_caption": "person 0.013", "scores": {"class_score": 0.013427734375}, "domain": "pixel"}, {"position": {"minX": 576.0, "minY": 430.0, "maxX": 587.0, "maxY": 463.0}, "class_id": 0, "box_caption": "person 0.013", "scores": {"class_score": 0.01332855224609375}, "domain": "pixel"}, {"position": {"minX": 345.25, "minY": 176.0, "maxX": 634.0, "maxY": 386.0}, "class_id": 0, "box_caption": "person 0.013", "scores": {"class_score": 0.0131683349609375}, "domain": "pixel"}, {"position": {"minX": 580.5, "minY": 231.0, "maxX": 656.5, "maxY": 378.0}, "class_id": 0, "box_caption": "person 0.013", "scores": {"class_score": 0.0125732421875}, "domain": "pixel"}, {"position": {"minX": 409.75, "minY": 299.25, "maxX": 467.75, "maxY": 377.75}, "class_id": 0, "box_caption": "person 0.012", "scores": {"class_score": 0.01229095458984375}, "domain": "pixel"}, {"position": {"minX": 501.5, "minY": 276.25, "maxX": 647.5, "maxY": 433.25}, "class_id": 0, "box_caption": "person 0.012", "scores": {"class_score": 0.012237548828125}, "domain": "pixel"}, {"position": {"minX": 209.25, "minY": 351.0, "maxX": 243.75, "maxY": 404.0}, "class_id": 0, "box_caption": "person 0.012", "scores": {"class_score": 0.0118255615234375}, "domain": "pixel"}, {"position": {"minX": 645.0, "minY": 419.0, "maxX": 660.0, "maxY": 455.0}, "class_id": 0, "box_caption": "person 0.011", "scores": {"class_score": 0.01073455810546875}, "domain": "pixel"}, {"position": {"minX": 388.25, "minY": 294.0, "maxX": 435.75, "maxY": 369.0}, "class_id": 0, "box_caption": "person 0.011", "scores": {"class_score": 0.010650634765625}, "domain": "pixel"}, {"position": {"minX": 215.875, "minY": 349.0, "maxX": 252.125, "maxY": 415.5}, "class_id": 0, "box_caption": "person 0.010", "scores": {"class_score": 0.01049041748046875}, "domain": "pixel"}, {"position": {"minX": 427.0, "minY": 298.0, "maxX": 474.5, "maxY": 382.0}, "class_id": 0, "box_caption": "person 0.010", "scores": {"class_score": 0.0103302001953125}, "domain": "pixel"}, {"position": {"minX": 7.90625, "minY": 443.75, "maxX": 93.5, "maxY": 592.0}, "class_id": 0, "box_caption": "person 0.010", "scores": {"class_score": 0.0103302001953125}, "domain": "pixel"}, {"position": {"minX": 635.5, "minY": 240.5, "maxX": 657.5, "maxY": 346.5}, "class_id": 0, "box_caption": "person 0.010", "scores": {"class_score": 0.01016998291015625}, "domain": "pixel"}, {"position": {"minX": 126.3125, "minY": 341.75, "maxX": 144.25, "maxY": 369.75}, "class_id": 0, "box_caption": "person 0.010", "scores": {"class_score": 0.010009765625}, "domain": "pixel"}, {"position": {"minX": 279.5, "minY": 356.0, "maxX": 365.0, "maxY": 530.5}, "class_id": 0, "box_caption": "person 0.010", "scores": {"class_score": 0.010009765625}, "domain": "pixel"}, {"position": {"minX": 299.0, "minY": 355.75, "maxX": 352.0, "maxY": 460.75}, "class_id": 0, "box_caption": "person 0.010", "scores": {"class_score": 0.0095977783203125}, "domain": "pixel"}, {"position": {"minX": 68.6875, "minY": 391.0, "maxX": 163.5, "maxY": 540.0}, "class_id": 0, "box_caption": "person 0.009", "scores": {"class_score": 0.00948333740234375}, "domain": "pixel"}, {"position": {"minX": 247.0, "minY": 420.5, "maxX": 322.5, "maxY": 548.0}, "class_id": 0, "box_caption": "person 0.009", "scores": {"class_score": 0.0094146728515625}, "domain": "pixel"}, {"position": {"minX": 551.5, "minY": 256.25, "maxX": 645.5, "maxY": 376.75}, "class_id": 0, "box_caption": "person 0.009", "scores": {"class_score": 0.00937652587890625}, "domain": "pixel"}, {"position": {"minX": 199.25, "minY": 341.5, "maxX": 252.0, "maxY": 399.5}, "class_id": 0, "box_caption": "person 0.009", "scores": {"class_score": 0.00916290283203125}, "domain": "pixel"}, {"position": {"minX": 616.0, "minY": 226.125, "maxX": 657.0, "maxY": 358.5}, "class_id": 0, "box_caption": "person 0.009", "scores": {"class_score": 0.0089874267578125}, "domain": "pixel"}, {"position": {"minX": 11.6875, "minY": 380.0, "maxX": 201.75, "maxY": 662.0}, "class_id": 0, "box_caption": "person 0.009", "scores": {"class_score": 0.0089874267578125}, "domain": "pixel"}, {"position": {"minX": 553.5, "minY": 283.5, "maxX": 604.5, "maxY": 376.0}, "class_id": 0, "box_caption": "person 0.009", "scores": {"class_score": 0.008880615234375}, "domain": "pixel"}, {"position": {"minX": 239.375, "minY": 334.0, "maxX": 263.25, "maxY": 380.5}, "class_id": 0, "box_caption": "person 0.009", "scores": {"class_score": 0.00861358642578125}, "domain": "pixel"}, {"position": {"minX": 575.0, "minY": 280.0, "maxX": 645.0, "maxY": 408.5}, "class_id": 0, "box_caption": "person 0.008", "scores": {"class_score": 0.00847625732421875}, "domain": "pixel"}, {"position": {"minX": 300.25, "minY": 367.0, "maxX": 340.75, "maxY": 446.5}, "class_id": 0, "box_caption": "person 0.008", "scores": {"class_score": 0.00844573974609375}, "domain": "pixel"}, {"position": {"minX": 282.5, "minY": 373.5, "maxX": 319.5, "maxY": 440.0}, "class_id": 0, "box_caption": "person 0.008", "scores": {"class_score": 0.00818634033203125}, "domain": "pixel"}, {"position": {"minX": 17.15625, "minY": 451.5, "maxX": 95.25, "maxY": 551.5}, "class_id": 0, "box_caption": "person 0.008", "scores": {"class_score": 0.00800323486328125}, "domain": "pixel"}, {"position": {"minX": 13.625, "minY": 62.875, "maxX": 56.6875, "maxY": 265.5}, "class_id": 0, "box_caption": "person 0.008", "scores": {"class_score": 0.007965087890625}, "domain": "pixel"}, {"position": {"minX": 389.75, "minY": 506.5, "maxX": 421.25, "maxY": 567.5}, "class_id": 0, "box_caption": "person 0.008", "scores": {"class_score": 0.0079345703125}, "domain": "pixel"}, {"position": {"minX": 261.25, "minY": 356.25, "maxX": 329.25, "maxY": 496.75}, "class_id": 0, "box_caption": "person 0.008", "scores": {"class_score": 0.00787353515625}, "domain": "pixel"}, {"position": {"minX": 291.75, "minY": 130.875, "maxX": 307.75, "maxY": 168.125}, "class_id": 0, "box_caption": "person 0.008", "scores": {"class_score": 0.00763702392578125}, "domain": "pixel"}, {"position": {"minX": 387.75, "minY": 491.75, "maxX": 437.25, "maxY": 584.5}, "class_id": 0, "box_caption": "person 0.008", "scores": {"class_score": 0.00757598876953125}, "domain": "pixel"}, {"position": {"minX": 598.0, "minY": 219.375, "maxX": 632.0, "maxY": 267.75}, "class_id": 0, "box_caption": "person 0.008", "scores": {"class_score": 0.007549285888671875}, "domain": "pixel"}, {"position": {"minX": 107.625, "minY": 349.75, "maxX": 300.5, "maxY": 545.0}, "class_id": 0, "box_caption": "person 0.007", "scores": {"class_score": 0.007488250732421875}, "domain": "pixel"}, {"position": {"minX": 11.90625, "minY": 458.25, "maxX": 66.75, "maxY": 548.5}, "class_id": 0, "box_caption": "person 0.007", "scores": {"class_score": 0.00734710693359375}, "domain": "pixel"}, {"position": {"minX": 289.0, "minY": 127.75, "maxX": 323.0, "maxY": 243.0}, "class_id": 0, "box_caption": "person 0.007", "scores": {"class_score": 0.007175445556640625}, "domain": "pixel"}, {"position": {"minX": 118.375, "minY": 327.0, "maxX": 175.625, "maxY": 433.5}, "class_id": 0, "box_caption": "person 0.007", "scores": {"class_score": 0.00701141357421875}, "domain": "pixel"}, {"position": {"minX": 253.625, "minY": 444.0, "maxX": 342.5, "maxY": 552.5}, "class_id": 0, "box_caption": "person 0.007", "scores": {"class_score": 0.00669097900390625}, "domain": "pixel"}, {"position": {"minX": 241.25, "minY": 326.25, "maxX": 274.25, "maxY": 372.25}, "class_id": 0, "box_caption": "person 0.007", "scores": {"class_score": 0.006641387939453125}, "domain": "pixel"}, {"position": {"minX": 367.75, "minY": 535.0, "maxX": 381.25, "maxY": 560.0}, "class_id": 0, "box_caption": "person 0.006", "scores": {"class_score": 0.006488800048828125}, "domain": "pixel"}, {"position": {"minX": 206.875, "minY": 316.5, "maxX": 331.0, "maxY": 504.0}, "class_id": 0, "box_caption": "person 0.006", "scores": {"class_score": 0.006439208984375}, "domain": "pixel"}, {"position": {"minX": 51.125, "minY": 334.75, "maxX": 68.5, "maxY": 379.25}, "class_id": 0, "box_caption": "person 0.006", "scores": {"class_score": 0.006290435791015625}, "domain": "pixel"}, {"position": {"minX": 152.5, "minY": 320.25, "maxX": 171.75, "maxY": 360.75}, "class_id": 0, "box_caption": "person 0.006", "scores": {"class_score": 0.00626373291015625}, "domain": "pixel"}, {"position": {"minX": 125.875, "minY": 328.25, "maxX": 232.375, "maxY": 527.0}, "class_id": 0, "box_caption": "person 0.006", "scores": {"class_score": 0.006145477294921875}, "domain": "pixel"}, {"position": {"minX": 95.25, "minY": 336.25, "maxX": 181.75, "maxY": 458.25}, "class_id": 0, "box_caption": "person 0.006", "scores": {"class_score": 0.006122589111328125}, "domain": "pixel"}, {"position": {"minX": 539.0, "minY": 303.75, "maxX": 605.0, "maxY": 403.75}, "class_id": 0, "box_caption": "person 0.006", "scores": {"class_score": 0.00609588623046875}, "domain": "pixel"}, {"position": {"minX": 248.5, "minY": 351.0, "maxX": 305.0, "maxY": 463.5}, "class_id": 0, "box_caption": "person 0.006", "scores": {"class_score": 0.006072998046875}, "domain": "pixel"}, {"position": {"minX": 354.5, "minY": 316.25, "maxX": 396.0, "maxY": 392.25}, "class_id": 0, "box_caption": "person 0.006", "scores": {"class_score": 0.0059814453125}, "domain": "pixel"}, {"position": {"minX": 541.5, "minY": 618.5, "maxX": 551.5, "maxY": 640.5}, "class_id": 0, "box_caption": "person 0.006", "scores": {"class_score": 0.00591278076171875}, "domain": "pixel"}, {"position": {"minX": 143.625, "minY": 344.5, "maxX": 186.375, "maxY": 440.5}, "class_id": 0, "box_caption": "person 0.006", "scores": {"class_score": 0.0058441162109375}, "domain": "pixel"}, {"position": {"minX": 638.0, "minY": 254.625, "maxX": 656.0, "maxY": 314.5}, "class_id": 0, "box_caption": "person 0.006", "scores": {"class_score": 0.00582122802734375}, "domain": "pixel"}, {"position": {"minX": 129.0, "minY": 331.5, "maxX": 160.25, "maxY": 387.0}, "class_id": 0, "box_caption": "person 0.006", "scores": {"class_score": 0.00582122802734375}, "domain": "pixel"}, {"position": {"minX": 223.25, "minY": 323.0, "maxX": 252.25, "maxY": 389.5}, "class_id": 0, "box_caption": "person 0.006", "scores": {"class_score": 0.005687713623046875}, "domain": "pixel"}, {"position": {"minX": 51.4375, "minY": 443.5, "maxX": 123.9375, "maxY": 554.0}, "class_id": 0, "box_caption": "person 0.006", "scores": {"class_score": 0.005619049072265625}, "domain": "pixel"}, {"position": {"minX": 346.0, "minY": 204.625, "maxX": 466.5, "maxY": 281.0}, "class_id": 0, "box_caption": "person 0.006", "scores": {"class_score": 0.005619049072265625}, "domain": "pixel"}, {"position": {"minX": 243.125, "minY": 331.25, "maxX": 262.75, "maxY": 367.75}, "class_id": 0, "box_caption": "person 0.005", "scores": {"class_score": 0.00547027587890625}, "domain": "pixel"}, {"position": {"minX": 155.75, "minY": 337.5, "maxX": 190.5, "maxY": 415.5}, "class_id": 0, "box_caption": "person 0.005", "scores": {"class_score": 0.00547027587890625}, "domain": "pixel"}, {"position": {"minX": 227.375, "minY": 346.75, "maxX": 257.25, "maxY": 411.75}, "class_id": 0, "box_caption": "person 0.005", "scores": {"class_score": 0.0054473876953125}, "domain": "pixel"}, {"position": {"minX": 406.0, "minY": 534.0, "maxX": 425.5, "maxY": 576.0}, "class_id": 0, "box_caption": "person 0.005", "scores": {"class_score": 0.005428314208984375}, "domain": "pixel"}, {"position": {"minX": 347.0, "minY": 204.75, "maxX": 416.5, "maxY": 253.25}, "class_id": 0, "box_caption": "person 0.005", "scores": {"class_score": 0.005405426025390625}, "domain": "pixel"}, {"position": {"minX": 9.125, "minY": 427.75, "maxX": 54.0, "maxY": 566.5}, "class_id": 0, "box_caption": "person 0.005", "scores": {"class_score": 0.005344390869140625}, "domain": "pixel"}, {"position": {"minX": 302.25, "minY": 357.25, "maxX": 328.75, "maxY": 421.25}, "class_id": 0, "box_caption": "person 0.005", "scores": {"class_score": 0.005218505859375}, "domain": "pixel"}, {"position": {"minX": 168.375, "minY": 344.5, "maxX": 256.75, "maxY": 448.0}, "class_id": 0, "box_caption": "person 0.005", "scores": {"class_score": 0.005161285400390625}, "domain": "pixel"}, {"position": {"minX": 96.1875, "minY": 474.25, "maxX": 124.0625, "maxY": 539.0}, "class_id": 0, "box_caption": "person 0.005", "scores": {"class_score": 0.005100250244140625}, "domain": "pixel"}, {"position": {"minX": 538.0, "minY": 618.5, "maxX": 554.0, "maxY": 644.5}, "class_id": 0, "box_caption": "person 0.005", "scores": {"class_score": 0.0050811767578125}, "domain": "pixel"}, {"position": {"minX": 242.875, "minY": 395.0, "maxX": 300.0, "maxY": 541.0}, "class_id": 0, "box_caption": "person 0.005", "scores": {"class_score": 0.004924774169921875}, "domain": "pixel"}, {"position": {"minX": 590.5, "minY": 200.0, "maxX": 647.5, "maxY": 326.0}, "class_id": 0, "box_caption": "person 0.005", "scores": {"class_score": 0.00490570068359375}, "domain": "pixel"}, {"position": {"minX": 336.0, "minY": 83.875, "maxX": 647.0, "maxY": 342.5}, "class_id": 0, "box_caption": "person 0.005", "scores": {"class_score": 0.0048675537109375}, "domain": "pixel"}, {"position": {"minX": 358.25, "minY": 330.0, "maxX": 385.25, "maxY": 382.0}, "class_id": 0, "box_caption": "person 0.005", "scores": {"class_score": 0.004718780517578125}, "domain": "pixel"}, {"position": {"minX": 347.75, "minY": 244.0, "maxX": 562.0, "maxY": 419.5}, "class_id": 0, "box_caption": "person 0.005", "scores": {"class_score": 0.004718780517578125}, "domain": "pixel"}, {"position": {"minX": 324.0, "minY": 350.75, "maxX": 369.5, "maxY": 462.25}, "class_id": 0, "box_caption": "person 0.005", "scores": {"class_score": 0.004680633544921875}, "domain": "pixel"}, {"position": {"minX": 74.0, "minY": 325.5, "maxX": 172.0, "maxY": 498.5}, "class_id": 0, "box_caption": "person 0.005", "scores": {"class_score": 0.004627227783203125}, "domain": "pixel"}, {"position": {"minX": 29.125, "minY": 336.5, "maxX": 303.5, "maxY": 632.0}, "class_id": 0, "box_caption": "person 0.005", "scores": {"class_score": 0.004573822021484375}, "domain": "pixel"}, {"position": {"minX": 581.5, "minY": 310.5, "maxX": 661.5, "maxY": 457.0}, "class_id": 0, "box_caption": "person 0.004", "scores": {"class_score": 0.004467010498046875}, "domain": "pixel"}, {"position": {"minX": 407.25, "minY": 502.5, "maxX": 425.25, "maxY": 549.5}, "class_id": 0, "box_caption": "person 0.004", "scores": {"class_score": 0.00443267822265625}, "domain": "pixel"}, {"position": {"minX": 165.375, "minY": 341.75, "maxX": 194.375, "maxY": 402.75}, "class_id": 0, "box_caption": "person 0.004", "scores": {"class_score": 0.004398345947265625}, "domain": "pixel"}, {"position": {"minX": 633.0, "minY": 232.0, "maxX": 659.0, "maxY": 384.5}, "class_id": 0, "box_caption": "person 0.004", "scores": {"class_score": 0.004364013671875}, "domain": "pixel"}, {"position": {"minX": 484.25, "minY": 474.5, "maxX": 516.0, "maxY": 502.0}, "class_id": 0, "box_caption": "person 0.004", "scores": {"class_score": 0.004329681396484375}, "domain": "pixel"}, {"position": {"minX": 550.0, "minY": 307.0, "maxX": 595.0, "maxY": 388.0}, "class_id": 0, "box_caption": "person 0.004", "scores": {"class_score": 0.004314422607421875}, "domain": "pixel"}, {"position": {"minX": 304.5, "minY": 132.0, "maxX": 334.5, "maxY": 215.75}, "class_id": 0, "box_caption": "person 0.004", "scores": {"class_score": 0.004299163818359375}, "domain": "pixel"}, {"position": {"minX": 544.0, "minY": 179.625, "maxX": 658.0, "maxY": 386.0}, "class_id": 0, "box_caption": "person 0.004", "scores": {"class_score": 0.004230499267578125}, "domain": "pixel"}, {"position": {"minX": 392.75, "minY": 527.5, "maxX": 419.75, "maxY": 573.5}, "class_id": 0, "box_caption": "person 0.004", "scores": {"class_score": 0.004100799560546875}, "domain": "pixel"}, {"position": {"minX": 166.25, "minY": 354.75, "maxX": 196.75, "maxY": 418.25}, "class_id": 0, "box_caption": "person 0.004", "scores": {"class_score": 0.004070281982421875}, "domain": "pixel"}, {"position": {"minX": 295.75, "minY": 366.5, "maxX": 322.25, "maxY": 428.0}, "class_id": 0, "box_caption": "person 0.004", "scores": {"class_score": 0.00397491455078125}, "domain": "pixel"}, {"position": {"minX": 16.15625, "minY": 11.4375, "maxX": 113.5, "maxY": 220.0}, "class_id": 0, "box_caption": "person 0.004", "scores": {"class_score": 0.00395965576171875}, "domain": "pixel"}, {"position": {"minX": 16.8125, "minY": 468.25, "maxX": 54.5625, "maxY": 546.0}, "class_id": 0, "box_caption": "person 0.004", "scores": {"class_score": 0.00394439697265625}, "domain": "pixel"}, {"position": {"minX": 14.890625, "minY": 195.0, "maxX": 35.875, "maxY": 269.5}, "class_id": 0, "box_caption": "person 0.004", "scores": {"class_score": 0.00394439697265625}, "domain": "pixel"}, {"position": {"minX": 121.375, "minY": 367.75, "maxX": 207.625, "maxY": 530.0}, "class_id": 0, "box_caption": "person 0.004", "scores": {"class_score": 0.0038242340087890625}, "domain": "pixel"}, {"position": {"minX": 482.25, "minY": 471.0, "maxX": 537.0, "maxY": 506.0}, "class_id": 0, "box_caption": "person 0.004", "scores": {"class_score": 0.003765106201171875}, "domain": "pixel"}, {"position": {"minX": 15.078125, "minY": -5.0, "maxX": 65.0625, "maxY": 180.375}, "class_id": 0, "box_caption": "person 0.004", "scores": {"class_score": 0.003765106201171875}, "domain": "pixel"}, {"position": {"minX": 548.0, "minY": 230.25, "maxX": 575.0, "maxY": 265.0}, "class_id": 0, "box_caption": "person 0.004", "scores": {"class_score": 0.0037364959716796875}, "domain": "pixel"}, {"position": {"minX": 546.0, "minY": 231.0, "maxX": 565.0, "maxY": 271.5}, "class_id": 0, "box_caption": "person 0.004", "scores": {"class_score": 0.0037078857421875}, "domain": "pixel"}, {"position": {"minX": 390.25, "minY": 284.75, "maxX": 518.5, "maxY": 414.25}, "class_id": 0, "box_caption": "person 0.004", "scores": {"class_score": 0.0037078857421875}, "domain": "pixel"}, {"position": {"minX": 427.75, "minY": 258.5, "maxX": 642.5, "maxY": 408.5}, "class_id": 0, "box_caption": "person 0.004", "scores": {"class_score": 0.0036792755126953125}, "domain": "pixel"}, {"position": {"minX": 302.5, "minY": 444.0, "maxX": 375.0, "maxY": 553.5}, "class_id": 0, "box_caption": "person 0.004", "scores": {"class_score": 0.003650665283203125}, "domain": "pixel"}, {"position": {"minX": 321.75, "minY": 324.25, "maxX": 380.25, "maxY": 475.25}, "class_id": 0, "box_caption": "person 0.004", "scores": {"class_score": 0.003635406494140625}, "domain": "pixel"}, {"position": {"minX": 632.5, "minY": 209.5, "maxX": 658.5, "maxY": 326.0}, "class_id": 0, "box_caption": "person 0.004", "scores": {"class_score": 0.0036220550537109375}, "domain": "pixel"}, {"position": {"minX": 114.875, "minY": 337.0, "maxX": 164.875, "maxY": 419.0}, "class_id": 0, "box_caption": "person 0.004", "scores": {"class_score": 0.003551483154296875}, "domain": "pixel"}, {"position": {"minX": 96.5625, "minY": 448.75, "maxX": 128.75, "maxY": 534.0}, "class_id": 0, "box_caption": "person 0.004", "scores": {"class_score": 0.0035381317138671875}, "domain": "pixel"}, {"position": {"minX": 589.0, "minY": 235.375, "maxX": 604.0, "maxY": 263.75}, "class_id": 0, "box_caption": "person 0.004", "scores": {"class_score": 0.0035114288330078125}, "domain": "pixel"}, {"position": {"minX": 338.75, "minY": 268.0, "maxX": 475.25, "maxY": 403.0}, "class_id": 0, "box_caption": "person 0.003", "scores": {"class_score": 0.003429412841796875}, "domain": "pixel"}, {"position": {"minX": 383.75, "minY": 317.5, "maxX": 426.75, "maxY": 385.0}, "class_id": 0, "box_caption": "person 0.003", "scores": {"class_score": 0.0034027099609375}, "domain": "pixel"}, {"position": {"minX": 487.75, "minY": 470.5, "maxX": 524.0, "maxY": 499.5}, "class_id": 0, "box_caption": "person 0.003", "scores": {"class_score": 0.003376007080078125}, "domain": "pixel"}, {"position": {"minX": 144.375, "minY": 317.75, "maxX": 171.125, "maxY": 366.75}, "class_id": 0, "box_caption": "person 0.003", "scores": {"class_score": 0.0033626556396484375}, "domain": "pixel"}, {"position": {"minX": 589.5, "minY": 290.0, "maxX": 635.5, "maxY": 371.0}, "class_id": 0, "box_caption": "person 0.003", "scores": {"class_score": 0.0033512115478515625}, "domain": "pixel"}, {"position": {"minX": 292.0, "minY": 124.625, "maxX": 317.0, "maxY": 219.625}, "class_id": 0, "box_caption": "person 0.003", "scores": {"class_score": 0.0033512115478515625}, "domain": "pixel"}, {"position": {"minX": 399.5, "minY": 320.0, "maxX": 453.5, "maxY": 375.5}, "class_id": 0, "box_caption": "person 0.003", "scores": {"class_score": 0.0032863616943359375}, "domain": "pixel"}, {"position": {"minX": 46.6875, "minY": 333.25, "maxX": 78.625, "maxY": 386.75}, "class_id": 0, "box_caption": "person 0.003", "scores": {"class_score": 0.00327301025390625}, "domain": "pixel"}, {"position": {"minX": 11.0, "minY": 308.75, "maxX": 168.0, "maxY": 518.5}, "class_id": 0, "box_caption": "person 0.003", "scores": {"class_score": 0.0032100677490234375}, "domain": "pixel"}, {"position": {"minX": 68.875, "minY": 376.75, "maxX": 269.5, "maxY": 589.0}, "class_id": 0, "box_caption": "person 0.003", "scores": {"class_score": 0.00319671630859375}, "domain": "pixel"}, {"position": {"minX": 9.015625, "minY": 50.0, "maxX": 59.75, "maxY": 353.25}, "class_id": 0, "box_caption": "person 0.003", "scores": {"class_score": 0.00319671630859375}, "domain": "pixel"}, {"position": {"minX": 273.5, "minY": 329.0, "maxX": 288.5, "maxY": 368.0}, "class_id": 0, "box_caption": "person 0.003", "scores": {"class_score": 0.0031719207763671875}, "domain": "pixel"}, {"position": {"minX": 379.5, "minY": 262.5, "maxX": 469.5, "maxY": 369.5}, "class_id": 0, "box_caption": "person 0.003", "scores": {"class_score": 0.0031719207763671875}, "domain": "pixel"}, {"position": {"minX": 151.125, "minY": 331.75, "maxX": 270.75, "maxY": 466.75}, "class_id": 0, "box_caption": "person 0.003", "scores": {"class_score": 0.0031719207763671875}, "domain": "pixel"}, {"position": {"minX": 402.75, "minY": 497.0, "maxX": 422.75, "maxY": 542.0}, "class_id": 0, "box_caption": "person 0.003", "scores": {"class_score": 0.003147125244140625}, "domain": "pixel"}, {"position": {"minX": 139.75, "minY": 321.0, "maxX": 199.0, "maxY": 428.0}, "class_id": 0, "box_caption": "person 0.003", "scores": {"class_score": 0.00313568115234375}, "domain": "pixel"}, {"position": {"minX": 619.5, "minY": 237.375, "maxX": 666.5, "maxY": 431.0}, "class_id": 0, "box_caption": "person 0.003", "scores": {"class_score": 0.0030879974365234375}, "domain": "pixel"}, {"position": {"minX": 222.375, "minY": 356.25, "maxX": 245.375, "maxY": 401.25}, "class_id": 0, "box_caption": "person 0.003", "scores": {"class_score": 0.00307464599609375}, "domain": "pixel"}, {"position": {"minX": 286.0, "minY": 367.25, "maxX": 315.5, "maxY": 421.75}, "class_id": 0, "box_caption": "person 0.003", "scores": {"class_score": 0.00307464599609375}, "domain": "pixel"}, {"position": {"minX": 615.5, "minY": 185.0, "maxX": 666.5, "maxY": 368.5}, "class_id": 0, "box_caption": "person 0.003", "scores": {"class_score": 0.00307464599609375}, "domain": "pixel"}, {"position": {"minX": 218.25, "minY": 350.75, "maxX": 239.5, "maxY": 396.25}, "class_id": 0, "box_caption": "person 0.003", "scores": {"class_score": 0.0029811859130859375}, "domain": "pixel"}, {"position": {"minX": 233.5, "minY": 325.25, "maxX": 259.75, "maxY": 374.75}, "class_id": 0, "box_caption": "person 0.003", "scores": {"class_score": 0.0029811859130859375}, "domain": "pixel"}, {"position": {"minX": 305.25, "minY": 343.75, "maxX": 341.75, "maxY": 415.75}, "class_id": 0, "box_caption": "person 0.003", "scores": {"class_score": 0.0029811859130859375}, "domain": "pixel"}, {"position": {"minX": 8.9375, "minY": 88.875, "maxX": 46.90625, "maxY": 272.5}, "class_id": 0, "box_caption": "person 0.003", "scores": {"class_score": 0.0029582977294921875}, "domain": "pixel"}, {"position": {"minX": 244.75, "minY": 337.75, "maxX": 271.25, "maxY": 371.25}, "class_id": 0, "box_caption": "person 0.003", "scores": {"class_score": 0.0029125213623046875}, "domain": "pixel"}, {"position": {"minX": 298.75, "minY": 390.75, "maxX": 322.75, "maxY": 446.75}, "class_id": 0, "box_caption": "person 0.003", "scores": {"class_score": 0.0029125213623046875}, "domain": "pixel"}, {"position": {"minX": 401.75, "minY": 210.0, "maxX": 543.0, "maxY": 282.75}, "class_id": 0, "box_caption": "person 0.003", "scores": {"class_score": 0.0029010772705078125}, "domain": "pixel"}, {"position": {"minX": 349.5, "minY": 321.5, "maxX": 383.5, "maxY": 374.0}, "class_id": 0, "box_caption": "person 0.003", "scores": {"class_score": 0.0028781890869140625}, "domain": "pixel"}, {"position": {"minX": 351.5, "minY": 333.0, "maxX": 374.5, "maxY": 379.0}, "class_id": 0, "box_caption": "person 0.003", "scores": {"class_score": 0.0028667449951171875}, "domain": "pixel"}, {"position": {"minX": 451.75, "minY": 222.125, "maxX": 552.0, "maxY": 276.0}, "class_id": 0, "box_caption": "person 0.003", "scores": {"class_score": 0.0028667449951171875}, "domain": "pixel"}, {"position": {"minX": 439.5, "minY": 311.0, "maxX": 485.0, "maxY": 374.5}, "class_id": 0, "box_caption": "person 0.003", "scores": {"class_score": 0.0028667449951171875}, "domain": "pixel"}, {"position": {"minX": 134.5, "minY": 342.75, "maxX": 175.25, "maxY": 446.75}, "class_id": 0, "box_caption": "person 0.003", "scores": {"class_score": 0.0028553009033203125}, "domain": "pixel"}, {"position": {"minX": 605.5, "minY": 202.625, "maxX": 651.5, "maxY": 291.75}, "class_id": 0, "box_caption": "person 0.003", "scores": {"class_score": 0.0028553009033203125}, "domain": "pixel"}, {"position": {"minX": 312.0, "minY": 335.0, "maxX": 354.0, "maxY": 421.0}, "class_id": 0, "box_caption": "person 0.003", "scores": {"class_score": 0.0028553009033203125}, "domain": "pixel"}, {"position": {"minX": 411.25, "minY": 160.5, "maxX": 636.5, "maxY": 332.5}, "class_id": 0, "box_caption": "person 0.003", "scores": {"class_score": 0.0028228759765625}, "domain": "pixel"}, {"position": {"minX": 297.0, "minY": 300.5, "maxX": 410.0, "maxY": 504.5}, "class_id": 0, "box_caption": "person 0.003", "scores": {"class_score": 0.0028228759765625}, "domain": "pixel"}, {"position": {"minX": 155.625, "minY": 325.5, "maxX": 174.125, "maxY": 365.5}, "class_id": 0, "box_caption": "person 0.003", "scores": {"class_score": 0.00279998779296875}, "domain": "pixel"}, {"position": {"minX": 48.9375, "minY": 286.5, "maxX": 181.0, "maxY": 479.5}, "class_id": 0, "box_caption": "person 0.003", "scores": {"class_score": 0.00274658203125}, "domain": "pixel"}, {"position": {"minX": 248.75, "minY": 336.5, "maxX": 284.75, "maxY": 374.5}, "class_id": 0, "box_caption": "person 0.003", "scores": {"class_score": 0.0027370452880859375}, "domain": "pixel"}, {"position": {"minX": 477.5, "minY": 469.75, "maxX": 530.5, "maxY": 519.0}, "class_id": 0, "box_caption": "person 0.003", "scores": {"class_score": 0.0027256011962890625}, "domain": "pixel"}, {"position": {"minX": 293.25, "minY": 386.25, "maxX": 397.25, "maxY": 547.5}, "class_id": 0, "box_caption": "person 0.003", "scores": {"class_score": 0.0026416778564453125}, "domain": "pixel"}, {"position": {"minX": 158.375, "minY": 330.0, "maxX": 187.625, "maxY": 392.0}, "class_id": 0, "box_caption": "person 0.003", "scores": {"class_score": 0.00263214111328125}, "domain": "pixel"}, {"position": {"minX": 597.0, "minY": 263.5, "maxX": 660.0, "maxY": 428.5}, "class_id": 0, "box_caption": "person 0.003", "scores": {"class_score": 0.00263214111328125}, "domain": "pixel"}, {"position": {"minX": 636.5, "minY": 402.5, "maxX": 658.5, "maxY": 458.0}, "class_id": 0, "box_caption": "person 0.003", "scores": {"class_score": 0.00260162353515625}, "domain": "pixel"}, {"position": {"minX": 488.0, "minY": 272.5, "maxX": 627.0, "maxY": 389.5}, "class_id": 0, "box_caption": "person 0.003", "scores": {"class_score": 0.00257110595703125}, "domain": "pixel"}, {"position": {"minX": 345.75, "minY": 334.25, "maxX": 368.25, "maxY": 376.25}, "class_id": 0, "box_caption": "person 0.003", "scores": {"class_score": 0.0025501251220703125}, "domain": "pixel"}, {"position": {"minX": 255.75, "minY": 450.5, "maxX": 311.75, "maxY": 548.0}, "class_id": 0, "box_caption": "person 0.003", "scores": {"class_score": 0.00254058837890625}, "domain": "pixel"}, {"position": {"minX": 290.0, "minY": 131.125, "maxX": 304.5, "maxY": 179.875}, "class_id": 0, "box_caption": "person 0.003", "scores": {"class_score": 0.0025310516357421875}, "domain": "pixel"}, {"position": {"minX": 286.5, "minY": 339.5, "maxX": 333.5, "maxY": 414.5}, "class_id": 0, "box_caption": "person 0.003", "scores": {"class_score": 0.002521514892578125}, "domain": "pixel"}, {"position": {"minX": 341.75, "minY": 302.25, "maxX": 407.25, "maxY": 407.25}, "class_id": 0, "box_caption": "person 0.003", "scores": {"class_score": 0.002521514892578125}, "domain": "pixel"}, {"position": {"minX": 233.75, "minY": 341.5, "maxX": 255.75, "maxY": 388.5}, "class_id": 0, "box_caption": "person 0.003", "scores": {"class_score": 0.0025119781494140625}, "domain": "pixel"}, {"position": {"minX": 243.5, "minY": 343.75, "maxX": 291.0, "maxY": 415.25}, "class_id": 0, "box_caption": "person 0.003", "scores": {"class_score": 0.0025119781494140625}, "domain": "pixel"}, {"position": {"minX": 297.0, "minY": 219.375, "maxX": 627.5, "maxY": 494.5}, "class_id": 0, "box_caption": "person 0.003", "scores": {"class_score": 0.0025119781494140625}, "domain": "pixel"}, {"position": {"minX": 28.28125, "minY": 454.0, "maxX": 110.5, "maxY": 574.0}, "class_id": 0, "box_caption": "person 0.002", "scores": {"class_score": 0.002452850341796875}, "domain": "pixel"}, {"position": {"minX": 10.78125, "minY": -16.625, "maxX": 54.59375, "maxY": 220.0}, "class_id": 0, "box_caption": "person 0.002", "scores": {"class_score": 0.0024242401123046875}, "domain": "pixel"}, {"position": {"minX": 295.5, "minY": 125.8125, "maxX": 328.5, "maxY": 193.0}, "class_id": 0, "box_caption": "person 0.002", "scores": {"class_score": 0.0023975372314453125}, "domain": "pixel"}, {"position": {"minX": 304.0, "minY": 338.5, "maxX": 391.5, "maxY": 518.0}, "class_id": 0, "box_caption": "person 0.002", "scores": {"class_score": 0.00238800048828125}, "domain": "pixel"}, {"position": {"minX": 519.0, "minY": 309.75, "maxX": 617.0, "maxY": 423.75}, "class_id": 0, "box_caption": "person 0.002", "scores": {"class_score": 0.0023784637451171875}, "domain": "pixel"}, {"position": {"minX": 123.5625, "minY": 334.75, "maxX": 140.5, "maxY": 366.25}, "class_id": 0, "box_caption": "person 0.002", "scores": {"class_score": 0.0023593902587890625}, "domain": "pixel"}, {"position": {"minX": 569.0, "minY": 208.5, "maxX": 639.0, "maxY": 282.5}, "class_id": 0, "box_caption": "person 0.002", "scores": {"class_score": 0.0023593902587890625}, "domain": "pixel"}, {"position": {"minX": 43.125, "minY": 348.0, "maxX": 62.875, "maxY": 406.5}, "class_id": 0, "box_caption": "person 0.002", "scores": {"class_score": 0.002349853515625}, "domain": "pixel"}, {"position": {"minX": 231.25, "minY": 307.0, "maxX": 283.75, "maxY": 392.5}, "class_id": 0, "box_caption": "person 0.002", "scores": {"class_score": 0.002349853515625}, "domain": "pixel"}, {"position": {"minX": 8.96875, "minY": 308.25, "maxX": 98.75, "maxY": 515.0}, "class_id": 0, "box_caption": "person 0.002", "scores": {"class_score": 0.002349853515625}, "domain": "pixel"}, {"position": {"minX": 372.75, "minY": 185.75, "maxX": 538.5, "maxY": 281.25}, "class_id": 0, "box_caption": "person 0.002", "scores": {"class_score": 0.00234222412109375}, "domain": "pixel"}, {"position": {"minX": 385.75, "minY": 472.5, "maxX": 433.25, "maxY": 563.5}, "class_id": 0, "box_caption": "person 0.002", "scores": {"class_score": 0.002323150634765625}, "domain": "pixel"}, {"position": {"minX": 264.25, "minY": 334.5, "maxX": 286.75, "maxY": 375.5}, "class_id": 0, "box_caption": "person 0.002", "scores": {"class_score": 0.0023059844970703125}, "domain": "pixel"}, {"position": {"minX": 335.5, "minY": 182.375, "maxX": 509.0, "maxY": 261.0}, "class_id": 0, "box_caption": "person 0.002", "scores": {"class_score": 0.0022869110107421875}, "domain": "pixel"}, {"position": {"minX": 306.5, "minY": 380.5, "maxX": 364.5, "maxY": 536.0}, "class_id": 0, "box_caption": "person 0.002", "scores": {"class_score": 0.0022869110107421875}, "domain": "pixel"}, {"position": {"minX": 12.96875, "minY": 152.25, "maxX": 39.1875, "maxY": 290.0}, "class_id": 0, "box_caption": "person 0.002", "scores": {"class_score": 0.0022792816162109375}, "domain": "pixel"}, {"position": {"minX": 525.5, "minY": 323.0, "maxX": 592.5, "maxY": 393.0}, "class_id": 0, "box_caption": "person 0.002", "scores": {"class_score": 0.0022602081298828125}, "domain": "pixel"}, {"position": {"minX": 364.0, "minY": 530.5, "maxX": 387.0, "maxY": 558.5}, "class_id": 0, "box_caption": "person 0.002", "scores": {"class_score": 0.0022525787353515625}, "domain": "pixel"}, {"position": {"minX": 6.234375, "minY": 391.0, "maxX": 20.796875, "maxY": 448.5}, "class_id": 0, "box_caption": "person 0.002", "scores": {"class_score": 0.0022430419921875}, "domain": "pixel"}, {"position": {"minX": 217.625, "minY": 321.5, "maxX": 245.125, "maxY": 376.0}, "class_id": 0, "box_caption": "person 0.002", "scores": {"class_score": 0.0022335052490234375}, "domain": "pixel"}, {"position": {"minX": 214.75, "minY": 338.75, "maxX": 243.75, "maxY": 395.25}, "class_id": 0, "box_caption": "person 0.002", "scores": {"class_score": 0.0022335052490234375}, "domain": "pixel"}, {"position": {"minX": 7.1875, "minY": 350.5, "maxX": 77.25, "maxY": 563.0}, "class_id": 0, "box_caption": "person 0.002", "scores": {"class_score": 0.0022258758544921875}, "domain": "pixel"}, {"position": {"minX": 299.0, "minY": 110.5, "maxX": 340.0, "maxY": 214.0}, "class_id": 0, "box_caption": "person 0.002", "scores": {"class_score": 0.002216339111328125}, "domain": "pixel"}, {"position": {"minX": 269.25, "minY": 371.0, "maxX": 420.75, "maxY": 558.0}, "class_id": 0, "box_caption": "person 0.002", "scores": {"class_score": 0.002208709716796875}, "domain": "pixel"}, {"position": {"minX": 350.25, "minY": 195.75, "maxX": 426.75, "maxY": 244.25}, "class_id": 0, "box_caption": "person 0.002", "scores": {"class_score": 0.0021991729736328125}, "domain": "pixel"}, {"position": {"minX": 124.0, "minY": 338.25, "maxX": 150.5, "maxY": 379.25}, "class_id": 0, "box_caption": "person 0.002", "scores": {"class_score": 0.00217437744140625}, "domain": "pixel"}, {"position": {"minX": 487.0, "minY": 183.5, "maxX": 643.0, "maxY": 377.5}, "class_id": 0, "box_caption": "person 0.002", "scores": {"class_score": 0.00217437744140625}, "domain": "pixel"}, {"position": {"minX": 62.34375, "minY": 440.0, "maxX": 105.625, "maxY": 542.0}, "class_id": 0, "box_caption": "person 0.002", "scores": {"class_score": 0.0021648406982421875}, "domain": "pixel"}, {"position": {"minX": 406.0, "minY": 514.5, "maxX": 426.0, "maxY": 563.5}, "class_id": 0, "box_caption": "person 0.002", "scores": {"class_score": 0.002132415771484375}, "domain": "pixel"}, {"position": {"minX": 372.5, "minY": 206.375, "maxX": 469.0, "maxY": 266.0}, "class_id": 0, "box_caption": "person 0.002", "scores": {"class_score": 0.0021152496337890625}, "domain": "pixel"}, {"position": {"minX": 13.109375, "minY": 9.25, "maxX": 68.0, "maxY": 116.75}, "class_id": 0, "box_caption": "person 0.002", "scores": {"class_score": 0.0021076202392578125}, "domain": "pixel"}, {"position": {"minX": 281.25, "minY": 362.0, "maxX": 304.75, "maxY": 400.0}, "class_id": 0, "box_caption": "person 0.002", "scores": {"class_score": 0.0020999908447265625}, "domain": "pixel"}, {"position": {"minX": 239.125, "minY": 323.0, "maxX": 265.0, "maxY": 364.0}, "class_id": 0, "box_caption": "person 0.002", "scores": {"class_score": 0.00208282470703125}, "domain": "pixel"}, {"position": {"minX": 230.5, "minY": 308.0, "maxX": 369.5, "maxY": 516.0}, "class_id": 0, "box_caption": "person 0.002", "scores": {"class_score": 0.00208282470703125}, "domain": "pixel"}, {"position": {"minX": 375.75, "minY": 318.0, "maxX": 412.75, "maxY": 387.5}, "class_id": 0, "box_caption": "person 0.002", "scores": {"class_score": 0.0020503997802734375}, "domain": "pixel"}, {"position": {"minX": 13.734375, "minY": 482.25, "maxX": 63.125, "maxY": 577.0}, "class_id": 0, "box_caption": "person 0.002", "scores": {"class_score": 0.0020503997802734375}, "domain": "pixel"}, {"position": {"minX": 270.5, "minY": 475.5, "maxX": 348.5, "maxY": 552.5}, "class_id": 0, "box_caption": "person 0.002", "scores": {"class_score": 0.0020427703857421875}, "domain": "pixel"}, {"position": {"minX": 111.25, "minY": 382.5, "maxX": 231.0, "maxY": 555.5}, "class_id": 0, "box_caption": "person 0.002", "scores": {"class_score": 0.0020351409912109375}, "domain": "pixel"}, {"position": {"minX": 316.5, "minY": 588.5, "maxX": 329.0, "maxY": 626.5}, "class_id": 0, "box_caption": "person 0.002", "scores": {"class_score": 0.0020198822021484375}, "domain": "pixel"}, {"position": {"minX": 3.296875, "minY": 331.5, "maxX": 46.6875, "maxY": 542.0}, "class_id": 0, "box_caption": "person 0.002", "scores": {"class_score": 0.002002716064453125}, "domain": "pixel"}, {"position": {"minX": 491.5, "minY": 478.75, "maxX": 511.5, "maxY": 500.75}, "class_id": 0, "box_caption": "person 0.002", "scores": {"class_score": 0.001995086669921875}, "domain": "pixel"}, {"position": {"minX": 543.0, "minY": 299.5, "maxX": 660.0, "maxY": 470.0}, "class_id": 0, "box_caption": "person 0.002", "scores": {"class_score": 0.001987457275390625}, "domain": "pixel"}, {"position": {"minX": 202.75, "minY": 304.25, "maxX": 325.25, "maxY": 439.25}, "class_id": 0, "box_caption": "person 0.002", "scores": {"class_score": 0.001987457275390625}, "domain": "pixel"}, {"position": {"minX": 398.5, "minY": 473.75, "maxX": 444.5, "maxY": 559.5}, "class_id": 0, "box_caption": "person 0.002", "scores": {"class_score": 0.001956939697265625}, "domain": "pixel"}, {"position": {"minX": 84.25, "minY": 449.25, "maxX": 121.25, "maxY": 535.0}, "class_id": 0, "box_caption": "person 0.002", "scores": {"class_score": 0.001941680908203125}, "domain": "pixel"}, {"position": {"minX": 407.75, "minY": 492.5, "maxX": 436.25, "maxY": 573.5}, "class_id": 0, "box_caption": "person 0.002", "scores": {"class_score": 0.001934051513671875}, "domain": "pixel"}, {"position": {"minX": 259.0, "minY": 332.5, "maxX": 290.5, "maxY": 384.5}, "class_id": 0, "box_caption": "person 0.002", "scores": {"class_score": 0.001934051513671875}, "domain": "pixel"}, {"position": {"minX": 397.25, "minY": 515.5, "maxX": 418.75, "maxY": 561.5}, "class_id": 0, "box_caption": "person 0.002", "scores": {"class_score": 0.0019121170043945312}, "domain": "pixel"}, {"position": {"minX": 31.75, "minY": 23.75, "maxX": 246.75, "maxY": 196.125}, "class_id": 0, "box_caption": "person 0.002", "scores": {"class_score": 0.0019044876098632812}, "domain": "pixel"}, {"position": {"minX": 419.0, "minY": 327.75, "maxX": 453.5, "maxY": 378.25}, "class_id": 0, "box_caption": "person 0.002", "scores": {"class_score": 0.0018968582153320312}, "domain": "pixel"}, {"position": {"minX": 194.125, "minY": 358.75, "maxX": 248.125, "maxY": 409.25}, "class_id": 0, "box_caption": "person 0.002", "scores": {"class_score": 0.0018672943115234375}, "domain": "pixel"}, {"position": {"minX": 7.53125, "minY": 69.25, "maxX": 81.0, "maxY": 485.75}, "class_id": 0, "box_caption": "person 0.002", "scores": {"class_score": 0.0018529891967773438}, "domain": "pixel"}, {"position": {"minX": 585.0, "minY": 235.625, "maxX": 600.0, "maxY": 267.75}, "class_id": 0, "box_caption": "person 0.002", "scores": {"class_score": 0.0018310546875}, "domain": "pixel"}, {"position": {"minX": 153.375, "minY": 337.5, "maxX": 206.375, "maxY": 477.0}, "class_id": 0, "box_caption": "person 0.002", "scores": {"class_score": 0.0018243789672851562}, "domain": "pixel"}, {"position": {"minX": 128.625, "minY": 336.25, "maxX": 147.625, "maxY": 367.25}, "class_id": 0, "box_caption": "person 0.002", "scores": {"class_score": 0.0018100738525390625}, "domain": "pixel"}, {"position": {"minX": 279.0, "minY": 488.0, "maxX": 308.5, "maxY": 545.0}, "class_id": 0, "box_caption": "person 0.002", "scores": {"class_score": 0.0018033981323242188}, "domain": "pixel"}, {"position": {"minX": 589.0, "minY": 220.5, "maxX": 622.0, "maxY": 261.5}, "class_id": 0, "box_caption": "person 0.002", "scores": {"class_score": 0.0017957687377929688}, "domain": "pixel"}, {"position": {"minX": 274.25, "minY": 365.5, "maxX": 309.25, "maxY": 441.0}, "class_id": 0, "box_caption": "person 0.002", "scores": {"class_score": 0.0017824172973632812}, "domain": "pixel"}, {"position": {"minX": 563.0, "minY": 299.75, "maxX": 612.0, "maxY": 378.25}, "class_id": 0, "box_caption": "person 0.002", "scores": {"class_score": 0.0017681121826171875}, "domain": "pixel"}, {"position": {"minX": 308.25, "minY": 363.75, "maxX": 334.25, "maxY": 431.75}, "class_id": 0, "box_caption": "person 0.002", "scores": {"class_score": 0.0017681121826171875}, "domain": "pixel"}, {"position": {"minX": 573.5, "minY": 232.0, "maxX": 602.5, "maxY": 261.75}, "class_id": 0, "box_caption": "person 0.002", "scores": {"class_score": 0.0017614364624023438}, "domain": "pixel"}, {"position": {"minX": 159.875, "minY": 351.0, "maxX": 198.875, "maxY": 460.5}, "class_id": 0, "box_caption": "person 0.002", "scores": {"class_score": 0.0017614364624023438}, "domain": "pixel"}, {"position": {"minX": 330.5, "minY": 196.5, "maxX": 461.0, "maxY": 359.5}, "class_id": 0, "box_caption": "person 0.002", "scores": {"class_score": 0.0017614364624023438}, "domain": "pixel"}, {"position": {"minX": 164.125, "minY": 358.0, "maxX": 192.875, "maxY": 446.0}, "class_id": 0, "box_caption": "person 0.002", "scores": {"class_score": 0.0017547607421875}, "domain": "pixel"}, {"position": {"minX": 291.5, "minY": 131.625, "maxX": 309.0, "maxY": 197.125}, "class_id": 0, "box_caption": "person 0.002", "scores": {"class_score": 0.0017414093017578125}, "domain": "pixel"}, {"position": {"minX": 389.5, "minY": 258.0, "maxX": 520.5, "maxY": 376.0}, "class_id": 0, "box_caption": "person 0.002", "scores": {"class_score": 0.0017414093017578125}, "domain": "pixel"}, {"position": {"minX": 435.5, "minY": 231.75, "maxX": 536.0, "maxY": 283.75}, "class_id": 0, "box_caption": "person 0.002", "scores": {"class_score": 0.001720428466796875}, "domain": "pixel"}, {"position": {"minX": 603.0, "minY": 213.875, "maxX": 635.0, "maxY": 259.0}, "class_id": 0, "box_caption": "person 0.002", "scores": {"class_score": 0.0017137527465820312}, "domain": "pixel"}, {"position": {"minX": 159.0, "minY": 383.25, "maxX": 341.5, "maxY": 572.0}, "class_id": 0, "box_caption": "person 0.002", "scores": {"class_score": 0.0016937255859375}, "domain": "pixel"}, {"position": {"minX": 288.5, "minY": 364.0, "maxX": 308.0, "maxY": 399.5}, "class_id": 0, "box_caption": "person 0.002", "scores": {"class_score": 0.0016870498657226562}, "domain": "pixel"}, {"position": {"minX": 635.5, "minY": 228.0, "maxX": 655.5, "maxY": 308.5}, "class_id": 0, "box_caption": "person 0.002", "scores": {"class_score": 0.001674652099609375}, "domain": "pixel"}, {"position": {"minX": 643.0, "minY": 421.0, "maxX": 656.0, "maxY": 466.0}, "class_id": 0, "box_caption": "person 0.002", "scores": {"class_score": 0.001674652099609375}, "domain": "pixel"}, {"position": {"minX": 557.5, "minY": 190.0, "maxX": 643.5, "maxY": 306.5}, "class_id": 0, "box_caption": "person 0.002", "scores": {"class_score": 0.001674652099609375}, "domain": "pixel"}, {"position": {"minX": 240.0, "minY": 411.0, "maxX": 376.5, "maxY": 592.5}, "class_id": 0, "box_caption": "person 0.002", "scores": {"class_score": 0.001674652099609375}, "domain": "pixel"}, {"position": {"minX": 158.5, "minY": 320.75, "maxX": 178.25, "maxY": 363.25}, "class_id": 0, "box_caption": "person 0.002", "scores": {"class_score": 0.0016422271728515625}, "domain": "pixel"}, {"position": {"minX": 297.5, "minY": 396.5, "maxX": 333.0, "maxY": 453.5}, "class_id": 0, "box_caption": "person 0.002", "scores": {"class_score": 0.0016355514526367188}, "domain": "pixel"}, {"position": {"minX": 171.125, "minY": 367.5, "maxX": 289.75, "maxY": 539.0}, "class_id": 0, "box_caption": "person 0.002", "scores": {"class_score": 0.0016231536865234375}, "domain": "pixel"}, {"position": {"minX": 355.5, "minY": 461.0, "maxX": 499.0, "maxY": 610.0}, "class_id": 0, "box_caption": "person 0.002", "scores": {"class_score": 0.0016164779663085938}, "domain": "pixel"}, {"position": {"minX": 323.25, "minY": 331.5, "maxX": 363.25, "maxY": 424.5}, "class_id": 0, "box_caption": "person 0.002", "scores": {"class_score": 0.0016107559204101562}, "domain": "pixel"}, {"position": {"minX": 301.5, "minY": 317.0, "maxX": 368.5, "maxY": 437.5}, "class_id": 0, "box_caption": "person 0.002", "scores": {"class_score": 0.0016040802001953125}, "domain": "pixel"}, {"position": {"minX": 168.25, "minY": 354.0, "maxX": 215.75, "maxY": 403.0}, "class_id": 0, "box_caption": "person 0.002", "scores": {"class_score": 0.0015974044799804688}, "domain": "pixel"}, {"position": {"minX": 230.375, "minY": 345.0, "maxX": 275.75, "maxY": 415.5}, "class_id": 0, "box_caption": "person 0.002", "scores": {"class_score": 0.0015850067138671875}, "domain": "pixel"}, {"position": {"minX": 400.0, "minY": 331.25, "maxX": 440.0, "maxY": 376.25}, "class_id": 0, "box_caption": "person 0.002", "scores": {"class_score": 0.00157928466796875}, "domain": "pixel"}, {"position": {"minX": 305.0, "minY": 366.75, "maxX": 326.0, "maxY": 411.25}, "class_id": 0, "box_caption": "person 0.002", "scores": {"class_score": 0.0015735626220703125}, "domain": "pixel"}, {"position": {"minX": 225.75, "minY": 352.75, "maxX": 285.75, "maxY": 503.75}, "class_id": 0, "box_caption": "person 0.002", "scores": {"class_score": 0.0015668869018554688}, "domain": "pixel"}, {"position": {"minX": 297.0, "minY": 354.25, "maxX": 324.0, "maxY": 408.25}, "class_id": 0, "box_caption": "person 0.002", "scores": {"class_score": 0.0015544891357421875}, "domain": "pixel"}, {"position": {"minX": 250.625, "minY": 110.1875, "maxX": 369.5, "maxY": 256.0}, "class_id": 0, "box_caption": "person 0.002", "scores": {"class_score": 0.0015544891357421875}, "domain": "pixel"}, {"position": {"minX": 9.03125, "minY": 447.25, "maxX": 113.625, "maxY": 658.5}, "class_id": 0, "box_caption": "person 0.002", "scores": {"class_score": 0.0015544891357421875}, "domain": "pixel"}, {"position": {"minX": 297.5, "minY": 175.875, "maxX": 336.5, "maxY": 283.5}, "class_id": 0, "box_caption": "person 0.002", "scores": {"class_score": 0.00154876708984375}, "domain": "pixel"}, {"position": {"minX": 531.0, "minY": 615.5, "maxX": 559.0, "maxY": 646.5}, "class_id": 0, "box_caption": "person 0.002", "scores": {"class_score": 0.0015430450439453125}, "domain": "pixel"}, {"position": {"minX": 419.5, "minY": 281.75, "maxX": 469.5, "maxY": 365.75}, "class_id": 0, "box_caption": "person 0.002", "scores": {"class_score": 0.0015363693237304688}, "domain": "pixel"}, {"position": {"minX": 312.5, "minY": 415.0, "maxX": 391.5, "maxY": 564.0}, "class_id": 0, "box_caption": "person 0.002", "scores": {"class_score": 0.0015363693237304688}, "domain": "pixel"}, {"position": {"minX": 244.75, "minY": 121.1875, "maxX": 338.25, "maxY": 231.5}, "class_id": 0, "box_caption": "person 0.002", "scores": {"class_score": 0.0015363693237304688}, "domain": "pixel"}, {"position": {"minX": 6.46875, "minY": 370.25, "maxX": 114.0, "maxY": 536.5}, "class_id": 0, "box_caption": "person 0.002", "scores": {"class_score": 0.0015306472778320312}, "domain": "pixel"}, {"position": {"minX": 559.0, "minY": 289.25, "maxX": 634.0, "maxY": 372.25}, "class_id": 0, "box_caption": "person 0.002", "scores": {"class_score": 0.0015249252319335938}, "domain": "pixel"}, {"position": {"minX": 395.0, "minY": 487.0, "maxX": 421.0, "maxY": 552.0}, "class_id": 0, "box_caption": "person 0.002", "scores": {"class_score": 0.0015192031860351562}, "domain": "pixel"}, {"position": {"minX": 267.5, "minY": 482.0, "maxX": 324.5, "maxY": 550.0}, "class_id": 0, "box_caption": "person 0.002", "scores": {"class_score": 0.0015125274658203125}, "domain": "pixel"}, {"position": {"minX": 28.203125, "minY": 325.5, "maxX": 58.875, "maxY": 427.5}, "class_id": 0, "box_caption": "person 0.002", "scores": {"class_score": 0.0015125274658203125}, "domain": "pixel"}, {"position": {"minX": 81.875, "minY": 317.5, "maxX": 168.875, "maxY": 438.0}, "class_id": 0, "box_caption": "person 0.002", "scores": {"class_score": 0.0015125274658203125}, "domain": "pixel"}, {"position": {"minX": 310.25, "minY": 580.0, "maxX": 335.75, "maxY": 639.0}, "class_id": 0, "box_caption": "person 0.002", "scores": {"class_score": 0.0015010833740234375}, "domain": "pixel"}, {"position": {"minX": 272.25, "minY": 323.0, "maxX": 342.75, "maxY": 428.0}, "class_id": 0, "box_caption": "person 0.002", "scores": {"class_score": 0.0015010833740234375}, "domain": "pixel"}], "class_labels": {"0": "person"}}