{"box_data": [{"position": {"minX": 199.25, "minY": 133.25, "maxX": 236.25, "maxY": 230.25}, "class_id": 0, "box_caption": "person 0.251", "scores": {"class_score": 0.2509765625}, "domain": "pixel"}, {"position": {"minX": 194.375, "minY": 127.0, "maxX": 239.875, "maxY": 259.25}, "class_id": 0, "box_caption": "person 0.151", "scores": {"class_score": 0.1505126953125}, "domain": "pixel"}, {"position": {"minX": 533.5, "minY": 332.5, "maxX": 547.5, "maxY": 376.0}, "class_id": 0, "box_caption": "person 0.140", "scores": {"class_score": 0.139892578125}, "domain": "pixel"}, {"position": {"minX": 33.9375, "minY": 341.75, "maxX": 108.5625, "maxY": 465.75}, "class_id": 0, "box_caption": "person 0.137", "scores": {"class_score": 0.1365966796875}, "domain": "pixel"}, {"position": {"minX": 177.875, "minY": 118.875, "maxX": 243.875, "maxY": 245.125}, "class_id": 0, "box_caption": "person 0.135", "scores": {"class_score": 0.135009765625}, "domain": "pixel"}, {"position": {"minX": 119.375, "minY": 229.125, "maxX": 139.375, "maxY": 288.5}, "class_id": 0, "box_caption": "person 0.112", "scores": {"class_score": 0.11163330078125}, "domain": "pixel"}, {"position": {"minX": 198.0, "minY": 344.5, "maxX": 290.25, "maxY": 594.0}, "class_id": 0, "box_caption": "person 0.105", "scores": {"class_score": 0.105224609375}, "domain": "pixel"}, {"position": {"minX": 595.0, "minY": 18.875, "maxX": 667.0, "maxY": 210.625}, "class_id": 0, "box_caption": "person 0.104", "scores": {"class_score": 0.10394287109375}, "domain": "pixel"}, {"position": {"minX": 307.25, "minY": 114.375, "maxX": 354.25, "maxY": 250.125}, "class_id": 0, "box_caption": "person 0.103", "scores": {"class_score": 0.1026611328125}, "domain": "pixel"}, {"position": {"minX": 530.5, "minY": 330.0, "maxX": 543.5, "maxY": 370.5}, "class_id": 0, "box_caption": "person 0.102", "scores": {"class_score": 0.1019287109375}, "domain": "pixel"}, {"position": {"minX": 298.25, "minY": 111.125, "maxX": 359.25, "maxY": 289.5}, "class_id": 0, "box_caption": "person 0.094", "scores": {"class_score": 0.0938720703125}, "domain": "pixel"}, {"position": {"minX": 184.375, "minY": 127.1875, "maxX": 224.625, "maxY": 217.5}, "class_id": 0, "box_caption": "person 0.092", "scores": {"class_score": 0.092041015625}, "domain": "pixel"}, {"position": {"minX": 208.75, "minY": 155.75, "maxX": 242.25, "maxY": 238.75}, "class_id": 0, "box_caption": "person 0.087", "scores": {"class_score": 0.0872802734375}, "domain": "pixel"}, {"position": {"minX": 17.4375, "minY": 294.5, "maxX": 91.1875, "maxY": 462.5}, "class_id": 0, "box_caption": "person 0.086", "scores": {"class_score": 0.08599853515625}, "domain": "pixel"}, {"position": {"minX": 582.5, "minY": 14.75, "maxX": 674.5, "maxY": 267.5}, "class_id": 0, "box_caption": "person 0.082", "scores": {"class_score": 0.08154296875}, "domain": "pixel"}, {"position": {"minX": 461.25, "minY": 481.25, "maxX": 507.25, "maxY": 565.5}, "class_id": 0, "box_caption": "person 0.065", "scores": {"class_score": 0.06500244140625}, "domain": "pixel"}, {"position": {"minX": 47.75, "minY": 371.25, "maxX": 117.75, "maxY": 462.75}, "class_id": 0, "box_caption": "person 0.065", "scores": {"class_score": 0.06475830078125}, "domain": "pixel"}, {"position": {"minX": 100.9375, "minY": 254.0, "maxX": 116.3125, "maxY": 306.5}, "class_id": 0, "box_caption": "person 0.060", "scores": {"class_score": 0.05987548828125}, "domain": "pixel"}, {"position": {"minX": 204.0, "minY": 456.5, "maxX": 263.75, "maxY": 587.5}, "class_id": 0, "box_caption": "person 0.059", "scores": {"class_score": 0.0592041015625}, "domain": "pixel"}, {"position": {"minX": 166.25, "minY": 131.125, "maxX": 218.25, "maxY": 223.125}, "class_id": 0, "box_caption": "person 0.057", "scores": {"class_score": 0.05718994140625}, "domain": "pixel"}, {"position": {"minX": 167.625, "minY": 141.875, "maxX": 202.875, "maxY": 209.125}, "class_id": 0, "box_caption": "person 0.057", "scores": {"class_score": 0.05706787109375}, "domain": "pixel"}, {"position": {"minX": 93.3125, "minY": 35.25, "maxX": 147.25, "maxY": 210.25}, "class_id": 0, "box_caption": "person 0.056", "scores": {"class_score": 0.055938720703125}, "domain": "pixel"}, {"position": {"minX": 311.25, "minY": 129.75, "maxX": 352.25, "maxY": 215.5}, "class_id": 0, "box_caption": "person 0.055", "scores": {"class_score": 0.05499267578125}, "domain": "pixel"}, {"position": {"minX": 203.0, "minY": 483.75, "maxX": 250.25, "maxY": 584.0}, "class_id": 0, "box_caption": "person 0.053", "scores": {"class_score": 0.05340576171875}, "domain": "pixel"}, {"position": {"minX": 70.0625, "minY": 393.25, "maxX": 115.4375, "maxY": 461.25}, "class_id": 0, "box_caption": "person 0.053", "scores": {"class_score": 0.053009033203125}, "domain": "pixel"}, {"position": {"minX": 208.75, "minY": 172.25, "maxX": 233.5, "maxY": 237.0}, "class_id": 0, "box_caption": "person 0.051", "scores": {"class_score": 0.05145263671875}, "domain": "pixel"}, {"position": {"minX": 453.0, "minY": 473.5, "maxX": 515.5, "maxY": 584.5}, "class_id": 0, "box_caption": "person 0.050", "scores": {"class_score": 0.050048828125}, "domain": "pixel"}, {"position": {"minX": 524.0, "minY": 412.75, "maxX": 543.0, "maxY": 476.25}, "class_id": 0, "box_caption": "person 0.049", "scores": {"class_score": 0.049407958984375}, "domain": "pixel"}, {"position": {"minX": 165.5, "minY": 136.25, "maxX": 192.0, "maxY": 203.5}, "class_id": 0, "box_caption": "person 0.049", "scores": {"class_score": 0.049041748046875}, "domain": "pixel"}, {"position": {"minX": 607.0, "minY": 16.625, "maxX": 664.0, "maxY": 156.75}, "class_id": 0, "box_caption": "person 0.046", "scores": {"class_score": 0.04620361328125}, "domain": "pixel"}, {"position": {"minX": 270.75, "minY": 496.0, "maxX": 317.75, "maxY": 588.0}, "class_id": 0, "box_caption": "person 0.044", "scores": {"class_score": 0.04443359375}, "domain": "pixel"}, {"position": {"minX": 197.125, "minY": 139.5, "maxX": 227.375, "maxY": 218.5}, "class_id": 0, "box_caption": "person 0.043", "scores": {"class_score": 0.043365478515625}, "domain": "pixel"}, {"position": {"minX": 509.5, "minY": 323.25, "maxX": 520.5, "maxY": 353.25}, "class_id": 0, "box_caption": "person 0.040", "scores": {"class_score": 0.040252685546875}, "domain": "pixel"}, {"position": {"minX": 526.0, "minY": 424.25, "maxX": 546.0, "maxY": 483.25}, "class_id": 0, "box_caption": "person 0.038", "scores": {"class_score": 0.03790283203125}, "domain": "pixel"}, {"position": {"minX": 112.0625, "minY": 235.0, "maxX": 138.25, "maxY": 295.5}, "class_id": 0, "box_caption": "person 0.038", "scores": {"class_score": 0.03753662109375}, "domain": "pixel"}, {"position": {"minX": 469.75, "minY": 476.75, "maxX": 504.75, "maxY": 548.0}, "class_id": 0, "box_caption": "person 0.038", "scores": {"class_score": 0.03753662109375}, "domain": "pixel"}, {"position": {"minX": 495.25, "minY": 321.75, "maxX": 511.75, "maxY": 361.75}, "class_id": 0, "box_caption": "person 0.036", "scores": {"class_score": 0.035736083984375}, "domain": "pixel"}, {"position": {"minX": 22.15625, "minY": 348.5, "maxX": 95.0, "maxY": 488.5}, "class_id": 0, "box_caption": "person 0.035", "scores": {"class_score": 0.034820556640625}, "domain": "pixel"}, {"position": {"minX": 208.5, "minY": 394.5, "maxX": 312.5, "maxY": 592.5}, "class_id": 0, "box_caption": "person 0.034", "scores": {"class_score": 0.03436279296875}, "domain": "pixel"}, {"position": {"minX": 492.5, "minY": 320.0, "maxX": 505.5, "maxY": 360.0}, "class_id": 0, "box_caption": "person 0.034", "scores": {"class_score": 0.0341796875}, "domain": "pixel"}, {"position": {"minX": 11.71875, "minY": 247.75, "maxX": 79.75, "maxY": 446.25}, "class_id": 0, "box_caption": "person 0.034", "scores": {"class_score": 0.033966064453125}, "domain": "pixel"}, {"position": {"minX": 476.5, "minY": 489.0, "maxX": 511.0, "maxY": 551.0}, "class_id": 0, "box_caption": "person 0.033", "scores": {"class_score": 0.032958984375}, "domain": "pixel"}, {"position": {"minX": 203.0, "minY": 167.25, "maxX": 237.0, "maxY": 246.0}, "class_id": 0, "box_caption": "person 0.033", "scores": {"class_score": 0.03271484375}, "domain": "pixel"}, {"position": {"minX": 502.5, "minY": 320.75, "maxX": 516.5, "maxY": 356.75}, "class_id": 0, "box_caption": "person 0.031", "scores": {"class_score": 0.030792236328125}, "domain": "pixel"}, {"position": {"minX": 240.125, "minY": 26.5625, "maxX": 299.0, "maxY": 204.5}, "class_id": 0, "box_caption": "person 0.030", "scores": {"class_score": 0.03033447265625}, "domain": "pixel"}, {"position": {"minX": 535.5, "minY": 329.75, "maxX": 552.5, "maxY": 388.75}, "class_id": 0, "box_caption": "person 0.029", "scores": {"class_score": 0.02947998046875}, "domain": "pixel"}, {"position": {"minX": 221.375, "minY": 230.875, "maxX": 241.125, "maxY": 279.5}, "class_id": 0, "box_caption": "person 0.029", "scores": {"class_score": 0.0289306640625}, "domain": "pixel"}, {"position": {"minX": 188.375, "minY": 327.0, "maxX": 244.125, "maxY": 481.5}, "class_id": 0, "box_caption": "person 0.029", "scores": {"class_score": 0.0287628173828125}, "domain": "pixel"}, {"position": {"minX": 533.0, "minY": 318.25, "maxX": 554.0, "maxY": 375.75}, "class_id": 0, "box_caption": "person 0.027", "scores": {"class_score": 0.026763916015625}, "domain": "pixel"}, {"position": {"minX": 307.5, "minY": 133.375, "maxX": 340.0, "maxY": 211.125}, "class_id": 0, "box_caption": "person 0.027", "scores": {"class_score": 0.02655029296875}, "domain": "pixel"}, {"position": {"minX": 549.5, "minY": 10.75, "maxX": 664.5, "maxY": 342.75}, "class_id": 0, "box_caption": "person 0.026", "scores": {"class_score": 0.026153564453125}, "domain": "pixel"}, {"position": {"minX": 96.25, "minY": 71.6875, "maxX": 136.625, "maxY": 202.25}, "class_id": 0, "box_caption": "person 0.026", "scores": {"class_score": 0.0256195068359375}, "domain": "pixel"}, {"position": {"minX": 234.5, "minY": 475.25, "maxX": 318.5, "maxY": 589.5}, "class_id": 0, "box_caption": "person 0.025", "scores": {"class_score": 0.0253753662109375}, "domain": "pixel"}, {"position": {"minX": 15.40625, "minY": 337.25, "maxX": 141.875, "maxY": 661.0}, "class_id": 0, "box_caption": "person 0.025", "scores": {"class_score": 0.0253753662109375}, "domain": "pixel"}, {"position": {"minX": 98.625, "minY": 64.4375, "maxX": 160.875, "maxY": 218.5}, "class_id": 0, "box_caption": "person 0.025", "scores": {"class_score": 0.0252685546875}, "domain": "pixel"}, {"position": {"minX": 191.5, "minY": 117.5, "maxX": 232.25, "maxY": 207.0}, "class_id": 0, "box_caption": "person 0.025", "scores": {"class_score": 0.025177001953125}, "domain": "pixel"}, {"position": {"minX": 188.125, "minY": 330.75, "maxX": 261.0, "maxY": 536.0}, "class_id": 0, "box_caption": "person 0.025", "scores": {"class_score": 0.0250396728515625}, "domain": "pixel"}, {"position": {"minX": 284.5, "minY": 495.5, "maxX": 324.0, "maxY": 583.5}, "class_id": 0, "box_caption": "person 0.025", "scores": {"class_score": 0.0247955322265625}, "domain": "pixel"}, {"position": {"minX": 516.0, "minY": 491.5, "maxX": 527.0, "maxY": 522.5}, "class_id": 0, "box_caption": "person 0.024", "scores": {"class_score": 0.0244293212890625}, "domain": "pixel"}, {"position": {"minX": 274.75, "minY": 75.5625, "maxX": 343.25, "maxY": 218.5}, "class_id": 0, "box_caption": "person 0.024", "scores": {"class_score": 0.0243377685546875}, "domain": "pixel"}, {"position": {"minX": 202.375, "minY": 177.5, "maxX": 227.125, "maxY": 243.75}, "class_id": 0, "box_caption": "person 0.024", "scores": {"class_score": 0.024139404296875}, "domain": "pixel"}, {"position": {"minX": 529.0, "minY": 409.25, "maxX": 548.0, "maxY": 479.25}, "class_id": 0, "box_caption": "person 0.024", "scores": {"class_score": 0.0236053466796875}, "domain": "pixel"}, {"position": {"minX": 15.625, "minY": 268.25, "maxX": 38.46875, "maxY": 328.25}, "class_id": 0, "box_caption": "person 0.023", "scores": {"class_score": 0.02337646484375}, "domain": "pixel"}, {"position": {"minX": 605.5, "minY": 15.375, "maxX": 664.5, "maxY": 326.5}, "class_id": 0, "box_caption": "person 0.023", "scores": {"class_score": 0.0230712890625}, "domain": "pixel"}, {"position": {"minX": 488.0, "minY": 316.5, "maxX": 503.5, "maxY": 358.5}, "class_id": 0, "box_caption": "person 0.023", "scores": {"class_score": 0.02288818359375}, "domain": "pixel"}, {"position": {"minX": 185.375, "minY": 384.5, "maxX": 272.0, "maxY": 607.5}, "class_id": 0, "box_caption": "person 0.023", "scores": {"class_score": 0.02288818359375}, "domain": "pixel"}, {"position": {"minX": 72.625, "minY": 368.5, "maxX": 123.75, "maxY": 460.5}, "class_id": 0, "box_caption": "person 0.022", "scores": {"class_score": 0.021697998046875}, "domain": "pixel"}, {"position": {"minX": 536.5, "minY": 451.75, "maxX": 554.5, "maxY": 497.75}, "class_id": 0, "box_caption": "person 0.021", "scores": {"class_score": 0.0214080810546875}, "domain": "pixel"}, {"position": {"minX": 18.109375, "minY": 236.125, "maxX": 63.625, "maxY": 375.0}, "class_id": 0, "box_caption": "person 0.021", "scores": {"class_score": 0.0207977294921875}, "domain": "pixel"}, {"position": {"minX": 531.5, "minY": 440.5, "maxX": 549.5, "maxY": 502.5}, "class_id": 0, "box_caption": "person 0.020", "scores": {"class_score": 0.0202484130859375}, "domain": "pixel"}, {"position": {"minX": 21.8125, "minY": 266.5, "maxX": 53.1875, "maxY": 327.5}, "class_id": 0, "box_caption": "person 0.020", "scores": {"class_score": 0.0199432373046875}, "domain": "pixel"}, {"position": {"minX": 300.75, "minY": 89.875, "maxX": 361.75, "maxY": 218.125}, "class_id": 0, "box_caption": "person 0.020", "scores": {"class_score": 0.019866943359375}, "domain": "pixel"}, {"position": {"minX": 583.5, "minY": 69.0, "maxX": 663.5, "maxY": 407.5}, "class_id": 0, "box_caption": "person 0.020", "scores": {"class_score": 0.019866943359375}, "domain": "pixel"}, {"position": {"minX": 498.0, "minY": 384.75, "maxX": 512.0, "maxY": 439.75}, "class_id": 0, "box_caption": "person 0.019", "scores": {"class_score": 0.0193023681640625}, "domain": "pixel"}, {"position": {"minX": 87.6875, "minY": 77.9375, "maxX": 137.0, "maxY": 249.5}, "class_id": 0, "box_caption": "person 0.019", "scores": {"class_score": 0.0192718505859375}, "domain": "pixel"}, {"position": {"minX": 149.875, "minY": 107.375, "maxX": 220.625, "maxY": 215.125}, "class_id": 0, "box_caption": "person 0.019", "scores": {"class_score": 0.0187225341796875}, "domain": "pixel"}, {"position": {"minX": 102.875, "minY": 245.75, "maxX": 129.125, "maxY": 302.75}, "class_id": 0, "box_caption": "person 0.018", "scores": {"class_score": 0.0182952880859375}, "domain": "pixel"}, {"position": {"minX": 147.5, "minY": 330.25, "maxX": 164.0, "maxY": 398.75}, "class_id": 0, "box_caption": "person 0.018", "scores": {"class_score": 0.0182952880859375}, "domain": "pixel"}, {"position": {"minX": 500.5, "minY": 267.25, "maxX": 512.5, "maxY": 319.75}, "class_id": 0, "box_caption": "person 0.018", "scores": {"class_score": 0.0177154541015625}, "domain": "pixel"}, {"position": {"minX": 58.0625, "minY": 344.0, "maxX": 124.0625, "maxY": 473.5}, "class_id": 0, "box_caption": "person 0.018", "scores": {"class_score": 0.017578125}, "domain": "pixel"}, {"position": {"minX": 530.0, "minY": 368.25, "maxX": 546.0, "maxY": 424.75}, "class_id": 0, "box_caption": "person 0.017", "scores": {"class_score": 0.0173797607421875}, "domain": "pixel"}, {"position": {"minX": 205.5, "minY": 84.4375, "maxX": 269.25, "maxY": 227.25}, "class_id": 0, "box_caption": "person 0.017", "scores": {"class_score": 0.017303466796875}, "domain": "pixel"}, {"position": {"minX": 220.75, "minY": 174.625, "maxX": 241.75, "maxY": 229.125}, "class_id": 0, "box_caption": "person 0.017", "scores": {"class_score": 0.017181396484375}, "domain": "pixel"}, {"position": {"minX": 10.453125, "minY": 209.625, "maxX": 70.9375, "maxY": 401.5}, "class_id": 0, "box_caption": "person 0.017", "scores": {"class_score": 0.01678466796875}, "domain": "pixel"}, {"position": {"minX": 123.4375, "minY": 234.875, "maxX": 139.0, "maxY": 275.25}, "class_id": 0, "box_caption": "person 0.017", "scores": {"class_score": 0.0165252685546875}, "domain": "pixel"}, {"position": {"minX": 153.25, "minY": 103.125, "maxX": 261.75, "maxY": 257.0}, "class_id": 0, "box_caption": "person 0.016", "scores": {"class_score": 0.0161590576171875}, "domain": "pixel"}, {"position": {"minX": 162.5, "minY": 144.5, "maxX": 186.5, "maxY": 210.75}, "class_id": 0, "box_caption": "person 0.016", "scores": {"class_score": 0.015777587890625}, "domain": "pixel"}, {"position": {"minX": 99.5625, "minY": 15.0625, "maxX": 153.125, "maxY": 172.75}, "class_id": 0, "box_caption": "person 0.016", "scores": {"class_score": 0.01560211181640625}, "domain": "pixel"}, {"position": {"minX": 253.75, "minY": 25.875, "maxX": 329.75, "maxY": 208.75}, "class_id": 0, "box_caption": "person 0.015", "scores": {"class_score": 0.0153656005859375}, "domain": "pixel"}, {"position": {"minX": 528.0, "minY": 371.75, "maxX": 544.0, "maxY": 440.75}, "class_id": 0, "box_caption": "person 0.015", "scores": {"class_score": 0.01490020751953125}, "domain": "pixel"}, {"position": {"minX": 152.5, "minY": 131.875, "maxX": 219.25, "maxY": 265.5}, "class_id": 0, "box_caption": "person 0.015", "scores": {"class_score": 0.01483917236328125}, "domain": "pixel"}, {"position": {"minX": 135.125, "minY": 147.25, "maxX": 160.875, "maxY": 190.0}, "class_id": 0, "box_caption": "person 0.015", "scores": {"class_score": 0.0147857666015625}, "domain": "pixel"}, {"position": {"minX": 443.5, "minY": 450.0, "maxX": 511.5, "maxY": 569.0}, "class_id": 0, "box_caption": "person 0.015", "scores": {"class_score": 0.01473236083984375}, "domain": "pixel"}, {"position": {"minX": 208.25, "minY": 351.25, "maxX": 264.5, "maxY": 526.0}, "class_id": 0, "box_caption": "person 0.015", "scores": {"class_score": 0.014617919921875}, "domain": "pixel"}, {"position": {"minX": 519.0, "minY": 281.25, "maxX": 529.0, "maxY": 314.25}, "class_id": 0, "box_caption": "person 0.014", "scores": {"class_score": 0.0144500732421875}, "domain": "pixel"}, {"position": {"minX": 318.25, "minY": 114.6875, "maxX": 360.25, "maxY": 204.25}, "class_id": 0, "box_caption": "person 0.014", "scores": {"class_score": 0.0143890380859375}, "domain": "pixel"}, {"position": {"minX": 23.125, "minY": 530.0, "maxX": 140.25, "maxY": 657.0}, "class_id": 0, "box_caption": "person 0.014", "scores": {"class_score": 0.01433563232421875}, "domain": "pixel"}, {"position": {"minX": 162.75, "minY": 128.0, "maxX": 210.25, "maxY": 197.5}, "class_id": 0, "box_caption": "person 0.014", "scores": {"class_score": 0.01422882080078125}, "domain": "pixel"}, {"position": {"minX": 34.15625, "minY": 261.25, "maxX": 61.28125, "maxY": 327.25}, "class_id": 0, "box_caption": "person 0.014", "scores": {"class_score": 0.01406097412109375}, "domain": "pixel"}, {"position": {"minX": 41.3125, "minY": 297.25, "maxX": 91.8125, "maxY": 433.25}, "class_id": 0, "box_caption": "person 0.014", "scores": {"class_score": 0.01406097412109375}, "domain": "pixel"}, {"position": {"minX": 514.5, "minY": 12.5625, "maxX": 569.5, "maxY": 98.3125}, "class_id": 0, "box_caption": "person 0.014", "scores": {"class_score": 0.01406097412109375}, "domain": "pixel"}, {"position": {"minX": 513.0, "minY": 324.0, "maxX": 524.0, "maxY": 351.5}, "class_id": 0, "box_caption": "person 0.014", "scores": {"class_score": 0.01363372802734375}, "domain": "pixel"}, {"position": {"minX": 527.5, "minY": 378.0, "maxX": 538.5, "maxY": 418.0}, "class_id": 0, "box_caption": "person 0.014", "scores": {"class_score": 0.01358795166015625}, "domain": "pixel"}, {"position": {"minX": 82.5625, "minY": 391.5, "maxX": 111.6875, "maxY": 454.5}, "class_id": 0, "box_caption": "person 0.013", "scores": {"class_score": 0.013427734375}, "domain": "pixel"}, {"position": {"minX": 243.375, "minY": 24.5, "maxX": 293.5, "maxY": 151.25}, "class_id": 0, "box_caption": "person 0.013", "scores": {"class_score": 0.013427734375}, "domain": "pixel"}, {"position": {"minX": 131.25, "minY": 136.75, "maxX": 152.75, "maxY": 193.25}, "class_id": 0, "box_caption": "person 0.013", "scores": {"class_score": 0.01302337646484375}, "domain": "pixel"}, {"position": {"minX": 191.625, "minY": 160.625, "maxX": 244.125, "maxY": 292.5}, "class_id": 0, "box_caption": "person 0.013", "scores": {"class_score": 0.012969970703125}, "domain": "pixel"}, {"position": {"minX": 206.25, "minY": 169.75, "maxX": 252.75, "maxY": 280.25}, "class_id": 0, "box_caption": "person 0.013", "scores": {"class_score": 0.0129241943359375}, "domain": "pixel"}, {"position": {"minX": 221.375, "minY": 242.125, "maxX": 238.125, "maxY": 275.0}, "class_id": 0, "box_caption": "person 0.013", "scores": {"class_score": 0.01287078857421875}, "domain": "pixel"}, {"position": {"minX": 440.0, "minY": 474.75, "maxX": 530.0, "maxY": 627.0}, "class_id": 0, "box_caption": "person 0.013", "scores": {"class_score": 0.01282501220703125}, "domain": "pixel"}, {"position": {"minX": 207.5, "minY": 132.125, "maxX": 246.25, "maxY": 226.375}, "class_id": 0, "box_caption": "person 0.013", "scores": {"class_score": 0.0127716064453125}, "domain": "pixel"}, {"position": {"minX": 523.5, "minY": 430.25, "maxX": 540.5, "maxY": 483.75}, "class_id": 0, "box_caption": "person 0.013", "scores": {"class_score": 0.01267242431640625}, "domain": "pixel"}, {"position": {"minX": 540.5, "minY": 459.75, "maxX": 556.5, "maxY": 499.25}, "class_id": 0, "box_caption": "person 0.013", "scores": {"class_score": 0.01262664794921875}, "domain": "pixel"}, {"position": {"minX": 321.5, "minY": 106.5, "maxX": 367.0, "maxY": 248.0}, "class_id": 0, "box_caption": "person 0.012", "scores": {"class_score": 0.01242828369140625}, "domain": "pixel"}, {"position": {"minX": 499.75, "minY": 252.875, "maxX": 517.5, "maxY": 313.0}, "class_id": 0, "box_caption": "person 0.012", "scores": {"class_score": 0.01238250732421875}, "domain": "pixel"}, {"position": {"minX": 180.75, "minY": 434.25, "maxX": 299.75, "maxY": 606.5}, "class_id": 0, "box_caption": "person 0.012", "scores": {"class_score": 0.01238250732421875}, "domain": "pixel"}, {"position": {"minX": 530.0, "minY": 422.75, "maxX": 554.0, "maxY": 492.25}, "class_id": 0, "box_caption": "person 0.012", "scores": {"class_score": 0.01233673095703125}, "domain": "pixel"}, {"position": {"minX": 499.5, "minY": 372.5, "maxX": 512.0, "maxY": 421.0}, "class_id": 0, "box_caption": "person 0.012", "scores": {"class_score": 0.0121002197265625}, "domain": "pixel"}, {"position": {"minX": 14.375, "minY": 303.0, "maxX": 99.8125, "maxY": 632.0}, "class_id": 0, "box_caption": "person 0.012", "scores": {"class_score": 0.0121002197265625}, "domain": "pixel"}, {"position": {"minX": 221.25, "minY": 158.75, "maxX": 250.25, "maxY": 236.5}, "class_id": 0, "box_caption": "person 0.012", "scores": {"class_score": 0.011962890625}, "domain": "pixel"}, {"position": {"minX": 92.8125, "minY": 102.6875, "maxX": 126.1875, "maxY": 226.75}, "class_id": 0, "box_caption": "person 0.012", "scores": {"class_score": 0.011962890625}, "domain": "pixel"}, {"position": {"minX": 559.0, "minY": 23.875, "maxX": 661.0, "maxY": 208.375}, "class_id": 0, "box_caption": "person 0.012", "scores": {"class_score": 0.0118255615234375}, "domain": "pixel"}, {"position": {"minX": 496.75, "minY": 399.0, "maxX": 512.5, "maxY": 453.0}, "class_id": 0, "box_caption": "person 0.012", "scores": {"class_score": 0.01177978515625}, "domain": "pixel"}, {"position": {"minX": 505.5, "minY": 10.4375, "maxX": 572.5, "maxY": 147.0}, "class_id": 0, "box_caption": "person 0.012", "scores": {"class_score": 0.0115966796875}, "domain": "pixel"}, {"position": {"minX": 504.25, "minY": 178.5, "maxX": 553.5, "maxY": 320.25}, "class_id": 0, "box_caption": "person 0.012", "scores": {"class_score": 0.0115966796875}, "domain": "pixel"}, {"position": {"minX": 99.0625, "minY": 241.75, "maxX": 119.9375, "maxY": 301.25}, "class_id": 0, "box_caption": "person 0.012", "scores": {"class_score": 0.0115509033203125}, "domain": "pixel"}, {"position": {"minX": 343.25, "minY": 378.0, "maxX": 394.75, "maxY": 554.5}, "class_id": 0, "box_caption": "person 0.012", "scores": {"class_score": 0.011505126953125}, "domain": "pixel"}, {"position": {"minX": 222.625, "minY": 30.1875, "maxX": 287.0, "maxY": 212.5}, "class_id": 0, "box_caption": "person 0.011", "scores": {"class_score": 0.01132965087890625}, "domain": "pixel"}, {"position": {"minX": 101.375, "minY": 267.75, "maxX": 115.125, "maxY": 315.25}, "class_id": 0, "box_caption": "person 0.011", "scores": {"class_score": 0.0112457275390625}, "domain": "pixel"}, {"position": {"minX": 507.25, "minY": 246.0, "maxX": 530.5, "maxY": 315.0}, "class_id": 0, "box_caption": "person 0.011", "scores": {"class_score": 0.01107025146484375}, "domain": "pixel"}, {"position": {"minX": 497.75, "minY": 332.0, "maxX": 511.25, "maxY": 384.5}, "class_id": 0, "box_caption": "person 0.011", "scores": {"class_score": 0.01107025146484375}, "domain": "pixel"}, {"position": {"minX": 619.0, "minY": 7.96875, "maxX": 667.0, "maxY": 109.75}, "class_id": 0, "box_caption": "person 0.011", "scores": {"class_score": 0.0110321044921875}, "domain": "pixel"}, {"position": {"minX": 301.0, "minY": 124.75, "maxX": 341.0, "maxY": 240.5}, "class_id": 0, "box_caption": "person 0.011", "scores": {"class_score": 0.010986328125}, "domain": "pixel"}, {"position": {"minX": 500.0, "minY": 402.25, "maxX": 512.5, "maxY": 439.25}, "class_id": 0, "box_caption": "person 0.011", "scores": {"class_score": 0.01094818115234375}, "domain": "pixel"}, {"position": {"minX": 281.75, "minY": 172.125, "maxX": 349.75, "maxY": 292.5}, "class_id": 0, "box_caption": "person 0.011", "scores": {"class_score": 0.01094818115234375}, "domain": "pixel"}, {"position": {"minX": 517.0, "minY": 265.75, "maxX": 530.0, "maxY": 320.75}, "class_id": 0, "box_caption": "person 0.011", "scores": {"class_score": 0.01078033447265625}, "domain": "pixel"}, {"position": {"minX": 194.25, "minY": 146.0, "maxX": 219.75, "maxY": 227.25}, "class_id": 0, "box_caption": "person 0.011", "scores": {"class_score": 0.01073455810546875}, "domain": "pixel"}, {"position": {"minX": 14.296875, "minY": 316.5, "maxX": 71.3125, "maxY": 473.0}, "class_id": 0, "box_caption": "person 0.011", "scores": {"class_score": 0.010650634765625}, "domain": "pixel"}, {"position": {"minX": 537.5, "minY": 334.0, "maxX": 555.5, "maxY": 411.0}, "class_id": 0, "box_caption": "person 0.011", "scores": {"class_score": 0.01056671142578125}, "domain": "pixel"}, {"position": {"minX": 367.25, "minY": 13.40625, "maxX": 395.75, "maxY": 71.125}, "class_id": 0, "box_caption": "person 0.010", "scores": {"class_score": 0.01049041748046875}, "domain": "pixel"}, {"position": {"minX": 26.4375, "minY": 256.75, "maxX": 59.0625, "maxY": 341.75}, "class_id": 0, "box_caption": "person 0.010", "scores": {"class_score": 0.0104522705078125}, "domain": "pixel"}, {"position": {"minX": 523.5, "minY": 399.25, "maxX": 537.5, "maxY": 462.25}, "class_id": 0, "box_caption": "person 0.010", "scores": {"class_score": 0.0104522705078125}, "domain": "pixel"}, {"position": {"minX": 109.25, "minY": 112.5, "maxX": 175.0, "maxY": 227.0}, "class_id": 0, "box_caption": "person 0.010", "scores": {"class_score": 0.0104522705078125}, "domain": "pixel"}, {"position": {"minX": 509.0, "minY": 397.0, "maxX": 527.0, "maxY": 456.0}, "class_id": 0, "box_caption": "person 0.010", "scores": {"class_score": 0.0103302001953125}, "domain": "pixel"}, {"position": {"minX": 239.875, "minY": 95.6875, "maxX": 299.5, "maxY": 246.25}, "class_id": 0, "box_caption": "person 0.010", "scores": {"class_score": 0.01024627685546875}, "domain": "pixel"}, {"position": {"minX": 217.5, "minY": 338.0, "maxX": 306.0, "maxY": 544.0}, "class_id": 0, "box_caption": "person 0.010", "scores": {"class_score": 0.01009368896484375}, "domain": "pixel"}, {"position": {"minX": 193.0, "minY": 334.75, "maxX": 234.5, "maxY": 433.25}, "class_id": 0, "box_caption": "person 0.010", "scores": {"class_score": 0.01009368896484375}, "domain": "pixel"}, {"position": {"minX": 306.5, "minY": 120.25, "maxX": 343.5, "maxY": 193.75}, "class_id": 0, "box_caption": "person 0.010", "scores": {"class_score": 0.00997161865234375}, "domain": "pixel"}, {"position": {"minX": 495.25, "minY": 402.5, "maxX": 506.75, "maxY": 442.0}, "class_id": 0, "box_caption": "person 0.010", "scores": {"class_score": 0.00997161865234375}, "domain": "pixel"}, {"position": {"minX": 87.125, "minY": 395.5, "maxX": 118.875, "maxY": 460.0}, "class_id": 0, "box_caption": "person 0.010", "scores": {"class_score": 0.00997161865234375}, "domain": "pixel"}, {"position": {"minX": 521.5, "minY": 423.5, "maxX": 533.5, "maxY": 479.5}, "class_id": 0, "box_caption": "person 0.010", "scores": {"class_score": 0.009857177734375}, "domain": "pixel"}, {"position": {"minX": 262.0, "minY": 510.75, "maxX": 308.0, "maxY": 586.0}, "class_id": 0, "box_caption": "person 0.010", "scores": {"class_score": 0.009857177734375}, "domain": "pixel"}, {"position": {"minX": 575.5, "minY": 12.4375, "maxX": 677.5, "maxY": 173.75}, "class_id": 0, "box_caption": "person 0.010", "scores": {"class_score": 0.00974273681640625}, "domain": "pixel"}, {"position": {"minX": 532.5, "minY": 454.25, "maxX": 550.5, "maxY": 494.25}, "class_id": 0, "box_caption": "person 0.010", "scores": {"class_score": 0.00971221923828125}, "domain": "pixel"}, {"position": {"minX": 506.0, "minY": 221.0, "maxX": 535.0, "maxY": 313.5}, "class_id": 0, "box_caption": "person 0.010", "scores": {"class_score": 0.00971221923828125}, "domain": "pixel"}, {"position": {"minX": 27.78125, "minY": 344.0, "maxX": 133.875, "maxY": 496.5}, "class_id": 0, "box_caption": "person 0.010", "scores": {"class_score": 0.00971221923828125}, "domain": "pixel"}, {"position": {"minX": 96.9375, "minY": 248.25, "maxX": 112.3125, "maxY": 303.25}, "class_id": 0, "box_caption": "person 0.010", "scores": {"class_score": 0.009674072265625}, "domain": "pixel"}, {"position": {"minX": 546.0, "minY": 86.75, "maxX": 645.0, "maxY": 398.0}, "class_id": 0, "box_caption": "person 0.010", "scores": {"class_score": 0.009674072265625}, "domain": "pixel"}, {"position": {"minX": 31.21875, "minY": 348.5, "maxX": 126.75, "maxY": 577.0}, "class_id": 0, "box_caption": "person 0.010", "scores": {"class_score": 0.00955963134765625}, "domain": "pixel"}, {"position": {"minX": 166.75, "minY": 148.125, "maxX": 184.0, "maxY": 193.625}, "class_id": 0, "box_caption": "person 0.009", "scores": {"class_score": 0.0094146728515625}, "domain": "pixel"}, {"position": {"minX": 515.5, "minY": 243.0, "maxX": 532.5, "maxY": 309.0}, "class_id": 0, "box_caption": "person 0.009", "scores": {"class_score": 0.00926971435546875}, "domain": "pixel"}, {"position": {"minX": 482.5, "minY": 316.0, "maxX": 500.0, "maxY": 352.5}, "class_id": 0, "box_caption": "person 0.009", "scores": {"class_score": 0.00926971435546875}, "domain": "pixel"}, {"position": {"minX": 27.046875, "minY": 267.25, "maxX": 82.875, "maxY": 424.25}, "class_id": 0, "box_caption": "person 0.009", "scores": {"class_score": 0.0092315673828125}, "domain": "pixel"}, {"position": {"minX": 23.6875, "minY": 456.25, "maxX": 149.75, "maxY": 656.5}, "class_id": 0, "box_caption": "person 0.009", "scores": {"class_score": 0.00919342041015625}, "domain": "pixel"}, {"position": {"minX": 99.125, "minY": 97.375, "maxX": 128.125, "maxY": 183.875}, "class_id": 0, "box_caption": "person 0.009", "scores": {"class_score": 0.00908660888671875}, "domain": "pixel"}, {"position": {"minX": 514.5, "minY": 386.75, "maxX": 551.5, "maxY": 487.75}, "class_id": 0, "box_caption": "person 0.009", "scores": {"class_score": 0.00905609130859375}, "domain": "pixel"}, {"position": {"minX": 598.0, "minY": 6.40625, "maxX": 671.0, "maxY": 119.5}, "class_id": 0, "box_caption": "person 0.009", "scores": {"class_score": 0.0090179443359375}, "domain": "pixel"}, {"position": {"minX": 508.75, "minY": 317.75, "maxX": 524.0, "maxY": 357.25}, "class_id": 0, "box_caption": "person 0.009", "scores": {"class_score": 0.0089874267578125}, "domain": "pixel"}, {"position": {"minX": 258.0, "minY": 112.0, "maxX": 369.5, "maxY": 307.0}, "class_id": 0, "box_caption": "person 0.009", "scores": {"class_score": 0.00891876220703125}, "domain": "pixel"}, {"position": {"minX": 531.0, "minY": 378.75, "maxX": 543.0, "maxY": 413.75}, "class_id": 0, "box_caption": "person 0.009", "scores": {"class_score": 0.00885009765625}, "domain": "pixel"}, {"position": {"minX": 524.5, "minY": 381.25, "maxX": 545.5, "maxY": 479.75}, "class_id": 0, "box_caption": "person 0.009", "scores": {"class_score": 0.00878143310546875}, "domain": "pixel"}, {"position": {"minX": 257.75, "minY": 418.25, "maxX": 334.25, "maxY": 588.5}, "class_id": 0, "box_caption": "person 0.009", "scores": {"class_score": 0.00867462158203125}, "domain": "pixel"}, {"position": {"minX": 281.25, "minY": 92.4375, "maxX": 379.25, "maxY": 271.5}, "class_id": 0, "box_caption": "person 0.009", "scores": {"class_score": 0.00864410400390625}, "domain": "pixel"}, {"position": {"minX": 418.5, "minY": 26.53125, "maxX": 468.0, "maxY": 137.5}, "class_id": 0, "box_caption": "person 0.009", "scores": {"class_score": 0.008514404296875}, "domain": "pixel"}, {"position": {"minX": 42.90625, "minY": 59.0, "maxX": 134.875, "maxY": 236.0}, "class_id": 0, "box_caption": "person 0.009", "scores": {"class_score": 0.008514404296875}, "domain": "pixel"}, {"position": {"minX": 202.75, "minY": 451.75, "maxX": 331.25, "maxY": 603.0}, "class_id": 0, "box_caption": "person 0.009", "scores": {"class_score": 0.008514404296875}, "domain": "pixel"}, {"position": {"minX": 211.5, "minY": 181.625, "maxX": 231.0, "maxY": 227.125}, "class_id": 0, "box_caption": "person 0.008", "scores": {"class_score": 0.00847625732421875}, "domain": "pixel"}, {"position": {"minX": 194.0, "minY": 480.75, "maxX": 274.0, "maxY": 604.5}, "class_id": 0, "box_caption": "person 0.008", "scores": {"class_score": 0.00847625732421875}, "domain": "pixel"}, {"position": {"minX": 317.0, "minY": 126.875, "maxX": 377.5, "maxY": 285.5}, "class_id": 0, "box_caption": "person 0.008", "scores": {"class_score": 0.00844573974609375}, "domain": "pixel"}, {"position": {"minX": 175.125, "minY": 447.5, "maxX": 186.625, "maxY": 475.5}, "class_id": 0, "box_caption": "person 0.008", "scores": {"class_score": 0.00841522216796875}, "domain": "pixel"}, {"position": {"minX": 518.0, "minY": 412.0, "maxX": 552.0, "maxY": 504.5}, "class_id": 0, "box_caption": "person 0.008", "scores": {"class_score": 0.0083160400390625}, "domain": "pixel"}, {"position": {"minX": 222.875, "minY": 240.125, "maxX": 247.875, "maxY": 279.75}, "class_id": 0, "box_caption": "person 0.008", "scores": {"class_score": 0.0082550048828125}, "domain": "pixel"}, {"position": {"minX": 218.0, "minY": 346.0, "maxX": 335.0, "maxY": 598.0}, "class_id": 0, "box_caption": "person 0.008", "scores": {"class_score": 0.0082550048828125}, "domain": "pixel"}, {"position": {"minX": 104.0, "minY": 228.25, "maxX": 138.375, "maxY": 305.25}, "class_id": 0, "box_caption": "person 0.008", "scores": {"class_score": 0.00818634033203125}, "domain": "pixel"}, {"position": {"minX": 522.5, "minY": 144.875, "maxX": 584.5, "maxY": 345.5}, "class_id": 0, "box_caption": "person 0.008", "scores": {"class_score": 0.00815582275390625}, "domain": "pixel"}, {"position": {"minX": 531.5, "minY": 437.0, "maxX": 546.5, "maxY": 482.0}, "class_id": 0, "box_caption": "person 0.008", "scores": {"class_score": 0.00806427001953125}, "domain": "pixel"}, {"position": {"minX": 3.296875, "minY": 218.5, "maxX": 62.125, "maxY": 462.5}, "class_id": 0, "box_caption": "person 0.008", "scores": {"class_score": 0.00806427001953125}, "domain": "pixel"}, {"position": {"minX": 80.0625, "minY": 18.25, "maxX": 190.5, "maxY": 217.25}, "class_id": 0, "box_caption": "person 0.008", "scores": {"class_score": 0.00806427001953125}, "domain": "pixel"}, {"position": {"minX": 492.75, "minY": 276.25, "maxX": 510.25, "maxY": 320.25}, "class_id": 0, "box_caption": "person 0.008", "scores": {"class_score": 0.00800323486328125}, "domain": "pixel"}, {"position": {"minX": 213.0, "minY": 371.25, "maxX": 255.25, "maxY": 479.75}, "class_id": 0, "box_caption": "person 0.008", "scores": {"class_score": 0.00787353515625}, "domain": "pixel"}, {"position": {"minX": 178.125, "minY": 293.25, "maxX": 294.75, "maxY": 523.5}, "class_id": 0, "box_caption": "person 0.008", "scores": {"class_score": 0.00787353515625}, "domain": "pixel"}, {"position": {"minX": 471.75, "minY": 494.0, "maxX": 518.0, "maxY": 565.0}, "class_id": 0, "box_caption": "person 0.008", "scores": {"class_score": 0.0078125}, "domain": "pixel"}, {"position": {"minX": 495.0, "minY": 372.0, "maxX": 514.5, "maxY": 452.0}, "class_id": 0, "box_caption": "person 0.008", "scores": {"class_score": 0.00763702392578125}, "domain": "pixel"}, {"position": {"minX": 502.0, "minY": 241.25, "maxX": 515.0, "maxY": 298.75}, "class_id": 0, "box_caption": "person 0.008", "scores": {"class_score": 0.00760650634765625}, "domain": "pixel"}, {"position": {"minX": 520.5, "minY": 205.5, "maxX": 591.5, "maxY": 472.0}, "class_id": 0, "box_caption": "person 0.008", "scores": {"class_score": 0.007549285888671875}, "domain": "pixel"}, {"position": {"minX": 215.375, "minY": 179.75, "maxX": 237.375, "maxY": 225.25}, "class_id": 0, "box_caption": "person 0.008", "scores": {"class_score": 0.007518768310546875}, "domain": "pixel"}, {"position": {"minX": 75.125, "minY": 262.0, "maxX": 92.125, "maxY": 302.5}, "class_id": 0, "box_caption": "person 0.008", "scores": {"class_score": 0.007518768310546875}, "domain": "pixel"}, {"position": {"minX": 15.234375, "minY": 254.0, "maxX": 41.375, "maxY": 355.0}, "class_id": 0, "box_caption": "person 0.007", "scores": {"class_score": 0.007488250732421875}, "domain": "pixel"}, {"position": {"minX": 525.5, "minY": 362.25, "maxX": 547.5, "maxY": 451.75}, "class_id": 0, "box_caption": "person 0.007", "scores": {"class_score": 0.0074615478515625}, "domain": "pixel"}, {"position": {"minX": 182.25, "minY": 335.75, "maxX": 221.0, "maxY": 479.75}, "class_id": 0, "box_caption": "person 0.007", "scores": {"class_score": 0.007373809814453125}, "domain": "pixel"}, {"position": {"minX": 495.75, "minY": 381.0, "maxX": 507.75, "maxY": 424.0}, "class_id": 0, "box_caption": "person 0.007", "scores": {"class_score": 0.00734710693359375}, "domain": "pixel"}, {"position": {"minX": 51.5625, "minY": 300.75, "maxX": 83.5625, "maxY": 389.25}, "class_id": 0, "box_caption": "person 0.007", "scores": {"class_score": 0.00734710693359375}, "domain": "pixel"}, {"position": {"minX": 530.0, "minY": 172.5, "maxX": 577.0, "maxY": 320.0}, "class_id": 0, "box_caption": "person 0.007", "scores": {"class_score": 0.00734710693359375}, "domain": "pixel"}, {"position": {"minX": 144.875, "minY": 339.0, "maxX": 167.125, "maxY": 406.5}, "class_id": 0, "box_caption": "person 0.007", "scores": {"class_score": 0.00731658935546875}, "domain": "pixel"}, {"position": {"minX": 407.75, "minY": 20.0, "maxX": 469.75, "maxY": 200.75}, "class_id": 0, "box_caption": "person 0.007", "scores": {"class_score": 0.00731658935546875}, "domain": "pixel"}, {"position": {"minX": 351.75, "minY": 360.75, "maxX": 400.25, "maxY": 522.0}, "class_id": 0, "box_caption": "person 0.007", "scores": {"class_score": 0.007289886474609375}, "domain": "pixel"}, {"position": {"minX": 220.25, "minY": 135.125, "maxX": 259.0, "maxY": 226.625}, "class_id": 0, "box_caption": "person 0.007", "scores": {"class_score": 0.007205963134765625}, "domain": "pixel"}, {"position": {"minX": 510.25, "minY": 381.75, "maxX": 528.0, "maxY": 436.75}, "class_id": 0, "box_caption": "person 0.007", "scores": {"class_score": 0.007122039794921875}, "domain": "pixel"}, {"position": {"minX": 47.90625, "minY": 309.0, "maxX": 118.375, "maxY": 453.5}, "class_id": 0, "box_caption": "person 0.007", "scores": {"class_score": 0.007122039794921875}, "domain": "pixel"}, {"position": {"minX": 17.125, "minY": 537.5, "maxX": 100.6875, "maxY": 656.5}, "class_id": 0, "box_caption": "person 0.007", "scores": {"class_score": 0.0070953369140625}, "domain": "pixel"}, {"position": {"minX": 298.5, "minY": 133.125, "maxX": 320.5, "maxY": 209.125}, "class_id": 0, "box_caption": "person 0.007", "scores": {"class_score": 0.0070648193359375}, "domain": "pixel"}, {"position": {"minX": 516.5, "minY": 86.1875, "maxX": 605.5, "maxY": 341.5}, "class_id": 0, "box_caption": "person 0.007", "scores": {"class_score": 0.0070648193359375}, "domain": "pixel"}, {"position": {"minX": 27.3125, "minY": 505.25, "maxX": 187.5, "maxY": 663.0}, "class_id": 0, "box_caption": "person 0.007", "scores": {"class_score": 0.0070648193359375}, "domain": "pixel"}, {"position": {"minX": 150.875, "minY": 334.0, "maxX": 302.5, "maxY": 609.0}, "class_id": 0, "box_caption": "person 0.007", "scores": {"class_score": 0.007038116455078125}, "domain": "pixel"}, {"position": {"minX": 164.125, "minY": 470.75, "maxX": 274.0, "maxY": 628.5}, "class_id": 0, "box_caption": "person 0.007", "scores": {"class_score": 0.006984710693359375}, "domain": "pixel"}, {"position": {"minX": 498.25, "minY": 381.5, "maxX": 507.25, "maxY": 413.5}, "class_id": 0, "box_caption": "person 0.007", "scores": {"class_score": 0.0069580078125}, "domain": "pixel"}, {"position": {"minX": 218.875, "minY": 13.25, "maxX": 324.0, "maxY": 218.375}, "class_id": 0, "box_caption": "person 0.007", "scores": {"class_score": 0.00690460205078125}, "domain": "pixel"}, {"position": {"minX": 500.5, "minY": 354.5, "maxX": 512.5, "maxY": 403.0}, "class_id": 0, "box_caption": "person 0.007", "scores": {"class_score": 0.006877899169921875}, "domain": "pixel"}, {"position": {"minX": 515.0, "minY": 482.0, "maxX": 532.0, "maxY": 523.5}, "class_id": 0, "box_caption": "person 0.007", "scores": {"class_score": 0.006877899169921875}, "domain": "pixel"}, {"position": {"minX": 122.25, "minY": 132.5, "maxX": 155.0, "maxY": 196.25}, "class_id": 0, "box_caption": "person 0.007", "scores": {"class_score": 0.00679779052734375}, "domain": "pixel"}, {"position": {"minX": 74.5, "minY": 379.75, "maxX": 109.0, "maxY": 449.25}, "class_id": 0, "box_caption": "person 0.007", "scores": {"class_score": 0.006771087646484375}, "domain": "pixel"}, {"position": {"minX": 23.375, "minY": 389.5, "maxX": 189.625, "maxY": 659.5}, "class_id": 0, "box_caption": "person 0.007", "scores": {"class_score": 0.006717681884765625}, "domain": "pixel"}, {"position": {"minX": 200.25, "minY": 361.0, "maxX": 245.5, "maxY": 485.5}, "class_id": 0, "box_caption": "person 0.007", "scores": {"class_score": 0.00669097900390625}, "domain": "pixel"}, {"position": {"minX": 615.0, "minY": 72.75, "maxX": 660.0, "maxY": 406.25}, "class_id": 0, "box_caption": "person 0.007", "scores": {"class_score": 0.00669097900390625}, "domain": "pixel"}, {"position": {"minX": 470.5, "minY": 316.5, "maxX": 482.0, "maxY": 343.0}, "class_id": 0, "box_caption": "person 0.007", "scores": {"class_score": 0.006587982177734375}, "domain": "pixel"}, {"position": {"minX": 121.5, "minY": 219.75, "maxX": 141.5, "maxY": 276.25}, "class_id": 0, "box_caption": "person 0.007", "scores": {"class_score": 0.006587982177734375}, "domain": "pixel"}, {"position": {"minX": 93.0, "minY": 419.75, "maxX": 132.625, "maxY": 461.75}, "class_id": 0, "box_caption": "person 0.007", "scores": {"class_score": 0.006587982177734375}, "domain": "pixel"}, {"position": {"minX": 112.625, "minY": 189.375, "maxX": 156.375, "maxY": 295.5}, "class_id": 0, "box_caption": "person 0.007", "scores": {"class_score": 0.006587982177734375}, "domain": "pixel"}, {"position": {"minX": 98.5625, "minY": 183.625, "maxX": 147.375, "maxY": 308.5}, "class_id": 0, "box_caption": "person 0.007", "scores": {"class_score": 0.006511688232421875}, "domain": "pixel"}, {"position": {"minX": 301.5, "minY": 38.5, "maxX": 360.5, "maxY": 200.25}, "class_id": 0, "box_caption": "person 0.006", "scores": {"class_score": 0.006488800048828125}, "domain": "pixel"}, {"position": {"minX": 506.25, "minY": 493.5, "maxX": 527.5, "maxY": 526.0}, "class_id": 0, "box_caption": "person 0.006", "scores": {"class_score": 0.0063629150390625}, "domain": "pixel"}, {"position": {"minX": 231.625, "minY": 131.25, "maxX": 308.0, "maxY": 288.25}, "class_id": 0, "box_caption": "person 0.006", "scores": {"class_score": 0.006313323974609375}, "domain": "pixel"}, {"position": {"minX": 73.4375, "minY": 410.25, "maxX": 110.6875, "maxY": 474.75}, "class_id": 0, "box_caption": "person 0.006", "scores": {"class_score": 0.006290435791015625}, "domain": "pixel"}, {"position": {"minX": 84.6875, "minY": 393.5, "maxX": 136.25, "maxY": 464.5}, "class_id": 0, "box_caption": "person 0.006", "scores": {"class_score": 0.006290435791015625}, "domain": "pixel"}, {"position": {"minX": 224.375, "minY": 176.125, "maxX": 253.125, "maxY": 259.0}, "class_id": 0, "box_caption": "person 0.006", "scores": {"class_score": 0.00626373291015625}, "domain": "pixel"}, {"position": {"minX": 71.3125, "minY": 236.125, "maxX": 81.6875, "maxY": 258.0}, "class_id": 0, "box_caption": "person 0.006", "scores": {"class_score": 0.0062408447265625}, "domain": "pixel"}, {"position": {"minX": 191.625, "minY": 160.75, "maxX": 230.125, "maxY": 261.5}, "class_id": 0, "box_caption": "person 0.006", "scores": {"class_score": 0.0062408447265625}, "domain": "pixel"}, {"position": {"minX": 4.0625, "minY": 331.75, "maxX": 113.8125, "maxY": 513.0}, "class_id": 0, "box_caption": "person 0.006", "scores": {"class_score": 0.0062408447265625}, "domain": "pixel"}, {"position": {"minX": 301.5, "minY": 119.5, "maxX": 332.0, "maxY": 194.5}, "class_id": 0, "box_caption": "person 0.006", "scores": {"class_score": 0.006191253662109375}, "domain": "pixel"}, {"position": {"minX": 46.90625, "minY": 396.75, "maxX": 101.75, "maxY": 471.75}, "class_id": 0, "box_caption": "person 0.006", "scores": {"class_score": 0.006191253662109375}, "domain": "pixel"}, {"position": {"minX": 115.875, "minY": 11.65625, "maxX": 160.125, "maxY": 91.25}, "class_id": 0, "box_caption": "person 0.006", "scores": {"class_score": 0.006191253662109375}, "domain": "pixel"}, {"position": {"minX": 498.0, "minY": 234.625, "maxX": 520.0, "maxY": 306.0}, "class_id": 0, "box_caption": "person 0.006", "scores": {"class_score": 0.006122589111328125}, "domain": "pixel"}, {"position": {"minX": 28.8125, "minY": 57.375, "maxX": 121.1875, "maxY": 349.5}, "class_id": 0, "box_caption": "person 0.006", "scores": {"class_score": 0.00609588623046875}, "domain": "pixel"}, {"position": {"minX": 175.875, "minY": 121.5, "maxX": 286.5, "maxY": 289.25}, "class_id": 0, "box_caption": "person 0.006", "scores": {"class_score": 0.00609588623046875}, "domain": "pixel"}, {"position": {"minX": 526.0, "minY": 14.46875, "maxX": 569.0, "maxY": 78.5}, "class_id": 0, "box_caption": "person 0.006", "scores": {"class_score": 0.006072998046875}, "domain": "pixel"}, {"position": {"minX": 83.375, "minY": 101.8125, "maxX": 143.625, "maxY": 311.0}, "class_id": 0, "box_caption": "person 0.006", "scores": {"class_score": 0.006072998046875}, "domain": "pixel"}, {"position": {"minX": 420.0, "minY": 468.0, "maxX": 568.0, "maxY": 645.0}, "class_id": 0, "box_caption": "person 0.006", "scores": {"class_score": 0.0060272216796875}, "domain": "pixel"}, {"position": {"minX": 196.5, "minY": 312.5, "maxX": 262.0, "maxY": 473.5}, "class_id": 0, "box_caption": "person 0.006", "scores": {"class_score": 0.00600433349609375}, "domain": "pixel"}, {"position": {"minX": 104.5, "minY": 122.375, "maxX": 170.5, "maxY": 295.0}, "class_id": 0, "box_caption": "person 0.006", "scores": {"class_score": 0.0059814453125}, "domain": "pixel"}, {"position": {"minX": 17.0625, "minY": 468.0, "maxX": 97.125, "maxY": 662.0}, "class_id": 0, "box_caption": "person 0.006", "scores": {"class_score": 0.0059814453125}, "domain": "pixel"}, {"position": {"minX": 563.0, "minY": 16.75, "maxX": 647.0, "maxY": 158.25}, "class_id": 0, "box_caption": "person 0.006", "scores": {"class_score": 0.0059814453125}, "domain": "pixel"}, {"position": {"minX": 214.625, "minY": 376.0, "maxX": 277.25, "maxY": 538.0}, "class_id": 0, "box_caption": "person 0.006", "scores": {"class_score": 0.00595855712890625}, "domain": "pixel"}, {"position": {"minX": 65.25, "minY": 402.5, "maxX": 106.25, "maxY": 468.0}, "class_id": 0, "box_caption": "person 0.006", "scores": {"class_score": 0.00591278076171875}, "domain": "pixel"}, {"position": {"minX": 12.5703125, "minY": 266.0, "maxX": 32.34375, "maxY": 321.5}, "class_id": 0, "box_caption": "person 0.006", "scores": {"class_score": 0.00586700439453125}, "domain": "pixel"}, {"position": {"minX": 498.75, "minY": 323.25, "maxX": 514.5, "maxY": 368.75}, "class_id": 0, "box_caption": "person 0.006", "scores": {"class_score": 0.00586700439453125}, "domain": "pixel"}, {"position": {"minX": 500.25, "minY": 379.25, "maxX": 509.75, "maxY": 415.25}, "class_id": 0, "box_caption": "person 0.006", "scores": {"class_score": 0.00586700439453125}, "domain": "pixel"}, {"position": {"minX": 74.375, "minY": 261.0, "maxX": 85.75, "maxY": 306.0}, "class_id": 0, "box_caption": "person 0.006", "scores": {"class_score": 0.00582122802734375}, "domain": "pixel"}, {"position": {"minX": 598.0, "minY": 81.5625, "maxX": 664.0, "maxY": 282.0}, "class_id": 0, "box_caption": "person 0.006", "scores": {"class_score": 0.00582122802734375}, "domain": "pixel"}, {"position": {"minX": 107.625, "minY": 98.875, "maxX": 155.625, "maxY": 210.625}, "class_id": 0, "box_caption": "person 0.006", "scores": {"class_score": 0.00582122802734375}, "domain": "pixel"}, {"position": {"minX": 505.25, "minY": 383.5, "maxX": 532.5, "maxY": 469.5}, "class_id": 0, "box_caption": "person 0.006", "scores": {"class_score": 0.00579833984375}, "domain": "pixel"}, {"position": {"minX": 38.8125, "minY": 335.5, "maxX": 241.75, "maxY": 653.0}, "class_id": 0, "box_caption": "person 0.006", "scores": {"class_score": 0.00579833984375}, "domain": "pixel"}, {"position": {"minX": 269.0, "minY": 225.875, "maxX": 296.0, "maxY": 283.5}, "class_id": 0, "box_caption": "person 0.006", "scores": {"class_score": 0.00572967529296875}, "domain": "pixel"}, {"position": {"minX": 501.75, "minY": 366.0, "maxX": 512.5, "maxY": 395.5}, "class_id": 0, "box_caption": "person 0.006", "scores": {"class_score": 0.005687713623046875}, "domain": "pixel"}, {"position": {"minX": 534.0, "minY": 324.75, "maxX": 558.0, "maxY": 422.25}, "class_id": 0, "box_caption": "person 0.006", "scores": {"class_score": 0.005641937255859375}, "domain": "pixel"}, {"position": {"minX": 13.21875, "minY": 44.625, "maxX": 91.0, "maxY": 310.5}, "class_id": 0, "box_caption": "person 0.006", "scores": {"class_score": 0.005619049072265625}, "domain": "pixel"}, {"position": {"minX": 547.0, "minY": 147.875, "maxX": 632.0, "maxY": 521.5}, "class_id": 0, "box_caption": "person 0.006", "scores": {"class_score": 0.005619049072265625}, "domain": "pixel"}, {"position": {"minX": 531.5, "minY": 323.0, "maxX": 548.5, "maxY": 368.5}, "class_id": 0, "box_caption": "person 0.006", "scores": {"class_score": 0.0055999755859375}, "domain": "pixel"}, {"position": {"minX": 261.5, "minY": 36.9375, "maxX": 291.5, "maxY": 104.4375}, "class_id": 0, "box_caption": "person 0.006", "scores": {"class_score": 0.005512237548828125}, "domain": "pixel"}, {"position": {"minX": 630.0, "minY": 5.03125, "maxX": 661.0, "maxY": 72.75}, "class_id": 0, "box_caption": "person 0.005", "scores": {"class_score": 0.00547027587890625}, "domain": "pixel"}, {"position": {"minX": 104.25, "minY": 267.25, "maxX": 125.125, "maxY": 309.25}, "class_id": 0, "box_caption": "person 0.005", "scores": {"class_score": 0.0054473876953125}, "domain": "pixel"}, {"position": {"minX": 181.25, "minY": 444.5, "maxX": 194.0, "maxY": 476.5}, "class_id": 0, "box_caption": "person 0.005", "scores": {"class_score": 0.005428314208984375}, "domain": "pixel"}, {"position": {"minX": 119.625, "minY": 193.75, "maxX": 144.375, "maxY": 284.0}, "class_id": 0, "box_caption": "person 0.005", "scores": {"class_score": 0.005428314208984375}, "domain": "pixel"}, {"position": {"minX": 219.375, "minY": 166.25, "maxX": 259.0, "maxY": 268.0}, "class_id": 0, "box_caption": "person 0.005", "scores": {"class_score": 0.005405426025390625}, "domain": "pixel"}, {"position": {"minX": 476.5, "minY": 316.0, "maxX": 490.5, "maxY": 343.5}, "class_id": 0, "box_caption": "person 0.005", "scores": {"class_score": 0.0053863525390625}, "domain": "pixel"}, {"position": {"minX": 524.5, "minY": 419.75, "maxX": 538.5, "maxY": 466.25}, "class_id": 0, "box_caption": "person 0.005", "scores": {"class_score": 0.0053863525390625}, "domain": "pixel"}, {"position": {"minX": 376.0, "minY": 10.59375, "maxX": 394.0, "maxY": 75.25}, "class_id": 0, "box_caption": "person 0.005", "scores": {"class_score": 0.0053863525390625}, "domain": "pixel"}, {"position": {"minX": 204.75, "minY": 187.875, "maxX": 224.5, "maxY": 233.625}, "class_id": 0, "box_caption": "person 0.005", "scores": {"class_score": 0.005344390869140625}, "domain": "pixel"}, {"position": {"minX": 495.75, "minY": 389.25, "maxX": 508.25, "maxY": 438.25}, "class_id": 0, "box_caption": "person 0.005", "scores": {"class_score": 0.00530242919921875}, "domain": "pixel"}, {"position": {"minX": 592.0, "minY": 24.59375, "maxX": 651.0, "maxY": 131.0}, "class_id": 0, "box_caption": "person 0.005", "scores": {"class_score": 0.005279541015625}, "domain": "pixel"}, {"position": {"minX": 197.625, "minY": 445.25, "maxX": 249.375, "maxY": 575.0}, "class_id": 0, "box_caption": "person 0.005", "scores": {"class_score": 0.005260467529296875}, "domain": "pixel"}, {"position": {"minX": 430.75, "minY": 444.5, "maxX": 547.0, "maxY": 609.5}, "class_id": 0, "box_caption": "person 0.005", "scores": {"class_score": 0.00524139404296875}, "domain": "pixel"}, {"position": {"minX": 29.796875, "minY": 234.25, "maxX": 72.0, "maxY": 383.75}, "class_id": 0, "box_caption": "person 0.005", "scores": {"class_score": 0.005199432373046875}, "domain": "pixel"}, {"position": {"minX": 107.5625, "minY": 162.625, "maxX": 161.25, "maxY": 321.0}, "class_id": 0, "box_caption": "person 0.005", "scores": {"class_score": 0.005199432373046875}, "domain": "pixel"}, {"position": {"minX": 531.5, "minY": 421.25, "maxX": 546.5, "maxY": 467.25}, "class_id": 0, "box_caption": "person 0.005", "scores": {"class_score": 0.005161285400390625}, "domain": "pixel"}, {"position": {"minX": 236.75, "minY": 45.5, "maxX": 368.25, "maxY": 242.25}, "class_id": 0, "box_caption": "person 0.005", "scores": {"class_score": 0.005161285400390625}, "domain": "pixel"}, {"position": {"minX": 491.0, "minY": 7.625, "maxX": 645.0, "maxY": 342.0}, "class_id": 0, "box_caption": "person 0.005", "scores": {"class_score": 0.005161285400390625}, "domain": "pixel"}, {"position": {"minX": 635.5, "minY": 5.984375, "maxX": 660.5, "maxY": 53.125}, "class_id": 0, "box_caption": "person 0.005", "scores": {"class_score": 0.005138397216796875}, "domain": "pixel"}, {"position": {"minX": 48.65625, "minY": 356.0, "maxX": 156.0, "maxY": 560.0}, "class_id": 0, "box_caption": "person 0.005", "scores": {"class_score": 0.00511932373046875}, "domain": "pixel"}, {"position": {"minX": 522.0, "minY": 438.75, "maxX": 532.0, "maxY": 476.75}, "class_id": 0, "box_caption": "person 0.005", "scores": {"class_score": 0.005100250244140625}, "domain": "pixel"}, {"position": {"minX": 473.5, "minY": 467.75, "maxX": 547.0, "maxY": 578.5}, "class_id": 0, "box_caption": "person 0.005", "scores": {"class_score": 0.005100250244140625}, "domain": "pixel"}, {"position": {"minX": 495.25, "minY": 320.5, "maxX": 513.5, "maxY": 395.5}, "class_id": 0, "box_caption": "person 0.005", "scores": {"class_score": 0.0050811767578125}, "domain": "pixel"}, {"position": {"minX": 487.5, "minY": 282.0, "maxX": 498.5, "maxY": 313.0}, "class_id": 0, "box_caption": "person 0.005", "scores": {"class_score": 0.005062103271484375}, "domain": "pixel"}, {"position": {"minX": 167.5, "minY": 447.25, "maxX": 178.0, "maxY": 469.75}, "class_id": 0, "box_caption": "person 0.005", "scores": {"class_score": 0.00498199462890625}, "domain": "pixel"}, {"position": {"minX": 228.75, "minY": 358.0, "maxX": 294.75, "maxY": 521.0}, "class_id": 0, "box_caption": "person 0.005", "scores": {"class_score": 0.00498199462890625}, "domain": "pixel"}, {"position": {"minX": 531.5, "minY": 256.5, "maxX": 580.5, "maxY": 418.5}, "class_id": 0, "box_caption": "person 0.005", "scores": {"class_score": 0.00498199462890625}, "domain": "pixel"}, {"position": {"minX": 149.0, "minY": 334.0, "maxX": 232.5, "maxY": 522.0}, "class_id": 0, "box_caption": "person 0.005", "scores": {"class_score": 0.00498199462890625}, "domain": "pixel"}, {"position": {"minX": 218.625, "minY": 176.875, "maxX": 246.375, "maxY": 244.625}, "class_id": 0, "box_caption": "person 0.005", "scores": {"class_score": 0.004962921142578125}, "domain": "pixel"}, {"position": {"minX": 10.9375, "minY": 222.5, "maxX": 49.375, "maxY": 342.5}, "class_id": 0, "box_caption": "person 0.005", "scores": {"class_score": 0.00494384765625}, "domain": "pixel"}, {"position": {"minX": 537.0, "minY": 178.5, "maxX": 563.0, "maxY": 257.0}, "class_id": 0, "box_caption": "person 0.005", "scores": {"class_score": 0.004886627197265625}, "domain": "pixel"}, {"position": {"minX": 516.5, "minY": 232.75, "maxX": 544.5, "maxY": 324.75}, "class_id": 0, "box_caption": "person 0.005", "scores": {"class_score": 0.004886627197265625}, "domain": "pixel"}], "class_labels": {"0": "person"}}