{"box_data": [{"position": {"minX": 285.5, "minY": 244.875, "maxX": 383.5, "maxY": 497.5}, "class_id": 0, "box_caption": "person 0.109", "scores": {"class_score": 0.10858154296875}, "domain": "pixel"}, {"position": {"minX": 256.25, "minY": 288.75, "maxX": 347.25, "maxY": 513.5}, "class_id": 0, "box_caption": "person 0.097", "scores": {"class_score": 0.09686279296875}, "domain": "pixel"}, {"position": {"minX": 521.5, "minY": 414.25, "maxX": 660.5, "maxY": 653.0}, "class_id": 0, "box_caption": "person 0.097", "scores": {"class_score": 0.0966796875}, "domain": "pixel"}, {"position": {"minX": 424.25, "minY": 532.0, "maxX": 442.75, "maxY": 566.0}, "class_id": 0, "box_caption": "person 0.090", "scores": {"class_score": 0.090087890625}, "domain": "pixel"}, {"position": {"minX": 252.125, "minY": 350.75, "maxX": 315.75, "maxY": 515.5}, "class_id": 0, "box_caption": "person 0.086", "scores": {"class_score": 0.08648681640625}, "domain": "pixel"}, {"position": {"minX": 257.75, "minY": 380.75, "maxX": 305.75, "maxY": 505.75}, "class_id": 0, "box_caption": "person 0.083", "scores": {"class_score": 0.0830078125}, "domain": "pixel"}, {"position": {"minX": 510.75, "minY": 195.0, "maxX": 665.0, "maxY": 669.0}, "class_id": 0, "box_caption": "person 0.068", "scores": {"class_score": 0.06793212890625}, "domain": "pixel"}, {"position": {"minX": 496.25, "minY": 129.25, "maxX": 631.5, "maxY": 616.0}, "class_id": 0, "box_caption": "person 0.064", "scores": {"class_score": 0.064208984375}, "domain": "pixel"}, {"position": {"minX": 325.25, "minY": 284.75, "maxX": 400.75, "maxY": 502.25}, "class_id": 0, "box_caption": "person 0.050", "scores": {"class_score": 0.0504150390625}, "domain": "pixel"}, {"position": {"minX": 292.5, "minY": 177.625, "maxX": 387.5, "maxY": 445.5}, "class_id": 0, "box_caption": "person 0.035", "scores": {"class_score": 0.034759521484375}, "domain": "pixel"}, {"position": {"minX": 313.0, "minY": 223.5, "maxX": 404.5, "maxY": 459.0}, "class_id": 0, "box_caption": "person 0.033", "scores": {"class_score": 0.03338623046875}, "domain": "pixel"}, {"position": {"minX": 8.59375, "minY": 305.0, "maxX": 73.375, "maxY": 497.0}, "class_id": 0, "box_caption": "person 0.031", "scores": {"class_score": 0.0313720703125}, "domain": "pixel"}, {"position": {"minX": 368.75, "minY": 451.25, "maxX": 385.25, "maxY": 497.75}, "class_id": 0, "box_caption": "person 0.030", "scores": {"class_score": 0.0296478271484375}, "domain": "pixel"}, {"position": {"minX": 504.75, "minY": 132.875, "maxX": 618.0, "maxY": 477.0}, "class_id": 0, "box_caption": "person 0.029", "scores": {"class_score": 0.0287628173828125}, "domain": "pixel"}, {"position": {"minX": 524.0, "minY": 111.75, "maxX": 648.0, "maxY": 502.75}, "class_id": 0, "box_caption": "person 0.026", "scores": {"class_score": 0.0259552001953125}, "domain": "pixel"}, {"position": {"minX": 248.0, "minY": 186.375, "maxX": 389.5, "maxY": 501.5}, "class_id": 0, "box_caption": "person 0.025", "scores": {"class_score": 0.02508544921875}, "domain": "pixel"}, {"position": {"minX": 560.0, "minY": 444.5, "maxX": 667.0, "maxY": 660.5}, "class_id": 0, "box_caption": "person 0.025", "scores": {"class_score": 0.0247039794921875}, "domain": "pixel"}, {"position": {"minX": 392.5, "minY": 618.0, "maxX": 429.5, "maxY": 659.0}, "class_id": 0, "box_caption": "person 0.024", "scores": {"class_score": 0.0235137939453125}, "domain": "pixel"}, {"position": {"minX": 59.4375, "minY": 586.5, "maxX": 166.75, "maxY": 666.5}, "class_id": 0, "box_caption": "person 0.024", "scores": {"class_score": 0.0235137939453125}, "domain": "pixel"}, {"position": {"minX": 13.2421875, "minY": 328.0, "maxX": 41.5625, "maxY": 451.5}, "class_id": 0, "box_caption": "person 0.022", "scores": {"class_score": 0.0215301513671875}, "domain": "pixel"}, {"position": {"minX": 71.8125, "minY": 381.0, "maxX": 147.0, "maxY": 540.5}, "class_id": 0, "box_caption": "person 0.021", "scores": {"class_score": 0.021209716796875}, "domain": "pixel"}, {"position": {"minX": 473.5, "minY": 602.5, "maxX": 501.5, "maxY": 654.5}, "class_id": 0, "box_caption": "person 0.020", "scores": {"class_score": 0.0203704833984375}, "domain": "pixel"}, {"position": {"minX": 352.5, "minY": 287.5, "maxX": 402.0, "maxY": 431.5}, "class_id": 0, "box_caption": "person 0.020", "scores": {"class_score": 0.0196075439453125}, "domain": "pixel"}, {"position": {"minX": 57.5, "minY": 581.0, "maxX": 217.75, "maxY": 661.0}, "class_id": 0, "box_caption": "person 0.020", "scores": {"class_score": 0.019561767578125}, "domain": "pixel"}, {"position": {"minX": 309.5, "minY": 270.5, "maxX": 378.0, "maxY": 447.0}, "class_id": 0, "box_caption": "person 0.020", "scores": {"class_score": 0.019500732421875}, "domain": "pixel"}, {"position": {"minX": 223.25, "minY": 235.625, "maxX": 345.75, "maxY": 520.0}, "class_id": 0, "box_caption": "person 0.019", "scores": {"class_score": 0.0194244384765625}, "domain": "pixel"}, {"position": {"minX": 383.0, "minY": 435.75, "maxX": 397.0, "maxY": 470.75}, "class_id": 0, "box_caption": "person 0.019", "scores": {"class_score": 0.01934814453125}, "domain": "pixel"}, {"position": {"minX": 41.59375, "minY": 355.0, "maxX": 123.125, "maxY": 563.0}, "class_id": 0, "box_caption": "person 0.019", "scores": {"class_score": 0.0185394287109375}, "domain": "pixel"}, {"position": {"minX": 139.625, "minY": 489.75, "maxX": 156.375, "maxY": 538.0}, "class_id": 0, "box_caption": "person 0.018", "scores": {"class_score": 0.018341064453125}, "domain": "pixel"}, {"position": {"minX": 292.75, "minY": 283.25, "maxX": 364.25, "maxY": 465.75}, "class_id": 0, "box_caption": "person 0.018", "scores": {"class_score": 0.0179901123046875}, "domain": "pixel"}, {"position": {"minX": 379.5, "minY": 431.0, "maxX": 397.0, "maxY": 478.5}, "class_id": 0, "box_caption": "person 0.016", "scores": {"class_score": 0.016021728515625}, "domain": "pixel"}, {"position": {"minX": 393.5, "minY": 615.0, "maxX": 449.5, "maxY": 658.0}, "class_id": 0, "box_caption": "person 0.016", "scores": {"class_score": 0.015960693359375}, "domain": "pixel"}, {"position": {"minX": 349.5, "minY": 291.5, "maxX": 414.0, "maxY": 509.0}, "class_id": 0, "box_caption": "person 0.016", "scores": {"class_score": 0.015960693359375}, "domain": "pixel"}, {"position": {"minX": 139.875, "minY": 337.25, "maxX": 279.0, "maxY": 533.0}, "class_id": 0, "box_caption": "person 0.016", "scores": {"class_score": 0.015899658203125}, "domain": "pixel"}, {"position": {"minX": 93.9375, "minY": 499.75, "maxX": 105.4375, "maxY": 534.0}, "class_id": 0, "box_caption": "person 0.016", "scores": {"class_score": 0.0156707763671875}, "domain": "pixel"}, {"position": {"minX": 182.125, "minY": 347.75, "maxX": 307.0, "maxY": 524.0}, "class_id": 0, "box_caption": "person 0.016", "scores": {"class_score": 0.0156707763671875}, "domain": "pixel"}, {"position": {"minX": 87.5, "minY": 400.25, "maxX": 184.75, "maxY": 536.0}, "class_id": 0, "box_caption": "person 0.015", "scores": {"class_score": 0.0153045654296875}, "domain": "pixel"}, {"position": {"minX": 111.125, "minY": 432.5, "maxX": 179.875, "maxY": 539.5}, "class_id": 0, "box_caption": "person 0.015", "scores": {"class_score": 0.0153045654296875}, "domain": "pixel"}, {"position": {"minX": 368.75, "minY": 463.75, "maxX": 382.75, "maxY": 493.25}, "class_id": 0, "box_caption": "person 0.015", "scores": {"class_score": 0.01495361328125}, "domain": "pixel"}, {"position": {"minX": 11.375, "minY": 301.75, "maxX": 59.5625, "maxY": 452.25}, "class_id": 0, "box_caption": "person 0.015", "scores": {"class_score": 0.01495361328125}, "domain": "pixel"}, {"position": {"minX": 9.71875, "minY": 327.5, "maxX": 81.25, "maxY": 595.0}, "class_id": 0, "box_caption": "person 0.015", "scores": {"class_score": 0.01495361328125}, "domain": "pixel"}, {"position": {"minX": 241.375, "minY": 389.0, "maxX": 301.0, "maxY": 519.0}, "class_id": 0, "box_caption": "person 0.015", "scores": {"class_score": 0.01483917236328125}, "domain": "pixel"}, {"position": {"minX": 429.25, "minY": 522.5, "maxX": 453.75, "maxY": 572.5}, "class_id": 0, "box_caption": "person 0.015", "scores": {"class_score": 0.01473236083984375}, "domain": "pixel"}, {"position": {"minX": 372.25, "minY": 445.25, "maxX": 389.75, "maxY": 493.25}, "class_id": 0, "box_caption": "person 0.015", "scores": {"class_score": 0.014617919921875}, "domain": "pixel"}, {"position": {"minX": 43.90625, "minY": 591.5, "maxX": 133.75, "maxY": 670.5}, "class_id": 0, "box_caption": "person 0.015", "scores": {"class_score": 0.014617919921875}, "domain": "pixel"}, {"position": {"minX": 327.5, "minY": 277.25, "maxX": 391.5, "maxY": 442.25}, "class_id": 0, "box_caption": "person 0.015", "scores": {"class_score": 0.014556884765625}, "domain": "pixel"}, {"position": {"minX": 319.5, "minY": 155.25, "maxX": 404.0, "maxY": 401.75}, "class_id": 0, "box_caption": "person 0.014", "scores": {"class_score": 0.01422882080078125}, "domain": "pixel"}, {"position": {"minX": 490.5, "minY": 343.0, "maxX": 652.5, "maxY": 652.0}, "class_id": 0, "box_caption": "person 0.014", "scores": {"class_score": 0.0141143798828125}, "domain": "pixel"}, {"position": {"minX": 216.0, "minY": 340.75, "maxX": 337.0, "maxY": 521.0}, "class_id": 0, "box_caption": "person 0.014", "scores": {"class_score": 0.014007568359375}, "domain": "pixel"}, {"position": {"minX": 262.5, "minY": 328.5, "maxX": 327.0, "maxY": 489.0}, "class_id": 0, "box_caption": "person 0.013", "scores": {"class_score": 0.01332855224609375}, "domain": "pixel"}, {"position": {"minX": 246.875, "minY": 356.0, "maxX": 296.75, "maxY": 497.5}, "class_id": 0, "box_caption": "person 0.013", "scores": {"class_score": 0.01306915283203125}, "domain": "pixel"}, {"position": {"minX": 375.5, "minY": 602.5, "maxX": 444.0, "maxY": 664.5}, "class_id": 0, "box_caption": "person 0.013", "scores": {"class_score": 0.0129241943359375}, "domain": "pixel"}, {"position": {"minX": 497.0, "minY": 153.25, "maxX": 581.0, "maxY": 391.75}, "class_id": 0, "box_caption": "person 0.013", "scores": {"class_score": 0.01287078857421875}, "domain": "pixel"}, {"position": {"minX": 3.828125, "minY": 324.5, "maxX": 56.0625, "maxY": 540.0}, "class_id": 0, "box_caption": "person 0.013", "scores": {"class_score": 0.012725830078125}, "domain": "pixel"}, {"position": {"minX": 434.75, "minY": 472.5, "maxX": 448.75, "maxY": 526.5}, "class_id": 0, "box_caption": "person 0.012", "scores": {"class_score": 0.01229095458984375}, "domain": "pixel"}, {"position": {"minX": 381.25, "minY": 597.0, "maxX": 472.75, "maxY": 661.0}, "class_id": 0, "box_caption": "person 0.012", "scores": {"class_score": 0.0119171142578125}, "domain": "pixel"}, {"position": {"minX": 554.0, "minY": 114.0, "maxX": 666.0, "maxY": 628.0}, "class_id": 0, "box_caption": "person 0.012", "scores": {"class_score": 0.011871337890625}, "domain": "pixel"}, {"position": {"minX": 455.5, "minY": 364.75, "maxX": 473.5, "maxY": 420.75}, "class_id": 0, "box_caption": "person 0.012", "scores": {"class_score": 0.0117340087890625}, "domain": "pixel"}, {"position": {"minX": 465.5, "minY": 215.625, "maxX": 616.5, "maxY": 648.5}, "class_id": 0, "box_caption": "person 0.012", "scores": {"class_score": 0.011688232421875}, "domain": "pixel"}, {"position": {"minX": 460.5, "minY": 371.5, "maxX": 479.0, "maxY": 413.0}, "class_id": 0, "box_caption": "person 0.012", "scores": {"class_score": 0.011505126953125}, "domain": "pixel"}, {"position": {"minX": 410.25, "minY": 476.25, "maxX": 424.75, "maxY": 519.0}, "class_id": 0, "box_caption": "person 0.011", "scores": {"class_score": 0.01146697998046875}, "domain": "pixel"}, {"position": {"minX": 77.5, "minY": 571.5, "maxX": 154.0, "maxY": 643.5}, "class_id": 0, "box_caption": "person 0.011", "scores": {"class_score": 0.01146697998046875}, "domain": "pixel"}, {"position": {"minX": 311.0, "minY": 292.75, "maxX": 383.0, "maxY": 516.0}, "class_id": 0, "box_caption": "person 0.011", "scores": {"class_score": 0.01142120361328125}, "domain": "pixel"}, {"position": {"minX": 371.25, "minY": 433.75, "maxX": 394.75, "maxY": 489.25}, "class_id": 0, "box_caption": "person 0.011", "scores": {"class_score": 0.01116180419921875}, "domain": "pixel"}, {"position": {"minX": 30.71875, "minY": 311.25, "maxX": 104.75, "maxY": 504.75}, "class_id": 0, "box_caption": "person 0.011", "scores": {"class_score": 0.01116180419921875}, "domain": "pixel"}, {"position": {"minX": 102.875, "minY": 381.0, "maxX": 249.375, "maxY": 544.5}, "class_id": 0, "box_caption": "person 0.011", "scores": {"class_score": 0.0108184814453125}, "domain": "pixel"}, {"position": {"minX": 262.25, "minY": 104.0625, "maxX": 306.75, "maxY": 176.0}, "class_id": 0, "box_caption": "person 0.011", "scores": {"class_score": 0.01078033447265625}, "domain": "pixel"}, {"position": {"minX": 415.75, "minY": 533.5, "maxX": 431.25, "maxY": 563.5}, "class_id": 0, "box_caption": "person 0.011", "scores": {"class_score": 0.01061248779296875}, "domain": "pixel"}, {"position": {"minX": 511.0, "minY": 135.875, "maxX": 605.0, "maxY": 368.5}, "class_id": 0, "box_caption": "person 0.010", "scores": {"class_score": 0.0103302001953125}, "domain": "pixel"}, {"position": {"minX": 359.0, "minY": 295.5, "maxX": 399.5, "maxY": 397.5}, "class_id": 0, "box_caption": "person 0.010", "scores": {"class_score": 0.01016998291015625}, "domain": "pixel"}, {"position": {"minX": 9.96875, "minY": 298.25, "maxX": 46.65625, "maxY": 510.25}, "class_id": 0, "box_caption": "person 0.010", "scores": {"class_score": 0.01016998291015625}, "domain": "pixel"}, {"position": {"minX": 531.0, "minY": 270.25, "maxX": 648.0, "maxY": 595.0}, "class_id": 0, "box_caption": "person 0.010", "scores": {"class_score": 0.01016998291015625}, "domain": "pixel"}, {"position": {"minX": 134.125, "minY": 472.75, "maxX": 159.625, "maxY": 537.0}, "class_id": 0, "box_caption": "person 0.010", "scores": {"class_score": 0.01009368896484375}, "domain": "pixel"}, {"position": {"minX": 106.875, "minY": 573.0, "maxX": 142.125, "maxY": 608.0}, "class_id": 0, "box_caption": "person 0.010", "scores": {"class_score": 0.01009368896484375}, "domain": "pixel"}, {"position": {"minX": 527.0, "minY": 195.75, "maxX": 603.0, "maxY": 459.25}, "class_id": 0, "box_caption": "person 0.010", "scores": {"class_score": 0.010009765625}, "domain": "pixel"}, {"position": {"minX": 9.046875, "minY": 237.75, "maxX": 71.875, "maxY": 454.25}, "class_id": 0, "box_caption": "person 0.010", "scores": {"class_score": 0.00997161865234375}, "domain": "pixel"}, {"position": {"minX": 275.25, "minY": 108.4375, "maxX": 306.75, "maxY": 167.0}, "class_id": 0, "box_caption": "person 0.010", "scores": {"class_score": 0.009857177734375}, "domain": "pixel"}, {"position": {"minX": 8.875, "minY": 389.25, "maxX": 38.75, "maxY": 555.0}, "class_id": 0, "box_caption": "person 0.010", "scores": {"class_score": 0.009857177734375}, "domain": "pixel"}, {"position": {"minX": 407.25, "minY": 464.25, "maxX": 423.75, "maxY": 520.0}, "class_id": 0, "box_caption": "person 0.010", "scores": {"class_score": 0.0097808837890625}, "domain": "pixel"}, {"position": {"minX": 97.0, "minY": 500.75, "maxX": 107.75, "maxY": 529.5}, "class_id": 0, "box_caption": "person 0.010", "scores": {"class_score": 0.009674072265625}, "domain": "pixel"}, {"position": {"minX": 440.5, "minY": 507.75, "maxX": 463.5, "maxY": 562.5}, "class_id": 0, "box_caption": "person 0.010", "scores": {"class_score": 0.00963592529296875}, "domain": "pixel"}, {"position": {"minX": 383.25, "minY": 423.5, "maxX": 404.25, "maxY": 472.0}, "class_id": 0, "box_caption": "person 0.009", "scores": {"class_score": 0.00930023193359375}, "domain": "pixel"}, {"position": {"minX": 446.0, "minY": 447.0, "maxX": 460.5, "maxY": 503.5}, "class_id": 0, "box_caption": "person 0.009", "scores": {"class_score": 0.00919342041015625}, "domain": "pixel"}, {"position": {"minX": 101.875, "minY": 572.0, "maxX": 119.625, "maxY": 616.0}, "class_id": 0, "box_caption": "person 0.009", "scores": {"class_score": 0.009124755859375}, "domain": "pixel"}, {"position": {"minX": 12.09375, "minY": 416.5, "maxX": 33.09375, "maxY": 528.0}, "class_id": 0, "box_caption": "person 0.009", "scores": {"class_score": 0.0089874267578125}, "domain": "pixel"}, {"position": {"minX": 95.625, "minY": 568.5, "maxX": 147.25, "maxY": 629.5}, "class_id": 0, "box_caption": "person 0.009", "scores": {"class_score": 0.00891876220703125}, "domain": "pixel"}, {"position": {"minX": 474.25, "minY": 590.5, "maxX": 494.25, "maxY": 652.5}, "class_id": 0, "box_caption": "person 0.009", "scores": {"class_score": 0.00885009765625}, "domain": "pixel"}, {"position": {"minX": 332.25, "minY": 319.5, "maxX": 386.25, "maxY": 496.0}, "class_id": 0, "box_caption": "person 0.009", "scores": {"class_score": 0.008575439453125}, "domain": "pixel"}, {"position": {"minX": 360.25, "minY": 251.25, "maxX": 410.25, "maxY": 425.75}, "class_id": 0, "box_caption": "person 0.009", "scores": {"class_score": 0.008575439453125}, "domain": "pixel"}, {"position": {"minX": 22.9375, "minY": 616.5, "maxX": 142.5, "maxY": 671.5}, "class_id": 0, "box_caption": "person 0.009", "scores": {"class_score": 0.008514404296875}, "domain": "pixel"}, {"position": {"minX": 587.5, "minY": 85.875, "maxX": 665.5, "maxY": 338.0}, "class_id": 0, "box_caption": "person 0.008", "scores": {"class_score": 0.00844573974609375}, "domain": "pixel"}, {"position": {"minX": 160.25, "minY": 282.5, "maxX": 329.5, "maxY": 533.0}, "class_id": 0, "box_caption": "person 0.008", "scores": {"class_score": 0.0083770751953125}, "domain": "pixel"}, {"position": {"minX": 435.0, "minY": 412.0, "maxX": 637.0, "maxY": 655.0}, "class_id": 0, "box_caption": "person 0.008", "scores": {"class_score": 0.0083465576171875}, "domain": "pixel"}, {"position": {"minX": 509.25, "minY": 243.375, "maxX": 620.5, "maxY": 563.0}, "class_id": 0, "box_caption": "person 0.008", "scores": {"class_score": 0.00806427001953125}, "domain": "pixel"}, {"position": {"minX": 2.46875, "minY": 283.5, "maxX": 94.625, "maxY": 516.5}, "class_id": 0, "box_caption": "person 0.008", "scores": {"class_score": 0.0079345703125}, "domain": "pixel"}, {"position": {"minX": 12.65625, "minY": 435.25, "maxX": 29.3125, "maxY": 499.75}, "class_id": 0, "box_caption": "person 0.008", "scores": {"class_score": 0.007755279541015625}, "domain": "pixel"}, {"position": {"minX": 105.625, "minY": 569.5, "maxX": 125.125, "maxY": 619.5}, "class_id": 0, "box_caption": "person 0.008", "scores": {"class_score": 0.007694244384765625}, "domain": "pixel"}, {"position": {"minX": 460.75, "minY": 427.0, "maxX": 486.25, "maxY": 492.5}, "class_id": 0, "box_caption": "person 0.008", "scores": {"class_score": 0.007694244384765625}, "domain": "pixel"}, {"position": {"minX": 366.75, "minY": 445.75, "maxX": 380.75, "maxY": 495.25}, "class_id": 0, "box_caption": "person 0.008", "scores": {"class_score": 0.00766754150390625}, "domain": "pixel"}, {"position": {"minX": 46.8125, "minY": 367.75, "maxX": 171.75, "maxY": 555.0}, "class_id": 0, "box_caption": "person 0.008", "scores": {"class_score": 0.00766754150390625}, "domain": "pixel"}, {"position": {"minX": 390.5, "minY": 627.0, "maxX": 421.0, "maxY": 657.0}, "class_id": 0, "box_caption": "person 0.008", "scores": {"class_score": 0.00763702392578125}, "domain": "pixel"}, {"position": {"minX": 232.125, "minY": 319.25, "maxX": 307.25, "maxY": 497.75}, "class_id": 0, "box_caption": "person 0.008", "scores": {"class_score": 0.00763702392578125}, "domain": "pixel"}, {"position": {"minX": 460.5, "minY": 366.25, "maxX": 485.5, "maxY": 435.25}, "class_id": 0, "box_caption": "person 0.008", "scores": {"class_score": 0.007518768310546875}, "domain": "pixel"}, {"position": {"minX": 532.0, "minY": 123.375, "maxX": 648.0, "maxY": 373.5}, "class_id": 0, "box_caption": "person 0.008", "scores": {"class_score": 0.007518768310546875}, "domain": "pixel"}, {"position": {"minX": 333.5, "minY": 156.125, "maxX": 407.0, "maxY": 330.5}, "class_id": 0, "box_caption": "person 0.007", "scores": {"class_score": 0.007404327392578125}, "domain": "pixel"}, {"position": {"minX": 402.0, "minY": 591.5, "maxX": 532.5, "maxY": 659.5}, "class_id": 0, "box_caption": "person 0.007", "scores": {"class_score": 0.007404327392578125}, "domain": "pixel"}, {"position": {"minX": 361.25, "minY": 629.5, "maxX": 396.25, "maxY": 659.5}, "class_id": 0, "box_caption": "person 0.007", "scores": {"class_score": 0.00734710693359375}, "domain": "pixel"}, {"position": {"minX": 24.171875, "minY": 288.5, "maxX": 81.375, "maxY": 435.0}, "class_id": 0, "box_caption": "person 0.007", "scores": {"class_score": 0.00734710693359375}, "domain": "pixel"}, {"position": {"minX": 419.75, "minY": 522.5, "maxX": 442.75, "maxY": 570.5}, "class_id": 0, "box_caption": "person 0.007", "scores": {"class_score": 0.00731658935546875}, "domain": "pixel"}, {"position": {"minX": 33.625, "minY": 602.5, "maxX": 189.0, "maxY": 669.5}, "class_id": 0, "box_caption": "person 0.007", "scores": {"class_score": 0.00731658935546875}, "domain": "pixel"}, {"position": {"minX": 256.5, "minY": 303.5, "maxX": 395.5, "maxY": 537.5}, "class_id": 0, "box_caption": "person 0.007", "scores": {"class_score": 0.00731658935546875}, "domain": "pixel"}, {"position": {"minX": 261.5, "minY": 194.25, "maxX": 370.5, "maxY": 426.75}, "class_id": 0, "box_caption": "person 0.007", "scores": {"class_score": 0.007205963134765625}, "domain": "pixel"}, {"position": {"minX": 398.25, "minY": 626.0, "maxX": 439.75, "maxY": 661.0}, "class_id": 0, "box_caption": "person 0.007", "scores": {"class_score": 0.007122039794921875}, "domain": "pixel"}, {"position": {"minX": 446.75, "minY": 506.0, "maxX": 459.75, "maxY": 546.0}, "class_id": 0, "box_caption": "person 0.007", "scores": {"class_score": 0.0070953369140625}, "domain": "pixel"}, {"position": {"minX": 110.75, "minY": 430.75, "maxX": 227.5, "maxY": 548.0}, "class_id": 0, "box_caption": "person 0.007", "scores": {"class_score": 0.0070953369140625}, "domain": "pixel"}, {"position": {"minX": 354.5, "minY": 185.125, "maxX": 415.0, "maxY": 426.0}, "class_id": 0, "box_caption": "person 0.007", "scores": {"class_score": 0.0070648193359375}, "domain": "pixel"}, {"position": {"minX": 129.5, "minY": 292.5, "maxX": 243.5, "maxY": 515.0}, "class_id": 0, "box_caption": "person 0.007", "scores": {"class_score": 0.007038116455078125}, "domain": "pixel"}, {"position": {"minX": 73.5, "minY": 362.25, "maxX": 199.75, "maxY": 526.0}, "class_id": 0, "box_caption": "person 0.007", "scores": {"class_score": 0.007038116455078125}, "domain": "pixel"}, {"position": {"minX": 595.5, "minY": 108.6875, "maxX": 662.5, "maxY": 247.5}, "class_id": 0, "box_caption": "person 0.007", "scores": {"class_score": 0.00701141357421875}, "domain": "pixel"}, {"position": {"minX": 494.75, "minY": 105.75, "maxX": 635.0, "maxY": 396.0}, "class_id": 0, "box_caption": "person 0.007", "scores": {"class_score": 0.00701141357421875}, "domain": "pixel"}, {"position": {"minX": 17.1875, "minY": 339.25, "maxX": 139.0, "maxY": 583.0}, "class_id": 0, "box_caption": "person 0.007", "scores": {"class_score": 0.00701141357421875}, "domain": "pixel"}, {"position": {"minX": 376.0, "minY": 625.5, "maxX": 411.0, "maxY": 657.5}, "class_id": 0, "box_caption": "person 0.007", "scores": {"class_score": 0.00690460205078125}, "domain": "pixel"}, {"position": {"minX": 346.25, "minY": 312.5, "maxX": 401.25, "maxY": 471.0}, "class_id": 0, "box_caption": "person 0.007", "scores": {"class_score": 0.00669097900390625}, "domain": "pixel"}, {"position": {"minX": 294.75, "minY": 233.0, "maxX": 369.75, "maxY": 422.0}, "class_id": 0, "box_caption": "person 0.007", "scores": {"class_score": 0.00653839111328125}, "domain": "pixel"}, {"position": {"minX": 450.25, "minY": 596.0, "maxX": 531.0, "maxY": 654.0}, "class_id": 0, "box_caption": "person 0.006", "scores": {"class_score": 0.006488800048828125}, "domain": "pixel"}, {"position": {"minX": 569.0, "minY": 99.125, "maxX": 665.0, "maxY": 448.5}, "class_id": 0, "box_caption": "person 0.006", "scores": {"class_score": 0.0063629150390625}, "domain": "pixel"}, {"position": {"minX": 219.875, "minY": 586.0, "maxX": 340.25, "maxY": 657.0}, "class_id": 0, "box_caption": "person 0.006", "scores": {"class_score": 0.00621795654296875}, "domain": "pixel"}, {"position": {"minX": 79.75, "minY": 569.0, "maxX": 132.5, "maxY": 630.0}, "class_id": 0, "box_caption": "person 0.006", "scores": {"class_score": 0.006168365478515625}, "domain": "pixel"}, {"position": {"minX": 378.5, "minY": 621.0, "maxX": 435.5, "maxY": 665.0}, "class_id": 0, "box_caption": "person 0.006", "scores": {"class_score": 0.006145477294921875}, "domain": "pixel"}, {"position": {"minX": 188.0, "minY": 164.5, "maxX": 372.0, "maxY": 518.0}, "class_id": 0, "box_caption": "person 0.006", "scores": {"class_score": 0.006122589111328125}, "domain": "pixel"}, {"position": {"minX": 498.0, "minY": 115.625, "maxX": 562.0, "maxY": 309.5}, "class_id": 0, "box_caption": "person 0.006", "scores": {"class_score": 0.006072998046875}, "domain": "pixel"}, {"position": {"minX": 466.5, "minY": 423.75, "maxX": 499.0, "maxY": 496.25}, "class_id": 0, "box_caption": "person 0.006", "scores": {"class_score": 0.0060272216796875}, "domain": "pixel"}, {"position": {"minX": 164.125, "minY": 270.5, "maxX": 241.375, "maxY": 474.0}, "class_id": 0, "box_caption": "person 0.006", "scores": {"class_score": 0.0059814453125}, "domain": "pixel"}, {"position": {"minX": 396.25, "minY": 384.25, "maxX": 419.25, "maxY": 470.75}, "class_id": 0, "box_caption": "person 0.006", "scores": {"class_score": 0.00582122802734375}, "domain": "pixel"}, {"position": {"minX": 483.5, "minY": 226.0, "maxX": 579.5, "maxY": 553.5}, "class_id": 0, "box_caption": "person 0.006", "scores": {"class_score": 0.005687713623046875}, "domain": "pixel"}, {"position": {"minX": 271.0, "minY": 360.25, "maxX": 338.5, "maxY": 519.0}, "class_id": 0, "box_caption": "person 0.006", "scores": {"class_score": 0.005687713623046875}, "domain": "pixel"}, {"position": {"minX": 582.5, "minY": 502.75, "maxX": 661.5, "maxY": 658.0}, "class_id": 0, "box_caption": "person 0.006", "scores": {"class_score": 0.005641937255859375}, "domain": "pixel"}, {"position": {"minX": -0.65625, "minY": 306.5, "maxX": 105.625, "maxY": 618.5}, "class_id": 0, "box_caption": "person 0.006", "scores": {"class_score": 0.005619049072265625}, "domain": "pixel"}, {"position": {"minX": 386.5, "minY": 620.5, "maxX": 462.0, "maxY": 664.5}, "class_id": 0, "box_caption": "person 0.006", "scores": {"class_score": 0.005535125732421875}, "domain": "pixel"}, {"position": {"minX": 470.75, "minY": 606.0, "maxX": 516.5, "maxY": 655.0}, "class_id": 0, "box_caption": "person 0.006", "scores": {"class_score": 0.005512237548828125}, "domain": "pixel"}, {"position": {"minX": 154.75, "minY": 274.5, "maxX": 217.25, "maxY": 463.0}, "class_id": 0, "box_caption": "person 0.005", "scores": {"class_score": 0.005489349365234375}, "domain": "pixel"}, {"position": {"minX": 27.46875, "minY": 273.5, "maxX": 93.625, "maxY": 475.5}, "class_id": 0, "box_caption": "person 0.005", "scores": {"class_score": 0.005489349365234375}, "domain": "pixel"}, {"position": {"minX": 140.5, "minY": 504.0, "maxX": 153.5, "maxY": 538.0}, "class_id": 0, "box_caption": "person 0.005", "scores": {"class_score": 0.00547027587890625}, "domain": "pixel"}, {"position": {"minX": 298.0, "minY": 198.5, "maxX": 360.5, "maxY": 361.5}, "class_id": 0, "box_caption": "person 0.005", "scores": {"class_score": 0.005428314208984375}, "domain": "pixel"}, {"position": {"minX": 26.21875, "minY": 591.5, "maxX": 95.0, "maxY": 670.5}, "class_id": 0, "box_caption": "person 0.005", "scores": {"class_score": 0.005428314208984375}, "domain": "pixel"}, {"position": {"minX": 430.5, "minY": 529.5, "maxX": 449.0, "maxY": 568.5}, "class_id": 0, "box_caption": "person 0.005", "scores": {"class_score": 0.0053863525390625}, "domain": "pixel"}, {"position": {"minX": 433.5, "minY": 521.5, "maxX": 461.0, "maxY": 577.5}, "class_id": 0, "box_caption": "person 0.005", "scores": {"class_score": 0.00536346435546875}, "domain": "pixel"}, {"position": {"minX": 636.0, "minY": 150.5, "maxX": 661.0, "maxY": 256.0}, "class_id": 0, "box_caption": "person 0.005", "scores": {"class_score": 0.005344390869140625}, "domain": "pixel"}, {"position": {"minX": 488.25, "minY": 422.0, "maxX": 504.75, "maxY": 491.0}, "class_id": 0, "box_caption": "person 0.005", "scores": {"class_score": 0.005344390869140625}, "domain": "pixel"}, {"position": {"minX": 426.0, "minY": 535.0, "maxX": 454.0, "maxY": 581.0}, "class_id": 0, "box_caption": "person 0.005", "scores": {"class_score": 0.005321502685546875}, "domain": "pixel"}, {"position": {"minX": 371.75, "minY": 614.5, "maxX": 419.75, "maxY": 659.5}, "class_id": 0, "box_caption": "person 0.005", "scores": {"class_score": 0.005279541015625}, "domain": "pixel"}, {"position": {"minX": 83.875, "minY": 564.5, "maxX": 188.375, "maxY": 648.5}, "class_id": 0, "box_caption": "person 0.005", "scores": {"class_score": 0.005260467529296875}, "domain": "pixel"}, {"position": {"minX": 609.5, "minY": 413.25, "maxX": 667.5, "maxY": 648.5}, "class_id": 0, "box_caption": "person 0.005", "scores": {"class_score": 0.005218505859375}, "domain": "pixel"}, {"position": {"minX": 277.5, "minY": 313.0, "maxX": 344.0, "maxY": 471.0}, "class_id": 0, "box_caption": "person 0.005", "scores": {"class_score": 0.005161285400390625}, "domain": "pixel"}, {"position": {"minX": 264.75, "minY": 109.125, "maxX": 297.75, "maxY": 190.875}, "class_id": 0, "box_caption": "person 0.005", "scores": {"class_score": 0.00511932373046875}, "domain": "pixel"}, {"position": {"minX": 15.34375, "minY": 352.0, "maxX": 41.4375, "maxY": 424.5}, "class_id": 0, "box_caption": "person 0.005", "scores": {"class_score": 0.005100250244140625}, "domain": "pixel"}, {"position": {"minX": 467.25, "minY": 442.0, "maxX": 490.25, "maxY": 496.0}, "class_id": 0, "box_caption": "person 0.005", "scores": {"class_score": 0.005062103271484375}, "domain": "pixel"}, {"position": {"minX": 77.4375, "minY": 567.0, "maxX": 105.0625, "maxY": 609.0}, "class_id": 0, "box_caption": "person 0.005", "scores": {"class_score": 0.005062103271484375}, "domain": "pixel"}, {"position": {"minX": 361.5, "minY": 465.5, "maxX": 377.0, "maxY": 500.0}, "class_id": 0, "box_caption": "person 0.005", "scores": {"class_score": 0.005062103271484375}, "domain": "pixel"}, {"position": {"minX": 362.0, "minY": 344.5, "maxX": 418.5, "maxY": 508.0}, "class_id": 0, "box_caption": "person 0.005", "scores": {"class_score": 0.005039215087890625}, "domain": "pixel"}, {"position": {"minX": 477.0, "minY": 135.5, "maxX": 599.0, "maxY": 414.5}, "class_id": 0, "box_caption": "person 0.005", "scores": {"class_score": 0.005039215087890625}, "domain": "pixel"}, {"position": {"minX": 224.5, "minY": 39.90625, "maxX": 248.5, "maxY": 96.875}, "class_id": 0, "box_caption": "person 0.005", "scores": {"class_score": 0.0050201416015625}, "domain": "pixel"}, {"position": {"minX": 85.75, "minY": 572.0, "maxX": 122.25, "maxY": 609.0}, "class_id": 0, "box_caption": "person 0.005", "scores": {"class_score": 0.00498199462890625}, "domain": "pixel"}, {"position": {"minX": 59.0, "minY": 565.0, "maxX": 117.25, "maxY": 643.0}, "class_id": 0, "box_caption": "person 0.005", "scores": {"class_score": 0.00498199462890625}, "domain": "pixel"}, {"position": {"minX": 450.25, "minY": 306.0, "maxX": 528.0, "maxY": 564.5}, "class_id": 0, "box_caption": "person 0.005", "scores": {"class_score": 0.004962921142578125}, "domain": "pixel"}, {"position": {"minX": 116.5, "minY": 570.5, "maxX": 144.25, "maxY": 604.5}, "class_id": 0, "box_caption": "person 0.005", "scores": {"class_score": 0.00494384765625}, "domain": "pixel"}, {"position": {"minX": 397.0, "minY": 410.5, "maxX": 416.0, "maxY": 471.0}, "class_id": 0, "box_caption": "person 0.005", "scores": {"class_score": 0.004924774169921875}, "domain": "pixel"}, {"position": {"minX": 623.0, "minY": 111.75, "maxX": 664.0, "maxY": 309.5}, "class_id": 0, "box_caption": "person 0.005", "scores": {"class_score": 0.004924774169921875}, "domain": "pixel"}, {"position": {"minX": 53.3125, "minY": 342.5, "maxX": 231.0, "maxY": 540.0}, "class_id": 0, "box_caption": "person 0.005", "scores": {"class_score": 0.004924774169921875}, "domain": "pixel"}, {"position": {"minX": 632.0, "minY": 570.5, "maxX": 655.0, "maxY": 653.5}, "class_id": 0, "box_caption": "person 0.005", "scores": {"class_score": 0.0048675537109375}, "domain": "pixel"}, {"position": {"minX": 361.0, "minY": 449.0, "maxX": 380.0, "maxY": 500.0}, "class_id": 0, "box_caption": "person 0.005", "scores": {"class_score": 0.004848480224609375}, "domain": "pixel"}, {"position": {"minX": 257.25, "minY": 417.5, "maxX": 292.25, "maxY": 505.0}, "class_id": 0, "box_caption": "person 0.005", "scores": {"class_score": 0.004791259765625}, "domain": "pixel"}, {"position": {"minX": 458.0, "minY": 374.5, "maxX": 471.5, "maxY": 407.0}, "class_id": 0, "box_caption": "person 0.005", "scores": {"class_score": 0.004772186279296875}, "domain": "pixel"}, {"position": {"minX": 422.5, "minY": 521.0, "maxX": 462.0, "maxY": 589.0}, "class_id": 0, "box_caption": "person 0.005", "scores": {"class_score": 0.004772186279296875}, "domain": "pixel"}, {"position": {"minX": 449.75, "minY": 507.5, "maxX": 464.25, "maxY": 544.5}, "class_id": 0, "box_caption": "person 0.005", "scores": {"class_score": 0.00473785400390625}, "domain": "pixel"}, {"position": {"minX": 379.0, "minY": 542.0, "maxX": 482.5, "maxY": 660.0}, "class_id": 0, "box_caption": "person 0.005", "scores": {"class_score": 0.00473785400390625}, "domain": "pixel"}, {"position": {"minX": 253.625, "minY": 315.5, "maxX": 312.75, "maxY": 474.0}, "class_id": 0, "box_caption": "person 0.005", "scores": {"class_score": 0.004680633544921875}, "domain": "pixel"}, {"position": {"minX": 434.75, "minY": 479.75, "maxX": 444.75, "maxY": 518.0}, "class_id": 0, "box_caption": "person 0.005", "scores": {"class_score": 0.0045928955078125}, "domain": "pixel"}, {"position": {"minX": 16.171875, "minY": 455.25, "maxX": 29.421875, "maxY": 510.25}, "class_id": 0, "box_caption": "person 0.005", "scores": {"class_score": 0.004573822021484375}, "domain": "pixel"}, {"position": {"minX": 522.5, "minY": 188.375, "maxX": 577.5, "maxY": 370.0}, "class_id": 0, "box_caption": "person 0.005", "scores": {"class_score": 0.004573822021484375}, "domain": "pixel"}, {"position": {"minX": 112.0, "minY": 443.25, "maxX": 183.5, "maxY": 584.5}, "class_id": 0, "box_caption": "person 0.005", "scores": {"class_score": 0.00455474853515625}, "domain": "pixel"}, {"position": {"minX": 450.0, "minY": 350.0, "maxX": 478.5, "maxY": 434.5}, "class_id": 0, "box_caption": "person 0.005", "scores": {"class_score": 0.004520416259765625}, "domain": "pixel"}, {"position": {"minX": 432.25, "minY": 466.25, "maxX": 444.75, "maxY": 519.5}, "class_id": 0, "box_caption": "person 0.004", "scores": {"class_score": 0.004486083984375}, "domain": "pixel"}, {"position": {"minX": 361.75, "minY": 129.5, "maxX": 412.25, "maxY": 290.5}, "class_id": 0, "box_caption": "person 0.004", "scores": {"class_score": 0.004486083984375}, "domain": "pixel"}, {"position": {"minX": 445.5, "minY": 367.25, "maxX": 488.0, "maxY": 503.75}, "class_id": 0, "box_caption": "person 0.004", "scores": {"class_score": 0.004486083984375}, "domain": "pixel"}, {"position": {"minX": 435.0, "minY": 584.5, "maxX": 548.5, "maxY": 664.5}, "class_id": 0, "box_caption": "person 0.004", "scores": {"class_score": 0.004486083984375}, "domain": "pixel"}, {"position": {"minX": 409.0, "minY": 532.0, "maxX": 432.0, "maxY": 570.0}, "class_id": 0, "box_caption": "person 0.004", "scores": {"class_score": 0.004364013671875}, "domain": "pixel"}, {"position": {"minX": 443.5, "minY": 605.5, "maxX": 513.0, "maxY": 655.5}, "class_id": 0, "box_caption": "person 0.004", "scores": {"class_score": 0.004329681396484375}, "domain": "pixel"}, {"position": {"minX": 441.75, "minY": 457.0, "maxX": 461.25, "maxY": 514.5}, "class_id": 0, "box_caption": "person 0.004", "scores": {"class_score": 0.004314422607421875}, "domain": "pixel"}, {"position": {"minX": 317.75, "minY": 313.5, "maxX": 374.75, "maxY": 468.5}, "class_id": 0, "box_caption": "person 0.004", "scores": {"class_score": 0.004299163818359375}, "domain": "pixel"}, {"position": {"minX": 65.9375, "minY": 372.5, "maxX": 137.0, "maxY": 479.5}, "class_id": 0, "box_caption": "person 0.004", "scores": {"class_score": 0.004299163818359375}, "domain": "pixel"}, {"position": {"minX": 447.0, "minY": 504.25, "maxX": 468.5, "maxY": 556.0}, "class_id": 0, "box_caption": "person 0.004", "scores": {"class_score": 0.00426483154296875}, "domain": "pixel"}, {"position": {"minX": 601.5, "minY": 139.5, "maxX": 627.5, "maxY": 204.5}, "class_id": 0, "box_caption": "person 0.004", "scores": {"class_score": 0.004230499267578125}, "domain": "pixel"}, {"position": {"minX": 53.96875, "minY": 362.5, "maxX": 123.875, "maxY": 491.0}, "class_id": 0, "box_caption": "person 0.004", "scores": {"class_score": 0.004230499267578125}, "domain": "pixel"}, {"position": {"minX": 66.625, "minY": 553.5, "maxX": 86.5, "maxY": 605.5}, "class_id": 0, "box_caption": "person 0.004", "scores": {"class_score": 0.004199981689453125}, "domain": "pixel"}, {"position": {"minX": 272.5, "minY": 266.5, "maxX": 350.5, "maxY": 453.0}, "class_id": 0, "box_caption": "person 0.004", "scores": {"class_score": 0.004199981689453125}, "domain": "pixel"}, {"position": {"minX": 243.5, "minY": 324.0, "maxX": 293.5, "maxY": 468.0}, "class_id": 0, "box_caption": "person 0.004", "scores": {"class_score": 0.004199981689453125}, "domain": "pixel"}, {"position": {"minX": 429.5, "minY": 484.5, "maxX": 472.0, "maxY": 581.5}, "class_id": 0, "box_caption": "person 0.004", "scores": {"class_score": 0.004199981689453125}, "domain": "pixel"}, {"position": {"minX": 112.6875, "minY": 401.0, "maxX": 302.0, "maxY": 574.0}, "class_id": 0, "box_caption": "person 0.004", "scores": {"class_score": 0.004199981689453125}, "domain": "pixel"}, {"position": {"minX": 269.75, "minY": 574.5, "maxX": 292.25, "maxY": 636.5}, "class_id": 0, "box_caption": "person 0.004", "scores": {"class_score": 0.004180908203125}, "domain": "pixel"}, {"position": {"minX": 253.0, "minY": 584.5, "maxX": 308.5, "maxY": 645.5}, "class_id": 0, "box_caption": "person 0.004", "scores": {"class_score": 0.004180908203125}, "domain": "pixel"}, {"position": {"minX": 513.0, "minY": 125.8125, "maxX": 550.0, "maxY": 186.0}, "class_id": 0, "box_caption": "person 0.004", "scores": {"class_score": 0.0041351318359375}, "domain": "pixel"}, {"position": {"minX": 623.5, "minY": 43.4375, "maxX": 664.5, "maxY": 184.25}, "class_id": 0, "box_caption": "person 0.004", "scores": {"class_score": 0.0041351318359375}, "domain": "pixel"}, {"position": {"minX": 511.0, "minY": 167.25, "maxX": 566.0, "maxY": 329.75}, "class_id": 0, "box_caption": "person 0.004", "scores": {"class_score": 0.004116058349609375}, "domain": "pixel"}, {"position": {"minX": 635.0, "minY": 201.5, "maxX": 659.0, "maxY": 300.0}, "class_id": 0, "box_caption": "person 0.004", "scores": {"class_score": 0.004116058349609375}, "domain": "pixel"}, {"position": {"minX": 400.5, "minY": 625.0, "maxX": 427.0, "maxY": 658.0}, "class_id": 0, "box_caption": "person 0.004", "scores": {"class_score": 0.004100799560546875}, "domain": "pixel"}, {"position": {"minX": 107.5625, "minY": 575.5, "maxX": 122.9375, "maxY": 613.5}, "class_id": 0, "box_caption": "person 0.004", "scores": {"class_score": 0.00397491455078125}, "domain": "pixel"}, {"position": {"minX": 305.5, "minY": 167.0, "maxX": 382.0, "maxY": 328.0}, "class_id": 0, "box_caption": "person 0.004", "scores": {"class_score": 0.00397491455078125}, "domain": "pixel"}, {"position": {"minX": 154.5, "minY": 597.5, "maxX": 328.5, "maxY": 655.5}, "class_id": 0, "box_caption": "person 0.004", "scores": {"class_score": 0.00395965576171875}, "domain": "pixel"}, {"position": {"minX": 436.5, "minY": 470.5, "maxX": 458.0, "maxY": 535.0}, "class_id": 0, "box_caption": "person 0.004", "scores": {"class_score": 0.00392913818359375}, "domain": "pixel"}, {"position": {"minX": 247.5, "minY": 97.125, "maxX": 311.0, "maxY": 190.125}, "class_id": 0, "box_caption": "person 0.004", "scores": {"class_score": 0.00391387939453125}, "domain": "pixel"}, {"position": {"minX": 426.0, "minY": 498.5, "maxX": 456.0, "maxY": 574.5}, "class_id": 0, "box_caption": "person 0.004", "scores": {"class_score": 0.0038852691650390625}, "domain": "pixel"}, {"position": {"minX": 103.5625, "minY": 533.0, "maxX": 114.0625, "maxY": 554.0}, "class_id": 0, "box_caption": "person 0.004", "scores": {"class_score": 0.0038547515869140625}, "domain": "pixel"}, {"position": {"minX": 416.25, "minY": 536.0, "maxX": 442.25, "maxY": 583.0}, "class_id": 0, "box_caption": "person 0.004", "scores": {"class_score": 0.0038242340087890625}, "domain": "pixel"}, {"position": {"minX": 153.75, "minY": -16.3125, "maxX": 503.75, "maxY": 104.4375}, "class_id": 0, "box_caption": "person 0.004", "scores": {"class_score": 0.0038242340087890625}, "domain": "pixel"}, {"position": {"minX": 348.0, "minY": 633.5, "maxX": 385.0, "maxY": 660.5}, "class_id": 0, "box_caption": "person 0.004", "scores": {"class_score": 0.003749847412109375}, "domain": "pixel"}, {"position": {"minX": 91.5625, "minY": 492.0, "maxX": 107.5625, "maxY": 530.5}, "class_id": 0, "box_caption": "person 0.004", "scores": {"class_score": 0.0037364959716796875}, "domain": "pixel"}, {"position": {"minX": 565.5, "minY": 319.75, "maxX": 663.5, "maxY": 606.0}, "class_id": 0, "box_caption": "person 0.004", "scores": {"class_score": 0.0037364959716796875}, "domain": "pixel"}, {"position": {"minX": 371.5, "minY": 453.5, "maxX": 384.0, "maxY": 489.0}, "class_id": 0, "box_caption": "person 0.004", "scores": {"class_score": 0.0037078857421875}, "domain": "pixel"}, {"position": {"minX": 14.25, "minY": 281.0, "maxX": 67.0, "maxY": 412.5}, "class_id": 0, "box_caption": "person 0.004", "scores": {"class_score": 0.0036640167236328125}, "domain": "pixel"}, {"position": {"minX": 111.6875, "minY": 568.5, "maxX": 151.75, "maxY": 612.5}, "class_id": 0, "box_caption": "person 0.004", "scores": {"class_score": 0.003650665283203125}, "domain": "pixel"}, {"position": {"minX": 504.25, "minY": 117.625, "maxX": 550.0, "maxY": 236.125}, "class_id": 0, "box_caption": "person 0.004", "scores": {"class_score": 0.003650665283203125}, "domain": "pixel"}, {"position": {"minX": 165.0, "minY": 316.0, "maxX": 203.0, "maxY": 435.5}, "class_id": 0, "box_caption": "person 0.004", "scores": {"class_score": 0.003635406494140625}, "domain": "pixel"}, {"position": {"minX": 127.875, "minY": 448.25, "maxX": 174.875, "maxY": 537.0}, "class_id": 0, "box_caption": "person 0.004", "scores": {"class_score": 0.0036067962646484375}, "domain": "pixel"}, {"position": {"minX": 630.0, "minY": 548.5, "maxX": 659.0, "maxY": 661.5}, "class_id": 0, "box_caption": "person 0.004", "scores": {"class_score": 0.00359344482421875}, "domain": "pixel"}, {"position": {"minX": 462.75, "minY": 344.75, "maxX": 508.75, "maxY": 525.0}, "class_id": 0, "box_caption": "person 0.004", "scores": {"class_score": 0.00359344482421875}, "domain": "pixel"}, {"position": {"minX": 288.5, "minY": 24.5, "maxX": 652.0, "maxY": 147.0}, "class_id": 0, "box_caption": "person 0.004", "scores": {"class_score": 0.00359344482421875}, "domain": "pixel"}, {"position": {"minX": 230.0, "minY": 388.0, "maxX": 309.5, "maxY": 569.5}, "class_id": 0, "box_caption": "person 0.004", "scores": {"class_score": 0.0035800933837890625}, "domain": "pixel"}, {"position": {"minX": 374.75, "minY": 629.0, "maxX": 397.25, "maxY": 659.0}, "class_id": 0, "box_caption": "person 0.004", "scores": {"class_score": 0.0035648345947265625}, "domain": "pixel"}, {"position": {"minX": 290.0, "minY": 326.5, "maxX": 365.5, "maxY": 516.5}, "class_id": 0, "box_caption": "person 0.004", "scores": {"class_score": 0.0035648345947265625}, "domain": "pixel"}, {"position": {"minX": 66.9375, "minY": 564.5, "maxX": 99.4375, "maxY": 610.5}, "class_id": 0, "box_caption": "person 0.004", "scores": {"class_score": 0.003551483154296875}, "domain": "pixel"}, {"position": {"minX": 432.5, "minY": 463.0, "maxX": 453.0, "maxY": 524.0}, "class_id": 0, "box_caption": "person 0.004", "scores": {"class_score": 0.003551483154296875}, "domain": "pixel"}, {"position": {"minX": 458.0, "minY": 350.0, "maxX": 482.0, "maxY": 420.5}, "class_id": 0, "box_caption": "person 0.004", "scores": {"class_score": 0.0035114288330078125}, "domain": "pixel"}, {"position": {"minX": 443.25, "minY": 345.5, "maxX": 477.75, "maxY": 465.5}, "class_id": 0, "box_caption": "person 0.004", "scores": {"class_score": 0.0035114288330078125}, "domain": "pixel"}, {"position": {"minX": 140.75, "minY": 255.0, "maxX": 229.75, "maxY": 485.0}, "class_id": 0, "box_caption": "person 0.004", "scores": {"class_score": 0.0035114288330078125}, "domain": "pixel"}, {"position": {"minX": 292.0, "minY": -4.5, "maxX": 618.5, "maxY": 97.875}, "class_id": 0, "box_caption": "person 0.003", "scores": {"class_score": 0.0034961700439453125}, "domain": "pixel"}, {"position": {"minX": 41.75, "minY": 570.5, "maxX": 308.25, "maxY": 670.5}, "class_id": 0, "box_caption": "person 0.003", "scores": {"class_score": 0.0034961700439453125}, "domain": "pixel"}, {"position": {"minX": 177.875, "minY": 365.0, "maxX": 198.375, "maxY": 426.5}, "class_id": 0, "box_caption": "person 0.003", "scores": {"class_score": 0.0034694671630859375}, "domain": "pixel"}, {"position": {"minX": 251.125, "minY": 104.625, "maxX": 292.5, "maxY": 199.125}, "class_id": 0, "box_caption": "person 0.003", "scores": {"class_score": 0.0034694671630859375}, "domain": "pixel"}, {"position": {"minX": 414.75, "minY": 509.25, "maxX": 486.75, "maxY": 598.5}, "class_id": 0, "box_caption": "person 0.003", "scores": {"class_score": 0.003429412841796875}, "domain": "pixel"}, {"position": {"minX": 515.0, "minY": 148.5, "maxX": 558.0, "maxY": 284.25}, "class_id": 0, "box_caption": "person 0.003", "scores": {"class_score": 0.0034160614013671875}, "domain": "pixel"}, {"position": {"minX": 414.25, "minY": 489.0, "maxX": 424.75, "maxY": 521.5}, "class_id": 0, "box_caption": "person 0.003", "scores": {"class_score": 0.0034027099609375}, "domain": "pixel"}, {"position": {"minX": 357.75, "minY": 403.75, "maxX": 395.75, "maxY": 513.5}, "class_id": 0, "box_caption": "person 0.003", "scores": {"class_score": 0.0034027099609375}, "domain": "pixel"}, {"position": {"minX": 630.0, "minY": 35.9375, "maxX": 661.0, "maxY": 137.5}, "class_id": 0, "box_caption": "person 0.003", "scores": {"class_score": 0.0033893585205078125}, "domain": "pixel"}, {"position": {"minX": 246.625, "minY": 209.75, "maxX": 342.25, "maxY": 410.25}, "class_id": 0, "box_caption": "person 0.003", "scores": {"class_score": 0.003376007080078125}, "domain": "pixel"}, {"position": {"minX": 242.5, "minY": 93.625, "maxX": 307.0, "maxY": 235.125}, "class_id": 0, "box_caption": "person 0.003", "scores": {"class_score": 0.003376007080078125}, "domain": "pixel"}, {"position": {"minX": 329.0, "minY": 237.375, "maxX": 442.5, "maxY": 510.5}, "class_id": 0, "box_caption": "person 0.003", "scores": {"class_score": 0.0033626556396484375}, "domain": "pixel"}, {"position": {"minX": 411.25, "minY": 474.5, "maxX": 430.75, "maxY": 524.5}, "class_id": 0, "box_caption": "person 0.003", "scores": {"class_score": 0.0033512115478515625}, "domain": "pixel"}, {"position": {"minX": 317.0, "minY": 601.5, "maxX": 436.0, "maxY": 665.5}, "class_id": 0, "box_caption": "person 0.003", "scores": {"class_score": 0.0033512115478515625}, "domain": "pixel"}, {"position": {"minX": 474.0, "minY": 368.25, "maxX": 495.0, "maxY": 420.75}, "class_id": 0, "box_caption": "person 0.003", "scores": {"class_score": 0.0033245086669921875}, "domain": "pixel"}, {"position": {"minX": 631.5, "minY": 613.0, "maxX": 649.5, "maxY": 657.0}, "class_id": 0, "box_caption": "person 0.003", "scores": {"class_score": 0.0033111572265625}, "domain": "pixel"}, {"position": {"minX": 87.3125, "minY": 270.75, "maxX": 277.0, "maxY": 539.0}, "class_id": 0, "box_caption": "person 0.003", "scores": {"class_score": 0.0033111572265625}, "domain": "pixel"}, {"position": {"minX": 340.0, "minY": 571.0, "maxX": 521.5, "maxY": 675.0}, "class_id": 0, "box_caption": "person 0.003", "scores": {"class_score": 0.0033111572265625}, "domain": "pixel"}, {"position": {"minX": 642.5, "minY": 168.875, "maxX": 663.5, "maxY": 264.75}, "class_id": 0, "box_caption": "person 0.003", "scores": {"class_score": 0.0032978057861328125}, "domain": "pixel"}, {"position": {"minX": 172.375, "minY": 330.0, "maxX": 226.125, "maxY": 449.5}, "class_id": 0, "box_caption": "person 0.003", "scores": {"class_score": 0.00327301025390625}, "domain": "pixel"}, {"position": {"minX": 433.5, "minY": 473.5, "maxX": 443.5, "maxY": 512.5}, "class_id": 0, "box_caption": "person 0.003", "scores": {"class_score": 0.00323486328125}, "domain": "pixel"}, {"position": {"minX": 26.25, "minY": 343.5, "maxX": 89.8125, "maxY": 536.0}, "class_id": 0, "box_caption": "person 0.003", "scores": {"class_score": 0.003223419189453125}, "domain": "pixel"}, {"position": {"minX": 528.5, "minY": 450.5, "maxX": 641.5, "maxY": 623.5}, "class_id": 0, "box_caption": "person 0.003", "scores": {"class_score": 0.003223419189453125}, "domain": "pixel"}, {"position": {"minX": 264.0, "minY": 404.75, "maxX": 311.0, "maxY": 530.5}, "class_id": 0, "box_caption": "person 0.003", "scores": {"class_score": 0.003223419189453125}, "domain": "pixel"}, {"position": {"minX": 439.75, "minY": 126.75, "maxX": 570.0, "maxY": 552.0}, "class_id": 0, "box_caption": "person 0.003", "scores": {"class_score": 0.003223419189453125}, "domain": "pixel"}, {"position": {"minX": 88.9375, "minY": 480.75, "maxX": 112.0625, "maxY": 536.0}, "class_id": 0, "box_caption": "person 0.003", "scores": {"class_score": 0.0032100677490234375}, "domain": "pixel"}, {"position": {"minX": 307.0, "minY": 221.0, "maxX": 351.5, "maxY": 339.5}, "class_id": 0, "box_caption": "person 0.003", "scores": {"class_score": 0.0032100677490234375}, "domain": "pixel"}, {"position": {"minX": 383.5, "minY": 537.0, "maxX": 542.0, "maxY": 664.0}, "class_id": 0, "box_caption": "person 0.003", "scores": {"class_score": 0.0032100677490234375}, "domain": "pixel"}, {"position": {"minX": 456.5, "minY": 414.5, "maxX": 481.0, "maxY": 490.0}, "class_id": 0, "box_caption": "person 0.003", "scores": {"class_score": 0.00319671630859375}, "domain": "pixel"}, {"position": {"minX": 485.5, "minY": 130.5, "maxX": 559.5, "maxY": 365.5}, "class_id": 0, "box_caption": "person 0.003", "scores": {"class_score": 0.00319671630859375}, "domain": "pixel"}, {"position": {"minX": 422.75, "minY": 529.5, "maxX": 437.75, "maxY": 561.5}, "class_id": 0, "box_caption": "person 0.003", "scores": {"class_score": 0.003147125244140625}, "domain": "pixel"}, {"position": {"minX": 593.0, "minY": 133.75, "maxX": 638.0, "maxY": 226.5}, "class_id": 0, "box_caption": "person 0.003", "scores": {"class_score": 0.003147125244140625}, "domain": "pixel"}, {"position": {"minX": 392.0, "minY": 369.75, "maxX": 423.5, "maxY": 486.75}, "class_id": 0, "box_caption": "person 0.003", "scores": {"class_score": 0.003147125244140625}, "domain": "pixel"}, {"position": {"minX": 167.0, "minY": 175.0, "maxX": 315.5, "maxY": 505.0}, "class_id": 0, "box_caption": "person 0.003", "scores": {"class_score": 0.003147125244140625}, "domain": "pixel"}, {"position": {"minX": 237.0, "minY": 67.6875, "maxX": 319.5, "maxY": 177.5}, "class_id": 0, "box_caption": "person 0.003", "scores": {"class_score": 0.00313568115234375}, "domain": "pixel"}, {"position": {"minX": 197.75, "minY": 614.5, "maxX": 233.25, "maxY": 641.5}, "class_id": 0, "box_caption": "person 0.003", "scores": {"class_score": 0.003124237060546875}, "domain": "pixel"}, {"position": {"minX": 451.25, "minY": 418.0, "maxX": 487.25, "maxY": 504.0}, "class_id": 0, "box_caption": "person 0.003", "scores": {"class_score": 0.003124237060546875}, "domain": "pixel"}, {"position": {"minX": 477.5, "minY": 599.0, "maxX": 492.0, "maxY": 642.0}, "class_id": 0, "box_caption": "person 0.003", "scores": {"class_score": 0.0030994415283203125}, "domain": "pixel"}, {"position": {"minX": 347.75, "minY": 166.125, "maxX": 401.75, "maxY": 295.5}, "class_id": 0, "box_caption": "person 0.003", "scores": {"class_score": 0.0030994415283203125}, "domain": "pixel"}, {"position": {"minX": 184.375, "minY": 304.0, "maxX": 237.375, "maxY": 445.0}, "class_id": 0, "box_caption": "person 0.003", "scores": {"class_score": 0.0030994415283203125}, "domain": "pixel"}, {"position": {"minX": 379.25, "minY": 123.0, "maxX": 420.25, "maxY": 233.0}, "class_id": 0, "box_caption": "person 0.003", "scores": {"class_score": 0.0030994415283203125}, "domain": "pixel"}, {"position": {"minX": 211.625, "minY": 560.0, "maxX": 342.5, "maxY": 648.0}, "class_id": 0, "box_caption": "person 0.003", "scores": {"class_score": 0.0030879974365234375}, "domain": "pixel"}, {"position": {"minX": 302.0, "minY": 300.5, "maxX": 421.5, "maxY": 539.0}, "class_id": 0, "box_caption": "person 0.003", "scores": {"class_score": 0.0030879974365234375}, "domain": "pixel"}, {"position": {"minX": 87.625, "minY": 588.0, "maxX": 334.0, "maxY": 662.0}, "class_id": 0, "box_caption": "person 0.003", "scores": {"class_score": 0.00307464599609375}, "domain": "pixel"}, {"position": {"minX": 88.1875, "minY": 567.0, "maxX": 108.0625, "maxY": 611.0}, "class_id": 0, "box_caption": "person 0.003", "scores": {"class_score": 0.0030517578125}, "domain": "pixel"}, {"position": {"minX": 339.25, "minY": 356.0, "maxX": 379.75, "maxY": 485.5}, "class_id": 0, "box_caption": "person 0.003", "scores": {"class_score": 0.0030517578125}, "domain": "pixel"}, {"position": {"minX": 354.25, "minY": 619.5, "maxX": 404.25, "maxY": 660.5}, "class_id": 0, "box_caption": "person 0.003", "scores": {"class_score": 0.0030517578125}, "domain": "pixel"}, {"position": {"minX": 632.0, "minY": 147.75, "maxX": 661.0, "maxY": 316.0}, "class_id": 0, "box_caption": "person 0.003", "scores": {"class_score": 0.003040313720703125}, "domain": "pixel"}, {"position": {"minX": 22.90625, "minY": 364.75, "maxX": 41.34375, "maxY": 425.75}, "class_id": 0, "box_caption": "person 0.003", "scores": {"class_score": 0.0030269622802734375}, "domain": "pixel"}, {"position": {"minX": 371.25, "minY": 616.5, "maxX": 401.75, "maxY": 658.5}, "class_id": 0, "box_caption": "person 0.003", "scores": {"class_score": 0.0030269622802734375}, "domain": "pixel"}, {"position": {"minX": 536.0, "minY": 251.125, "maxX": 588.0, "maxY": 402.5}, "class_id": 0, "box_caption": "person 0.003", "scores": {"class_score": 0.0030269622802734375}, "domain": "pixel"}, {"position": {"minX": 64.625, "minY": 551.5, "maxX": 283.5, "maxY": 652.5}, "class_id": 0, "box_caption": "person 0.003", "scores": {"class_score": 0.0030155181884765625}, "domain": "pixel"}, {"position": {"minX": 632.5, "minY": 233.5, "maxX": 653.5, "maxY": 288.0}, "class_id": 0, "box_caption": "person 0.003", "scores": {"class_score": 0.0030040740966796875}, "domain": "pixel"}, {"position": {"minX": 619.5, "minY": 52.8125, "maxX": 661.5, "maxY": 238.5}, "class_id": 0, "box_caption": "person 0.003", "scores": {"class_score": 0.0030040740966796875}, "domain": "pixel"}, {"position": {"minX": 359.5, "minY": 411.75, "maxX": 388.5, "maxY": 476.25}, "class_id": 0, "box_caption": "person 0.003", "scores": {"class_score": 0.0029697418212890625}, "domain": "pixel"}, {"position": {"minX": 486.0, "minY": 409.0, "maxX": 509.0, "maxY": 505.5}, "class_id": 0, "box_caption": "person 0.003", "scores": {"class_score": 0.0029697418212890625}, "domain": "pixel"}, {"position": {"minX": 176.5, "minY": 417.5, "maxX": 309.25, "maxY": 557.0}, "class_id": 0, "box_caption": "person 0.003", "scores": {"class_score": 0.0029697418212890625}, "domain": "pixel"}, {"position": {"minX": 492.75, "minY": 470.25, "maxX": 650.5, "maxY": 661.0}, "class_id": 0, "box_caption": "person 0.003", "scores": {"class_score": 0.0029468536376953125}, "domain": "pixel"}, {"position": {"minX": 497.75, "minY": 271.5, "maxX": 550.0, "maxY": 484.0}, "class_id": 0, "box_caption": "person 0.003", "scores": {"class_score": 0.0029239654541015625}, "domain": "pixel"}, {"position": {"minX": 409.5, "minY": 489.75, "maxX": 421.0, "maxY": 519.0}, "class_id": 0, "box_caption": "person 0.003", "scores": {"class_score": 0.0029125213623046875}, "domain": "pixel"}, {"position": {"minX": 271.5, "minY": 101.0, "maxX": 316.5, "maxY": 155.75}, "class_id": 0, "box_caption": "person 0.003", "scores": {"class_score": 0.0029125213623046875}, "domain": "pixel"}, {"position": {"minX": 14.015625, "minY": 307.5, "maxX": 47.125, "maxY": 424.0}, "class_id": 0, "box_caption": "person 0.003", "scores": {"class_score": 0.0029010772705078125}, "domain": "pixel"}, {"position": {"minX": 7.6015625, "minY": 331.5, "maxX": 36.625, "maxY": 414.5}, "class_id": 0, "box_caption": "person 0.003", "scores": {"class_score": 0.0028896331787109375}, "domain": "pixel"}, {"position": {"minX": 437.0, "minY": 490.75, "maxX": 456.5, "maxY": 549.0}, "class_id": 0, "box_caption": "person 0.003", "scores": {"class_score": 0.0028896331787109375}, "domain": "pixel"}, {"position": {"minX": 208.625, "minY": 311.0, "maxX": 294.25, "maxY": 507.0}, "class_id": 0, "box_caption": "person 0.003", "scores": {"class_score": 0.0028896331787109375}, "domain": "pixel"}], "class_labels": {"0": "person"}}