{"box_data": [{"position": {"minX": 538.5, "minY": 398.75, "maxX": 572.5, "maxY": 484.75}, "class_id": 0, "box_caption": "person 0.214", "scores": {"class_score": 0.2139892578125}, "domain": "pixel"}, {"position": {"minX": 14.40625, "minY": 280.25, "maxX": 66.375, "maxY": 401.75}, "class_id": 0, "box_caption": "person 0.109", "scores": {"class_score": 0.10858154296875}, "domain": "pixel"}, {"position": {"minX": 495.0, "minY": 194.0, "maxX": 552.0, "maxY": 300.75}, "class_id": 0, "box_caption": "person 0.107", "scores": {"class_score": 0.10723876953125}, "domain": "pixel"}, {"position": {"minX": 295.0, "minY": 392.25, "maxX": 341.5, "maxY": 544.0}, "class_id": 0, "box_caption": "person 0.100", "scores": {"class_score": 0.09979248046875}, "domain": "pixel"}, {"position": {"minX": 11.265625, "minY": 292.0, "maxX": 44.375, "maxY": 394.0}, "class_id": 0, "box_caption": "person 0.078", "scores": {"class_score": 0.078369140625}, "domain": "pixel"}, {"position": {"minX": 500.0, "minY": 207.5, "maxX": 535.0, "maxY": 294.75}, "class_id": 0, "box_caption": "person 0.074", "scores": {"class_score": 0.07366943359375}, "domain": "pixel"}, {"position": {"minX": 408.5, "minY": 403.75, "maxX": 653.5, "maxY": 657.5}, "class_id": 0, "box_caption": "person 0.072", "scores": {"class_score": 0.07183837890625}, "domain": "pixel"}, {"position": {"minX": 477.5, "minY": 190.25, "maxX": 536.5, "maxY": 298.25}, "class_id": 0, "box_caption": "person 0.066", "scores": {"class_score": 0.06646728515625}, "domain": "pixel"}, {"position": {"minX": 464.5, "minY": 324.75, "maxX": 488.5, "maxY": 393.25}, "class_id": 0, "box_caption": "person 0.060", "scores": {"class_score": 0.059661865234375}, "domain": "pixel"}, {"position": {"minX": 471.75, "minY": 122.5, "maxX": 546.0, "maxY": 297.0}, "class_id": 0, "box_caption": "person 0.056", "scores": {"class_score": 0.05645751953125}, "domain": "pixel"}, {"position": {"minX": 470.75, "minY": 326.0, "maxX": 495.25, "maxY": 388.5}, "class_id": 0, "box_caption": "person 0.055", "scores": {"class_score": 0.055206298828125}, "domain": "pixel"}, {"position": {"minX": 511.25, "minY": 212.625, "maxX": 559.5, "maxY": 304.5}, "class_id": 0, "box_caption": "person 0.055", "scores": {"class_score": 0.054595947265625}, "domain": "pixel"}, {"position": {"minX": 525.5, "minY": 376.0, "maxX": 575.5, "maxY": 504.0}, "class_id": 0, "box_caption": "person 0.053", "scores": {"class_score": 0.052703857421875}, "domain": "pixel"}, {"position": {"minX": 515.5, "minY": 356.0, "maxX": 526.5, "maxY": 386.0}, "class_id": 0, "box_caption": "person 0.052", "scores": {"class_score": 0.051666259765625}, "domain": "pixel"}, {"position": {"minX": 9.71875, "minY": 286.0, "maxX": 55.40625, "maxY": 430.5}, "class_id": 0, "box_caption": "person 0.045", "scores": {"class_score": 0.044677734375}, "domain": "pixel"}, {"position": {"minX": 527.0, "minY": 211.25, "maxX": 575.0, "maxY": 312.75}, "class_id": 0, "box_caption": "person 0.040", "scores": {"class_score": 0.039642333984375}, "domain": "pixel"}, {"position": {"minX": 426.0, "minY": 231.25, "maxX": 486.5, "maxY": 382.75}, "class_id": 0, "box_caption": "person 0.038", "scores": {"class_score": 0.0384521484375}, "domain": "pixel"}, {"position": {"minX": 219.25, "minY": 343.0, "maxX": 267.25, "maxY": 461.0}, "class_id": 0, "box_caption": "person 0.036", "scores": {"class_score": 0.03594970703125}, "domain": "pixel"}, {"position": {"minX": 382.75, "minY": 367.75, "maxX": 469.25, "maxY": 567.5}, "class_id": 0, "box_caption": "person 0.034", "scores": {"class_score": 0.033905029296875}, "domain": "pixel"}, {"position": {"minX": 394.75, "minY": 426.5, "maxX": 463.25, "maxY": 567.0}, "class_id": 0, "box_caption": "person 0.034", "scores": {"class_score": 0.033782958984375}, "domain": "pixel"}, {"position": {"minX": 379.5, "minY": 256.0, "maxX": 472.5, "maxY": 560.5}, "class_id": 0, "box_caption": "person 0.033", "scores": {"class_score": 0.032958984375}, "domain": "pixel"}, {"position": {"minX": 430.25, "minY": 262.75, "maxX": 495.75, "maxY": 399.25}, "class_id": 0, "box_caption": "person 0.030", "scores": {"class_score": 0.0304412841796875}, "domain": "pixel"}, {"position": {"minX": 467.5, "minY": 206.0, "maxX": 530.0, "maxY": 320.5}, "class_id": 0, "box_caption": "person 0.030", "scores": {"class_score": 0.03021240234375}, "domain": "pixel"}, {"position": {"minX": 407.75, "minY": 408.25, "maxX": 490.25, "maxY": 586.0}, "class_id": 0, "box_caption": "person 0.030", "scores": {"class_score": 0.029815673828125}, "domain": "pixel"}, {"position": {"minX": 567.0, "minY": 224.875, "maxX": 604.0, "maxY": 310.25}, "class_id": 0, "box_caption": "person 0.030", "scores": {"class_score": 0.029541015625}, "domain": "pixel"}, {"position": {"minX": 9.109375, "minY": 259.75, "maxX": 51.5, "maxY": 384.75}, "class_id": 0, "box_caption": "person 0.027", "scores": {"class_score": 0.027374267578125}, "domain": "pixel"}, {"position": {"minX": 545.0, "minY": 394.0, "maxX": 579.0, "maxY": 470.0}, "class_id": 0, "box_caption": "person 0.027", "scores": {"class_score": 0.0272674560546875}, "domain": "pixel"}, {"position": {"minX": 407.75, "minY": 226.125, "maxX": 474.25, "maxY": 389.5}, "class_id": 0, "box_caption": "person 0.027", "scores": {"class_score": 0.0266571044921875}, "domain": "pixel"}, {"position": {"minX": 10.09375, "minY": 299.25, "maxX": 33.4375, "maxY": 379.75}, "class_id": 0, "box_caption": "person 0.026", "scores": {"class_score": 0.026458740234375}, "domain": "pixel"}, {"position": {"minX": 518.0, "minY": 381.25, "maxX": 594.0, "maxY": 523.5}, "class_id": 0, "box_caption": "person 0.025", "scores": {"class_score": 0.0251312255859375}, "domain": "pixel"}, {"position": {"minX": 301.25, "minY": 422.0, "maxX": 349.75, "maxY": 554.5}, "class_id": 0, "box_caption": "person 0.024", "scores": {"class_score": 0.02423095703125}, "domain": "pixel"}, {"position": {"minX": 533.5, "minY": 411.5, "maxX": 564.5, "maxY": 492.0}, "class_id": 0, "box_caption": "person 0.024", "scores": {"class_score": 0.024139404296875}, "domain": "pixel"}, {"position": {"minX": 217.625, "minY": 281.0, "maxX": 274.25, "maxY": 473.0}, "class_id": 0, "box_caption": "person 0.023", "scores": {"class_score": 0.0234222412109375}, "domain": "pixel"}, {"position": {"minX": 430.25, "minY": 219.75, "maxX": 489.25, "maxY": 337.25}, "class_id": 0, "box_caption": "person 0.023", "scores": {"class_score": 0.0230255126953125}, "domain": "pixel"}, {"position": {"minX": 490.75, "minY": 349.5, "maxX": 598.0, "maxY": 578.5}, "class_id": 0, "box_caption": "person 0.022", "scores": {"class_score": 0.0222930908203125}, "domain": "pixel"}, {"position": {"minX": 370.0, "minY": 418.0, "maxX": 555.5, "maxY": 643.0}, "class_id": 0, "box_caption": "person 0.022", "scores": {"class_score": 0.0216522216796875}, "domain": "pixel"}, {"position": {"minX": 462.0, "minY": 445.0, "maxX": 640.0, "maxY": 654.0}, "class_id": 0, "box_caption": "person 0.020", "scores": {"class_score": 0.0196380615234375}, "domain": "pixel"}, {"position": {"minX": 483.5, "minY": 322.5, "maxX": 512.0, "maxY": 390.0}, "class_id": 0, "box_caption": "person 0.019", "scores": {"class_score": 0.0190582275390625}, "domain": "pixel"}, {"position": {"minX": 458.0, "minY": 277.25, "maxX": 514.0, "maxY": 397.25}, "class_id": 0, "box_caption": "person 0.019", "scores": {"class_score": 0.0189056396484375}, "domain": "pixel"}, {"position": {"minX": 455.5, "minY": 248.375, "maxX": 481.5, "maxY": 301.25}, "class_id": 0, "box_caption": "person 0.019", "scores": {"class_score": 0.0185394287109375}, "domain": "pixel"}, {"position": {"minX": 12.046875, "minY": 274.75, "maxX": 41.4375, "maxY": 367.75}, "class_id": 0, "box_caption": "person 0.019", "scores": {"class_score": 0.0185089111328125}, "domain": "pixel"}, {"position": {"minX": 412.0, "minY": 223.375, "maxX": 469.0, "maxY": 334.5}, "class_id": 0, "box_caption": "person 0.018", "scores": {"class_score": 0.0179901123046875}, "domain": "pixel"}, {"position": {"minX": 24.53125, "minY": 275.5, "maxX": 78.0, "maxY": 392.0}, "class_id": 0, "box_caption": "person 0.018", "scores": {"class_score": 0.017913818359375}, "domain": "pixel"}, {"position": {"minX": 409.75, "minY": 438.75, "maxX": 467.25, "maxY": 547.5}, "class_id": 0, "box_caption": "person 0.018", "scores": {"class_score": 0.017913818359375}, "domain": "pixel"}, {"position": {"minX": 475.0, "minY": 91.5, "maxX": 525.5, "maxY": 214.5}, "class_id": 0, "box_caption": "person 0.018", "scores": {"class_score": 0.017913818359375}, "domain": "pixel"}, {"position": {"minX": 216.375, "minY": 378.0, "maxX": 249.875, "maxY": 445.0}, "class_id": 0, "box_caption": "person 0.017", "scores": {"class_score": 0.017181396484375}, "domain": "pixel"}, {"position": {"minX": 466.5, "minY": 208.375, "maxX": 514.0, "maxY": 287.5}, "class_id": 0, "box_caption": "person 0.017", "scores": {"class_score": 0.017181396484375}, "domain": "pixel"}, {"position": {"minX": 540.0, "minY": 217.5, "maxX": 587.0, "maxY": 309.5}, "class_id": 0, "box_caption": "person 0.017", "scores": {"class_score": 0.017181396484375}, "domain": "pixel"}, {"position": {"minX": 387.5, "minY": 428.0, "maxX": 480.5, "maxY": 612.0}, "class_id": 0, "box_caption": "person 0.017", "scores": {"class_score": 0.0170440673828125}, "domain": "pixel"}, {"position": {"minX": 479.0, "minY": 335.25, "maxX": 500.0, "maxY": 391.75}, "class_id": 0, "box_caption": "person 0.017", "scores": {"class_score": 0.0169830322265625}, "domain": "pixel"}, {"position": {"minX": 115.8125, "minY": 275.0, "maxX": 165.875, "maxY": 351.5}, "class_id": 0, "box_caption": "person 0.017", "scores": {"class_score": 0.0169219970703125}, "domain": "pixel"}, {"position": {"minX": 213.75, "minY": 386.75, "maxX": 240.25, "maxY": 440.75}, "class_id": 0, "box_caption": "person 0.017", "scores": {"class_score": 0.016845703125}, "domain": "pixel"}, {"position": {"minX": 501.0, "minY": 314.0, "maxX": 518.5, "maxY": 373.5}, "class_id": 0, "box_caption": "person 0.016", "scores": {"class_score": 0.0164031982421875}, "domain": "pixel"}, {"position": {"minX": 451.0, "minY": 209.75, "maxX": 522.5, "maxY": 395.75}, "class_id": 0, "box_caption": "person 0.016", "scores": {"class_score": 0.0164031982421875}, "domain": "pixel"}, {"position": {"minX": 11.21875, "minY": 283.5, "maxX": 32.03125, "maxY": 354.0}, "class_id": 0, "box_caption": "person 0.016", "scores": {"class_score": 0.015838623046875}, "domain": "pixel"}, {"position": {"minX": 510.0, "minY": 346.0, "maxX": 526.0, "maxY": 389.0}, "class_id": 0, "box_caption": "person 0.015", "scores": {"class_score": 0.0154876708984375}, "domain": "pixel"}, {"position": {"minX": 395.25, "minY": 242.5, "maxX": 504.25, "maxY": 567.5}, "class_id": 0, "box_caption": "person 0.015", "scores": {"class_score": 0.01512908935546875}, "domain": "pixel"}, {"position": {"minX": 469.5, "minY": 216.75, "maxX": 500.5, "maxY": 286.0}, "class_id": 0, "box_caption": "person 0.015", "scores": {"class_score": 0.01507568359375}, "domain": "pixel"}, {"position": {"minX": 32.8125, "minY": 281.75, "maxX": 95.8125, "maxY": 389.75}, "class_id": 0, "box_caption": "person 0.015", "scores": {"class_score": 0.01483917236328125}, "domain": "pixel"}, {"position": {"minX": 435.0, "minY": 294.5, "maxX": 491.0, "maxY": 425.5}, "class_id": 0, "box_caption": "person 0.015", "scores": {"class_score": 0.014556884765625}, "domain": "pixel"}, {"position": {"minX": 466.25, "minY": 312.25, "maxX": 508.75, "maxY": 401.25}, "class_id": 0, "box_caption": "person 0.014", "scores": {"class_score": 0.01422882080078125}, "domain": "pixel"}, {"position": {"minX": 225.125, "minY": 252.0, "maxX": 284.75, "maxY": 493.0}, "class_id": 0, "box_caption": "person 0.014", "scores": {"class_score": 0.01406097412109375}, "domain": "pixel"}, {"position": {"minX": 467.75, "minY": 98.25, "maxX": 541.0, "maxY": 244.5}, "class_id": 0, "box_caption": "person 0.014", "scores": {"class_score": 0.014007568359375}, "domain": "pixel"}, {"position": {"minX": 211.75, "minY": 351.75, "maxX": 273.25, "maxY": 497.25}, "class_id": 0, "box_caption": "person 0.014", "scores": {"class_score": 0.01374053955078125}, "domain": "pixel"}, {"position": {"minX": 537.5, "minY": 394.5, "maxX": 561.5, "maxY": 464.5}, "class_id": 0, "box_caption": "person 0.013", "scores": {"class_score": 0.012969970703125}, "domain": "pixel"}, {"position": {"minX": 422.5, "minY": 266.5, "maxX": 499.5, "maxY": 454.0}, "class_id": 0, "box_caption": "person 0.013", "scores": {"class_score": 0.0129241943359375}, "domain": "pixel"}, {"position": {"minX": 450.25, "minY": 234.25, "maxX": 483.75, "maxY": 321.75}, "class_id": 0, "box_caption": "person 0.013", "scores": {"class_score": 0.0127716064453125}, "domain": "pixel"}, {"position": {"minX": 393.25, "minY": 262.0, "maxX": 469.25, "maxY": 481.5}, "class_id": 0, "box_caption": "person 0.012", "scores": {"class_score": 0.01229095458984375}, "domain": "pixel"}, {"position": {"minX": 461.5, "minY": 93.375, "maxX": 573.5, "maxY": 273.0}, "class_id": 0, "box_caption": "person 0.012", "scores": {"class_score": 0.012237548828125}, "domain": "pixel"}, {"position": {"minX": 559.0, "minY": 303.5, "maxX": 574.0, "maxY": 360.0}, "class_id": 0, "box_caption": "person 0.012", "scores": {"class_score": 0.011962890625}, "domain": "pixel"}, {"position": {"minX": 555.5, "minY": 309.75, "maxX": 570.5, "maxY": 373.75}, "class_id": 0, "box_caption": "person 0.012", "scores": {"class_score": 0.011962890625}, "domain": "pixel"}, {"position": {"minX": 214.5, "minY": 173.5, "maxX": 280.5, "maxY": 384.0}, "class_id": 0, "box_caption": "person 0.012", "scores": {"class_score": 0.011962890625}, "domain": "pixel"}, {"position": {"minX": 301.25, "minY": 389.25, "maxX": 344.75, "maxY": 501.25}, "class_id": 0, "box_caption": "person 0.012", "scores": {"class_score": 0.0115966796875}, "domain": "pixel"}, {"position": {"minX": 512.0, "minY": 361.0, "maxX": 524.0, "maxY": 392.0}, "class_id": 0, "box_caption": "person 0.011", "scores": {"class_score": 0.01137542724609375}, "domain": "pixel"}, {"position": {"minX": 411.5, "minY": 447.75, "maxX": 446.5, "maxY": 537.0}, "class_id": 0, "box_caption": "person 0.011", "scores": {"class_score": 0.01129150390625}, "domain": "pixel"}, {"position": {"minX": 441.5, "minY": 208.625, "maxX": 499.5, "maxY": 295.0}, "class_id": 0, "box_caption": "person 0.011", "scores": {"class_score": 0.01129150390625}, "domain": "pixel"}, {"position": {"minX": 3.53125, "minY": 264.5, "maxX": 97.5, "maxY": 415.0}, "class_id": 0, "box_caption": "person 0.011", "scores": {"class_score": 0.0112457275390625}, "domain": "pixel"}, {"position": {"minX": 203.25, "minY": 294.75, "maxX": 221.5, "maxY": 367.75}, "class_id": 0, "box_caption": "person 0.011", "scores": {"class_score": 0.01111602783203125}, "domain": "pixel"}, {"position": {"minX": 476.25, "minY": 311.25, "maxX": 500.75, "maxY": 384.75}, "class_id": 0, "box_caption": "person 0.011", "scores": {"class_score": 0.01107025146484375}, "domain": "pixel"}, {"position": {"minX": 233.25, "minY": 204.75, "maxX": 287.25, "maxY": 396.25}, "class_id": 0, "box_caption": "person 0.011", "scores": {"class_score": 0.0110321044921875}, "domain": "pixel"}, {"position": {"minX": 465.5, "minY": 173.25, "maxX": 581.5, "maxY": 316.75}, "class_id": 0, "box_caption": "person 0.011", "scores": {"class_score": 0.010986328125}, "domain": "pixel"}, {"position": {"minX": 481.5, "minY": 179.625, "maxX": 532.5, "maxY": 263.0}, "class_id": 0, "box_caption": "person 0.011", "scores": {"class_score": 0.0108184814453125}, "domain": "pixel"}, {"position": {"minX": 421.0, "minY": 503.25, "maxX": 638.0, "maxY": 659.0}, "class_id": 0, "box_caption": "person 0.011", "scores": {"class_score": 0.0108184814453125}, "domain": "pixel"}, {"position": {"minX": 472.5, "minY": 346.75, "maxX": 492.0, "maxY": 394.25}, "class_id": 0, "box_caption": "person 0.011", "scores": {"class_score": 0.01073455810546875}, "domain": "pixel"}, {"position": {"minX": 504.75, "minY": 355.25, "maxX": 656.0, "maxY": 650.0}, "class_id": 0, "box_caption": "person 0.011", "scores": {"class_score": 0.0106964111328125}, "domain": "pixel"}, {"position": {"minX": 631.0, "minY": 255.125, "maxX": 654.0, "maxY": 306.5}, "class_id": 0, "box_caption": "person 0.010", "scores": {"class_score": 0.0102081298828125}, "domain": "pixel"}, {"position": {"minX": 434.5, "minY": 227.0, "maxX": 477.5, "maxY": 304.0}, "class_id": 0, "box_caption": "person 0.010", "scores": {"class_score": 0.0100555419921875}, "domain": "pixel"}, {"position": {"minX": 567.5, "minY": 240.75, "maxX": 595.5, "maxY": 307.25}, "class_id": 0, "box_caption": "person 0.010", "scores": {"class_score": 0.00997161865234375}, "domain": "pixel"}, {"position": {"minX": 572.0, "minY": 242.375, "maxX": 612.0, "maxY": 313.0}, "class_id": 0, "box_caption": "person 0.010", "scores": {"class_score": 0.00971221923828125}, "domain": "pixel"}, {"position": {"minX": 8.9921875, "minY": 277.75, "maxX": 32.65625, "maxY": 405.25}, "class_id": 0, "box_caption": "person 0.010", "scores": {"class_score": 0.00955963134765625}, "domain": "pixel"}, {"position": {"minX": 497.75, "minY": 305.75, "maxX": 524.0, "maxY": 383.75}, "class_id": 0, "box_caption": "person 0.009", "scores": {"class_score": 0.00948333740234375}, "domain": "pixel"}, {"position": {"minX": 465.75, "minY": 358.25, "maxX": 481.75, "maxY": 398.75}, "class_id": 0, "box_caption": "person 0.009", "scores": {"class_score": 0.0094146728515625}, "domain": "pixel"}, {"position": {"minX": 87.625, "minY": 283.5, "maxX": 152.0, "maxY": 351.0}, "class_id": 0, "box_caption": "person 0.009", "scores": {"class_score": 0.00930023193359375}, "domain": "pixel"}, {"position": {"minX": 536.5, "minY": 223.0, "maxX": 580.5, "maxY": 357.5}, "class_id": 0, "box_caption": "person 0.009", "scores": {"class_score": 0.00919342041015625}, "domain": "pixel"}, {"position": {"minX": 406.75, "minY": 207.75, "maxX": 512.0, "maxY": 403.75}, "class_id": 0, "box_caption": "person 0.009", "scores": {"class_score": 0.00919342041015625}, "domain": "pixel"}, {"position": {"minX": 226.875, "minY": 357.0, "maxX": 292.5, "maxY": 508.0}, "class_id": 0, "box_caption": "person 0.009", "scores": {"class_score": 0.00916290283203125}, "domain": "pixel"}, {"position": {"minX": 16.453125, "minY": 593.5, "maxX": 72.9375, "maxY": 662.5}, "class_id": 0, "box_caption": "person 0.009", "scores": {"class_score": 0.00908660888671875}, "domain": "pixel"}, {"position": {"minX": 418.5, "minY": 301.5, "maxX": 461.5, "maxY": 421.0}, "class_id": 0, "box_caption": "person 0.009", "scores": {"class_score": 0.00905609130859375}, "domain": "pixel"}, {"position": {"minX": 534.0, "minY": 327.5, "maxX": 581.0, "maxY": 502.5}, "class_id": 0, "box_caption": "person 0.009", "scores": {"class_score": 0.00891876220703125}, "domain": "pixel"}, {"position": {"minX": 493.5, "minY": 303.75, "maxX": 518.5, "maxY": 367.75}, "class_id": 0, "box_caption": "person 0.009", "scores": {"class_score": 0.00885009765625}, "domain": "pixel"}, {"position": {"minX": 522.0, "minY": 298.0, "maxX": 592.0, "maxY": 531.5}, "class_id": 0, "box_caption": "person 0.009", "scores": {"class_score": 0.00881195068359375}, "domain": "pixel"}, {"position": {"minX": 130.25, "minY": 261.0, "maxX": 173.25, "maxY": 339.0}, "class_id": 0, "box_caption": "person 0.009", "scores": {"class_score": 0.00878143310546875}, "domain": "pixel"}, {"position": {"minX": 409.25, "minY": 245.125, "maxX": 428.75, "maxY": 293.0}, "class_id": 0, "box_caption": "person 0.009", "scores": {"class_score": 0.0087432861328125}, "domain": "pixel"}, {"position": {"minX": 435.5, "minY": 271.25, "maxX": 474.5, "maxY": 380.25}, "class_id": 0, "box_caption": "person 0.009", "scores": {"class_score": 0.008575439453125}, "domain": "pixel"}, {"position": {"minX": 416.0, "minY": 225.375, "maxX": 464.0, "maxY": 299.75}, "class_id": 0, "box_caption": "person 0.009", "scores": {"class_score": 0.008514404296875}, "domain": "pixel"}, {"position": {"minX": 380.25, "minY": 439.5, "maxX": 438.75, "maxY": 564.0}, "class_id": 0, "box_caption": "person 0.008", "scores": {"class_score": 0.00847625732421875}, "domain": "pixel"}, {"position": {"minX": 486.0, "minY": 200.5, "maxX": 563.0, "maxY": 386.5}, "class_id": 0, "box_caption": "person 0.008", "scores": {"class_score": 0.0083160400390625}, "domain": "pixel"}, {"position": {"minX": 462.75, "minY": 108.1875, "maxX": 515.5, "maxY": 232.25}, "class_id": 0, "box_caption": "person 0.008", "scores": {"class_score": 0.00818634033203125}, "domain": "pixel"}, {"position": {"minX": 515.0, "minY": 347.5, "maxX": 531.0, "maxY": 397.5}, "class_id": 0, "box_caption": "person 0.008", "scores": {"class_score": 0.00815582275390625}, "domain": "pixel"}, {"position": {"minX": 451.5, "minY": 286.25, "maxX": 488.5, "maxY": 378.25}, "class_id": 0, "box_caption": "person 0.008", "scores": {"class_score": 0.00809478759765625}, "domain": "pixel"}, {"position": {"minX": 223.625, "minY": 309.5, "maxX": 270.5, "maxY": 447.0}, "class_id": 0, "box_caption": "person 0.008", "scores": {"class_score": 0.00809478759765625}, "domain": "pixel"}, {"position": {"minX": 292.25, "minY": 425.0, "maxX": 347.75, "maxY": 603.0}, "class_id": 0, "box_caption": "person 0.008", "scores": {"class_score": 0.00806427001953125}, "domain": "pixel"}, {"position": {"minX": 486.5, "minY": 134.25, "maxX": 549.5, "maxY": 266.75}, "class_id": 0, "box_caption": "person 0.008", "scores": {"class_score": 0.00803375244140625}, "domain": "pixel"}, {"position": {"minX": 438.0, "minY": 333.25, "maxX": 632.0, "maxY": 609.0}, "class_id": 0, "box_caption": "person 0.008", "scores": {"class_score": 0.00800323486328125}, "domain": "pixel"}, {"position": {"minX": 408.0, "minY": 220.75, "maxX": 447.0, "maxY": 288.0}, "class_id": 0, "box_caption": "person 0.008", "scores": {"class_score": 0.007965087890625}, "domain": "pixel"}, {"position": {"minX": 632.5, "minY": 561.0, "maxX": 659.5, "maxY": 642.0}, "class_id": 0, "box_caption": "person 0.008", "scores": {"class_score": 0.0078125}, "domain": "pixel"}, {"position": {"minX": 495.0, "minY": 187.0, "maxX": 539.0, "maxY": 254.75}, "class_id": 0, "box_caption": "person 0.008", "scores": {"class_score": 0.007694244384765625}, "domain": "pixel"}, {"position": {"minX": 449.5, "minY": 228.5, "maxX": 492.0, "maxY": 299.5}, "class_id": 0, "box_caption": "person 0.008", "scores": {"class_score": 0.007694244384765625}, "domain": "pixel"}, {"position": {"minX": 558.0, "minY": 216.75, "maxX": 611.0, "maxY": 318.25}, "class_id": 0, "box_caption": "person 0.008", "scores": {"class_score": 0.007694244384765625}, "domain": "pixel"}, {"position": {"minX": 482.5, "minY": 97.125, "maxX": 518.0, "maxY": 162.875}, "class_id": 0, "box_caption": "person 0.008", "scores": {"class_score": 0.00763702392578125}, "domain": "pixel"}, {"position": {"minX": 545.0, "minY": 114.125, "maxX": 569.0, "maxY": 186.625}, "class_id": 0, "box_caption": "person 0.008", "scores": {"class_score": 0.007518768310546875}, "domain": "pixel"}, {"position": {"minX": 8.71875, "minY": 250.5, "maxX": 69.625, "maxY": 532.5}, "class_id": 0, "box_caption": "person 0.008", "scores": {"class_score": 0.007518768310546875}, "domain": "pixel"}, {"position": {"minX": 416.25, "minY": 270.5, "maxX": 460.75, "maxY": 382.5}, "class_id": 0, "box_caption": "person 0.007", "scores": {"class_score": 0.0074615478515625}, "domain": "pixel"}, {"position": {"minX": 620.5, "minY": 257.25, "maxX": 649.5, "maxY": 305.75}, "class_id": 0, "box_caption": "person 0.007", "scores": {"class_score": 0.00734710693359375}, "domain": "pixel"}, {"position": {"minX": 11.046875, "minY": 589.0, "maxX": 50.0625, "maxY": 662.0}, "class_id": 0, "box_caption": "person 0.007", "scores": {"class_score": 0.007259368896484375}, "domain": "pixel"}, {"position": {"minX": 461.5, "minY": 227.5, "maxX": 504.0, "maxY": 328.0}, "class_id": 0, "box_caption": "person 0.007", "scores": {"class_score": 0.007175445556640625}, "domain": "pixel"}, {"position": {"minX": 377.25, "minY": 302.5, "maxX": 617.0, "maxY": 642.0}, "class_id": 0, "box_caption": "person 0.007", "scores": {"class_score": 0.0070648193359375}, "domain": "pixel"}, {"position": {"minX": 406.25, "minY": 230.75, "maxX": 434.75, "maxY": 292.75}, "class_id": 0, "box_caption": "person 0.007", "scores": {"class_score": 0.00701141357421875}, "domain": "pixel"}, {"position": {"minX": 455.0, "minY": 440.75, "maxX": 480.5, "maxY": 503.25}, "class_id": 0, "box_caption": "person 0.007", "scores": {"class_score": 0.00690460205078125}, "domain": "pixel"}, {"position": {"minX": 206.0, "minY": 351.0, "maxX": 253.25, "maxY": 457.0}, "class_id": 0, "box_caption": "person 0.007", "scores": {"class_score": 0.006877899169921875}, "domain": "pixel"}, {"position": {"minX": 371.0, "minY": 109.5625, "maxX": 402.5, "maxY": 193.5}, "class_id": 0, "box_caption": "person 0.007", "scores": {"class_score": 0.0068511962890625}, "domain": "pixel"}, {"position": {"minX": 443.75, "minY": 243.625, "maxX": 475.75, "maxY": 305.5}, "class_id": 0, "box_caption": "person 0.007", "scores": {"class_score": 0.00679779052734375}, "domain": "pixel"}, {"position": {"minX": 462.0, "minY": 338.5, "maxX": 483.0, "maxY": 408.0}, "class_id": 0, "box_caption": "person 0.007", "scores": {"class_score": 0.00679779052734375}, "domain": "pixel"}, {"position": {"minX": 504.25, "minY": 321.25, "maxX": 514.0, "maxY": 349.25}, "class_id": 0, "box_caption": "person 0.007", "scores": {"class_score": 0.00669097900390625}, "domain": "pixel"}, {"position": {"minX": 446.5, "minY": 100.875, "maxX": 518.0, "maxY": 254.125}, "class_id": 0, "box_caption": "person 0.007", "scores": {"class_score": 0.006587982177734375}, "domain": "pixel"}, {"position": {"minX": 356.0, "minY": 95.25, "maxX": 402.5, "maxY": 202.75}, "class_id": 0, "box_caption": "person 0.007", "scores": {"class_score": 0.00653839111328125}, "domain": "pixel"}, {"position": {"minX": 361.75, "minY": 101.1875, "maxX": 406.25, "maxY": 242.5}, "class_id": 0, "box_caption": "person 0.007", "scores": {"class_score": 0.00653839111328125}, "domain": "pixel"}, {"position": {"minX": 545.0, "minY": 375.25, "maxX": 605.0, "maxY": 496.25}, "class_id": 0, "box_caption": "person 0.007", "scores": {"class_score": 0.00653839111328125}, "domain": "pixel"}, {"position": {"minX": 477.0, "minY": 88.4375, "maxX": 555.0, "maxY": 216.0}, "class_id": 0, "box_caption": "person 0.007", "scores": {"class_score": 0.006511688232421875}, "domain": "pixel"}, {"position": {"minX": 285.25, "minY": 402.75, "maxX": 324.25, "maxY": 511.75}, "class_id": 0, "box_caption": "person 0.006", "scores": {"class_score": 0.006439208984375}, "domain": "pixel"}, {"position": {"minX": 428.25, "minY": 195.25, "maxX": 548.5, "maxY": 415.25}, "class_id": 0, "box_caption": "person 0.006", "scores": {"class_score": 0.006439208984375}, "domain": "pixel"}, {"position": {"minX": 435.25, "minY": 313.5, "maxX": 476.25, "maxY": 404.5}, "class_id": 0, "box_caption": "person 0.006", "scores": {"class_score": 0.006389617919921875}, "domain": "pixel"}, {"position": {"minX": 242.5, "minY": 230.5, "maxX": 284.5, "maxY": 364.5}, "class_id": 0, "box_caption": "person 0.006", "scores": {"class_score": 0.00626373291015625}, "domain": "pixel"}, {"position": {"minX": 548.5, "minY": 281.25, "maxX": 577.5, "maxY": 401.25}, "class_id": 0, "box_caption": "person 0.006", "scores": {"class_score": 0.0062408447265625}, "domain": "pixel"}, {"position": {"minX": 466.75, "minY": 349.0, "maxX": 484.25, "maxY": 393.0}, "class_id": 0, "box_caption": "person 0.006", "scores": {"class_score": 0.006168365478515625}, "domain": "pixel"}, {"position": {"minX": 230.125, "minY": 253.75, "maxX": 270.75, "maxY": 434.75}, "class_id": 0, "box_caption": "person 0.006", "scores": {"class_score": 0.006168365478515625}, "domain": "pixel"}, {"position": {"minX": 231.375, "minY": 160.5, "maxX": 296.5, "maxY": 329.25}, "class_id": 0, "box_caption": "person 0.006", "scores": {"class_score": 0.0059814453125}, "domain": "pixel"}, {"position": {"minX": 511.5, "minY": 136.5, "maxX": 579.5, "maxY": 287.5}, "class_id": 0, "box_caption": "person 0.006", "scores": {"class_score": 0.00591278076171875}, "domain": "pixel"}, {"position": {"minX": 246.5, "minY": 266.0, "maxX": 278.5, "maxY": 367.0}, "class_id": 0, "box_caption": "person 0.006", "scores": {"class_score": 0.0058441162109375}, "domain": "pixel"}, {"position": {"minX": 450.25, "minY": 431.5, "maxX": 485.75, "maxY": 515.5}, "class_id": 0, "box_caption": "person 0.006", "scores": {"class_score": 0.00582122802734375}, "domain": "pixel"}, {"position": {"minX": 101.6875, "minY": 282.0, "maxX": 143.125, "maxY": 346.0}, "class_id": 0, "box_caption": "person 0.006", "scores": {"class_score": 0.00579833984375}, "domain": "pixel"}, {"position": {"minX": 524.5, "minY": 360.0, "maxX": 636.5, "maxY": 574.0}, "class_id": 0, "box_caption": "person 0.006", "scores": {"class_score": 0.005706787109375}, "domain": "pixel"}, {"position": {"minX": 500.0, "minY": 292.25, "maxX": 522.0, "maxY": 368.75}, "class_id": 0, "box_caption": "person 0.006", "scores": {"class_score": 0.005664825439453125}, "domain": "pixel"}, {"position": {"minX": 433.5, "minY": 582.0, "maxX": 628.5, "maxY": 662.0}, "class_id": 0, "box_caption": "person 0.006", "scores": {"class_score": 0.005641937255859375}, "domain": "pixel"}, {"position": {"minX": 460.5, "minY": 310.75, "maxX": 481.0, "maxY": 370.75}, "class_id": 0, "box_caption": "person 0.006", "scores": {"class_score": 0.0055999755859375}, "domain": "pixel"}, {"position": {"minX": 374.5, "minY": 248.375, "maxX": 446.0, "maxY": 497.5}, "class_id": 0, "box_caption": "person 0.006", "scores": {"class_score": 0.00555419921875}, "domain": "pixel"}, {"position": {"minX": 535.0, "minY": 393.0, "maxX": 577.0, "maxY": 451.5}, "class_id": 0, "box_caption": "person 0.006", "scores": {"class_score": 0.005535125732421875}, "domain": "pixel"}, {"position": {"minX": 10.5, "minY": 613.0, "maxX": 30.15625, "maxY": 657.0}, "class_id": 0, "box_caption": "person 0.006", "scores": {"class_score": 0.005512237548828125}, "domain": "pixel"}, {"position": {"minX": 233.875, "minY": 316.0, "maxX": 286.0, "maxY": 469.0}, "class_id": 0, "box_caption": "person 0.006", "scores": {"class_score": 0.005512237548828125}, "domain": "pixel"}, {"position": {"minX": 368.75, "minY": 319.25, "maxX": 454.75, "maxY": 558.0}, "class_id": 0, "box_caption": "person 0.006", "scores": {"class_score": 0.005512237548828125}, "domain": "pixel"}, {"position": {"minX": 514.5, "minY": 98.0625, "maxX": 577.5, "maxY": 249.0}, "class_id": 0, "box_caption": "person 0.006", "scores": {"class_score": 0.005512237548828125}, "domain": "pixel"}, {"position": {"minX": 412.25, "minY": 238.875, "maxX": 439.75, "maxY": 297.0}, "class_id": 0, "box_caption": "person 0.005", "scores": {"class_score": 0.005489349365234375}, "domain": "pixel"}, {"position": {"minX": 525.0, "minY": 192.25, "maxX": 570.0, "maxY": 285.25}, "class_id": 0, "box_caption": "person 0.005", "scores": {"class_score": 0.0053863525390625}, "domain": "pixel"}, {"position": {"minX": 471.25, "minY": 85.5, "maxX": 527.0, "maxY": 160.0}, "class_id": 0, "box_caption": "person 0.005", "scores": {"class_score": 0.0053863525390625}, "domain": "pixel"}, {"position": {"minX": 13.4921875, "minY": 255.125, "maxX": 44.125, "maxY": 349.75}, "class_id": 0, "box_caption": "person 0.005", "scores": {"class_score": 0.005321502685546875}, "domain": "pixel"}, {"position": {"minX": 506.5, "minY": 221.0, "maxX": 542.5, "maxY": 319.5}, "class_id": 0, "box_caption": "person 0.005", "scores": {"class_score": 0.00530242919921875}, "domain": "pixel"}, {"position": {"minX": 378.0, "minY": 208.75, "maxX": 491.5, "maxY": 456.75}, "class_id": 0, "box_caption": "person 0.005", "scores": {"class_score": 0.005279541015625}, "domain": "pixel"}, {"position": {"minX": 280.5, "minY": 376.5, "maxX": 372.0, "maxY": 559.0}, "class_id": 0, "box_caption": "person 0.005", "scores": {"class_score": 0.005279541015625}, "domain": "pixel"}, {"position": {"minX": 505.75, "minY": 333.5, "maxX": 530.5, "maxY": 396.5}, "class_id": 0, "box_caption": "person 0.005", "scores": {"class_score": 0.005260467529296875}, "domain": "pixel"}, {"position": {"minX": 16.0, "minY": 620.0, "maxX": 80.1875, "maxY": 668.0}, "class_id": 0, "box_caption": "person 0.005", "scores": {"class_score": 0.00524139404296875}, "domain": "pixel"}, {"position": {"minX": 554.0, "minY": 285.5, "maxX": 579.0, "maxY": 377.0}, "class_id": 0, "box_caption": "person 0.005", "scores": {"class_score": 0.005218505859375}, "domain": "pixel"}, {"position": {"minX": 379.75, "minY": 335.0, "maxX": 533.0, "maxY": 603.5}, "class_id": 0, "box_caption": "person 0.005", "scores": {"class_score": 0.005199432373046875}, "domain": "pixel"}, {"position": {"minX": 11.328125, "minY": 603.0, "maxX": 42.375, "maxY": 658.0}, "class_id": 0, "box_caption": "person 0.005", "scores": {"class_score": 0.00518035888671875}, "domain": "pixel"}, {"position": {"minX": 430.25, "minY": 427.5, "maxX": 477.25, "maxY": 524.0}, "class_id": 0, "box_caption": "person 0.005", "scores": {"class_score": 0.00518035888671875}, "domain": "pixel"}, {"position": {"minX": 407.5, "minY": 234.25, "maxX": 441.5, "maxY": 318.75}, "class_id": 0, "box_caption": "person 0.005", "scores": {"class_score": 0.005161285400390625}, "domain": "pixel"}, {"position": {"minX": 537.0, "minY": 348.75, "maxX": 617.0, "maxY": 529.0}, "class_id": 0, "box_caption": "person 0.005", "scores": {"class_score": 0.005138397216796875}, "domain": "pixel"}, {"position": {"minX": 501.5, "minY": 319.75, "maxX": 514.5, "maxY": 362.25}, "class_id": 0, "box_caption": "person 0.005", "scores": {"class_score": 0.005062103271484375}, "domain": "pixel"}, {"position": {"minX": 495.0, "minY": 351.5, "maxX": 514.5, "maxY": 390.5}, "class_id": 0, "box_caption": "person 0.005", "scores": {"class_score": 0.005062103271484375}, "domain": "pixel"}, {"position": {"minX": 545.5, "minY": 249.875, "maxX": 576.5, "maxY": 333.0}, "class_id": 0, "box_caption": "person 0.005", "scores": {"class_score": 0.00494384765625}, "domain": "pixel"}, {"position": {"minX": 211.375, "minY": 382.0, "maxX": 259.0, "maxY": 484.5}, "class_id": 0, "box_caption": "person 0.005", "scores": {"class_score": 0.00494384765625}, "domain": "pixel"}, {"position": {"minX": 223.75, "minY": 171.75, "maxX": 263.75, "maxY": 256.75}, "class_id": 0, "box_caption": "person 0.005", "scores": {"class_score": 0.00494384765625}, "domain": "pixel"}, {"position": {"minX": 402.75, "minY": 228.0, "maxX": 455.75, "maxY": 367.5}, "class_id": 0, "box_caption": "person 0.005", "scores": {"class_score": 0.004924774169921875}, "domain": "pixel"}, {"position": {"minX": 396.25, "minY": 279.0, "maxX": 458.75, "maxY": 438.0}, "class_id": 0, "box_caption": "person 0.005", "scores": {"class_score": 0.004886627197265625}, "domain": "pixel"}, {"position": {"minX": 195.875, "minY": 364.25, "maxX": 291.0, "maxY": 547.0}, "class_id": 0, "box_caption": "person 0.005", "scores": {"class_score": 0.004886627197265625}, "domain": "pixel"}, {"position": {"minX": 489.25, "minY": 291.75, "maxX": 523.5, "maxY": 378.25}, "class_id": 0, "box_caption": "person 0.005", "scores": {"class_score": 0.004848480224609375}, "domain": "pixel"}, {"position": {"minX": 11.84375, "minY": 546.5, "maxX": 75.125, "maxY": 658.5}, "class_id": 0, "box_caption": "person 0.005", "scores": {"class_score": 0.004791259765625}, "domain": "pixel"}, {"position": {"minX": 436.25, "minY": 191.25, "maxX": 554.0, "maxY": 341.25}, "class_id": 0, "box_caption": "person 0.005", "scores": {"class_score": 0.004772186279296875}, "domain": "pixel"}, {"position": {"minX": 422.25, "minY": 299.5, "maxX": 442.25, "maxY": 363.0}, "class_id": 0, "box_caption": "person 0.005", "scores": {"class_score": 0.00473785400390625}, "domain": "pixel"}, {"position": {"minX": 485.25, "minY": 270.75, "maxX": 591.5, "maxY": 546.0}, "class_id": 0, "box_caption": "person 0.005", "scores": {"class_score": 0.004718780517578125}, "domain": "pixel"}, {"position": {"minX": 469.0, "minY": 295.5, "maxX": 502.0, "maxY": 375.0}, "class_id": 0, "box_caption": "person 0.005", "scores": {"class_score": 0.004680633544921875}, "domain": "pixel"}, {"position": {"minX": 42.90625, "minY": 277.5, "maxX": 108.625, "maxY": 359.5}, "class_id": 0, "box_caption": "person 0.005", "scores": {"class_score": 0.004680633544921875}, "domain": "pixel"}, {"position": {"minX": 105.75, "minY": 582.5, "maxX": 245.0, "maxY": 658.5}, "class_id": 0, "box_caption": "person 0.005", "scores": {"class_score": 0.004680633544921875}, "domain": "pixel"}, {"position": {"minX": 192.75, "minY": 245.5, "maxX": 297.25, "maxY": 498.5}, "class_id": 0, "box_caption": "person 0.005", "scores": {"class_score": 0.004680633544921875}, "domain": "pixel"}, {"position": {"minX": 195.875, "minY": 281.5, "maxX": 223.125, "maxY": 374.0}, "class_id": 0, "box_caption": "person 0.005", "scores": {"class_score": 0.004608154296875}, "domain": "pixel"}, {"position": {"minX": 352.5, "minY": 259.75, "maxX": 442.5, "maxY": 552.0}, "class_id": 0, "box_caption": "person 0.005", "scores": {"class_score": 0.0045928955078125}, "domain": "pixel"}, {"position": {"minX": 194.125, "minY": 263.5, "maxX": 232.375, "maxY": 398.5}, "class_id": 0, "box_caption": "person 0.005", "scores": {"class_score": 0.0045928955078125}, "domain": "pixel"}, {"position": {"minX": 484.25, "minY": 246.125, "maxX": 553.0, "maxY": 424.0}, "class_id": 0, "box_caption": "person 0.005", "scores": {"class_score": 0.0045928955078125}, "domain": "pixel"}, {"position": {"minX": 228.75, "minY": 382.0, "maxX": 313.25, "maxY": 528.5}, "class_id": 0, "box_caption": "person 0.005", "scores": {"class_score": 0.0045928955078125}, "domain": "pixel"}, {"position": {"minX": 113.9375, "minY": 294.25, "maxX": 150.0, "maxY": 351.75}, "class_id": 0, "box_caption": "person 0.005", "scores": {"class_score": 0.004573822021484375}, "domain": "pixel"}, {"position": {"minX": 462.5, "minY": 120.75, "maxX": 497.5, "maxY": 216.75}, "class_id": 0, "box_caption": "person 0.005", "scores": {"class_score": 0.00455474853515625}, "domain": "pixel"}, {"position": {"minX": 560.0, "minY": 313.0, "maxX": 569.0, "maxY": 355.0}, "class_id": 0, "box_caption": "person 0.005", "scores": {"class_score": 0.00453948974609375}, "domain": "pixel"}, {"position": {"minX": 643.5, "minY": 254.5, "maxX": 660.5, "maxY": 307.5}, "class_id": 0, "box_caption": "person 0.005", "scores": {"class_score": 0.00453948974609375}, "domain": "pixel"}, {"position": {"minX": 538.5, "minY": 239.375, "maxX": 582.5, "maxY": 421.5}, "class_id": 0, "box_caption": "person 0.005", "scores": {"class_score": 0.00453948974609375}, "domain": "pixel"}, {"position": {"minX": 439.5, "minY": 305.0, "maxX": 472.5, "maxY": 384.5}, "class_id": 0, "box_caption": "person 0.005", "scores": {"class_score": 0.004520416259765625}, "domain": "pixel"}, {"position": {"minX": 3.1875, "minY": 272.0, "maxX": 53.75, "maxY": 515.5}, "class_id": 0, "box_caption": "person 0.005", "scores": {"class_score": 0.004520416259765625}, "domain": "pixel"}, {"position": {"minX": 488.75, "minY": 311.75, "maxX": 510.75, "maxY": 369.25}, "class_id": 0, "box_caption": "person 0.004", "scores": {"class_score": 0.00441741943359375}, "domain": "pixel"}, {"position": {"minX": 455.75, "minY": 113.875, "maxX": 532.0, "maxY": 281.0}, "class_id": 0, "box_caption": "person 0.004", "scores": {"class_score": 0.00441741943359375}, "domain": "pixel"}, {"position": {"minX": 554.5, "minY": 399.5, "maxX": 590.5, "maxY": 472.5}, "class_id": 0, "box_caption": "person 0.004", "scores": {"class_score": 0.004398345947265625}, "domain": "pixel"}, {"position": {"minX": 463.25, "minY": 189.625, "maxX": 540.0, "maxY": 400.0}, "class_id": 0, "box_caption": "person 0.004", "scores": {"class_score": 0.004364013671875}, "domain": "pixel"}, {"position": {"minX": 552.0, "minY": 187.625, "maxX": 620.0, "maxY": 311.25}, "class_id": 0, "box_caption": "person 0.004", "scores": {"class_score": 0.0043487548828125}, "domain": "pixel"}, {"position": {"minX": 407.75, "minY": 199.375, "maxX": 464.25, "maxY": 305.0}, "class_id": 0, "box_caption": "person 0.004", "scores": {"class_score": 0.004329681396484375}, "domain": "pixel"}, {"position": {"minX": 479.5, "minY": 96.5, "maxX": 510.0, "maxY": 149.25}, "class_id": 0, "box_caption": "person 0.004", "scores": {"class_score": 0.004299163818359375}, "domain": "pixel"}, {"position": {"minX": 441.0, "minY": 134.125, "maxX": 513.0, "maxY": 296.5}, "class_id": 0, "box_caption": "person 0.004", "scores": {"class_score": 0.00424957275390625}, "domain": "pixel"}, {"position": {"minX": 463.25, "minY": 249.125, "maxX": 485.75, "maxY": 291.0}, "class_id": 0, "box_caption": "person 0.004", "scores": {"class_score": 0.004199981689453125}, "domain": "pixel"}, {"position": {"minX": 234.25, "minY": 368.0, "maxX": 281.25, "maxY": 482.0}, "class_id": 0, "box_caption": "person 0.004", "scores": {"class_score": 0.004180908203125}, "domain": "pixel"}, {"position": {"minX": 484.25, "minY": 179.0, "maxX": 616.5, "maxY": 323.75}, "class_id": 0, "box_caption": "person 0.004", "scores": {"class_score": 0.004180908203125}, "domain": "pixel"}, {"position": {"minX": 487.0, "minY": 335.5, "maxX": 508.0, "maxY": 392.0}, "class_id": 0, "box_caption": "person 0.004", "scores": {"class_score": 0.0041656494140625}, "domain": "pixel"}, {"position": {"minX": 477.0, "minY": 227.5, "maxX": 503.5, "maxY": 288.0}, "class_id": 0, "box_caption": "person 0.004", "scores": {"class_score": 0.0041351318359375}, "domain": "pixel"}, {"position": {"minX": 33.4375, "minY": 593.5, "maxX": 120.6875, "maxY": 660.5}, "class_id": 0, "box_caption": "person 0.004", "scores": {"class_score": 0.004116058349609375}, "domain": "pixel"}, {"position": {"minX": 258.5, "minY": 396.5, "maxX": 357.5, "maxY": 593.0}, "class_id": 0, "box_caption": "person 0.004", "scores": {"class_score": 0.004116058349609375}, "domain": "pixel"}, {"position": {"minX": 276.75, "minY": 399.75, "maxX": 330.75, "maxY": 540.0}, "class_id": 0, "box_caption": "person 0.004", "scores": {"class_score": 0.004085540771484375}, "domain": "pixel"}, {"position": {"minX": 88.5625, "minY": 527.0, "maxX": 329.75, "maxY": 661.0}, "class_id": 0, "box_caption": "person 0.004", "scores": {"class_score": 0.004039764404296875}, "domain": "pixel"}, {"position": {"minX": 502.25, "minY": 301.5, "maxX": 576.5, "maxY": 516.0}, "class_id": 0, "box_caption": "person 0.004", "scores": {"class_score": 0.004024505615234375}, "domain": "pixel"}, {"position": {"minX": 405.25, "minY": 292.25, "maxX": 449.75, "maxY": 396.25}, "class_id": 0, "box_caption": "person 0.004", "scores": {"class_score": 0.00400543212890625}, "domain": "pixel"}, {"position": {"minX": 499.75, "minY": 362.75, "maxX": 513.5, "maxY": 393.75}, "class_id": 0, "box_caption": "person 0.004", "scores": {"class_score": 0.00395965576171875}, "domain": "pixel"}, {"position": {"minX": 511.5, "minY": 184.5, "maxX": 554.5, "maxY": 255.5}, "class_id": 0, "box_caption": "person 0.004", "scores": {"class_score": 0.00395965576171875}, "domain": "pixel"}, {"position": {"minX": 236.125, "minY": 280.0, "maxX": 270.5, "maxY": 379.5}, "class_id": 0, "box_caption": "person 0.004", "scores": {"class_score": 0.00391387939453125}, "domain": "pixel"}, {"position": {"minX": 527.5, "minY": 204.0, "maxX": 590.5, "maxY": 464.0}, "class_id": 0, "box_caption": "person 0.004", "scores": {"class_score": 0.0039005279541015625}, "domain": "pixel"}, {"position": {"minX": 479.0, "minY": 103.0, "maxX": 510.5, "maxY": 172.0}, "class_id": 0, "box_caption": "person 0.004", "scores": {"class_score": 0.0038700103759765625}, "domain": "pixel"}, {"position": {"minX": 145.0, "minY": 631.0, "maxX": 164.5, "maxY": 658.0}, "class_id": 0, "box_caption": "person 0.004", "scores": {"class_score": 0.0038547515869140625}, "domain": "pixel"}, {"position": {"minX": 14.0703125, "minY": 309.25, "maxX": 30.5, "maxY": 354.25}, "class_id": 0, "box_caption": "person 0.004", "scores": {"class_score": 0.0038394927978515625}, "domain": "pixel"}, {"position": {"minX": 368.0, "minY": 187.25, "maxX": 449.0, "maxY": 426.75}, "class_id": 0, "box_caption": "person 0.004", "scores": {"class_score": 0.0038394927978515625}, "domain": "pixel"}, {"position": {"minX": 547.0, "minY": 263.75, "maxX": 568.0, "maxY": 346.25}, "class_id": 0, "box_caption": "person 0.004", "scores": {"class_score": 0.0038242340087890625}, "domain": "pixel"}, {"position": {"minX": 302.5, "minY": 467.5, "maxX": 351.5, "maxY": 564.5}, "class_id": 0, "box_caption": "person 0.004", "scores": {"class_score": 0.003780364990234375}, "domain": "pixel"}, {"position": {"minX": 506.5, "minY": 204.0, "maxX": 553.5, "maxY": 284.25}, "class_id": 0, "box_caption": "person 0.004", "scores": {"class_score": 0.003765106201171875}, "domain": "pixel"}, {"position": {"minX": 191.625, "minY": 328.0, "maxX": 260.25, "maxY": 480.5}, "class_id": 0, "box_caption": "person 0.004", "scores": {"class_score": 0.003765106201171875}, "domain": "pixel"}, {"position": {"minX": 598.5, "minY": 236.75, "maxX": 651.5, "maxY": 307.75}, "class_id": 0, "box_caption": "person 0.004", "scores": {"class_score": 0.003749847412109375}, "domain": "pixel"}, {"position": {"minX": 315.25, "minY": 405.5, "maxX": 354.75, "maxY": 542.0}, "class_id": 0, "box_caption": "person 0.004", "scores": {"class_score": 0.0037212371826171875}, "domain": "pixel"}, {"position": {"minX": 491.5, "minY": 285.5, "maxX": 547.5, "maxY": 441.5}, "class_id": 0, "box_caption": "person 0.004", "scores": {"class_score": 0.0037212371826171875}, "domain": "pixel"}, {"position": {"minX": 132.75, "minY": 244.375, "maxX": 187.75, "maxY": 367.25}, "class_id": 0, "box_caption": "person 0.004", "scores": {"class_score": 0.0037078857421875}, "domain": "pixel"}, {"position": {"minX": 472.5, "minY": 237.375, "maxX": 566.5, "maxY": 497.5}, "class_id": 0, "box_caption": "person 0.004", "scores": {"class_score": 0.0037078857421875}, "domain": "pixel"}, {"position": {"minX": 540.5, "minY": 381.25, "maxX": 570.5, "maxY": 456.75}, "class_id": 0, "box_caption": "person 0.004", "scores": {"class_score": 0.003692626953125}, "domain": "pixel"}, {"position": {"minX": 505.0, "minY": 329.0, "maxX": 544.0, "maxY": 414.5}, "class_id": 0, "box_caption": "person 0.004", "scores": {"class_score": 0.0036792755126953125}, "domain": "pixel"}, {"position": {"minX": 504.5, "minY": 220.125, "maxX": 528.5, "maxY": 269.0}, "class_id": 0, "box_caption": "person 0.004", "scores": {"class_score": 0.003650665283203125}, "domain": "pixel"}, {"position": {"minX": 219.625, "minY": 174.0, "maxX": 274.25, "maxY": 324.5}, "class_id": 0, "box_caption": "person 0.004", "scores": {"class_score": 0.003650665283203125}, "domain": "pixel"}, {"position": {"minX": 178.5, "minY": 320.25, "maxX": 304.75, "maxY": 538.5}, "class_id": 0, "box_caption": "person 0.004", "scores": {"class_score": 0.003635406494140625}, "domain": "pixel"}, {"position": {"minX": 247.625, "minY": 168.75, "maxX": 300.25, "maxY": 253.5}, "class_id": 0, "box_caption": "person 0.004", "scores": {"class_score": 0.0036067962646484375}, "domain": "pixel"}, {"position": {"minX": 495.0, "minY": 361.5, "maxX": 507.0, "maxY": 396.0}, "class_id": 0, "box_caption": "person 0.004", "scores": {"class_score": 0.0035648345947265625}, "domain": "pixel"}, {"position": {"minX": 184.125, "minY": 223.25, "maxX": 235.125, "maxY": 388.25}, "class_id": 0, "box_caption": "person 0.004", "scores": {"class_score": 0.0035648345947265625}, "domain": "pixel"}, {"position": {"minX": 426.5, "minY": 224.875, "maxX": 556.0, "maxY": 572.5}, "class_id": 0, "box_caption": "person 0.004", "scores": {"class_score": 0.0035648345947265625}, "domain": "pixel"}, {"position": {"minX": 540.0, "minY": 112.25, "maxX": 572.0, "maxY": 170.25}, "class_id": 0, "box_caption": "person 0.004", "scores": {"class_score": 0.0035247802734375}, "domain": "pixel"}, {"position": {"minX": 373.0, "minY": 388.75, "maxX": 446.0, "maxY": 562.5}, "class_id": 0, "box_caption": "person 0.004", "scores": {"class_score": 0.0035114288330078125}, "domain": "pixel"}, {"position": {"minX": 641.5, "minY": 564.0, "maxX": 663.5, "maxY": 639.0}, "class_id": 0, "box_caption": "person 0.003", "scores": {"class_score": 0.0034961700439453125}, "domain": "pixel"}, {"position": {"minX": 493.5, "minY": 270.0, "maxX": 530.5, "maxY": 391.5}, "class_id": 0, "box_caption": "person 0.003", "scores": {"class_score": 0.0034961700439453125}, "domain": "pixel"}, {"position": {"minX": 121.5625, "minY": 285.0, "maxX": 157.125, "maxY": 346.5}, "class_id": 0, "box_caption": "person 0.003", "scores": {"class_score": 0.003482818603515625}, "domain": "pixel"}, {"position": {"minX": 210.25, "minY": 140.625, "maxX": 318.25, "maxY": 411.0}, "class_id": 0, "box_caption": "person 0.003", "scores": {"class_score": 0.0034694671630859375}, "domain": "pixel"}, {"position": {"minX": 185.625, "minY": 165.0, "maxX": 301.5, "maxY": 440.0}, "class_id": 0, "box_caption": "person 0.003", "scores": {"class_score": 0.0034694671630859375}, "domain": "pixel"}, {"position": {"minX": 14.7265625, "minY": 310.0, "maxX": 39.15625, "maxY": 385.0}, "class_id": 0, "box_caption": "person 0.003", "scores": {"class_score": 0.00345611572265625}, "domain": "pixel"}, {"position": {"minX": 491.0, "minY": 350.25, "maxX": 507.5, "maxY": 393.25}, "class_id": 0, "box_caption": "person 0.003", "scores": {"class_score": 0.003429412841796875}, "domain": "pixel"}, {"position": {"minX": 62.5, "minY": 291.75, "maxX": 112.625, "maxY": 360.75}, "class_id": 0, "box_caption": "person 0.003", "scores": {"class_score": 0.003429412841796875}, "domain": "pixel"}, {"position": {"minX": 295.0, "minY": 384.0, "maxX": 335.0, "maxY": 477.5}, "class_id": 0, "box_caption": "person 0.003", "scores": {"class_score": 0.003429412841796875}, "domain": "pixel"}, {"position": {"minX": 6.3125, "minY": 230.0, "maxX": 78.8125, "maxY": 633.0}, "class_id": 0, "box_caption": "person 0.003", "scores": {"class_score": 0.0034160614013671875}, "domain": "pixel"}, {"position": {"minX": 315.25, "minY": 449.5, "maxX": 353.25, "maxY": 557.0}, "class_id": 0, "box_caption": "person 0.003", "scores": {"class_score": 0.0034027099609375}, "domain": "pixel"}, {"position": {"minX": 214.625, "minY": 391.0, "maxX": 233.375, "maxY": 434.5}, "class_id": 0, "box_caption": "person 0.003", "scores": {"class_score": 0.003376007080078125}, "domain": "pixel"}, {"position": {"minX": 293.0, "minY": 410.0, "maxX": 340.0, "maxY": 491.0}, "class_id": 0, "box_caption": "person 0.003", "scores": {"class_score": 0.003376007080078125}, "domain": "pixel"}, {"position": {"minX": 140.0, "minY": 580.5, "maxX": 340.0, "maxY": 658.5}, "class_id": 0, "box_caption": "person 0.003", "scores": {"class_score": 0.003376007080078125}, "domain": "pixel"}, {"position": {"minX": 481.75, "minY": 99.5, "maxX": 543.5, "maxY": 173.0}, "class_id": 0, "box_caption": "person 0.003", "scores": {"class_score": 0.0033626556396484375}, "domain": "pixel"}, {"position": {"minX": 526.0, "minY": 95.8125, "maxX": 576.0, "maxY": 199.75}, "class_id": 0, "box_caption": "person 0.003", "scores": {"class_score": 0.003337860107421875}, "domain": "pixel"}, {"position": {"minX": 288.25, "minY": 412.75, "maxX": 310.25, "maxY": 493.75}, "class_id": 0, "box_caption": "person 0.003", "scores": {"class_score": 0.0033245086669921875}, "domain": "pixel"}, {"position": {"minX": 443.0, "minY": 432.75, "maxX": 492.0, "maxY": 534.5}, "class_id": 0, "box_caption": "person 0.003", "scores": {"class_score": 0.0032978057861328125}, "domain": "pixel"}, {"position": {"minX": 625.0, "minY": 268.5, "maxX": 647.0, "maxY": 302.5}, "class_id": 0, "box_caption": "person 0.003", "scores": {"class_score": 0.0032863616943359375}, "domain": "pixel"}, {"position": {"minX": 135.625, "minY": 269.5, "maxX": 181.125, "maxY": 352.0}, "class_id": 0, "box_caption": "person 0.003", "scores": {"class_score": 0.0032863616943359375}, "domain": "pixel"}, {"position": {"minX": 8.109375, "minY": 258.5, "maxX": 31.015625, "maxY": 373.5}, "class_id": 0, "box_caption": "person 0.003", "scores": {"class_score": 0.00327301025390625}, "domain": "pixel"}, {"position": {"minX": 351.5, "minY": 338.0, "maxX": 474.5, "maxY": 586.0}, "class_id": 0, "box_caption": "person 0.003", "scores": {"class_score": 0.0032482147216796875}, "domain": "pixel"}, {"position": {"minX": 393.25, "minY": 209.25, "maxX": 439.75, "maxY": 345.25}, "class_id": 0, "box_caption": "person 0.003", "scores": {"class_score": 0.003223419189453125}, "domain": "pixel"}, {"position": {"minX": 560.5, "minY": 232.25, "maxX": 605.5, "maxY": 345.25}, "class_id": 0, "box_caption": "person 0.003", "scores": {"class_score": 0.003223419189453125}, "domain": "pixel"}, {"position": {"minX": 628.5, "minY": 230.625, "maxX": 660.5, "maxY": 315.75}, "class_id": 0, "box_caption": "person 0.003", "scores": {"class_score": 0.0032100677490234375}, "domain": "pixel"}, {"position": {"minX": 14.796875, "minY": 295.75, "maxX": 29.640625, "maxY": 341.25}, "class_id": 0, "box_caption": "person 0.003", "scores": {"class_score": 0.003147125244140625}, "domain": "pixel"}, {"position": {"minX": 517.5, "minY": 197.0, "maxX": 601.5, "maxY": 537.0}, "class_id": 0, "box_caption": "person 0.003", "scores": {"class_score": 0.003124237060546875}, "domain": "pixel"}, {"position": {"minX": 532.5, "minY": 268.75, "maxX": 642.5, "maxY": 550.0}, "class_id": 0, "box_caption": "person 0.003", "scores": {"class_score": 0.0031108856201171875}, "domain": "pixel"}, {"position": {"minX": 447.5, "minY": 301.5, "maxX": 467.5, "maxY": 351.0}, "class_id": 0, "box_caption": "person 0.003", "scores": {"class_score": 0.0030994415283203125}, "domain": "pixel"}, {"position": {"minX": 427.5, "minY": 330.0, "maxX": 459.5, "maxY": 414.5}, "class_id": 0, "box_caption": "person 0.003", "scores": {"class_score": 0.0030994415283203125}, "domain": "pixel"}, {"position": {"minX": 273.0, "minY": 158.875, "maxX": 312.5, "maxY": 257.0}, "class_id": 0, "box_caption": "person 0.003", "scores": {"class_score": 0.0030994415283203125}, "domain": "pixel"}, {"position": {"minX": 562.5, "minY": 305.25, "maxX": 577.5, "maxY": 357.25}, "class_id": 0, "box_caption": "person 0.003", "scores": {"class_score": 0.0030879974365234375}, "domain": "pixel"}, {"position": {"minX": 467.5, "minY": 331.75, "maxX": 484.5, "maxY": 379.25}, "class_id": 0, "box_caption": "person 0.003", "scores": {"class_score": 0.00307464599609375}, "domain": "pixel"}, {"position": {"minX": 249.375, "minY": 476.0, "maxX": 359.25, "maxY": 644.0}, "class_id": 0, "box_caption": "person 0.003", "scores": {"class_score": 0.003063201904296875}, "domain": "pixel"}, {"position": {"minX": 79.3125, "minY": 283.5, "maxX": 132.125, "maxY": 346.0}, "class_id": 0, "box_caption": "person 0.003", "scores": {"class_score": 0.0030517578125}, "domain": "pixel"}, {"position": {"minX": -27.96875, "minY": 261.0, "maxX": 74.875, "maxY": 421.0}, "class_id": 0, "box_caption": "person 0.003", "scores": {"class_score": 0.0030269622802734375}, "domain": "pixel"}, {"position": {"minX": 9.5546875, "minY": 597.0, "maxX": 32.375, "maxY": 661.0}, "class_id": 0, "box_caption": "person 0.003", "scores": {"class_score": 0.0030155181884765625}, "domain": "pixel"}, {"position": {"minX": 361.5, "minY": 99.5, "maxX": 397.5, "maxY": 179.5}, "class_id": 0, "box_caption": "person 0.003", "scores": {"class_score": 0.0030155181884765625}, "domain": "pixel"}, {"position": {"minX": 502.75, "minY": 206.75, "maxX": 539.5, "maxY": 268.25}, "class_id": 0, "box_caption": "person 0.003", "scores": {"class_score": 0.0030040740966796875}, "domain": "pixel"}, {"position": {"minX": 195.625, "minY": 281.5, "maxX": 244.625, "maxY": 458.5}, "class_id": 0, "box_caption": "person 0.003", "scores": {"class_score": 0.0030040740966796875}, "domain": "pixel"}, {"position": {"minX": 356.0, "minY": 505.25, "maxX": 582.5, "maxY": 660.0}, "class_id": 0, "box_caption": "person 0.003", "scores": {"class_score": 0.0030040740966796875}, "domain": "pixel"}, {"position": {"minX": 459.75, "minY": 187.5, "maxX": 587.5, "maxY": 412.5}, "class_id": 0, "box_caption": "person 0.003", "scores": {"class_score": 0.0029811859130859375}, "domain": "pixel"}, {"position": {"minX": 422.5, "minY": 208.875, "maxX": 461.0, "maxY": 271.75}, "class_id": 0, "box_caption": "person 0.003", "scores": {"class_score": 0.0029468536376953125}, "domain": "pixel"}, {"position": {"minX": 27.96875, "minY": 533.5, "maxX": 123.5, "maxY": 661.5}, "class_id": 0, "box_caption": "person 0.003", "scores": {"class_score": 0.0029468536376953125}, "domain": "pixel"}, {"position": {"minX": 473.75, "minY": 237.125, "maxX": 498.25, "maxY": 281.75}, "class_id": 0, "box_caption": "person 0.003", "scores": {"class_score": 0.0029239654541015625}, "domain": "pixel"}, {"position": {"minX": 176.375, "minY": 199.375, "maxX": 244.875, "maxY": 411.0}, "class_id": 0, "box_caption": "person 0.003", "scores": {"class_score": 0.0029239654541015625}, "domain": "pixel"}, {"position": {"minX": 541.5, "minY": 245.875, "maxX": 570.5, "maxY": 364.0}, "class_id": 0, "box_caption": "person 0.003", "scores": {"class_score": 0.0028896331787109375}, "domain": "pixel"}, {"position": {"minX": 416.25, "minY": 446.0, "maxX": 455.25, "maxY": 523.5}, "class_id": 0, "box_caption": "person 0.003", "scores": {"class_score": 0.0028667449951171875}, "domain": "pixel"}], "class_labels": {"0": "person"}}