{"box_data": [{"position": {"minX": 108.5625, "minY": 192.0, "maxX": 174.75, "maxY": 365.0}, "class_id": 0, "box_caption": "person 0.500", "scores": {"class_score": 0.5}, "domain": "pixel"}, {"position": {"minX": 465.5, "minY": 227.375, "maxX": 551.5, "maxY": 571.5}, "class_id": 0, "box_caption": "person 0.446", "scores": {"class_score": 0.445556640625}, "domain": "pixel"}, {"position": {"minX": 117.375, "minY": 198.625, "maxX": 200.375, "maxY": 361.5}, "class_id": 0, "box_caption": "person 0.226", "scores": {"class_score": 0.22607421875}, "domain": "pixel"}, {"position": {"minX": 106.125, "minY": 441.75, "maxX": 183.375, "maxY": 574.5}, "class_id": 0, "box_caption": "person 0.201", "scores": {"class_score": 0.2005615234375}, "domain": "pixel"}, {"position": {"minX": 242.625, "minY": 384.5, "maxX": 296.75, "maxY": 541.5}, "class_id": 0, "box_caption": "person 0.120", "scores": {"class_score": 0.11981201171875}, "domain": "pixel"}, {"position": {"minX": 55.3125, "minY": 412.25, "maxX": 187.5, "maxY": 583.5}, "class_id": 0, "box_caption": "person 0.118", "scores": {"class_score": 0.118408203125}, "domain": "pixel"}, {"position": {"minX": 464.25, "minY": 300.5, "maxX": 544.0, "maxY": 643.0}, "class_id": 0, "box_caption": "person 0.109", "scores": {"class_score": 0.10858154296875}, "domain": "pixel"}, {"position": {"minX": 10.625, "minY": 340.0, "maxX": 159.25, "maxY": 598.5}, "class_id": 0, "box_caption": "person 0.102", "scores": {"class_score": 0.10247802734375}, "domain": "pixel"}, {"position": {"minX": 126.375, "minY": 455.75, "maxX": 189.375, "maxY": 565.5}, "class_id": 0, "box_caption": "person 0.100", "scores": {"class_score": 0.09979248046875}, "domain": "pixel"}, {"position": {"minX": 172.0, "minY": 210.0, "maxX": 235.5, "maxY": 358.5}, "class_id": 0, "box_caption": "person 0.098", "scores": {"class_score": 0.09808349609375}, "domain": "pixel"}, {"position": {"minX": 465.0, "minY": 201.5, "maxX": 558.5, "maxY": 424.0}, "class_id": 0, "box_caption": "person 0.090", "scores": {"class_score": 0.08978271484375}, "domain": "pixel"}, {"position": {"minX": 146.5, "minY": 202.25, "maxX": 220.75, "maxY": 363.75}, "class_id": 0, "box_caption": "person 0.058", "scores": {"class_score": 0.057708740234375}, "domain": "pixel"}, {"position": {"minX": 627.0, "minY": 145.625, "maxX": 663.0, "maxY": 313.5}, "class_id": 0, "box_caption": "person 0.057", "scores": {"class_score": 0.056640625}, "domain": "pixel"}, {"position": {"minX": 590.5, "minY": 124.625, "maxX": 668.5, "maxY": 363.0}, "class_id": 0, "box_caption": "person 0.044", "scores": {"class_score": 0.043853759765625}, "domain": "pixel"}, {"position": {"minX": 98.25, "minY": 211.75, "maxX": 157.75, "maxY": 365.75}, "class_id": 0, "box_caption": "person 0.043", "scores": {"class_score": 0.04302978515625}, "domain": "pixel"}, {"position": {"minX": 474.25, "minY": 207.25, "maxX": 640.0, "maxY": 646.0}, "class_id": 0, "box_caption": "person 0.042", "scores": {"class_score": 0.041534423828125}, "domain": "pixel"}, {"position": {"minX": 72.0, "minY": 313.5, "maxX": 99.0, "maxY": 381.0}, "class_id": 0, "box_caption": "person 0.041", "scores": {"class_score": 0.0411376953125}, "domain": "pixel"}, {"position": {"minX": 116.375, "minY": 195.0, "maxX": 181.125, "maxY": 311.25}, "class_id": 0, "box_caption": "person 0.041", "scores": {"class_score": 0.04083251953125}, "domain": "pixel"}, {"position": {"minX": 2.0, "minY": 347.0, "maxX": 108.25, "maxY": 633.5}, "class_id": 0, "box_caption": "person 0.036", "scores": {"class_score": 0.0364990234375}, "domain": "pixel"}, {"position": {"minX": 223.0, "minY": 397.25, "maxX": 287.0, "maxY": 528.5}, "class_id": 0, "box_caption": "person 0.035", "scores": {"class_score": 0.035064697265625}, "domain": "pixel"}, {"position": {"minX": 429.0, "minY": 229.125, "maxX": 547.0, "maxY": 645.0}, "class_id": 0, "box_caption": "person 0.035", "scores": {"class_score": 0.034881591796875}, "domain": "pixel"}, {"position": {"minX": 246.625, "minY": 431.5, "maxX": 293.25, "maxY": 545.5}, "class_id": 0, "box_caption": "person 0.035", "scores": {"class_score": 0.034759521484375}, "domain": "pixel"}, {"position": {"minX": 352.75, "minY": 479.25, "maxX": 366.25, "maxY": 511.25}, "class_id": 0, "box_caption": "person 0.034", "scores": {"class_score": 0.033966064453125}, "domain": "pixel"}, {"position": {"minX": 102.625, "minY": 188.75, "maxX": 165.125, "maxY": 320.75}, "class_id": 0, "box_caption": "person 0.034", "scores": {"class_score": 0.033599853515625}, "domain": "pixel"}, {"position": {"minX": 131.5, "minY": 195.0, "maxX": 202.5, "maxY": 308.5}, "class_id": 0, "box_caption": "person 0.033", "scores": {"class_score": 0.033477783203125}, "domain": "pixel"}, {"position": {"minX": 188.0, "minY": 198.125, "maxX": 230.0, "maxY": 296.5}, "class_id": 0, "box_caption": "person 0.032", "scores": {"class_score": 0.0322265625}, "domain": "pixel"}, {"position": {"minX": 335.5, "minY": 399.5, "maxX": 349.5, "maxY": 436.5}, "class_id": 0, "box_caption": "person 0.031", "scores": {"class_score": 0.030914306640625}, "domain": "pixel"}, {"position": {"minX": 22.78125, "minY": 281.5, "maxX": 126.625, "maxY": 534.0}, "class_id": 0, "box_caption": "person 0.031", "scores": {"class_score": 0.030914306640625}, "domain": "pixel"}, {"position": {"minX": 9.96875, "minY": 323.0, "maxX": 100.5, "maxY": 555.0}, "class_id": 0, "box_caption": "person 0.031", "scores": {"class_score": 0.030670166015625}, "domain": "pixel"}, {"position": {"minX": 117.75, "minY": 255.5, "maxX": 178.25, "maxY": 370.5}, "class_id": 0, "box_caption": "person 0.029", "scores": {"class_score": 0.0294189453125}, "domain": "pixel"}, {"position": {"minX": 471.0, "minY": 308.75, "maxX": 541.5, "maxY": 534.0}, "class_id": 0, "box_caption": "person 0.029", "scores": {"class_score": 0.029144287109375}, "domain": "pixel"}, {"position": {"minX": 32.9375, "minY": 306.75, "maxX": 181.75, "maxY": 570.0}, "class_id": 0, "box_caption": "person 0.029", "scores": {"class_score": 0.029144287109375}, "domain": "pixel"}, {"position": {"minX": 572.0, "minY": 182.875, "maxX": 669.0, "maxY": 675.5}, "class_id": 0, "box_caption": "person 0.027", "scores": {"class_score": 0.0274810791015625}, "domain": "pixel"}, {"position": {"minX": 519.0, "minY": 159.75, "maxX": 670.0, "maxY": 655.0}, "class_id": 0, "box_caption": "person 0.027", "scores": {"class_score": 0.02655029296875}, "domain": "pixel"}, {"position": {"minX": 179.375, "minY": 208.875, "maxX": 226.375, "maxY": 321.0}, "class_id": 0, "box_caption": "person 0.027", "scores": {"class_score": 0.0265045166015625}, "domain": "pixel"}, {"position": {"minX": 194.75, "minY": 473.5, "maxX": 227.5, "maxY": 534.0}, "class_id": 0, "box_caption": "person 0.027", "scores": {"class_score": 0.0265045166015625}, "domain": "pixel"}, {"position": {"minX": 615.0, "minY": 134.5, "maxX": 671.0, "maxY": 346.0}, "class_id": 0, "box_caption": "person 0.026", "scores": {"class_score": 0.026153564453125}, "domain": "pixel"}, {"position": {"minX": 446.0, "minY": 204.5, "maxX": 550.0, "maxY": 486.5}, "class_id": 0, "box_caption": "person 0.026", "scores": {"class_score": 0.0261077880859375}, "domain": "pixel"}, {"position": {"minX": 183.25, "minY": 214.75, "maxX": 225.0, "maxY": 283.5}, "class_id": 0, "box_caption": "person 0.023", "scores": {"class_score": 0.023468017578125}, "domain": "pixel"}, {"position": {"minX": 210.5, "minY": 453.25, "maxX": 274.0, "maxY": 537.0}, "class_id": 0, "box_caption": "person 0.023", "scores": {"class_score": 0.0234222412109375}, "domain": "pixel"}, {"position": {"minX": 335.75, "minY": 391.0, "maxX": 355.75, "maxY": 434.0}, "class_id": 0, "box_caption": "person 0.023", "scores": {"class_score": 0.0231475830078125}, "domain": "pixel"}, {"position": {"minX": 113.5625, "minY": 195.625, "maxX": 162.125, "maxY": 277.5}, "class_id": 0, "box_caption": "person 0.023", "scores": {"class_score": 0.0225830078125}, "domain": "pixel"}, {"position": {"minX": 592.5, "minY": 208.0, "maxX": 645.5, "maxY": 353.5}, "class_id": 0, "box_caption": "person 0.022", "scores": {"class_score": 0.0218658447265625}, "domain": "pixel"}, {"position": {"minX": 30.484375, "minY": 351.0, "maxX": 87.625, "maxY": 494.0}, "class_id": 0, "box_caption": "person 0.020", "scores": {"class_score": 0.0203704833984375}, "domain": "pixel"}, {"position": {"minX": 83.75, "minY": 201.25, "maxX": 133.25, "maxY": 356.75}, "class_id": 0, "box_caption": "person 0.019", "scores": {"class_score": 0.0192413330078125}, "domain": "pixel"}, {"position": {"minX": 201.375, "minY": 467.5, "maxX": 231.625, "maxY": 523.5}, "class_id": 0, "box_caption": "person 0.019", "scores": {"class_score": 0.0185089111328125}, "domain": "pixel"}, {"position": {"minX": 433.5, "minY": 393.5, "maxX": 450.0, "maxY": 433.0}, "class_id": 0, "box_caption": "person 0.018", "scores": {"class_score": 0.017852783203125}, "domain": "pixel"}, {"position": {"minX": 72.125, "minY": 201.25, "maxX": 185.875, "maxY": 378.75}, "class_id": 0, "box_caption": "person 0.017", "scores": {"class_score": 0.0174407958984375}, "domain": "pixel"}, {"position": {"minX": 278.0, "minY": 11.6875, "maxX": 349.5, "maxY": 131.75}, "class_id": 0, "box_caption": "person 0.017", "scores": {"class_score": 0.0173797607421875}, "domain": "pixel"}, {"position": {"minX": 595.0, "minY": 201.75, "maxX": 667.0, "maxY": 386.25}, "class_id": 0, "box_caption": "person 0.017", "scores": {"class_score": 0.017242431640625}, "domain": "pixel"}, {"position": {"minX": 228.125, "minY": 340.5, "maxX": 295.75, "maxY": 521.0}, "class_id": 0, "box_caption": "person 0.017", "scores": {"class_score": 0.0170440673828125}, "domain": "pixel"}, {"position": {"minX": 590.5, "minY": 146.125, "maxX": 670.5, "maxY": 528.5}, "class_id": 0, "box_caption": "person 0.017", "scores": {"class_score": 0.0169219970703125}, "domain": "pixel"}, {"position": {"minX": 192.75, "minY": 210.5, "maxX": 258.75, "maxY": 347.5}, "class_id": 0, "box_caption": "person 0.017", "scores": {"class_score": 0.0167236328125}, "domain": "pixel"}, {"position": {"minX": 132.875, "minY": 290.5, "maxX": 174.375, "maxY": 359.0}, "class_id": 0, "box_caption": "person 0.017", "scores": {"class_score": 0.0165252685546875}, "domain": "pixel"}, {"position": {"minX": 76.875, "minY": 321.0, "maxX": 103.875, "maxY": 389.0}, "class_id": 0, "box_caption": "person 0.016", "scores": {"class_score": 0.0161590576171875}, "domain": "pixel"}, {"position": {"minX": 19.1875, "minY": 305.5, "maxX": 90.4375, "maxY": 508.0}, "class_id": 0, "box_caption": "person 0.016", "scores": {"class_score": 0.015838623046875}, "domain": "pixel"}, {"position": {"minX": 38.1875, "minY": 361.0, "maxX": 78.6875, "maxY": 459.5}, "class_id": 0, "box_caption": "person 0.016", "scores": {"class_score": 0.015777587890625}, "domain": "pixel"}, {"position": {"minX": 228.375, "minY": 284.75, "maxX": 308.0, "maxY": 540.5}, "class_id": 0, "box_caption": "person 0.015", "scores": {"class_score": 0.0154876708984375}, "domain": "pixel"}, {"position": {"minX": 564.5, "minY": 119.25, "maxX": 649.5, "maxY": 371.25}, "class_id": 0, "box_caption": "person 0.015", "scores": {"class_score": 0.0153045654296875}, "domain": "pixel"}, {"position": {"minX": 280.25, "minY": 247.625, "maxX": 304.75, "maxY": 320.5}, "class_id": 0, "box_caption": "person 0.015", "scores": {"class_score": 0.0147857666015625}, "domain": "pixel"}, {"position": {"minX": 153.875, "minY": 472.0, "maxX": 204.375, "maxY": 564.0}, "class_id": 0, "box_caption": "person 0.015", "scores": {"class_score": 0.01467132568359375}, "domain": "pixel"}, {"position": {"minX": 178.0, "minY": 471.0, "maxX": 224.5, "maxY": 549.5}, "class_id": 0, "box_caption": "person 0.015", "scores": {"class_score": 0.014556884765625}, "domain": "pixel"}, {"position": {"minX": 50.8125, "minY": 295.75, "maxX": 114.4375, "maxY": 434.75}, "class_id": 0, "box_caption": "person 0.015", "scores": {"class_score": 0.01450347900390625}, "domain": "pixel"}, {"position": {"minX": 294.75, "minY": 305.5, "maxX": 332.75, "maxY": 396.0}, "class_id": 0, "box_caption": "person 0.014", "scores": {"class_score": 0.0142822265625}, "domain": "pixel"}, {"position": {"minX": 626.5, "minY": 174.25, "maxX": 665.5, "maxY": 384.25}, "class_id": 0, "box_caption": "person 0.014", "scores": {"class_score": 0.01422882080078125}, "domain": "pixel"}, {"position": {"minX": 65.0, "minY": 288.5, "maxX": 111.75, "maxY": 388.5}, "class_id": 0, "box_caption": "person 0.014", "scores": {"class_score": 0.0141754150390625}, "domain": "pixel"}, {"position": {"minX": 77.8125, "minY": 301.5, "maxX": 105.6875, "maxY": 369.5}, "class_id": 0, "box_caption": "person 0.014", "scores": {"class_score": 0.01395416259765625}, "domain": "pixel"}, {"position": {"minX": 139.0, "minY": 199.5, "maxX": 185.0, "maxY": 271.25}, "class_id": 0, "box_caption": "person 0.014", "scores": {"class_score": 0.01363372802734375}, "domain": "pixel"}, {"position": {"minX": 473.25, "minY": 260.25, "maxX": 551.0, "maxY": 488.25}, "class_id": 0, "box_caption": "person 0.013", "scores": {"class_score": 0.01337432861328125}, "domain": "pixel"}, {"position": {"minX": 81.125, "minY": 423.5, "maxX": 168.375, "maxY": 559.0}, "class_id": 0, "box_caption": "person 0.013", "scores": {"class_score": 0.01332855224609375}, "domain": "pixel"}, {"position": {"minX": 71.8125, "minY": 275.25, "maxX": 132.625, "maxY": 385.75}, "class_id": 0, "box_caption": "person 0.013", "scores": {"class_score": 0.01332855224609375}, "domain": "pixel"}, {"position": {"minX": 472.5, "minY": 379.25, "maxX": 535.5, "maxY": 591.5}, "class_id": 0, "box_caption": "person 0.013", "scores": {"class_score": 0.013275146484375}, "domain": "pixel"}, {"position": {"minX": 465.75, "minY": 175.0, "maxX": 541.5, "maxY": 314.25}, "class_id": 0, "box_caption": "person 0.013", "scores": {"class_score": 0.0131683349609375}, "domain": "pixel"}, {"position": {"minX": 142.75, "minY": 450.0, "maxX": 184.25, "maxY": 548.5}, "class_id": 0, "box_caption": "person 0.013", "scores": {"class_score": 0.012969970703125}, "domain": "pixel"}, {"position": {"minX": 191.125, "minY": 476.75, "maxX": 218.625, "maxY": 530.0}, "class_id": 0, "box_caption": "person 0.013", "scores": {"class_score": 0.01282501220703125}, "domain": "pixel"}, {"position": {"minX": 348.5, "minY": 316.0, "maxX": 402.0, "maxY": 401.0}, "class_id": 0, "box_caption": "person 0.013", "scores": {"class_score": 0.01282501220703125}, "domain": "pixel"}, {"position": {"minX": 486.0, "minY": 26.5625, "maxX": 533.5, "maxY": 129.0}, "class_id": 0, "box_caption": "person 0.013", "scores": {"class_score": 0.0125274658203125}, "domain": "pixel"}, {"position": {"minX": 483.0, "minY": 181.75, "maxX": 568.0, "maxY": 541.0}, "class_id": 0, "box_caption": "person 0.012", "scores": {"class_score": 0.01238250732421875}, "domain": "pixel"}, {"position": {"minX": 249.875, "minY": 332.5, "maxX": 314.5, "maxY": 540.0}, "class_id": 0, "box_caption": "person 0.012", "scores": {"class_score": 0.01238250732421875}, "domain": "pixel"}, {"position": {"minX": 39.8125, "minY": 265.5, "maxX": 123.8125, "maxY": 474.5}, "class_id": 0, "box_caption": "person 0.012", "scores": {"class_score": 0.01229095458984375}, "domain": "pixel"}, {"position": {"minX": 369.25, "minY": 315.25, "maxX": 418.25, "maxY": 392.75}, "class_id": 0, "box_caption": "person 0.012", "scores": {"class_score": 0.011871337890625}, "domain": "pixel"}, {"position": {"minX": 478.0, "minY": 247.25, "maxX": 574.0, "maxY": 636.0}, "class_id": 0, "box_caption": "person 0.012", "scores": {"class_score": 0.011688232421875}, "domain": "pixel"}, {"position": {"minX": 430.5, "minY": 393.75, "maxX": 445.5, "maxY": 434.25}, "class_id": 0, "box_caption": "person 0.012", "scores": {"class_score": 0.0115509033203125}, "domain": "pixel"}, {"position": {"minX": 193.875, "minY": 203.75, "maxX": 231.375, "maxY": 268.75}, "class_id": 0, "box_caption": "person 0.012", "scores": {"class_score": 0.011505126953125}, "domain": "pixel"}, {"position": {"minX": 191.625, "minY": 262.25, "maxX": 243.375, "maxY": 351.75}, "class_id": 0, "box_caption": "person 0.011", "scores": {"class_score": 0.01142120361328125}, "domain": "pixel"}, {"position": {"minX": 253.875, "minY": 238.25, "maxX": 298.5, "maxY": 330.25}, "class_id": 0, "box_caption": "person 0.011", "scores": {"class_score": 0.01116180419921875}, "domain": "pixel"}, {"position": {"minX": 494.75, "minY": 204.875, "maxX": 563.0, "maxY": 385.5}, "class_id": 0, "box_caption": "person 0.011", "scores": {"class_score": 0.01107025146484375}, "domain": "pixel"}, {"position": {"minX": 115.75, "minY": 189.75, "maxX": 156.25, "maxY": 253.0}, "class_id": 0, "box_caption": "person 0.011", "scores": {"class_score": 0.01090240478515625}, "domain": "pixel"}, {"position": {"minX": 278.25, "minY": 7.40625, "maxX": 370.75, "maxY": 102.25}, "class_id": 0, "box_caption": "person 0.011", "scores": {"class_score": 0.01090240478515625}, "domain": "pixel"}, {"position": {"minX": 618.5, "minY": 160.375, "maxX": 670.5, "maxY": 508.5}, "class_id": 0, "box_caption": "person 0.010", "scores": {"class_score": 0.01029205322265625}, "domain": "pixel"}, {"position": {"minX": 166.875, "minY": 211.375, "maxX": 210.375, "maxY": 286.0}, "class_id": 0, "box_caption": "person 0.010", "scores": {"class_score": 0.01016998291015625}, "domain": "pixel"}, {"position": {"minX": 293.25, "minY": 319.75, "maxX": 319.75, "maxY": 398.25}, "class_id": 0, "box_caption": "person 0.010", "scores": {"class_score": 0.01016998291015625}, "domain": "pixel"}, {"position": {"minX": 45.3125, "minY": 242.25, "maxX": 161.25, "maxY": 509.75}, "class_id": 0, "box_caption": "person 0.010", "scores": {"class_score": 0.01016998291015625}, "domain": "pixel"}, {"position": {"minX": 488.0, "minY": 176.75, "maxX": 527.5, "maxY": 247.0}, "class_id": 0, "box_caption": "person 0.010", "scores": {"class_score": 0.0100555419921875}, "domain": "pixel"}, {"position": {"minX": 126.1875, "minY": 191.875, "maxX": 174.75, "maxY": 248.375}, "class_id": 0, "box_caption": "person 0.010", "scores": {"class_score": 0.00955963134765625}, "domain": "pixel"}, {"position": {"minX": 45.1875, "minY": 216.875, "maxX": 224.75, "maxY": 578.0}, "class_id": 0, "box_caption": "person 0.010", "scores": {"class_score": 0.00955963134765625}, "domain": "pixel"}, {"position": {"minX": 202.0, "minY": 192.0, "maxX": 255.5, "maxY": 290.5}, "class_id": 0, "box_caption": "person 0.009", "scores": {"class_score": 0.00945281982421875}, "domain": "pixel"}, {"position": {"minX": 497.75, "minY": 186.375, "maxX": 605.5, "maxY": 488.5}, "class_id": 0, "box_caption": "person 0.009", "scores": {"class_score": 0.00930023193359375}, "domain": "pixel"}, {"position": {"minX": 0.328125, "minY": 355.25, "maxX": 55.25, "maxY": 634.0}, "class_id": 0, "box_caption": "person 0.009", "scores": {"class_score": 0.0092315673828125}, "domain": "pixel"}, {"position": {"minX": 213.625, "minY": 364.5, "maxX": 319.5, "maxY": 554.5}, "class_id": 0, "box_caption": "person 0.009", "scores": {"class_score": 0.00919342041015625}, "domain": "pixel"}, {"position": {"minX": 71.6875, "minY": 299.75, "maxX": 119.5625, "maxY": 413.25}, "class_id": 0, "box_caption": "person 0.009", "scores": {"class_score": 0.00916290283203125}, "domain": "pixel"}, {"position": {"minX": 457.5, "minY": 227.25, "maxX": 535.0, "maxY": 432.75}, "class_id": 0, "box_caption": "person 0.009", "scores": {"class_score": 0.00905609130859375}, "domain": "pixel"}, {"position": {"minX": 96.4375, "minY": 445.0, "maxX": 226.0, "maxY": 585.0}, "class_id": 0, "box_caption": "person 0.009", "scores": {"class_score": 0.00894927978515625}, "domain": "pixel"}, {"position": {"minX": 210.625, "minY": 459.5, "maxX": 249.375, "maxY": 519.5}, "class_id": 0, "box_caption": "person 0.009", "scores": {"class_score": 0.008880615234375}, "domain": "pixel"}, {"position": {"minX": 228.375, "minY": 451.5, "maxX": 273.0, "maxY": 523.5}, "class_id": 0, "box_caption": "person 0.009", "scores": {"class_score": 0.00878143310546875}, "domain": "pixel"}, {"position": {"minX": 340.0, "minY": 388.5, "maxX": 370.5, "maxY": 438.0}, "class_id": 0, "box_caption": "person 0.009", "scores": {"class_score": 0.00864410400390625}, "domain": "pixel"}, {"position": {"minX": 242.25, "minY": 287.0, "maxX": 268.0, "maxY": 346.0}, "class_id": 0, "box_caption": "person 0.009", "scores": {"class_score": 0.008575439453125}, "domain": "pixel"}, {"position": {"minX": 184.5, "minY": 458.0, "maxX": 235.75, "maxY": 545.0}, "class_id": 0, "box_caption": "person 0.009", "scores": {"class_score": 0.008514404296875}, "domain": "pixel"}, {"position": {"minX": 612.0, "minY": 252.75, "maxX": 670.0, "maxY": 670.0}, "class_id": 0, "box_caption": "person 0.008", "scores": {"class_score": 0.00847625732421875}, "domain": "pixel"}, {"position": {"minX": 363.5, "minY": 266.75, "maxX": 380.0, "maxY": 297.75}, "class_id": 0, "box_caption": "person 0.008", "scores": {"class_score": 0.00841522216796875}, "domain": "pixel"}, {"position": {"minX": 247.0, "minY": 254.5, "maxX": 283.5, "maxY": 339.0}, "class_id": 0, "box_caption": "person 0.008", "scores": {"class_score": 0.00841522216796875}, "domain": "pixel"}, {"position": {"minX": 520.0, "minY": 226.0, "maxX": 582.0, "maxY": 379.5}, "class_id": 0, "box_caption": "person 0.008", "scores": {"class_score": 0.0083465576171875}, "domain": "pixel"}, {"position": {"minX": 136.875, "minY": 256.75, "maxX": 184.125, "maxY": 362.75}, "class_id": 0, "box_caption": "person 0.008", "scores": {"class_score": 0.0083160400390625}, "domain": "pixel"}, {"position": {"minX": 347.25, "minY": 394.5, "maxX": 377.25, "maxY": 442.5}, "class_id": 0, "box_caption": "person 0.008", "scores": {"class_score": 0.0082550048828125}, "domain": "pixel"}, {"position": {"minX": 465.5, "minY": 208.625, "maxX": 546.5, "maxY": 360.5}, "class_id": 0, "box_caption": "person 0.008", "scores": {"class_score": 0.00818634033203125}, "domain": "pixel"}, {"position": {"minX": 302.25, "minY": 267.25, "maxX": 329.25, "maxY": 300.75}, "class_id": 0, "box_caption": "person 0.008", "scores": {"class_score": 0.00812530517578125}, "domain": "pixel"}, {"position": {"minX": 487.0, "minY": 352.5, "maxX": 539.0, "maxY": 551.5}, "class_id": 0, "box_caption": "person 0.008", "scores": {"class_score": 0.00812530517578125}, "domain": "pixel"}, {"position": {"minX": 186.0, "minY": 478.5, "maxX": 209.25, "maxY": 530.5}, "class_id": 0, "box_caption": "person 0.008", "scores": {"class_score": 0.00800323486328125}, "domain": "pixel"}, {"position": {"minX": 488.5, "minY": 16.84375, "maxX": 549.5, "maxY": 140.375}, "class_id": 0, "box_caption": "person 0.008", "scores": {"class_score": 0.00800323486328125}, "domain": "pixel"}, {"position": {"minX": 28.875, "minY": 362.0, "maxX": 115.875, "maxY": 551.5}, "class_id": 0, "box_caption": "person 0.008", "scores": {"class_score": 0.0078125}, "domain": "pixel"}, {"position": {"minX": 579.5, "minY": 125.25, "maxX": 662.5, "maxY": 229.25}, "class_id": 0, "box_caption": "person 0.008", "scores": {"class_score": 0.007785797119140625}, "domain": "pixel"}, {"position": {"minX": 246.75, "minY": 283.25, "maxX": 278.25, "maxY": 344.75}, "class_id": 0, "box_caption": "person 0.008", "scores": {"class_score": 0.00766754150390625}, "domain": "pixel"}, {"position": {"minX": 124.625, "minY": 291.0, "maxX": 158.375, "maxY": 357.0}, "class_id": 0, "box_caption": "person 0.008", "scores": {"class_score": 0.00763702392578125}, "domain": "pixel"}, {"position": {"minX": 510.75, "minY": 193.0, "maxX": 589.5, "maxY": 416.5}, "class_id": 0, "box_caption": "person 0.008", "scores": {"class_score": 0.007549285888671875}, "domain": "pixel"}, {"position": {"minX": 195.0, "minY": 192.25, "maxX": 228.5, "maxY": 250.25}, "class_id": 0, "box_caption": "person 0.007", "scores": {"class_score": 0.0074615478515625}, "domain": "pixel"}, {"position": {"minX": 561.0, "minY": 134.875, "maxX": 640.0, "maxY": 219.125}, "class_id": 0, "box_caption": "person 0.007", "scores": {"class_score": 0.0074310302734375}, "domain": "pixel"}, {"position": {"minX": 68.25, "minY": 247.5, "maxX": 145.875, "maxY": 417.0}, "class_id": 0, "box_caption": "person 0.007", "scores": {"class_score": 0.007404327392578125}, "domain": "pixel"}, {"position": {"minX": 465.25, "minY": 352.75, "maxX": 523.5, "maxY": 558.5}, "class_id": 0, "box_caption": "person 0.007", "scores": {"class_score": 0.00734710693359375}, "domain": "pixel"}, {"position": {"minX": 611.0, "minY": 121.125, "maxX": 665.0, "maxY": 285.5}, "class_id": 0, "box_caption": "person 0.007", "scores": {"class_score": 0.007232666015625}, "domain": "pixel"}, {"position": {"minX": 348.5, "minY": 478.25, "maxX": 369.5, "maxY": 514.5}, "class_id": 0, "box_caption": "person 0.007", "scores": {"class_score": 0.007232666015625}, "domain": "pixel"}, {"position": {"minX": 537.0, "minY": 158.5, "maxX": 656.0, "maxY": 528.5}, "class_id": 0, "box_caption": "person 0.007", "scores": {"class_score": 0.00714874267578125}, "domain": "pixel"}, {"position": {"minX": 106.25, "minY": 179.25, "maxX": 226.0, "maxY": 327.75}, "class_id": 0, "box_caption": "person 0.007", "scores": {"class_score": 0.0070953369140625}, "domain": "pixel"}, {"position": {"minX": 303.75, "minY": 183.375, "maxX": 329.75, "maxY": 226.875}, "class_id": 0, "box_caption": "person 0.007", "scores": {"class_score": 0.00701141357421875}, "domain": "pixel"}, {"position": {"minX": 251.875, "minY": 412.25, "maxX": 305.75, "maxY": 558.0}, "class_id": 0, "box_caption": "person 0.007", "scores": {"class_score": 0.006984710693359375}, "domain": "pixel"}, {"position": {"minX": 201.5, "minY": 468.5, "maxX": 246.5, "maxY": 531.5}, "class_id": 0, "box_caption": "person 0.007", "scores": {"class_score": 0.0068511962890625}, "domain": "pixel"}, {"position": {"minX": 302.25, "minY": 309.0, "maxX": 354.25, "maxY": 382.5}, "class_id": 0, "box_caption": "person 0.007", "scores": {"class_score": 0.006824493408203125}, "domain": "pixel"}, {"position": {"minX": 120.0625, "minY": 203.375, "maxX": 173.25, "maxY": 285.5}, "class_id": 0, "box_caption": "person 0.007", "scores": {"class_score": 0.006744384765625}, "domain": "pixel"}, {"position": {"minX": 245.875, "minY": 301.0, "maxX": 273.0, "maxY": 349.5}, "class_id": 0, "box_caption": "person 0.007", "scores": {"class_score": 0.006744384765625}, "domain": "pixel"}, {"position": {"minX": 386.75, "minY": 200.875, "maxX": 425.75, "maxY": 291.0}, "class_id": 0, "box_caption": "person 0.007", "scores": {"class_score": 0.006744384765625}, "domain": "pixel"}, {"position": {"minX": 337.0, "minY": 356.25, "maxX": 378.0, "maxY": 436.25}, "class_id": 0, "box_caption": "person 0.007", "scores": {"class_score": 0.00669097900390625}, "domain": "pixel"}, {"position": {"minX": 234.125, "minY": 194.75, "maxX": 262.5, "maxY": 270.25}, "class_id": 0, "box_caption": "person 0.007", "scores": {"class_score": 0.0066680908203125}, "domain": "pixel"}, {"position": {"minX": 124.75, "minY": 246.75, "maxX": 202.5, "maxY": 385.25}, "class_id": 0, "box_caption": "person 0.007", "scores": {"class_score": 0.00661468505859375}, "domain": "pixel"}, {"position": {"minX": 489.25, "minY": 42.3125, "maxX": 520.0, "maxY": 127.3125}, "class_id": 0, "box_caption": "person 0.007", "scores": {"class_score": 0.00653839111328125}, "domain": "pixel"}, {"position": {"minX": 280.5, "minY": 240.25, "maxX": 325.5, "maxY": 313.75}, "class_id": 0, "box_caption": "person 0.006", "scores": {"class_score": 0.006488800048828125}, "domain": "pixel"}, {"position": {"minX": 263.0, "minY": 426.75, "maxX": 290.0, "maxY": 513.5}, "class_id": 0, "box_caption": "person 0.006", "scores": {"class_score": 0.006439208984375}, "domain": "pixel"}, {"position": {"minX": 140.75, "minY": 470.0, "maxX": 192.75, "maxY": 582.0}, "class_id": 0, "box_caption": "person 0.006", "scores": {"class_score": 0.006439208984375}, "domain": "pixel"}, {"position": {"minX": 444.5, "minY": 182.25, "maxX": 483.0, "maxY": 279.5}, "class_id": 0, "box_caption": "person 0.006", "scores": {"class_score": 0.006389617919921875}, "domain": "pixel"}, {"position": {"minX": 476.75, "minY": 173.0, "maxX": 533.0, "maxY": 288.5}, "class_id": 0, "box_caption": "person 0.006", "scores": {"class_score": 0.006389617919921875}, "domain": "pixel"}, {"position": {"minX": 60.84375, "minY": 299.75, "maxX": 102.125, "maxY": 413.75}, "class_id": 0, "box_caption": "person 0.006", "scores": {"class_score": 0.006389617919921875}, "domain": "pixel"}, {"position": {"minX": 124.0, "minY": 411.5, "maxX": 205.0, "maxY": 548.0}, "class_id": 0, "box_caption": "person 0.006", "scores": {"class_score": 0.006191253662109375}, "domain": "pixel"}, {"position": {"minX": 336.75, "minY": 410.75, "maxX": 348.25, "maxY": 436.75}, "class_id": 0, "box_caption": "person 0.006", "scores": {"class_score": 0.006145477294921875}, "domain": "pixel"}, {"position": {"minX": 434.0, "minY": 238.375, "maxX": 523.0, "maxY": 551.0}, "class_id": 0, "box_caption": "person 0.006", "scores": {"class_score": 0.00605010986328125}, "domain": "pixel"}, {"position": {"minX": 214.0, "minY": 375.5, "maxX": 261.5, "maxY": 508.5}, "class_id": 0, "box_caption": "person 0.006", "scores": {"class_score": 0.00595855712890625}, "domain": "pixel"}, {"position": {"minX": 37.125, "minY": 367.0, "maxX": 100.625, "maxY": 518.0}, "class_id": 0, "box_caption": "person 0.006", "scores": {"class_score": 0.0059356689453125}, "domain": "pixel"}, {"position": {"minX": 270.25, "minY": 258.25, "maxX": 322.25, "maxY": 345.25}, "class_id": 0, "box_caption": "person 0.006", "scores": {"class_score": 0.0059356689453125}, "domain": "pixel"}, {"position": {"minX": 570.5, "minY": 105.3125, "maxX": 660.5, "maxY": 296.25}, "class_id": 0, "box_caption": "person 0.006", "scores": {"class_score": 0.00591278076171875}, "domain": "pixel"}, {"position": {"minX": 56.9375, "minY": 262.5, "maxX": 120.5625, "maxY": 416.5}, "class_id": 0, "box_caption": "person 0.006", "scores": {"class_score": 0.0058441162109375}, "domain": "pixel"}, {"position": {"minX": 153.75, "minY": 206.625, "maxX": 256.0, "maxY": 367.0}, "class_id": 0, "box_caption": "person 0.006", "scores": {"class_score": 0.00582122802734375}, "domain": "pixel"}, {"position": {"minX": 180.125, "minY": 256.25, "maxX": 232.875, "maxY": 355.25}, "class_id": 0, "box_caption": "person 0.006", "scores": {"class_score": 0.00579833984375}, "domain": "pixel"}, {"position": {"minX": 571.5, "minY": 172.75, "maxX": 637.5, "maxY": 355.25}, "class_id": 0, "box_caption": "person 0.006", "scores": {"class_score": 0.00577545166015625}, "domain": "pixel"}, {"position": {"minX": 321.25, "minY": 346.75, "maxX": 371.75, "maxY": 455.25}, "class_id": 0, "box_caption": "person 0.006", "scores": {"class_score": 0.005706787109375}, "domain": "pixel"}, {"position": {"minX": 196.0, "minY": 425.75, "maxX": 243.5, "maxY": 524.5}, "class_id": 0, "box_caption": "person 0.006", "scores": {"class_score": 0.005706787109375}, "domain": "pixel"}, {"position": {"minX": 575.0, "minY": 134.75, "maxX": 632.0, "maxY": 202.75}, "class_id": 0, "box_caption": "person 0.006", "scores": {"class_score": 0.005687713623046875}, "domain": "pixel"}, {"position": {"minX": 206.875, "minY": 460.75, "maxX": 232.375, "maxY": 512.5}, "class_id": 0, "box_caption": "person 0.006", "scores": {"class_score": 0.005641937255859375}, "domain": "pixel"}, {"position": {"minX": 145.875, "minY": 195.5, "maxX": 177.875, "maxY": 244.0}, "class_id": 0, "box_caption": "person 0.006", "scores": {"class_score": 0.005641937255859375}, "domain": "pixel"}, {"position": {"minX": 14.359375, "minY": 160.0, "maxX": 34.8125, "maxY": 232.0}, "class_id": 0, "box_caption": "person 0.006", "scores": {"class_score": 0.0055999755859375}, "domain": "pixel"}, {"position": {"minX": 569.0, "minY": 130.75, "maxX": 631.0, "maxY": 264.5}, "class_id": 0, "box_caption": "person 0.006", "scores": {"class_score": 0.00555419921875}, "domain": "pixel"}, {"position": {"minX": 263.0, "minY": 277.25, "maxX": 293.0, "maxY": 344.75}, "class_id": 0, "box_caption": "person 0.006", "scores": {"class_score": 0.005535125732421875}, "domain": "pixel"}, {"position": {"minX": 22.1875, "minY": 418.75, "maxX": 202.5, "maxY": 666.0}, "class_id": 0, "box_caption": "person 0.006", "scores": {"class_score": 0.005535125732421875}, "domain": "pixel"}, {"position": {"minX": 446.25, "minY": 177.75, "maxX": 496.75, "maxY": 293.0}, "class_id": 0, "box_caption": "person 0.005", "scores": {"class_score": 0.005489349365234375}, "domain": "pixel"}, {"position": {"minX": 491.0, "minY": 251.0, "maxX": 615.0, "maxY": 548.5}, "class_id": 0, "box_caption": "person 0.005", "scores": {"class_score": 0.005489349365234375}, "domain": "pixel"}, {"position": {"minX": 639.0, "minY": 158.25, "maxX": 667.0, "maxY": 305.5}, "class_id": 0, "box_caption": "person 0.005", "scores": {"class_score": 0.00547027587890625}, "domain": "pixel"}, {"position": {"minX": 239.0, "minY": 257.25, "maxX": 274.0, "maxY": 339.75}, "class_id": 0, "box_caption": "person 0.005", "scores": {"class_score": 0.005428314208984375}, "domain": "pixel"}, {"position": {"minX": 283.5, "minY": 15.3125, "maxX": 344.0, "maxY": 97.8125}, "class_id": 0, "box_caption": "person 0.005", "scores": {"class_score": 0.0053863525390625}, "domain": "pixel"}, {"position": {"minX": 349.75, "minY": 261.75, "maxX": 373.75, "maxY": 296.25}, "class_id": 0, "box_caption": "person 0.005", "scores": {"class_score": 0.00536346435546875}, "domain": "pixel"}, {"position": {"minX": 68.8125, "minY": 233.875, "maxX": 122.3125, "maxY": 377.5}, "class_id": 0, "box_caption": "person 0.005", "scores": {"class_score": 0.00536346435546875}, "domain": "pixel"}, {"position": {"minX": 282.75, "minY": 253.5, "maxX": 310.75, "maxY": 311.0}, "class_id": 0, "box_caption": "person 0.005", "scores": {"class_score": 0.005344390869140625}, "domain": "pixel"}, {"position": {"minX": 416.5, "minY": 475.75, "maxX": 426.5, "maxY": 504.75}, "class_id": 0, "box_caption": "person 0.005", "scores": {"class_score": 0.00530242919921875}, "domain": "pixel"}, {"position": {"minX": 504.5, "minY": 214.5, "maxX": 558.5, "maxY": 351.0}, "class_id": 0, "box_caption": "person 0.005", "scores": {"class_score": 0.00530242919921875}, "domain": "pixel"}, {"position": {"minX": 272.75, "minY": 285.25, "maxX": 293.25, "maxY": 349.25}, "class_id": 0, "box_caption": "person 0.005", "scores": {"class_score": 0.005279541015625}, "domain": "pixel"}, {"position": {"minX": 285.25, "minY": 282.5, "maxX": 339.75, "maxY": 398.5}, "class_id": 0, "box_caption": "person 0.005", "scores": {"class_score": 0.005199432373046875}, "domain": "pixel"}, {"position": {"minX": 552.5, "minY": 305.0, "maxX": 587.5, "maxY": 367.5}, "class_id": 0, "box_caption": "person 0.005", "scores": {"class_score": 0.00518035888671875}, "domain": "pixel"}, {"position": {"minX": 475.75, "minY": 390.25, "maxX": 551.5, "maxY": 649.0}, "class_id": 0, "box_caption": "person 0.005", "scores": {"class_score": 0.005161285400390625}, "domain": "pixel"}, {"position": {"minX": 310.5, "minY": 185.75, "maxX": 334.0, "maxY": 237.25}, "class_id": 0, "box_caption": "person 0.005", "scores": {"class_score": 0.005138397216796875}, "domain": "pixel"}, {"position": {"minX": 263.75, "minY": 252.25, "maxX": 301.25, "maxY": 319.75}, "class_id": 0, "box_caption": "person 0.005", "scores": {"class_score": 0.00511932373046875}, "domain": "pixel"}, {"position": {"minX": 229.625, "minY": 459.0, "maxX": 259.75, "maxY": 512.0}, "class_id": 0, "box_caption": "person 0.005", "scores": {"class_score": 0.005039215087890625}, "domain": "pixel"}, {"position": {"minX": 244.875, "minY": 271.0, "maxX": 337.5, "maxY": 534.5}, "class_id": 0, "box_caption": "person 0.005", "scores": {"class_score": 0.005039215087890625}, "domain": "pixel"}, {"position": {"minX": 160.5, "minY": 200.75, "maxX": 206.25, "maxY": 271.0}, "class_id": 0, "box_caption": "person 0.005", "scores": {"class_score": 0.0050201416015625}, "domain": "pixel"}, {"position": {"minX": 210.25, "minY": 195.0, "maxX": 249.0, "maxY": 270.0}, "class_id": 0, "box_caption": "person 0.005", "scores": {"class_score": 0.00498199462890625}, "domain": "pixel"}, {"position": {"minX": 80.8125, "minY": 450.25, "maxX": 197.75, "maxY": 621.0}, "class_id": 0, "box_caption": "person 0.005", "scores": {"class_score": 0.004924774169921875}, "domain": "pixel"}, {"position": {"minX": 45.84375, "minY": 366.0, "maxX": 75.3125, "maxY": 445.5}, "class_id": 0, "box_caption": "person 0.005", "scores": {"class_score": 0.004886627197265625}, "domain": "pixel"}, {"position": {"minX": 214.5, "minY": 441.5, "maxX": 251.25, "maxY": 510.0}, "class_id": 0, "box_caption": "person 0.005", "scores": {"class_score": 0.0048675537109375}, "domain": "pixel"}, {"position": {"minX": 261.25, "minY": 9.375, "maxX": 398.75, "maxY": 140.125}, "class_id": 0, "box_caption": "person 0.005", "scores": {"class_score": 0.004848480224609375}, "domain": "pixel"}, {"position": {"minX": 560.5, "minY": 142.0, "maxX": 607.5, "maxY": 223.0}, "class_id": 0, "box_caption": "person 0.005", "scores": {"class_score": 0.004810333251953125}, "domain": "pixel"}, {"position": {"minX": 370.5, "minY": 325.25, "maxX": 407.5, "maxY": 383.75}, "class_id": 0, "box_caption": "person 0.005", "scores": {"class_score": 0.004791259765625}, "domain": "pixel"}, {"position": {"minX": 353.25, "minY": 389.0, "maxX": 380.75, "maxY": 448.5}, "class_id": 0, "box_caption": "person 0.005", "scores": {"class_score": 0.004756927490234375}, "domain": "pixel"}, {"position": {"minX": 296.0, "minY": 257.25, "maxX": 325.5, "maxY": 303.25}, "class_id": 0, "box_caption": "person 0.005", "scores": {"class_score": 0.00473785400390625}, "domain": "pixel"}, {"position": {"minX": 177.25, "minY": 245.75, "maxX": 251.0, "maxY": 382.75}, "class_id": 0, "box_caption": "person 0.005", "scores": {"class_score": 0.00473785400390625}, "domain": "pixel"}, {"position": {"minX": 144.5, "minY": 299.75, "maxX": 177.5, "maxY": 359.75}, "class_id": 0, "box_caption": "person 0.005", "scores": {"class_score": 0.004718780517578125}, "domain": "pixel"}, {"position": {"minX": 215.5, "minY": 462.0, "maxX": 239.75, "maxY": 513.5}, "class_id": 0, "box_caption": "person 0.005", "scores": {"class_score": 0.004718780517578125}, "domain": "pixel"}, {"position": {"minX": 83.875, "minY": 291.0, "maxX": 108.125, "maxY": 361.0}, "class_id": 0, "box_caption": "person 0.005", "scores": {"class_score": 0.004665374755859375}, "domain": "pixel"}, {"position": {"minX": 338.75, "minY": 386.75, "maxX": 357.75, "maxY": 425.25}, "class_id": 0, "box_caption": "person 0.005", "scores": {"class_score": 0.004627227783203125}, "domain": "pixel"}, {"position": {"minX": 136.875, "minY": 307.5, "maxX": 164.375, "maxY": 359.0}, "class_id": 0, "box_caption": "person 0.005", "scores": {"class_score": 0.004627227783203125}, "domain": "pixel"}, {"position": {"minX": 141.5, "minY": 192.25, "maxX": 200.5, "maxY": 257.25}, "class_id": 0, "box_caption": "person 0.005", "scores": {"class_score": 0.0045928955078125}, "domain": "pixel"}, {"position": {"minX": 152.0, "minY": 204.25, "maxX": 186.75, "maxY": 284.25}, "class_id": 0, "box_caption": "person 0.005", "scores": {"class_score": 0.004573822021484375}, "domain": "pixel"}, {"position": {"minX": 478.5, "minY": 13.0, "maxX": 533.5, "maxY": 103.6875}, "class_id": 0, "box_caption": "person 0.005", "scores": {"class_score": 0.00455474853515625}, "domain": "pixel"}, {"position": {"minX": 184.875, "minY": 195.75, "maxX": 226.375, "maxY": 263.75}, "class_id": 0, "box_caption": "person 0.005", "scores": {"class_score": 0.00453948974609375}, "domain": "pixel"}, {"position": {"minX": 550.5, "minY": 272.5, "maxX": 581.5, "maxY": 360.0}, "class_id": 0, "box_caption": "person 0.005", "scores": {"class_score": 0.00453948974609375}, "domain": "pixel"}, {"position": {"minX": 369.25, "minY": 267.75, "maxX": 387.25, "maxY": 296.75}, "class_id": 0, "box_caption": "person 0.004", "scores": {"class_score": 0.004467010498046875}, "domain": "pixel"}, {"position": {"minX": 491.0, "minY": 61.875, "maxX": 514.5, "maxY": 118.875}, "class_id": 0, "box_caption": "person 0.004", "scores": {"class_score": 0.004467010498046875}, "domain": "pixel"}, {"position": {"minX": 29.171875, "minY": 300.75, "maxX": 77.25, "maxY": 459.25}, "class_id": 0, "box_caption": "person 0.004", "scores": {"class_score": 0.00443267822265625}, "domain": "pixel"}, {"position": {"minX": 234.5, "minY": 436.25, "maxX": 290.0, "maxY": 572.0}, "class_id": 0, "box_caption": "person 0.004", "scores": {"class_score": 0.004329681396484375}, "domain": "pixel"}, {"position": {"minX": 182.0, "minY": 224.25, "maxX": 215.5, "maxY": 292.75}, "class_id": 0, "box_caption": "person 0.004", "scores": {"class_score": 0.004299163818359375}, "domain": "pixel"}, {"position": {"minX": 345.75, "minY": 170.625, "maxX": 377.75, "maxY": 223.875}, "class_id": 0, "box_caption": "person 0.004", "scores": {"class_score": 0.004299163818359375}, "domain": "pixel"}, {"position": {"minX": 586.0, "minY": 235.75, "maxX": 633.0, "maxY": 353.75}, "class_id": 0, "box_caption": "person 0.004", "scores": {"class_score": 0.004299163818359375}, "domain": "pixel"}, {"position": {"minX": 214.0, "minY": 185.0, "maxX": 257.25, "maxY": 254.5}, "class_id": 0, "box_caption": "person 0.004", "scores": {"class_score": 0.004299163818359375}, "domain": "pixel"}, {"position": {"minX": 544.5, "minY": 132.5, "maxX": 665.5, "maxY": 403.5}, "class_id": 0, "box_caption": "person 0.004", "scores": {"class_score": 0.00426483154296875}, "domain": "pixel"}, {"position": {"minX": 383.0, "minY": 323.5, "maxX": 423.0, "maxY": 385.5}, "class_id": 0, "box_caption": "person 0.004", "scores": {"class_score": 0.004230499267578125}, "domain": "pixel"}, {"position": {"minX": 216.125, "minY": 410.5, "maxX": 253.625, "maxY": 507.0}, "class_id": 0, "box_caption": "person 0.004", "scores": {"class_score": 0.004230499267578125}, "domain": "pixel"}, {"position": {"minX": 360.5, "minY": 264.5, "maxX": 386.5, "maxY": 296.0}, "class_id": 0, "box_caption": "person 0.004", "scores": {"class_score": 0.004199981689453125}, "domain": "pixel"}, {"position": {"minX": 200.125, "minY": 478.5, "maxX": 223.375, "maxY": 524.5}, "class_id": 0, "box_caption": "person 0.004", "scores": {"class_score": 0.0041656494140625}, "domain": "pixel"}, {"position": {"minX": 637.0, "minY": 174.0, "maxX": 661.0, "maxY": 268.75}, "class_id": 0, "box_caption": "person 0.004", "scores": {"class_score": 0.0041656494140625}, "domain": "pixel"}, {"position": {"minX": 41.09375, "minY": 334.5, "maxX": 87.5, "maxY": 453.5}, "class_id": 0, "box_caption": "person 0.004", "scores": {"class_score": 0.0041656494140625}, "domain": "pixel"}, {"position": {"minX": 20.15625, "minY": 348.5, "maxX": 75.375, "maxY": 466.0}, "class_id": 0, "box_caption": "person 0.004", "scores": {"class_score": 0.004100799560546875}, "domain": "pixel"}, {"position": {"minX": 601.0, "minY": 235.0, "maxX": 638.0, "maxY": 334.5}, "class_id": 0, "box_caption": "person 0.004", "scores": {"class_score": 0.004070281982421875}, "domain": "pixel"}, {"position": {"minX": 379.5, "minY": 228.75, "maxX": 422.5, "maxY": 286.75}, "class_id": 0, "box_caption": "person 0.004", "scores": {"class_score": 0.004070281982421875}, "domain": "pixel"}, {"position": {"minX": 465.0, "minY": 166.125, "maxX": 536.0, "maxY": 261.25}, "class_id": 0, "box_caption": "person 0.004", "scores": {"class_score": 0.004070281982421875}, "domain": "pixel"}, {"position": {"minX": 426.25, "minY": 389.5, "maxX": 456.75, "maxY": 442.5}, "class_id": 0, "box_caption": "person 0.004", "scores": {"class_score": 0.004039764404296875}, "domain": "pixel"}, {"position": {"minX": 227.125, "minY": 362.0, "maxX": 269.0, "maxY": 454.5}, "class_id": 0, "box_caption": "person 0.004", "scores": {"class_score": 0.00400543212890625}, "domain": "pixel"}, {"position": {"minX": 604.0, "minY": 226.25, "maxX": 655.0, "maxY": 358.75}, "class_id": 0, "box_caption": "person 0.004", "scores": {"class_score": 0.00400543212890625}, "domain": "pixel"}, {"position": {"minX": 5.5625, "minY": 396.75, "maxX": 88.6875, "maxY": 704.0}, "class_id": 0, "box_caption": "person 0.004", "scores": {"class_score": 0.00399017333984375}, "domain": "pixel"}, {"position": {"minX": 194.25, "minY": 4.5, "maxX": 369.75, "maxY": 132.5}, "class_id": 0, "box_caption": "person 0.004", "scores": {"class_score": 0.00397491455078125}, "domain": "pixel"}, {"position": {"minX": 293.75, "minY": 244.375, "maxX": 317.25, "maxY": 295.75}, "class_id": 0, "box_caption": "person 0.004", "scores": {"class_score": 0.00395965576171875}, "domain": "pixel"}, {"position": {"minX": 444.0, "minY": 203.75, "maxX": 522.5, "maxY": 413.25}, "class_id": 0, "box_caption": "person 0.004", "scores": {"class_score": 0.00394439697265625}, "domain": "pixel"}, {"position": {"minX": 18.5, "minY": 1.25, "maxX": 199.125, "maxY": 96.4375}, "class_id": 0, "box_caption": "person 0.004", "scores": {"class_score": 0.00392913818359375}, "domain": "pixel"}, {"position": {"minX": 287.0, "minY": 243.0, "maxX": 314.0, "maxY": 302.0}, "class_id": 0, "box_caption": "person 0.004", "scores": {"class_score": 0.00391387939453125}, "domain": "pixel"}, {"position": {"minX": 524.0, "minY": 219.75, "maxX": 569.0, "maxY": 345.75}, "class_id": 0, "box_caption": "person 0.004", "scores": {"class_score": 0.00391387939453125}, "domain": "pixel"}, {"position": {"minX": 195.375, "minY": 289.0, "maxX": 238.375, "maxY": 354.0}, "class_id": 0, "box_caption": "person 0.004", "scores": {"class_score": 0.00391387939453125}, "domain": "pixel"}, {"position": {"minX": 36.25, "minY": 330.0, "maxX": 69.9375, "maxY": 428.0}, "class_id": 0, "box_caption": "person 0.004", "scores": {"class_score": 0.0038700103759765625}, "domain": "pixel"}, {"position": {"minX": 532.0, "minY": 270.5, "maxX": 661.0, "maxY": 593.5}, "class_id": 0, "box_caption": "person 0.004", "scores": {"class_score": 0.0038547515869140625}, "domain": "pixel"}, {"position": {"minX": 55.625, "minY": 10.25, "maxX": 232.125, "maxY": 139.0}, "class_id": 0, "box_caption": "person 0.004", "scores": {"class_score": 0.0038394927978515625}, "domain": "pixel"}, {"position": {"minX": 289.75, "minY": 197.5, "maxX": 333.25, "maxY": 295.0}, "class_id": 0, "box_caption": "person 0.004", "scores": {"class_score": 0.0038394927978515625}, "domain": "pixel"}, {"position": {"minX": 514.0, "minY": 130.0, "maxX": 609.0, "maxY": 361.75}, "class_id": 0, "box_caption": "person 0.004", "scores": {"class_score": 0.0038394927978515625}, "domain": "pixel"}, {"position": {"minX": 339.0, "minY": 190.625, "maxX": 388.5, "maxY": 292.5}, "class_id": 0, "box_caption": "person 0.004", "scores": {"class_score": 0.0038089752197265625}, "domain": "pixel"}, {"position": {"minX": 221.75, "minY": 461.0, "maxX": 252.25, "maxY": 510.5}, "class_id": 0, "box_caption": "person 0.004", "scores": {"class_score": 0.003795623779296875}, "domain": "pixel"}, {"position": {"minX": 338.25, "minY": 409.25, "maxX": 352.75, "maxY": 440.75}, "class_id": 0, "box_caption": "person 0.004", "scores": {"class_score": 0.003749847412109375}, "domain": "pixel"}, {"position": {"minX": 207.875, "minY": 278.0, "maxX": 271.25, "maxY": 366.0}, "class_id": 0, "box_caption": "person 0.004", "scores": {"class_score": 0.0037364959716796875}, "domain": "pixel"}, {"position": {"minX": 242.375, "minY": 283.5, "maxX": 296.0, "maxY": 368.5}, "class_id": 0, "box_caption": "person 0.004", "scores": {"class_score": 0.0037212371826171875}, "domain": "pixel"}, {"position": {"minX": 76.5, "minY": 214.875, "maxX": 118.875, "maxY": 348.0}, "class_id": 0, "box_caption": "person 0.004", "scores": {"class_score": 0.003635406494140625}, "domain": "pixel"}, {"position": {"minX": 222.625, "minY": 348.0, "maxX": 275.0, "maxY": 471.5}, "class_id": 0, "box_caption": "person 0.004", "scores": {"class_score": 0.003635406494140625}, "domain": "pixel"}, {"position": {"minX": 441.25, "minY": 390.0, "maxX": 461.75, "maxY": 436.0}, "class_id": 0, "box_caption": "person 0.004", "scores": {"class_score": 0.0036220550537109375}, "domain": "pixel"}, {"position": {"minX": 446.5, "minY": 174.125, "maxX": 489.5, "maxY": 257.5}, "class_id": 0, "box_caption": "person 0.004", "scores": {"class_score": 0.0036220550537109375}, "domain": "pixel"}, {"position": {"minX": 207.0, "minY": 258.5, "maxX": 286.5, "maxY": 490.0}, "class_id": 0, "box_caption": "person 0.004", "scores": {"class_score": 0.0036067962646484375}, "domain": "pixel"}, {"position": {"minX": 231.625, "minY": 187.125, "maxX": 256.75, "maxY": 238.625}, "class_id": 0, "box_caption": "person 0.004", "scores": {"class_score": 0.0035648345947265625}, "domain": "pixel"}, {"position": {"minX": 485.5, "minY": 319.5, "maxX": 538.5, "maxY": 491.0}, "class_id": 0, "box_caption": "person 0.004", "scores": {"class_score": 0.0035381317138671875}, "domain": "pixel"}, {"position": {"minX": 393.25, "minY": 199.25, "maxX": 445.25, "maxY": 288.25}, "class_id": 0, "box_caption": "person 0.004", "scores": {"class_score": 0.0035381317138671875}, "domain": "pixel"}, {"position": {"minX": 535.0, "minY": 244.75, "maxX": 587.0, "maxY": 408.25}, "class_id": 0, "box_caption": "person 0.004", "scores": {"class_score": 0.0035247802734375}, "domain": "pixel"}, {"position": {"minX": 284.5, "minY": 12.421875, "maxX": 363.0, "maxY": 69.4375}, "class_id": 0, "box_caption": "person 0.004", "scores": {"class_score": 0.0035114288330078125}, "domain": "pixel"}, {"position": {"minX": 597.0, "minY": 39.59375, "maxX": 663.0, "maxY": 105.375}, "class_id": 0, "box_caption": "person 0.003", "scores": {"class_score": 0.003482818603515625}, "domain": "pixel"}, {"position": {"minX": 111.125, "minY": 415.25, "maxX": 184.125, "maxY": 540.0}, "class_id": 0, "box_caption": "person 0.003", "scores": {"class_score": 0.0034694671630859375}, "domain": "pixel"}, {"position": {"minX": 461.0, "minY": 135.875, "maxX": 632.0, "maxY": 540.5}, "class_id": 0, "box_caption": "person 0.003", "scores": {"class_score": 0.0034694671630859375}, "domain": "pixel"}, {"position": {"minX": 611.5, "minY": 129.25, "maxX": 661.5, "maxY": 234.0}, "class_id": 0, "box_caption": "person 0.003", "scores": {"class_score": 0.00345611572265625}, "domain": "pixel"}, {"position": {"minX": 436.25, "minY": 386.5, "maxX": 452.25, "maxY": 428.5}, "class_id": 0, "box_caption": "person 0.003", "scores": {"class_score": 0.003429412841796875}, "domain": "pixel"}, {"position": {"minX": 1.5625, "minY": 312.0, "maxX": 65.6875, "maxY": 566.0}, "class_id": 0, "box_caption": "person 0.003", "scores": {"class_score": 0.0034160614013671875}, "domain": "pixel"}, {"position": {"minX": 287.5, "minY": 300.0, "maxX": 322.5, "maxY": 396.0}, "class_id": 0, "box_caption": "person 0.003", "scores": {"class_score": 0.0033893585205078125}, "domain": "pixel"}, {"position": {"minX": 628.0, "minY": 227.5, "maxX": 665.0, "maxY": 455.5}, "class_id": 0, "box_caption": "person 0.003", "scores": {"class_score": 0.0033893585205078125}, "domain": "pixel"}, {"position": {"minX": 548.5, "minY": 286.75, "maxX": 593.5, "maxY": 390.25}, "class_id": 0, "box_caption": "person 0.003", "scores": {"class_score": 0.0033111572265625}, "domain": "pixel"}, {"position": {"minX": 298.5, "minY": 304.5, "maxX": 365.5, "maxY": 411.5}, "class_id": 0, "box_caption": "person 0.003", "scores": {"class_score": 0.0033111572265625}, "domain": "pixel"}, {"position": {"minX": 483.0, "minY": 39.0, "maxX": 514.5, "maxY": 112.75}, "class_id": 0, "box_caption": "person 0.003", "scores": {"class_score": 0.0032978057861328125}, "domain": "pixel"}, {"position": {"minX": 557.0, "minY": 148.875, "maxX": 616.0, "maxY": 346.5}, "class_id": 0, "box_caption": "person 0.003", "scores": {"class_score": 0.0032978057861328125}, "domain": "pixel"}, {"position": {"minX": 307.0, "minY": 261.0, "maxX": 332.5, "maxY": 298.0}, "class_id": 0, "box_caption": "person 0.003", "scores": {"class_score": 0.0032978057861328125}, "domain": "pixel"}, {"position": {"minX": 336.25, "minY": 320.25, "maxX": 361.75, "maxY": 375.25}, "class_id": 0, "box_caption": "person 0.003", "scores": {"class_score": 0.0032863616943359375}, "domain": "pixel"}, {"position": {"minX": 581.0, "minY": 276.25, "maxX": 671.0, "maxY": 591.0}, "class_id": 0, "box_caption": "person 0.003", "scores": {"class_score": 0.00327301025390625}, "domain": "pixel"}, {"position": {"minX": 334.0, "minY": 183.0, "maxX": 366.0, "maxY": 285.25}, "class_id": 0, "box_caption": "person 0.003", "scores": {"class_score": 0.0032596588134765625}, "domain": "pixel"}, {"position": {"minX": 450.0, "minY": 198.75, "maxX": 508.0, "maxY": 331.25}, "class_id": 0, "box_caption": "person 0.003", "scores": {"class_score": 0.0032596588134765625}, "domain": "pixel"}, {"position": {"minX": 494.5, "minY": 175.875, "maxX": 525.5, "maxY": 230.625}, "class_id": 0, "box_caption": "person 0.003", "scores": {"class_score": 0.0032482147216796875}, "domain": "pixel"}, {"position": {"minX": 269.5, "minY": 260.5, "maxX": 297.5, "maxY": 339.5}, "class_id": 0, "box_caption": "person 0.003", "scores": {"class_score": 0.00323486328125}, "domain": "pixel"}, {"position": {"minX": 323.5, "minY": 384.0, "maxX": 358.5, "maxY": 455.0}, "class_id": 0, "box_caption": "person 0.003", "scores": {"class_score": 0.00319671630859375}, "domain": "pixel"}, {"position": {"minX": 168.875, "minY": 193.25, "maxX": 287.0, "maxY": 357.75}, "class_id": 0, "box_caption": "person 0.003", "scores": {"class_score": 0.00319671630859375}, "domain": "pixel"}, {"position": {"minX": 172.75, "minY": 472.0, "maxX": 207.5, "maxY": 543.5}, "class_id": 0, "box_caption": "person 0.003", "scores": {"class_score": 0.003185272216796875}, "domain": "pixel"}, {"position": {"minX": 287.75, "minY": 7.1875, "maxX": 422.25, "maxY": 98.25}, "class_id": 0, "box_caption": "person 0.003", "scores": {"class_score": 0.003185272216796875}, "domain": "pixel"}, {"position": {"minX": 345.5, "minY": 266.0, "maxX": 366.0, "maxY": 298.5}, "class_id": 0, "box_caption": "person 0.003", "scores": {"class_score": 0.0031604766845703125}, "domain": "pixel"}, {"position": {"minX": 464.0, "minY": 172.625, "maxX": 517.0, "maxY": 229.875}, "class_id": 0, "box_caption": "person 0.003", "scores": {"class_score": 0.0031604766845703125}, "domain": "pixel"}, {"position": {"minX": 298.25, "minY": 264.5, "maxX": 318.25, "maxY": 303.0}, "class_id": 0, "box_caption": "person 0.003", "scores": {"class_score": 0.003147125244140625}, "domain": "pixel"}, {"position": {"minX": 341.75, "minY": 319.25, "maxX": 376.25, "maxY": 372.75}, "class_id": 0, "box_caption": "person 0.003", "scores": {"class_score": 0.003147125244140625}, "domain": "pixel"}, {"position": {"minX": 44.1875, "minY": 376.5, "maxX": 80.6875, "maxY": 477.0}, "class_id": 0, "box_caption": "person 0.003", "scores": {"class_score": 0.00313568115234375}, "domain": "pixel"}, {"position": {"minX": 341.5, "minY": 170.75, "maxX": 386.0, "maxY": 244.75}, "class_id": 0, "box_caption": "person 0.003", "scores": {"class_score": 0.00313568115234375}, "domain": "pixel"}, {"position": {"minX": 49.5625, "minY": 323.0, "maxX": 95.1875, "maxY": 425.5}, "class_id": 0, "box_caption": "person 0.003", "scores": {"class_score": 0.0031108856201171875}, "domain": "pixel"}, {"position": {"minX": 446.0, "minY": 153.75, "maxX": 557.0, "maxY": 340.25}, "class_id": 0, "box_caption": "person 0.003", "scores": {"class_score": 0.0031108856201171875}, "domain": "pixel"}, {"position": {"minX": 639.5, "minY": 167.25, "maxX": 669.5, "maxY": 391.75}, "class_id": 0, "box_caption": "person 0.003", "scores": {"class_score": 0.0030879974365234375}, "domain": "pixel"}, {"position": {"minX": 344.5, "minY": 387.25, "maxX": 366.5, "maxY": 424.25}, "class_id": 0, "box_caption": "person 0.003", "scores": {"class_score": 0.00307464599609375}, "domain": "pixel"}, {"position": {"minX": 242.375, "minY": 193.0, "maxX": 268.25, "maxY": 239.0}, "class_id": 0, "box_caption": "person 0.003", "scores": {"class_score": 0.0030517578125}, "domain": "pixel"}, {"position": {"minX": 329.25, "minY": 395.5, "maxX": 353.25, "maxY": 442.5}, "class_id": 0, "box_caption": "person 0.003", "scores": {"class_score": 0.0030517578125}, "domain": "pixel"}, {"position": {"minX": 572.0, "minY": 220.75, "maxX": 663.0, "maxY": 460.75}, "class_id": 0, "box_caption": "person 0.003", "scores": {"class_score": 0.0030155181884765625}, "domain": "pixel"}, {"position": {"minX": 328.5, "minY": 335.0, "maxX": 389.0, "maxY": 457.5}, "class_id": 0, "box_caption": "person 0.003", "scores": {"class_score": 0.0030155181884765625}, "domain": "pixel"}, {"position": {"minX": 483.0, "minY": 171.125, "maxX": 521.0, "maxY": 221.875}, "class_id": 0, "box_caption": "person 0.003", "scores": {"class_score": 0.0029811859130859375}, "domain": "pixel"}, {"position": {"minX": 260.25, "minY": 391.25, "maxX": 292.25, "maxY": 496.75}, "class_id": 0, "box_caption": "person 0.003", "scores": {"class_score": 0.0029697418212890625}, "domain": "pixel"}, {"position": {"minX": 214.375, "minY": 419.75, "maxX": 241.125, "maxY": 499.75}, "class_id": 0, "box_caption": "person 0.003", "scores": {"class_score": 0.0029697418212890625}, "domain": "pixel"}, {"position": {"minX": 64.1875, "minY": 1.03125, "maxX": 278.25, "maxY": 99.125}, "class_id": 0, "box_caption": "person 0.003", "scores": {"class_score": 0.0029697418212890625}, "domain": "pixel"}, {"position": {"minX": 163.25, "minY": 203.875, "maxX": 194.25, "maxY": 285.75}, "class_id": 0, "box_caption": "person 0.003", "scores": {"class_score": 0.0029468536376953125}, "domain": "pixel"}], "class_labels": {"0": "person"}}