{"box_data": [{"position": {"minX": 278.5, "minY": 217.875, "maxX": 337.0, "maxY": 397.5}, "class_id": 0, "box_caption": "person 0.358", "scores": {"class_score": 0.357666015625}, "domain": "pixel"}, {"position": {"minX": 498.75, "minY": 57.15625, "maxX": 552.5, "maxY": 166.0}, "class_id": 0, "box_caption": "person 0.149", "scores": {"class_score": 0.1492919921875}, "domain": "pixel"}, {"position": {"minX": 478.25, "minY": 162.75, "maxX": 495.25, "maxY": 212.75}, "class_id": 0, "box_caption": "person 0.141", "scores": {"class_score": 0.140869140625}, "domain": "pixel"}, {"position": {"minX": 287.75, "minY": 216.25, "maxX": 331.75, "maxY": 346.75}, "class_id": 0, "box_caption": "person 0.128", "scores": {"class_score": 0.127685546875}, "domain": "pixel"}, {"position": {"minX": 493.25, "minY": 74.5625, "maxX": 524.5, "maxY": 153.75}, "class_id": 0, "box_caption": "person 0.125", "scores": {"class_score": 0.1251220703125}, "domain": "pixel"}, {"position": {"minX": 431.75, "minY": 112.375, "maxX": 449.75, "maxY": 155.125}, "class_id": 0, "box_caption": "person 0.107", "scores": {"class_score": 0.1070556640625}, "domain": "pixel"}, {"position": {"minX": 544.5, "minY": 142.375, "maxX": 560.5, "maxY": 184.875}, "class_id": 0, "box_caption": "person 0.104", "scores": {"class_score": 0.1041259765625}, "domain": "pixel"}, {"position": {"minX": 278.75, "minY": 229.75, "maxX": 323.25, "maxY": 366.25}, "class_id": 0, "box_caption": "person 0.103", "scores": {"class_score": 0.10302734375}, "domain": "pixel"}, {"position": {"minX": 489.0, "minY": 58.6875, "maxX": 537.0, "maxY": 167.25}, "class_id": 0, "box_caption": "person 0.080", "scores": {"class_score": 0.08038330078125}, "domain": "pixel"}, {"position": {"minX": 542.5, "minY": 147.0, "maxX": 556.5, "maxY": 185.75}, "class_id": 0, "box_caption": "person 0.072", "scores": {"class_score": 0.07183837890625}, "domain": "pixel"}, {"position": {"minX": 523.5, "minY": 49.8125, "maxX": 584.5, "maxY": 164.75}, "class_id": 0, "box_caption": "person 0.071", "scores": {"class_score": 0.0706787109375}, "domain": "pixel"}, {"position": {"minX": 489.5, "minY": 75.375, "maxX": 513.0, "maxY": 143.875}, "class_id": 0, "box_caption": "person 0.069", "scores": {"class_score": 0.06903076171875}, "domain": "pixel"}, {"position": {"minX": 429.25, "minY": 114.8125, "maxX": 444.75, "maxY": 153.25}, "class_id": 0, "box_caption": "person 0.069", "scores": {"class_score": 0.06854248046875}, "domain": "pixel"}, {"position": {"minX": 392.75, "minY": 117.125, "maxX": 406.25, "maxY": 151.125}, "class_id": 0, "box_caption": "person 0.057", "scores": {"class_score": 0.05706787109375}, "domain": "pixel"}, {"position": {"minX": 462.0, "minY": 146.75, "maxX": 481.5, "maxY": 199.0}, "class_id": 0, "box_caption": "person 0.056", "scores": {"class_score": 0.056243896484375}, "domain": "pixel"}, {"position": {"minX": 468.25, "minY": 156.5, "maxX": 490.25, "maxY": 201.0}, "class_id": 0, "box_caption": "person 0.056", "scores": {"class_score": 0.056243896484375}, "domain": "pixel"}, {"position": {"minX": 456.75, "minY": 149.625, "maxX": 470.75, "maxY": 194.125}, "class_id": 0, "box_caption": "person 0.053", "scores": {"class_score": 0.052825927734375}, "domain": "pixel"}, {"position": {"minX": 15.53125, "minY": 28.8125, "maxX": 74.125, "maxY": 199.0}, "class_id": 0, "box_caption": "person 0.052", "scores": {"class_score": 0.0517578125}, "domain": "pixel"}, {"position": {"minX": 244.0, "minY": 36.59375, "maxX": 300.0, "maxY": 161.0}, "class_id": 0, "box_caption": "person 0.051", "scores": {"class_score": 0.05126953125}, "domain": "pixel"}, {"position": {"minX": 233.0, "minY": 7.9375, "maxX": 306.0, "maxY": 170.25}, "class_id": 0, "box_caption": "person 0.049", "scores": {"class_score": 0.04876708984375}, "domain": "pixel"}, {"position": {"minX": 255.75, "minY": 236.25, "maxX": 327.75, "maxY": 426.75}, "class_id": 0, "box_caption": "person 0.047", "scores": {"class_score": 0.046539306640625}, "domain": "pixel"}, {"position": {"minX": 541.5, "minY": 130.0, "maxX": 562.5, "maxY": 187.5}, "class_id": 0, "box_caption": "person 0.043", "scores": {"class_score": 0.042572021484375}, "domain": "pixel"}, {"position": {"minX": 561.5, "minY": 49.46875, "maxX": 609.5, "maxY": 152.375}, "class_id": 0, "box_caption": "person 0.042", "scores": {"class_score": 0.04193115234375}, "domain": "pixel"}, {"position": {"minX": 483.25, "minY": 162.0, "maxX": 498.25, "maxY": 216.5}, "class_id": 0, "box_caption": "person 0.041", "scores": {"class_score": 0.041473388671875}, "domain": "pixel"}, {"position": {"minX": 286.0, "minY": 203.75, "maxX": 346.5, "maxY": 366.25}, "class_id": 0, "box_caption": "person 0.039", "scores": {"class_score": 0.03875732421875}, "domain": "pixel"}, {"position": {"minX": 641.5, "minY": 14.796875, "maxX": 659.5, "maxY": 69.6875}, "class_id": 0, "box_caption": "person 0.035", "scores": {"class_score": 0.03521728515625}, "domain": "pixel"}, {"position": {"minX": 437.25, "minY": 109.375, "maxX": 455.75, "maxY": 155.125}, "class_id": 0, "box_caption": "person 0.034", "scores": {"class_score": 0.03436279296875}, "domain": "pixel"}, {"position": {"minX": 473.5, "minY": 151.5, "maxX": 492.0, "maxY": 208.75}, "class_id": 0, "box_caption": "person 0.034", "scores": {"class_score": 0.033599853515625}, "domain": "pixel"}, {"position": {"minX": 527.0, "minY": 53.90625, "maxX": 566.0, "maxY": 153.625}, "class_id": 0, "box_caption": "person 0.033", "scores": {"class_score": 0.03289794921875}, "domain": "pixel"}, {"position": {"minX": 279.75, "minY": 249.25, "maxX": 305.75, "maxY": 334.25}, "class_id": 0, "box_caption": "person 0.032", "scores": {"class_score": 0.03173828125}, "domain": "pixel"}, {"position": {"minX": 502.5, "minY": 78.75, "maxX": 537.5, "maxY": 179.75}, "class_id": 0, "box_caption": "person 0.031", "scores": {"class_score": 0.0310211181640625}, "domain": "pixel"}, {"position": {"minX": 512.5, "minY": 49.9375, "maxX": 560.5, "maxY": 142.75}, "class_id": 0, "box_caption": "person 0.030", "scores": {"class_score": 0.0301055908203125}, "domain": "pixel"}, {"position": {"minX": 250.125, "minY": 71.0625, "maxX": 290.0, "maxY": 169.75}, "class_id": 0, "box_caption": "person 0.029", "scores": {"class_score": 0.0294189453125}, "domain": "pixel"}, {"position": {"minX": 388.5, "minY": 112.375, "maxX": 404.5, "maxY": 156.125}, "class_id": 0, "box_caption": "person 0.028", "scores": {"class_score": 0.0276947021484375}, "domain": "pixel"}, {"position": {"minX": 644.0, "minY": 81.625, "maxX": 658.0, "maxY": 121.875}, "class_id": 0, "box_caption": "person 0.028", "scores": {"class_score": 0.0276336669921875}, "domain": "pixel"}, {"position": {"minX": 313.25, "minY": 99.75, "maxX": 344.75, "maxY": 173.25}, "class_id": 0, "box_caption": "person 0.028", "scores": {"class_score": 0.0276336669921875}, "domain": "pixel"}, {"position": {"minX": 550.0, "minY": 50.9375, "maxX": 595.0, "maxY": 152.5}, "class_id": 0, "box_caption": "person 0.027", "scores": {"class_score": 0.0274810791015625}, "domain": "pixel"}, {"position": {"minX": 6.5, "minY": 6.625, "maxX": 85.875, "maxY": 412.5}, "class_id": 0, "box_caption": "person 0.026", "scores": {"class_score": 0.026458740234375}, "domain": "pixel"}, {"position": {"minX": 272.25, "minY": 237.0, "maxX": 308.25, "maxY": 357.0}, "class_id": 0, "box_caption": "person 0.025", "scores": {"class_score": 0.024749755859375}, "domain": "pixel"}, {"position": {"minX": 586.5, "minY": 131.25, "maxX": 599.5, "maxY": 174.25}, "class_id": 0, "box_caption": "person 0.025", "scores": {"class_score": 0.0245208740234375}, "domain": "pixel"}, {"position": {"minX": 290.5, "minY": 228.5, "maxX": 326.0, "maxY": 309.0}, "class_id": 0, "box_caption": "person 0.023", "scores": {"class_score": 0.022796630859375}, "domain": "pixel"}, {"position": {"minX": 475.25, "minY": 44.34375, "maxX": 532.0, "maxY": 155.25}, "class_id": 0, "box_caption": "person 0.022", "scores": {"class_score": 0.021697998046875}, "domain": "pixel"}, {"position": {"minX": 264.5, "minY": 221.75, "maxX": 315.0, "maxY": 395.25}, "class_id": 0, "box_caption": "person 0.022", "scores": {"class_score": 0.021575927734375}, "domain": "pixel"}, {"position": {"minX": 290.5, "minY": 242.5, "maxX": 353.5, "maxY": 411.0}, "class_id": 0, "box_caption": "person 0.021", "scores": {"class_score": 0.021087646484375}, "domain": "pixel"}, {"position": {"minX": 297.25, "minY": 222.125, "maxX": 343.75, "maxY": 342.0}, "class_id": 0, "box_caption": "person 0.021", "scores": {"class_score": 0.02069091796875}, "domain": "pixel"}, {"position": {"minX": 480.25, "minY": 75.875, "maxX": 527.0, "maxY": 187.875}, "class_id": 0, "box_caption": "person 0.020", "scores": {"class_score": 0.0202484130859375}, "domain": "pixel"}, {"position": {"minX": 14.9375, "minY": 59.5, "maxX": 60.9375, "maxY": 210.75}, "class_id": 0, "box_caption": "person 0.020", "scores": {"class_score": 0.0202178955078125}, "domain": "pixel"}, {"position": {"minX": 581.5, "minY": 135.125, "maxX": 596.5, "maxY": 173.375}, "class_id": 0, "box_caption": "person 0.020", "scores": {"class_score": 0.01971435546875}, "domain": "pixel"}, {"position": {"minX": 490.0, "minY": 60.59375, "maxX": 525.5, "maxY": 136.375}, "class_id": 0, "box_caption": "person 0.019", "scores": {"class_score": 0.01861572265625}, "domain": "pixel"}, {"position": {"minX": 527.5, "minY": 78.0625, "maxX": 573.5, "maxY": 180.25}, "class_id": 0, "box_caption": "person 0.018", "scores": {"class_score": 0.0182647705078125}, "domain": "pixel"}, {"position": {"minX": 213.5, "minY": 49.0625, "maxX": 286.0, "maxY": 164.5}, "class_id": 0, "box_caption": "person 0.018", "scores": {"class_score": 0.0181884765625}, "domain": "pixel"}, {"position": {"minX": 258.0, "minY": 52.5625, "maxX": 335.5, "maxY": 165.75}, "class_id": 0, "box_caption": "person 0.018", "scores": {"class_score": 0.01812744140625}, "domain": "pixel"}, {"position": {"minX": 547.5, "minY": 125.5625, "maxX": 563.5, "maxY": 175.0}, "class_id": 0, "box_caption": "person 0.018", "scores": {"class_score": 0.0180511474609375}, "domain": "pixel"}, {"position": {"minX": 455.5, "minY": 140.625, "maxX": 468.0, "maxY": 190.875}, "class_id": 0, "box_caption": "person 0.018", "scores": {"class_score": 0.017852783203125}, "domain": "pixel"}, {"position": {"minX": 481.0, "minY": 80.125, "maxX": 511.5, "maxY": 154.0}, "class_id": 0, "box_caption": "person 0.017", "scores": {"class_score": 0.01666259765625}, "domain": "pixel"}, {"position": {"minX": 548.0, "minY": 144.5, "maxX": 565.0, "maxY": 183.0}, "class_id": 0, "box_caption": "person 0.016", "scores": {"class_score": 0.0164642333984375}, "domain": "pixel"}, {"position": {"minX": 460.25, "minY": 151.375, "maxX": 476.75, "maxY": 193.875}, "class_id": 0, "box_caption": "person 0.016", "scores": {"class_score": 0.0162811279296875}, "domain": "pixel"}, {"position": {"minX": 614.5, "minY": 83.0, "maxX": 630.5, "maxY": 119.875}, "class_id": 0, "box_caption": "person 0.016", "scores": {"class_score": 0.0162811279296875}, "domain": "pixel"}, {"position": {"minX": 575.0, "minY": 63.90625, "maxX": 613.0, "maxY": 141.0}, "class_id": 0, "box_caption": "person 0.016", "scores": {"class_score": 0.0162811279296875}, "domain": "pixel"}, {"position": {"minX": 379.0, "minY": 158.75, "maxX": 404.5, "maxY": 218.5}, "class_id": 0, "box_caption": "person 0.016", "scores": {"class_score": 0.0156707763671875}, "domain": "pixel"}, {"position": {"minX": 19.25, "minY": 64.1875, "maxX": 48.5625, "maxY": 181.25}, "class_id": 0, "box_caption": "person 0.016", "scores": {"class_score": 0.01554107666015625}, "domain": "pixel"}, {"position": {"minX": 271.0, "minY": 216.25, "maxX": 369.0, "maxY": 405.75}, "class_id": 0, "box_caption": "person 0.016", "scores": {"class_score": 0.01554107666015625}, "domain": "pixel"}, {"position": {"minX": 516.0, "minY": 124.75, "maxX": 532.0, "maxY": 169.75}, "class_id": 0, "box_caption": "person 0.015", "scores": {"class_score": 0.01525115966796875}, "domain": "pixel"}, {"position": {"minX": 266.75, "minY": 369.5, "maxX": 298.75, "maxY": 425.5}, "class_id": 0, "box_caption": "person 0.015", "scores": {"class_score": 0.01519012451171875}, "domain": "pixel"}, {"position": {"minX": 272.75, "minY": 268.5, "maxX": 325.25, "maxY": 413.5}, "class_id": 0, "box_caption": "person 0.015", "scores": {"class_score": 0.01519012451171875}, "domain": "pixel"}, {"position": {"minX": 3.5, "minY": 35.5, "maxX": 67.6875, "maxY": 252.0}, "class_id": 0, "box_caption": "person 0.015", "scores": {"class_score": 0.0150146484375}, "domain": "pixel"}, {"position": {"minX": 347.5, "minY": 418.25, "maxX": 364.5, "maxY": 456.75}, "class_id": 0, "box_caption": "person 0.015", "scores": {"class_score": 0.01490020751953125}, "domain": "pixel"}, {"position": {"minX": 426.5, "minY": 106.375, "maxX": 446.5, "maxY": 150.125}, "class_id": 0, "box_caption": "person 0.015", "scores": {"class_score": 0.014556884765625}, "domain": "pixel"}, {"position": {"minX": 475.25, "minY": 42.9375, "maxX": 580.0, "maxY": 177.25}, "class_id": 0, "box_caption": "person 0.014", "scores": {"class_score": 0.0141143798828125}, "domain": "pixel"}, {"position": {"minX": 10.65625, "minY": 17.0, "maxX": 62.65625, "maxY": 163.375}, "class_id": 0, "box_caption": "person 0.014", "scores": {"class_score": 0.01374053955078125}, "domain": "pixel"}, {"position": {"minX": 569.0, "minY": 71.75, "maxX": 603.0, "maxY": 152.25}, "class_id": 0, "box_caption": "person 0.014", "scores": {"class_score": 0.01358795166015625}, "domain": "pixel"}, {"position": {"minX": 524.5, "minY": 58.34375, "maxX": 555.5, "maxY": 142.625}, "class_id": 0, "box_caption": "person 0.013", "scores": {"class_score": 0.01337432861328125}, "domain": "pixel"}, {"position": {"minX": 244.0, "minY": 18.875, "maxX": 331.0, "maxY": 161.125}, "class_id": 0, "box_caption": "person 0.013", "scores": {"class_score": 0.01332855224609375}, "domain": "pixel"}, {"position": {"minX": 454.75, "minY": 156.125, "maxX": 468.25, "maxY": 200.125}, "class_id": 0, "box_caption": "person 0.013", "scores": {"class_score": 0.013275146484375}, "domain": "pixel"}, {"position": {"minX": 21.359375, "minY": 11.59375, "maxX": 70.4375, "maxY": 101.0}, "class_id": 0, "box_caption": "person 0.013", "scores": {"class_score": 0.01322174072265625}, "domain": "pixel"}, {"position": {"minX": 639.0, "minY": 69.75, "maxX": 655.0, "maxY": 124.125}, "class_id": 0, "box_caption": "person 0.013", "scores": {"class_score": 0.01282501220703125}, "domain": "pixel"}, {"position": {"minX": 637.0, "minY": 18.5625, "maxX": 661.0, "maxY": 87.4375}, "class_id": 0, "box_caption": "person 0.013", "scores": {"class_score": 0.01282501220703125}, "domain": "pixel"}, {"position": {"minX": 19.78125, "minY": -25.0, "maxX": 109.375, "maxY": 499.0}, "class_id": 0, "box_caption": "person 0.013", "scores": {"class_score": 0.0127716064453125}, "domain": "pixel"}, {"position": {"minX": 583.0, "minY": 79.9375, "maxX": 606.0, "maxY": 145.25}, "class_id": 0, "box_caption": "person 0.013", "scores": {"class_score": 0.012725830078125}, "domain": "pixel"}, {"position": {"minX": 275.25, "minY": 156.0, "maxX": 338.75, "maxY": 349.5}, "class_id": 0, "box_caption": "person 0.012", "scores": {"class_score": 0.01238250732421875}, "domain": "pixel"}, {"position": {"minX": 225.875, "minY": 326.25, "maxX": 237.125, "maxY": 352.75}, "class_id": 0, "box_caption": "person 0.012", "scores": {"class_score": 0.01214599609375}, "domain": "pixel"}, {"position": {"minX": 439.0, "minY": 99.3125, "maxX": 463.5, "maxY": 152.125}, "class_id": 0, "box_caption": "person 0.012", "scores": {"class_score": 0.0121002197265625}, "domain": "pixel"}, {"position": {"minX": 391.5, "minY": 168.0, "maxX": 410.0, "maxY": 226.0}, "class_id": 0, "box_caption": "person 0.012", "scores": {"class_score": 0.012054443359375}, "domain": "pixel"}, {"position": {"minX": 511.25, "minY": 85.6875, "maxX": 550.5, "maxY": 175.25}, "class_id": 0, "box_caption": "person 0.012", "scores": {"class_score": 0.0118255615234375}, "domain": "pixel"}, {"position": {"minX": 538.5, "minY": 101.125, "maxX": 562.5, "maxY": 181.875}, "class_id": 0, "box_caption": "person 0.012", "scores": {"class_score": 0.01177978515625}, "domain": "pixel"}, {"position": {"minX": 383.0, "minY": 289.0, "maxX": 422.0, "maxY": 396.5}, "class_id": 0, "box_caption": "person 0.012", "scores": {"class_score": 0.01177978515625}, "domain": "pixel"}, {"position": {"minX": 528.0, "minY": 128.25, "maxX": 550.0, "maxY": 178.75}, "class_id": 0, "box_caption": "person 0.012", "scores": {"class_score": 0.011505126953125}, "domain": "pixel"}, {"position": {"minX": 540.5, "minY": 118.8125, "maxX": 559.5, "maxY": 176.75}, "class_id": 0, "box_caption": "person 0.011", "scores": {"class_score": 0.01142120361328125}, "domain": "pixel"}, {"position": {"minX": 255.75, "minY": 200.25, "maxX": 325.75, "maxY": 366.75}, "class_id": 0, "box_caption": "person 0.011", "scores": {"class_score": 0.01129150390625}, "domain": "pixel"}, {"position": {"minX": 317.5, "minY": 234.375, "maxX": 352.5, "maxY": 351.25}, "class_id": 0, "box_caption": "person 0.011", "scores": {"class_score": 0.0112457275390625}, "domain": "pixel"}, {"position": {"minX": 24.28125, "minY": 20.25, "maxX": 100.75, "maxY": 202.75}, "class_id": 0, "box_caption": "person 0.011", "scores": {"class_score": 0.011199951171875}, "domain": "pixel"}, {"position": {"minX": 355.75, "minY": 119.9375, "maxX": 369.75, "maxY": 159.125}, "class_id": 0, "box_caption": "person 0.011", "scores": {"class_score": 0.01111602783203125}, "domain": "pixel"}, {"position": {"minX": 648.5, "minY": 87.1875, "maxX": 659.5, "maxY": 126.4375}, "class_id": 0, "box_caption": "person 0.011", "scores": {"class_score": 0.01085662841796875}, "domain": "pixel"}, {"position": {"minX": 456.0, "minY": 133.125, "maxX": 471.0, "maxY": 180.375}, "class_id": 0, "box_caption": "person 0.011", "scores": {"class_score": 0.01073455810546875}, "domain": "pixel"}, {"position": {"minX": 584.0, "minY": 109.0625, "maxX": 599.0, "maxY": 160.25}, "class_id": 0, "box_caption": "person 0.010", "scores": {"class_score": 0.010406494140625}, "domain": "pixel"}, {"position": {"minX": 459.75, "minY": 123.0, "maxX": 484.25, "maxY": 195.0}, "class_id": 0, "box_caption": "person 0.010", "scores": {"class_score": 0.010406494140625}, "domain": "pixel"}, {"position": {"minX": 498.75, "minY": 45.875, "maxX": 606.5, "maxY": 167.75}, "class_id": 0, "box_caption": "person 0.010", "scores": {"class_score": 0.01036834716796875}, "domain": "pixel"}, {"position": {"minX": 448.0, "minY": 104.25, "maxX": 480.5, "maxY": 183.75}, "class_id": 0, "box_caption": "person 0.010", "scores": {"class_score": 0.01024627685546875}, "domain": "pixel"}, {"position": {"minX": 229.125, "minY": 2.125, "maxX": 309.5, "maxY": 114.625}, "class_id": 0, "box_caption": "person 0.010", "scores": {"class_score": 0.0102081298828125}, "domain": "pixel"}, {"position": {"minX": 309.75, "minY": 74.0, "maxX": 357.75, "maxY": 164.25}, "class_id": 0, "box_caption": "person 0.010", "scores": {"class_score": 0.01016998291015625}, "domain": "pixel"}, {"position": {"minX": 423.5, "minY": 112.5625, "maxX": 441.0, "maxY": 148.75}, "class_id": 0, "box_caption": "person 0.010", "scores": {"class_score": 0.01009368896484375}, "domain": "pixel"}, {"position": {"minX": 492.25, "minY": 85.5625, "maxX": 510.75, "maxY": 133.0}, "class_id": 0, "box_caption": "person 0.010", "scores": {"class_score": 0.0100555419921875}, "domain": "pixel"}, {"position": {"minX": 24.234375, "minY": 11.9375, "maxX": 79.8125, "maxY": 167.0}, "class_id": 0, "box_caption": "person 0.010", "scores": {"class_score": 0.0099334716796875}, "domain": "pixel"}, {"position": {"minX": 538.5, "minY": 138.375, "maxX": 552.5, "maxY": 188.625}, "class_id": 0, "box_caption": "person 0.010", "scores": {"class_score": 0.0097808837890625}, "domain": "pixel"}, {"position": {"minX": 347.0, "minY": 230.25, "maxX": 650.0, "maxY": 643.0}, "class_id": 0, "box_caption": "person 0.010", "scores": {"class_score": 0.00974273681640625}, "domain": "pixel"}, {"position": {"minX": 223.625, "minY": 246.25, "maxX": 335.75, "maxY": 542.0}, "class_id": 0, "box_caption": "person 0.010", "scores": {"class_score": 0.00963592529296875}, "domain": "pixel"}, {"position": {"minX": 256.75, "minY": 90.75, "maxX": 285.75, "maxY": 168.0}, "class_id": 0, "box_caption": "person 0.010", "scores": {"class_score": 0.009521484375}, "domain": "pixel"}, {"position": {"minX": 467.0, "minY": 97.8125, "maxX": 482.5, "maxY": 151.0}, "class_id": 0, "box_caption": "person 0.009", "scores": {"class_score": 0.00948333740234375}, "domain": "pixel"}, {"position": {"minX": 311.5, "minY": 105.75, "maxX": 339.5, "maxY": 158.25}, "class_id": 0, "box_caption": "person 0.009", "scores": {"class_score": 0.00948333740234375}, "domain": "pixel"}, {"position": {"minX": 609.5, "minY": 83.5, "maxX": 627.5, "maxY": 129.25}, "class_id": 0, "box_caption": "person 0.009", "scores": {"class_score": 0.00926971435546875}, "domain": "pixel"}, {"position": {"minX": 186.0, "minY": 9.4375, "maxX": 317.5, "maxY": 174.75}, "class_id": 0, "box_caption": "person 0.009", "scores": {"class_score": 0.0092315673828125}, "domain": "pixel"}, {"position": {"minX": 485.75, "minY": 78.125, "maxX": 506.75, "maxY": 140.5}, "class_id": 0, "box_caption": "person 0.009", "scores": {"class_score": 0.00905609130859375}, "domain": "pixel"}, {"position": {"minX": 466.5, "minY": 152.625, "maxX": 483.0, "maxY": 195.375}, "class_id": 0, "box_caption": "person 0.009", "scores": {"class_score": 0.0089874267578125}, "domain": "pixel"}, {"position": {"minX": 379.25, "minY": 100.25, "maxX": 400.25, "maxY": 151.125}, "class_id": 0, "box_caption": "person 0.009", "scores": {"class_score": 0.0089874267578125}, "domain": "pixel"}, {"position": {"minX": 302.25, "minY": 165.75, "maxX": 358.75, "maxY": 333.5}, "class_id": 0, "box_caption": "person 0.009", "scores": {"class_score": 0.00894927978515625}, "domain": "pixel"}, {"position": {"minX": 18.53125, "minY": 34.375, "maxX": 84.25, "maxY": 267.0}, "class_id": 0, "box_caption": "person 0.009", "scores": {"class_score": 0.00885009765625}, "domain": "pixel"}, {"position": {"minX": 542.5, "minY": 135.75, "maxX": 558.5, "maxY": 178.75}, "class_id": 0, "box_caption": "person 0.009", "scores": {"class_score": 0.00881195068359375}, "domain": "pixel"}, {"position": {"minX": 600.0, "minY": 79.5625, "maxX": 626.0, "maxY": 125.9375}, "class_id": 0, "box_caption": "person 0.009", "scores": {"class_score": 0.00881195068359375}, "domain": "pixel"}, {"position": {"minX": 295.5, "minY": 283.75, "maxX": 347.5, "maxY": 425.75}, "class_id": 0, "box_caption": "person 0.009", "scores": {"class_score": 0.00878143310546875}, "domain": "pixel"}, {"position": {"minX": 592.0, "minY": 29.75, "maxX": 643.0, "maxY": 133.375}, "class_id": 0, "box_caption": "person 0.009", "scores": {"class_score": 0.0087432861328125}, "domain": "pixel"}, {"position": {"minX": 262.5, "minY": 331.5, "maxX": 306.0, "maxY": 431.0}, "class_id": 0, "box_caption": "person 0.009", "scores": {"class_score": 0.0087127685546875}, "domain": "pixel"}, {"position": {"minX": 515.5, "minY": 61.3125, "maxX": 551.5, "maxY": 154.75}, "class_id": 0, "box_caption": "person 0.009", "scores": {"class_score": 0.00864410400390625}, "domain": "pixel"}, {"position": {"minX": 460.25, "minY": 474.25, "maxX": 474.25, "maxY": 505.75}, "class_id": 0, "box_caption": "person 0.009", "scores": {"class_score": 0.00864410400390625}, "domain": "pixel"}, {"position": {"minX": 281.25, "minY": 238.875, "maxX": 315.75, "maxY": 328.75}, "class_id": 0, "box_caption": "person 0.009", "scores": {"class_score": 0.008514404296875}, "domain": "pixel"}, {"position": {"minX": 544.0, "minY": 162.25, "maxX": 553.0, "maxY": 189.0}, "class_id": 0, "box_caption": "person 0.008", "scores": {"class_score": 0.00847625732421875}, "domain": "pixel"}, {"position": {"minX": 472.25, "minY": 164.75, "maxX": 487.75, "maxY": 204.5}, "class_id": 0, "box_caption": "person 0.008", "scores": {"class_score": 0.00847625732421875}, "domain": "pixel"}, {"position": {"minX": 443.25, "minY": 73.25, "maxX": 490.25, "maxY": 163.25}, "class_id": 0, "box_caption": "person 0.008", "scores": {"class_score": 0.00847625732421875}, "domain": "pixel"}, {"position": {"minX": 646.0, "minY": 16.109375, "maxX": 658.0, "maxY": 58.6875}, "class_id": 0, "box_caption": "person 0.008", "scores": {"class_score": 0.0083770751953125}, "domain": "pixel"}, {"position": {"minX": 185.5, "minY": 54.09375, "maxX": 243.75, "maxY": 167.375}, "class_id": 0, "box_caption": "person 0.008", "scores": {"class_score": 0.0083770751953125}, "domain": "pixel"}, {"position": {"minX": 509.75, "minY": 121.625, "maxX": 527.0, "maxY": 173.125}, "class_id": 0, "box_caption": "person 0.008", "scores": {"class_score": 0.0082855224609375}, "domain": "pixel"}, {"position": {"minX": 324.25, "minY": 121.0, "maxX": 349.75, "maxY": 179.75}, "class_id": 0, "box_caption": "person 0.008", "scores": {"class_score": 0.0082550048828125}, "domain": "pixel"}, {"position": {"minX": 494.25, "minY": 66.625, "maxX": 519.5, "maxY": 125.875}, "class_id": 0, "box_caption": "person 0.008", "scores": {"class_score": 0.00806427001953125}, "domain": "pixel"}, {"position": {"minX": 379.75, "minY": 114.375, "maxX": 399.25, "maxY": 163.125}, "class_id": 0, "box_caption": "person 0.008", "scores": {"class_score": 0.00806427001953125}, "domain": "pixel"}, {"position": {"minX": 13.375, "minY": 33.3125, "maxX": 53.0, "maxY": 264.75}, "class_id": 0, "box_caption": "person 0.008", "scores": {"class_score": 0.00800323486328125}, "domain": "pixel"}, {"position": {"minX": 7.234375, "minY": 14.125, "maxX": 58.8125, "maxY": 348.5}, "class_id": 0, "box_caption": "person 0.008", "scores": {"class_score": 0.007904052734375}, "domain": "pixel"}, {"position": {"minX": 227.625, "minY": 213.375, "maxX": 346.25, "maxY": 419.5}, "class_id": 0, "box_caption": "person 0.008", "scores": {"class_score": 0.007785797119140625}, "domain": "pixel"}, {"position": {"minX": 211.125, "minY": 80.5, "maxX": 249.125, "maxY": 164.25}, "class_id": 0, "box_caption": "person 0.008", "scores": {"class_score": 0.007755279541015625}, "domain": "pixel"}, {"position": {"minX": 541.0, "minY": 153.5, "maxX": 552.0, "maxY": 188.25}, "class_id": 0, "box_caption": "person 0.008", "scores": {"class_score": 0.007724761962890625}, "domain": "pixel"}, {"position": {"minX": 24.734375, "minY": 15.828125, "maxX": 57.3125, "maxY": 72.3125}, "class_id": 0, "box_caption": "person 0.008", "scores": {"class_score": 0.007694244384765625}, "domain": "pixel"}, {"position": {"minX": 290.25, "minY": 300.0, "maxX": 329.75, "maxY": 412.0}, "class_id": 0, "box_caption": "person 0.008", "scores": {"class_score": 0.00763702392578125}, "domain": "pixel"}, {"position": {"minX": 463.0, "minY": 130.75, "maxX": 494.0, "maxY": 204.5}, "class_id": 0, "box_caption": "person 0.008", "scores": {"class_score": 0.00763702392578125}, "domain": "pixel"}, {"position": {"minX": 640.0, "minY": 81.625, "maxX": 654.0, "maxY": 117.75}, "class_id": 0, "box_caption": "person 0.008", "scores": {"class_score": 0.007549285888671875}, "domain": "pixel"}, {"position": {"minX": 346.75, "minY": 130.375, "maxX": 361.75, "maxY": 164.375}, "class_id": 0, "box_caption": "person 0.008", "scores": {"class_score": 0.007518768310546875}, "domain": "pixel"}, {"position": {"minX": 464.75, "minY": 129.25, "maxX": 482.75, "maxY": 184.25}, "class_id": 0, "box_caption": "person 0.007", "scores": {"class_score": 0.0074615478515625}, "domain": "pixel"}, {"position": {"minX": 317.25, "minY": 113.0, "maxX": 342.75, "maxY": 211.5}, "class_id": 0, "box_caption": "person 0.007", "scores": {"class_score": 0.0074615478515625}, "domain": "pixel"}, {"position": {"minX": 370.0, "minY": 136.25, "maxX": 406.0, "maxY": 267.0}, "class_id": 0, "box_caption": "person 0.007", "scores": {"class_score": 0.00731658935546875}, "domain": "pixel"}, {"position": {"minX": 587.5, "minY": 77.3125, "maxX": 614.5, "maxY": 135.625}, "class_id": 0, "box_caption": "person 0.007", "scores": {"class_score": 0.007205963134765625}, "domain": "pixel"}, {"position": {"minX": 342.5, "minY": 130.5, "maxX": 402.0, "maxY": 287.0}, "class_id": 0, "box_caption": "person 0.007", "scores": {"class_score": 0.007205963134765625}, "domain": "pixel"}, {"position": {"minX": 537.0, "minY": 51.375, "maxX": 571.0, "maxY": 130.875}, "class_id": 0, "box_caption": "person 0.007", "scores": {"class_score": 0.0070648193359375}, "domain": "pixel"}, {"position": {"minX": 334.0, "minY": 154.5, "maxX": 396.0, "maxY": 331.5}, "class_id": 0, "box_caption": "person 0.007", "scores": {"class_score": 0.006984710693359375}, "domain": "pixel"}, {"position": {"minX": 302.75, "minY": 78.375, "maxX": 370.25, "maxY": 339.0}, "class_id": 0, "box_caption": "person 0.007", "scores": {"class_score": 0.0069580078125}, "domain": "pixel"}, {"position": {"minX": 10.625, "minY": 98.625, "maxX": 80.125, "maxY": 512.5}, "class_id": 0, "box_caption": "person 0.007", "scores": {"class_score": 0.006931304931640625}, "domain": "pixel"}, {"position": {"minX": 5.34375, "minY": 175.75, "maxX": 78.75, "maxY": 630.0}, "class_id": 0, "box_caption": "person 0.007", "scores": {"class_score": 0.006931304931640625}, "domain": "pixel"}, {"position": {"minX": 307.25, "minY": 85.5, "maxX": 354.75, "maxY": 254.75}, "class_id": 0, "box_caption": "person 0.007", "scores": {"class_score": 0.00690460205078125}, "domain": "pixel"}, {"position": {"minX": 324.75, "minY": 139.0, "maxX": 340.75, "maxY": 186.5}, "class_id": 0, "box_caption": "person 0.007", "scores": {"class_score": 0.006877899169921875}, "domain": "pixel"}, {"position": {"minX": 553.5, "minY": 132.875, "maxX": 564.5, "maxY": 178.625}, "class_id": 0, "box_caption": "person 0.007", "scores": {"class_score": 0.0068511962890625}, "domain": "pixel"}, {"position": {"minX": 288.0, "minY": 92.8125, "maxX": 344.0, "maxY": 178.25}, "class_id": 0, "box_caption": "person 0.007", "scores": {"class_score": 0.0068511962890625}, "domain": "pixel"}, {"position": {"minX": 532.0, "minY": 51.28125, "maxX": 562.0, "maxY": 118.75}, "class_id": 0, "box_caption": "person 0.007", "scores": {"class_score": 0.00679779052734375}, "domain": "pixel"}, {"position": {"minX": 459.25, "minY": 131.125, "maxX": 476.25, "maxY": 185.625}, "class_id": 0, "box_caption": "person 0.007", "scores": {"class_score": 0.00669097900390625}, "domain": "pixel"}, {"position": {"minX": 314.0, "minY": 93.75, "maxX": 346.0, "maxY": 231.75}, "class_id": 0, "box_caption": "person 0.007", "scores": {"class_score": 0.00669097900390625}, "domain": "pixel"}, {"position": {"minX": 588.0, "minY": 122.75, "maxX": 598.0, "maxY": 161.25}, "class_id": 0, "box_caption": "person 0.007", "scores": {"class_score": 0.0066680908203125}, "domain": "pixel"}, {"position": {"minX": 387.75, "minY": 107.625, "maxX": 402.25, "maxY": 145.375}, "class_id": 0, "box_caption": "person 0.007", "scores": {"class_score": 0.006641387939453125}, "domain": "pixel"}, {"position": {"minX": 562.0, "minY": 75.8125, "maxX": 604.0, "maxY": 176.5}, "class_id": 0, "box_caption": "person 0.007", "scores": {"class_score": 0.006641387939453125}, "domain": "pixel"}, {"position": {"minX": 432.0, "minY": 124.75, "maxX": 445.5, "maxY": 164.25}, "class_id": 0, "box_caption": "person 0.007", "scores": {"class_score": 0.00653839111328125}, "domain": "pixel"}, {"position": {"minX": 455.75, "minY": 168.0, "maxX": 466.75, "maxY": 207.25}, "class_id": 0, "box_caption": "person 0.006", "scores": {"class_score": 0.006488800048828125}, "domain": "pixel"}, {"position": {"minX": 310.5, "minY": 229.75, "maxX": 363.5, "maxY": 392.75}, "class_id": 0, "box_caption": "person 0.006", "scores": {"class_score": 0.00646209716796875}, "domain": "pixel"}, {"position": {"minX": 563.0, "minY": 69.375, "maxX": 596.0, "maxY": 143.875}, "class_id": 0, "box_caption": "person 0.006", "scores": {"class_score": 0.006439208984375}, "domain": "pixel"}, {"position": {"minX": 357.5, "minY": 114.25, "maxX": 372.0, "maxY": 153.5}, "class_id": 0, "box_caption": "person 0.006", "scores": {"class_score": 0.0063629150390625}, "domain": "pixel"}, {"position": {"minX": 323.25, "minY": 250.625, "maxX": 345.75, "maxY": 319.25}, "class_id": 0, "box_caption": "person 0.006", "scores": {"class_score": 0.00634002685546875}, "domain": "pixel"}, {"position": {"minX": 589.0, "minY": 60.84375, "maxX": 632.0, "maxY": 138.0}, "class_id": 0, "box_caption": "person 0.006", "scores": {"class_score": 0.00634002685546875}, "domain": "pixel"}, {"position": {"minX": 255.375, "minY": 284.0, "maxX": 313.5, "maxY": 435.5}, "class_id": 0, "box_caption": "person 0.006", "scores": {"class_score": 0.006290435791015625}, "domain": "pixel"}, {"position": {"minX": 351.25, "minY": 115.0, "maxX": 372.25, "maxY": 159.25}, "class_id": 0, "box_caption": "person 0.006", "scores": {"class_score": 0.00621795654296875}, "domain": "pixel"}, {"position": {"minX": 426.75, "minY": 102.25, "maxX": 456.75, "maxY": 164.0}, "class_id": 0, "box_caption": "person 0.006", "scores": {"class_score": 0.006191253662109375}, "domain": "pixel"}, {"position": {"minX": 461.25, "minY": 107.625, "maxX": 483.25, "maxY": 165.625}, "class_id": 0, "box_caption": "person 0.006", "scores": {"class_score": 0.006145477294921875}, "domain": "pixel"}, {"position": {"minX": 318.25, "minY": 342.25, "maxX": 340.25, "maxY": 419.25}, "class_id": 0, "box_caption": "person 0.006", "scores": {"class_score": 0.006145477294921875}, "domain": "pixel"}, {"position": {"minX": 406.5, "minY": 9.5, "maxX": 652.5, "maxY": 476.0}, "class_id": 0, "box_caption": "person 0.006", "scores": {"class_score": 0.0060272216796875}, "domain": "pixel"}, {"position": {"minX": 247.0, "minY": 242.25, "maxX": 353.5, "maxY": 465.75}, "class_id": 0, "box_caption": "person 0.006", "scores": {"class_score": 0.00591278076171875}, "domain": "pixel"}, {"position": {"minX": 460.5, "minY": 93.75, "maxX": 485.5, "maxY": 151.75}, "class_id": 0, "box_caption": "person 0.006", "scores": {"class_score": 0.00586700439453125}, "domain": "pixel"}, {"position": {"minX": 270.75, "minY": 326.0, "maxX": 317.25, "maxY": 450.0}, "class_id": 0, "box_caption": "person 0.006", "scores": {"class_score": 0.00586700439453125}, "domain": "pixel"}, {"position": {"minX": 319.0, "minY": 167.5, "maxX": 396.0, "maxY": 378.5}, "class_id": 0, "box_caption": "person 0.006", "scores": {"class_score": 0.00582122802734375}, "domain": "pixel"}, {"position": {"minX": 583.5, "minY": 126.875, "maxX": 602.5, "maxY": 177.125}, "class_id": 0, "box_caption": "person 0.006", "scores": {"class_score": 0.0057525634765625}, "domain": "pixel"}, {"position": {"minX": 472.75, "minY": 129.125, "maxX": 489.75, "maxY": 181.875}, "class_id": 0, "box_caption": "person 0.006", "scores": {"class_score": 0.00572967529296875}, "domain": "pixel"}, {"position": {"minX": 318.5, "minY": 262.5, "maxX": 354.5, "maxY": 389.5}, "class_id": 0, "box_caption": "person 0.006", "scores": {"class_score": 0.00572967529296875}, "domain": "pixel"}, {"position": {"minX": 389.5, "minY": 279.0, "maxX": 451.5, "maxY": 398.5}, "class_id": 0, "box_caption": "person 0.006", "scores": {"class_score": 0.005706787109375}, "domain": "pixel"}, {"position": {"minX": 211.25, "minY": -2.75, "maxX": 297.0, "maxY": 148.625}, "class_id": 0, "box_caption": "person 0.006", "scores": {"class_score": 0.0055999755859375}, "domain": "pixel"}, {"position": {"minX": 63.0, "minY": 153.5, "maxX": 353.25, "maxY": 711.0}, "class_id": 0, "box_caption": "person 0.006", "scores": {"class_score": 0.0055999755859375}, "domain": "pixel"}, {"position": {"minX": 308.25, "minY": 312.5, "maxX": 339.25, "maxY": 410.0}, "class_id": 0, "box_caption": "person 0.006", "scores": {"class_score": 0.005512237548828125}, "domain": "pixel"}, {"position": {"minX": 374.5, "minY": 317.25, "maxX": 415.0, "maxY": 404.25}, "class_id": 0, "box_caption": "person 0.005", "scores": {"class_score": 0.005405426025390625}, "domain": "pixel"}, {"position": {"minX": 390.75, "minY": 118.9375, "maxX": 408.75, "maxY": 169.5}, "class_id": 0, "box_caption": "person 0.005", "scores": {"class_score": 0.0053863525390625}, "domain": "pixel"}, {"position": {"minX": 367.25, "minY": 147.75, "maxX": 401.75, "maxY": 223.25}, "class_id": 0, "box_caption": "person 0.005", "scores": {"class_score": 0.0053863525390625}, "domain": "pixel"}, {"position": {"minX": 578.5, "minY": 129.625, "maxX": 598.5, "maxY": 177.875}, "class_id": 0, "box_caption": "person 0.005", "scores": {"class_score": 0.00536346435546875}, "domain": "pixel"}, {"position": {"minX": 361.5, "minY": 119.4375, "maxX": 377.0, "maxY": 163.25}, "class_id": 0, "box_caption": "person 0.005", "scores": {"class_score": 0.005344390869140625}, "domain": "pixel"}, {"position": {"minX": 484.25, "minY": 178.0, "maxX": 496.25, "maxY": 221.75}, "class_id": 0, "box_caption": "person 0.005", "scores": {"class_score": 0.005344390869140625}, "domain": "pixel"}, {"position": {"minX": 320.5, "minY": 362.25, "maxX": 338.0, "maxY": 423.75}, "class_id": 0, "box_caption": "person 0.005", "scores": {"class_score": 0.005344390869140625}, "domain": "pixel"}, {"position": {"minX": 396.5, "minY": 109.4375, "maxX": 409.0, "maxY": 145.0}, "class_id": 0, "box_caption": "person 0.005", "scores": {"class_score": 0.00530242919921875}, "domain": "pixel"}, {"position": {"minX": 530.0, "minY": 39.3125, "maxX": 574.0, "maxY": 120.0625}, "class_id": 0, "box_caption": "person 0.005", "scores": {"class_score": 0.005279541015625}, "domain": "pixel"}, {"position": {"minX": -5.75, "minY": 15.5, "maxX": 67.25, "maxY": 464.0}, "class_id": 0, "box_caption": "person 0.005", "scores": {"class_score": 0.005279541015625}, "domain": "pixel"}, {"position": {"minX": 232.0, "minY": 27.875, "maxX": 360.5, "maxY": 187.0}, "class_id": 0, "box_caption": "person 0.005", "scores": {"class_score": 0.005279541015625}, "domain": "pixel"}, {"position": {"minX": 575.0, "minY": 137.625, "maxX": 588.0, "maxY": 174.375}, "class_id": 0, "box_caption": "person 0.005", "scores": {"class_score": 0.00518035888671875}, "domain": "pixel"}, {"position": {"minX": 158.25, "minY": 184.625, "maxX": 381.25, "maxY": 669.0}, "class_id": 0, "box_caption": "person 0.005", "scores": {"class_score": 0.005161285400390625}, "domain": "pixel"}, {"position": {"minX": 362.5, "minY": 112.75, "maxX": 385.0, "maxY": 159.75}, "class_id": 0, "box_caption": "person 0.005", "scores": {"class_score": 0.005138397216796875}, "domain": "pixel"}, {"position": {"minX": 384.75, "minY": 291.75, "maxX": 415.25, "maxY": 361.25}, "class_id": 0, "box_caption": "person 0.005", "scores": {"class_score": 0.005138397216796875}, "domain": "pixel"}, {"position": {"minX": 605.5, "minY": 14.46875, "maxX": 653.5, "maxY": 95.625}, "class_id": 0, "box_caption": "person 0.005", "scores": {"class_score": 0.005138397216796875}, "domain": "pixel"}, {"position": {"minX": 14.453125, "minY": 79.625, "maxX": 55.3125, "maxY": 167.0}, "class_id": 0, "box_caption": "person 0.005", "scores": {"class_score": 0.00511932373046875}, "domain": "pixel"}, {"position": {"minX": 497.5, "minY": 79.375, "maxX": 517.0, "maxY": 124.375}, "class_id": 0, "box_caption": "person 0.005", "scores": {"class_score": 0.005100250244140625}, "domain": "pixel"}, {"position": {"minX": 321.0, "minY": 127.75, "maxX": 343.5, "maxY": 184.0}, "class_id": 0, "box_caption": "person 0.005", "scores": {"class_score": 0.005100250244140625}, "domain": "pixel"}, {"position": {"minX": 366.5, "minY": 289.75, "maxX": 429.5, "maxY": 422.25}, "class_id": 0, "box_caption": "person 0.005", "scores": {"class_score": 0.0050811767578125}, "domain": "pixel"}, {"position": {"minX": 171.875, "minY": 16.8125, "maxX": 245.875, "maxY": 171.25}, "class_id": 0, "box_caption": "person 0.005", "scores": {"class_score": 0.005062103271484375}, "domain": "pixel"}, {"position": {"minX": 440.75, "minY": 88.625, "maxX": 489.25, "maxY": 193.625}, "class_id": 0, "box_caption": "person 0.005", "scores": {"class_score": 0.005062103271484375}, "domain": "pixel"}, {"position": {"minX": 391.25, "minY": 109.375, "maxX": 412.25, "maxY": 150.125}, "class_id": 0, "box_caption": "person 0.005", "scores": {"class_score": 0.005039215087890625}, "domain": "pixel"}, {"position": {"minX": 481.25, "minY": 166.5, "maxX": 504.25, "maxY": 221.75}, "class_id": 0, "box_caption": "person 0.005", "scores": {"class_score": 0.005039215087890625}, "domain": "pixel"}, {"position": {"minX": 451.5, "minY": 195.5, "maxX": 658.5, "maxY": 670.5}, "class_id": 0, "box_caption": "person 0.005", "scores": {"class_score": 0.005039215087890625}, "domain": "pixel"}, {"position": {"minX": 317.5, "minY": 365.25, "maxX": 333.5, "maxY": 425.75}, "class_id": 0, "box_caption": "person 0.005", "scores": {"class_score": 0.0050201416015625}, "domain": "pixel"}, {"position": {"minX": 220.625, "minY": 399.0, "maxX": 231.875, "maxY": 427.0}, "class_id": 0, "box_caption": "person 0.005", "scores": {"class_score": 0.0050201416015625}, "domain": "pixel"}, {"position": {"minX": 618.5, "minY": 69.5625, "maxX": 643.5, "maxY": 117.9375}, "class_id": 0, "box_caption": "person 0.005", "scores": {"class_score": 0.0050201416015625}, "domain": "pixel"}, {"position": {"minX": 627.5, "minY": 29.21875, "maxX": 660.5, "maxY": 122.5}, "class_id": 0, "box_caption": "person 0.005", "scores": {"class_score": 0.0050201416015625}, "domain": "pixel"}, {"position": {"minX": 196.75, "minY": 78.0625, "maxX": 237.0, "maxY": 167.0}, "class_id": 0, "box_caption": "person 0.005", "scores": {"class_score": 0.005001068115234375}, "domain": "pixel"}, {"position": {"minX": 314.5, "minY": 127.125, "maxX": 337.5, "maxY": 185.375}, "class_id": 0, "box_caption": "person 0.005", "scores": {"class_score": 0.00498199462890625}, "domain": "pixel"}, {"position": {"minX": 305.0, "minY": 90.0, "maxX": 341.5, "maxY": 155.875}, "class_id": 0, "box_caption": "person 0.005", "scores": {"class_score": 0.00498199462890625}, "domain": "pixel"}, {"position": {"minX": 315.25, "minY": 186.0, "maxX": 364.75, "maxY": 345.5}, "class_id": 0, "box_caption": "person 0.005", "scores": {"class_score": 0.00498199462890625}, "domain": "pixel"}, {"position": {"minX": 266.5, "minY": 40.25, "maxX": 347.5, "maxY": 381.25}, "class_id": 0, "box_caption": "person 0.005", "scores": {"class_score": 0.00494384765625}, "domain": "pixel"}, {"position": {"minX": 5.15625, "minY": -1.0, "maxX": 97.375, "maxY": 174.375}, "class_id": 0, "box_caption": "person 0.005", "scores": {"class_score": 0.00494384765625}, "domain": "pixel"}, {"position": {"minX": 532.0, "minY": 71.875, "maxX": 561.0, "maxY": 159.125}, "class_id": 0, "box_caption": "person 0.005", "scores": {"class_score": 0.00490570068359375}, "domain": "pixel"}, {"position": {"minX": 341.5, "minY": 415.75, "maxX": 358.0, "maxY": 451.75}, "class_id": 0, "box_caption": "person 0.005", "scores": {"class_score": 0.00490570068359375}, "domain": "pixel"}, {"position": {"minX": 474.0, "minY": 53.3125, "maxX": 511.5, "maxY": 134.5}, "class_id": 0, "box_caption": "person 0.005", "scores": {"class_score": 0.00490570068359375}, "domain": "pixel"}, {"position": {"minX": 370.75, "minY": 124.9375, "maxX": 386.25, "maxY": 172.0}, "class_id": 0, "box_caption": "person 0.005", "scores": {"class_score": 0.0048675537109375}, "domain": "pixel"}, {"position": {"minX": 603.5, "minY": 90.8125, "maxX": 622.5, "maxY": 136.0}, "class_id": 0, "box_caption": "person 0.005", "scores": {"class_score": 0.0048675537109375}, "domain": "pixel"}, {"position": {"minX": 297.5, "minY": 244.75, "maxX": 330.5, "maxY": 339.25}, "class_id": 0, "box_caption": "person 0.005", "scores": {"class_score": 0.004810333251953125}, "domain": "pixel"}, {"position": {"minX": 420.75, "minY": 101.625, "maxX": 444.75, "maxY": 154.375}, "class_id": 0, "box_caption": "person 0.005", "scores": {"class_score": 0.004772186279296875}, "domain": "pixel"}, {"position": {"minX": 540.5, "minY": 151.25, "maxX": 561.5, "maxY": 192.5}, "class_id": 0, "box_caption": "person 0.005", "scores": {"class_score": 0.00473785400390625}, "domain": "pixel"}, {"position": {"minX": 318.0, "minY": 104.9375, "maxX": 356.0, "maxY": 222.0}, "class_id": 0, "box_caption": "person 0.005", "scores": {"class_score": 0.00473785400390625}, "domain": "pixel"}, {"position": {"minX": 588.0, "minY": 147.5, "maxX": 599.0, "maxY": 176.25}, "class_id": 0, "box_caption": "person 0.005", "scores": {"class_score": 0.004718780517578125}, "domain": "pixel"}, {"position": {"minX": 545.0, "minY": 141.375, "maxX": 571.0, "maxY": 184.625}, "class_id": 0, "box_caption": "person 0.005", "scores": {"class_score": 0.004680633544921875}, "domain": "pixel"}, {"position": {"minX": 351.0, "minY": 427.5, "maxX": 363.5, "maxY": 456.0}, "class_id": 0, "box_caption": "person 0.005", "scores": {"class_score": 0.004665374755859375}, "domain": "pixel"}, {"position": {"minX": 289.0, "minY": 209.375, "maxX": 319.0, "maxY": 300.5}, "class_id": 0, "box_caption": "person 0.005", "scores": {"class_score": 0.004665374755859375}, "domain": "pixel"}, {"position": {"minX": 567.5, "minY": 34.15625, "maxX": 621.5, "maxY": 121.625}, "class_id": 0, "box_caption": "person 0.005", "scores": {"class_score": 0.004665374755859375}, "domain": "pixel"}, {"position": {"minX": 521.5, "minY": 125.5, "maxX": 537.5, "maxY": 170.5}, "class_id": 0, "box_caption": "person 0.005", "scores": {"class_score": 0.00464630126953125}, "domain": "pixel"}, {"position": {"minX": 489.0, "minY": 165.0, "maxX": 500.0, "maxY": 210.75}, "class_id": 0, "box_caption": "person 0.005", "scores": {"class_score": 0.00464630126953125}, "domain": "pixel"}, {"position": {"minX": 443.5, "minY": 34.53125, "maxX": 497.5, "maxY": 147.875}, "class_id": 0, "box_caption": "person 0.005", "scores": {"class_score": 0.00464630126953125}, "domain": "pixel"}, {"position": {"minX": 472.75, "minY": 173.25, "maxX": 492.75, "maxY": 209.25}, "class_id": 0, "box_caption": "person 0.005", "scores": {"class_score": 0.004627227783203125}, "domain": "pixel"}, {"position": {"minX": 605.5, "minY": 110.75, "maxX": 616.5, "maxY": 135.75}, "class_id": 0, "box_caption": "person 0.005", "scores": {"class_score": 0.004608154296875}, "domain": "pixel"}, {"position": {"minX": 21.140625, "minY": 164.5, "maxX": 62.875, "maxY": 393.5}, "class_id": 0, "box_caption": "person 0.005", "scores": {"class_score": 0.004608154296875}, "domain": "pixel"}, {"position": {"minX": 646.0, "minY": 34.53125, "maxX": 658.0, "maxY": 84.375}, "class_id": 0, "box_caption": "person 0.005", "scores": {"class_score": 0.004573822021484375}, "domain": "pixel"}, {"position": {"minX": 418.5, "minY": 84.0625, "maxX": 462.0, "maxY": 162.75}, "class_id": 0, "box_caption": "person 0.005", "scores": {"class_score": 0.004520416259765625}, "domain": "pixel"}, {"position": {"minX": 560.5, "minY": 37.0625, "maxX": 605.5, "maxY": 124.0625}, "class_id": 0, "box_caption": "person 0.005", "scores": {"class_score": 0.004505157470703125}, "domain": "pixel"}, {"position": {"minX": 363.5, "minY": 118.0, "maxX": 412.5, "maxY": 291.0}, "class_id": 0, "box_caption": "person 0.004", "scores": {"class_score": 0.004486083984375}, "domain": "pixel"}, {"position": {"minX": 597.0, "minY": 66.5625, "maxX": 631.0, "maxY": 123.6875}, "class_id": 0, "box_caption": "person 0.004", "scores": {"class_score": 0.004467010498046875}, "domain": "pixel"}, {"position": {"minX": 494.0, "minY": 89.9375, "maxX": 516.5, "maxY": 137.875}, "class_id": 0, "box_caption": "person 0.004", "scores": {"class_score": 0.004451751708984375}, "domain": "pixel"}, {"position": {"minX": 277.0, "minY": 73.625, "maxX": 348.5, "maxY": 193.625}, "class_id": 0, "box_caption": "person 0.004", "scores": {"class_score": 0.004451751708984375}, "domain": "pixel"}, {"position": {"minX": 461.5, "minY": 476.0, "maxX": 473.0, "maxY": 498.5}, "class_id": 0, "box_caption": "person 0.004", "scores": {"class_score": 0.00443267822265625}, "domain": "pixel"}, {"position": {"minX": 222.625, "minY": 78.0, "maxX": 266.0, "maxY": 164.25}, "class_id": 0, "box_caption": "person 0.004", "scores": {"class_score": 0.004364013671875}, "domain": "pixel"}, {"position": {"minX": 576.0, "minY": 100.875, "maxX": 602.0, "maxY": 171.625}, "class_id": 0, "box_caption": "person 0.004", "scores": {"class_score": 0.004364013671875}, "domain": "pixel"}, {"position": {"minX": 329.0, "minY": 136.125, "maxX": 347.0, "maxY": 177.625}, "class_id": 0, "box_caption": "person 0.004", "scores": {"class_score": 0.004329681396484375}, "domain": "pixel"}, {"position": {"minX": 470.75, "minY": 93.75, "maxX": 499.75, "maxY": 175.25}, "class_id": 0, "box_caption": "person 0.004", "scores": {"class_score": 0.004329681396484375}, "domain": "pixel"}, {"position": {"minX": 224.125, "minY": 318.75, "maxX": 241.125, "maxY": 361.75}, "class_id": 0, "box_caption": "person 0.004", "scores": {"class_score": 0.004314422607421875}, "domain": "pixel"}, {"position": {"minX": 646.0, "minY": 9.21875, "maxX": 661.0, "maxY": 50.25}, "class_id": 0, "box_caption": "person 0.004", "scores": {"class_score": 0.00428009033203125}, "domain": "pixel"}, {"position": {"minX": 377.5, "minY": 94.6875, "maxX": 393.5, "maxY": 140.375}, "class_id": 0, "box_caption": "person 0.004", "scores": {"class_score": 0.00426483154296875}, "domain": "pixel"}, {"position": {"minX": 260.5, "minY": 65.125, "maxX": 313.0, "maxY": 169.625}, "class_id": 0, "box_caption": "person 0.004", "scores": {"class_score": 0.00426483154296875}, "domain": "pixel"}, {"position": {"minX": 341.0, "minY": 128.875, "maxX": 358.0, "maxY": 169.125}, "class_id": 0, "box_caption": "person 0.004", "scores": {"class_score": 0.00424957275390625}, "domain": "pixel"}, {"position": {"minX": 522.0, "minY": 22.0625, "maxX": 647.0, "maxY": 156.25}, "class_id": 0, "box_caption": "person 0.004", "scores": {"class_score": 0.00424957275390625}, "domain": "pixel"}, {"position": {"minX": 585.5, "minY": 115.875, "maxX": 597.5, "maxY": 150.125}, "class_id": 0, "box_caption": "person 0.004", "scores": {"class_score": 0.004199981689453125}, "domain": "pixel"}, {"position": {"minX": 378.25, "minY": 261.75, "maxX": 468.25, "maxY": 415.75}, "class_id": 0, "box_caption": "person 0.004", "scores": {"class_score": 0.004199981689453125}, "domain": "pixel"}, {"position": {"minX": 522.0, "minY": 46.84375, "maxX": 558.0, "maxY": 122.125}, "class_id": 0, "box_caption": "person 0.004", "scores": {"class_score": 0.0041656494140625}, "domain": "pixel"}, {"position": {"minX": 519.0, "minY": 136.375, "maxX": 532.0, "maxY": 170.625}, "class_id": 0, "box_caption": "person 0.004", "scores": {"class_score": 0.004150390625}, "domain": "pixel"}, {"position": {"minX": 381.75, "minY": 256.0, "maxX": 421.25, "maxY": 372.0}, "class_id": 0, "box_caption": "person 0.004", "scores": {"class_score": 0.004150390625}, "domain": "pixel"}, {"position": {"minX": 588.5, "minY": 102.8125, "maxX": 602.5, "maxY": 144.25}, "class_id": 0, "box_caption": "person 0.004", "scores": {"class_score": 0.0041351318359375}, "domain": "pixel"}, {"position": {"minX": 377.5, "minY": 113.9375, "maxX": 402.5, "maxY": 182.75}, "class_id": 0, "box_caption": "person 0.004", "scores": {"class_score": 0.0041351318359375}, "domain": "pixel"}, {"position": {"minX": 502.75, "minY": 48.46875, "maxX": 547.5, "maxY": 137.375}, "class_id": 0, "box_caption": "person 0.004", "scores": {"class_score": 0.004100799560546875}, "domain": "pixel"}, {"position": {"minX": 446.0, "minY": 105.0, "maxX": 466.5, "maxY": 159.5}, "class_id": 0, "box_caption": "person 0.004", "scores": {"class_score": 0.004100799560546875}, "domain": "pixel"}, {"position": {"minX": 443.5, "minY": 117.4375, "maxX": 458.0, "maxY": 155.125}, "class_id": 0, "box_caption": "person 0.004", "scores": {"class_score": 0.004100799560546875}, "domain": "pixel"}, {"position": {"minX": 584.5, "minY": 123.1875, "maxX": 595.5, "maxY": 157.875}, "class_id": 0, "box_caption": "person 0.004", "scores": {"class_score": 0.004085540771484375}, "domain": "pixel"}, {"position": {"minX": 305.5, "minY": 103.9375, "maxX": 338.0, "maxY": 195.5}, "class_id": 0, "box_caption": "person 0.004", "scores": {"class_score": 0.004070281982421875}, "domain": "pixel"}, {"position": {"minX": 333.0, "minY": 148.25, "maxX": 345.0, "maxY": 178.5}, "class_id": 0, "box_caption": "person 0.004", "scores": {"class_score": 0.004055023193359375}, "domain": "pixel"}, {"position": {"minX": 544.5, "minY": 38.28125, "maxX": 595.5, "maxY": 120.875}, "class_id": 0, "box_caption": "person 0.004", "scores": {"class_score": 0.00400543212890625}, "domain": "pixel"}, {"position": {"minX": 124.8125, "minY": 175.5, "maxX": 141.0, "maxY": 229.75}, "class_id": 0, "box_caption": "person 0.004", "scores": {"class_score": 0.00397491455078125}, "domain": "pixel"}, {"position": {"minX": 612.5, "minY": 17.03125, "maxX": 641.5, "maxY": 67.75}, "class_id": 0, "box_caption": "person 0.004", "scores": {"class_score": 0.00395965576171875}, "domain": "pixel"}, {"position": {"minX": 271.25, "minY": 372.75, "maxX": 308.75, "maxY": 431.75}, "class_id": 0, "box_caption": "person 0.004", "scores": {"class_score": 0.00394439697265625}, "domain": "pixel"}, {"position": {"minX": 268.5, "minY": 374.25, "maxX": 289.0, "maxY": 418.25}, "class_id": 0, "box_caption": "person 0.004", "scores": {"class_score": 0.00391387939453125}, "domain": "pixel"}, {"position": {"minX": 606.5, "minY": 13.90625, "maxX": 631.5, "maxY": 58.96875}, "class_id": 0, "box_caption": "person 0.004", "scores": {"class_score": 0.00391387939453125}, "domain": "pixel"}, {"position": {"minX": 18.75, "minY": 164.0, "maxX": 132.25, "maxY": 690.0}, "class_id": 0, "box_caption": "person 0.004", "scores": {"class_score": 0.0038089752197265625}, "domain": "pixel"}, {"position": {"minX": 316.0, "minY": 112.0625, "maxX": 335.5, "maxY": 152.0}, "class_id": 0, "box_caption": "person 0.004", "scores": {"class_score": 0.003795623779296875}, "domain": "pixel"}, {"position": {"minX": 592.0, "minY": 92.875, "maxX": 610.0, "maxY": 139.25}, "class_id": 0, "box_caption": "person 0.004", "scores": {"class_score": 0.003780364990234375}, "domain": "pixel"}, {"position": {"minX": 533.5, "minY": 21.90625, "maxX": 588.5, "maxY": 110.625}, "class_id": 0, "box_caption": "person 0.004", "scores": {"class_score": 0.003749847412109375}, "domain": "pixel"}, {"position": {"minX": 389.25, "minY": 290.25, "maxX": 416.25, "maxY": 342.25}, "class_id": 0, "box_caption": "person 0.004", "scores": {"class_score": 0.003692626953125}, "domain": "pixel"}, {"position": {"minX": 10.625, "minY": 7.3125, "maxX": 120.375, "maxY": 225.0}, "class_id": 0, "box_caption": "person 0.004", "scores": {"class_score": 0.003650665283203125}, "domain": "pixel"}, {"position": {"minX": 333.25, "minY": 185.25, "maxX": 364.75, "maxY": 278.5}, "class_id": 0, "box_caption": "person 0.004", "scores": {"class_score": 0.0036220550537109375}, "domain": "pixel"}, {"position": {"minX": 442.0, "minY": 105.375, "maxX": 459.0, "maxY": 147.75}, "class_id": 0, "box_caption": "person 0.004", "scores": {"class_score": 0.0036067962646484375}, "domain": "pixel"}, {"position": {"minX": 49.5, "minY": 13.9375, "maxX": 108.375, "maxY": 86.75}, "class_id": 0, "box_caption": "person 0.004", "scores": {"class_score": 0.0036067962646484375}, "domain": "pixel"}, {"position": {"minX": 354.75, "minY": 418.5, "maxX": 368.25, "maxY": 455.5}, "class_id": 0, "box_caption": "person 0.004", "scores": {"class_score": 0.00359344482421875}, "domain": "pixel"}, {"position": {"minX": 637.5, "minY": 76.4375, "maxX": 651.5, "maxY": 112.5625}, "class_id": 0, "box_caption": "person 0.004", "scores": {"class_score": 0.0035648345947265625}, "domain": "pixel"}, {"position": {"minX": 612.0, "minY": 96.25, "maxX": 624.0, "maxY": 134.875}, "class_id": 0, "box_caption": "person 0.004", "scores": {"class_score": 0.0035648345947265625}, "domain": "pixel"}, {"position": {"minX": 471.25, "minY": 97.875, "maxX": 490.75, "maxY": 163.375}, "class_id": 0, "box_caption": "person 0.004", "scores": {"class_score": 0.0035247802734375}, "domain": "pixel"}, {"position": {"minX": 342.5, "minY": 412.5, "maxX": 363.5, "maxY": 447.0}, "class_id": 0, "box_caption": "person 0.004", "scores": {"class_score": 0.0035114288330078125}, "domain": "pixel"}, {"position": {"minX": 347.0, "minY": 123.0625, "maxX": 368.0, "maxY": 172.0}, "class_id": 0, "box_caption": "person 0.004", "scores": {"class_score": 0.0035114288330078125}, "domain": "pixel"}, {"position": {"minX": 649.0, "minY": 43.34375, "maxX": 659.0, "maxY": 75.375}, "class_id": 0, "box_caption": "person 0.003", "scores": {"class_score": 0.0034961700439453125}, "domain": "pixel"}, {"position": {"minX": 247.25, "minY": 3.0625, "maxX": 341.75, "maxY": 98.9375}, "class_id": 0, "box_caption": "person 0.003", "scores": {"class_score": 0.0034694671630859375}, "domain": "pixel"}, {"position": {"minX": 334.25, "minY": 166.75, "maxX": 378.25, "maxY": 300.5}, "class_id": 0, "box_caption": "person 0.003", "scores": {"class_score": 0.00345611572265625}, "domain": "pixel"}, {"position": {"minX": 341.75, "minY": 91.9375, "maxX": 390.75, "maxY": 189.25}, "class_id": 0, "box_caption": "person 0.003", "scores": {"class_score": 0.00345611572265625}, "domain": "pixel"}, {"position": {"minX": -1.859375, "minY": 198.75, "maxX": 57.5625, "maxY": 606.0}, "class_id": 0, "box_caption": "person 0.003", "scores": {"class_score": 0.003429412841796875}, "domain": "pixel"}, {"position": {"minX": 284.5, "minY": 255.5, "maxX": 331.5, "maxY": 361.5}, "class_id": 0, "box_caption": "person 0.003", "scores": {"class_score": 0.0033893585205078125}, "domain": "pixel"}], "class_labels": {"0": "person"}}