{"box_data": [{"position": {"minX": 528.5, "minY": 340.25, "maxX": 613.5, "maxY": 510.75}, "class_id": 0, "box_caption": "person 0.155", "scores": {"class_score": 0.154541015625}, "domain": "pixel"}, {"position": {"minX": 361.5, "minY": 292.5, "maxX": 431.0, "maxY": 509.0}, "class_id": 0, "box_caption": "person 0.133", "scores": {"class_score": 0.1331787109375}, "domain": "pixel"}, {"position": {"minX": 134.5, "minY": 372.75, "maxX": 224.0, "maxY": 568.0}, "class_id": 0, "box_caption": "person 0.127", "scores": {"class_score": 0.127197265625}, "domain": "pixel"}, {"position": {"minX": 99.0625, "minY": 354.75, "maxX": 193.75, "maxY": 577.0}, "class_id": 0, "box_caption": "person 0.107", "scores": {"class_score": 0.10723876953125}, "domain": "pixel"}, {"position": {"minX": 98.125, "minY": 350.0, "maxX": 157.0, "maxY": 527.5}, "class_id": 0, "box_caption": "person 0.079", "scores": {"class_score": 0.07904052734375}, "domain": "pixel"}, {"position": {"minX": 261.0, "minY": 300.25, "maxX": 351.5, "maxY": 504.75}, "class_id": 0, "box_caption": "person 0.069", "scores": {"class_score": 0.06854248046875}, "domain": "pixel"}, {"position": {"minX": 159.5, "minY": 371.75, "maxX": 229.5, "maxY": 543.0}, "class_id": 0, "box_caption": "person 0.066", "scores": {"class_score": 0.06610107421875}, "domain": "pixel"}, {"position": {"minX": 518.5, "minY": 302.0, "maxX": 627.5, "maxY": 525.5}, "class_id": 0, "box_caption": "person 0.055", "scores": {"class_score": 0.05499267578125}, "domain": "pixel"}, {"position": {"minX": 248.75, "minY": 309.75, "maxX": 310.25, "maxY": 501.25}, "class_id": 0, "box_caption": "person 0.041", "scores": {"class_score": 0.04107666015625}, "domain": "pixel"}, {"position": {"minX": 377.0, "minY": 304.25, "maxX": 424.5, "maxY": 394.25}, "class_id": 0, "box_caption": "person 0.035", "scores": {"class_score": 0.03460693359375}, "domain": "pixel"}, {"position": {"minX": 548.0, "minY": 306.0, "maxX": 615.0, "maxY": 447.5}, "class_id": 0, "box_caption": "person 0.033", "scores": {"class_score": 0.0325927734375}, "domain": "pixel"}, {"position": {"minX": 291.0, "minY": 312.5, "maxX": 371.5, "maxY": 534.0}, "class_id": 0, "box_caption": "person 0.031", "scores": {"class_score": 0.0305633544921875}, "domain": "pixel"}, {"position": {"minX": 289.5, "minY": 297.0, "maxX": 353.5, "maxY": 447.0}, "class_id": 0, "box_caption": "person 0.031", "scores": {"class_score": 0.0305023193359375}, "domain": "pixel"}, {"position": {"minX": 435.0, "minY": 498.25, "maxX": 495.5, "maxY": 583.0}, "class_id": 0, "box_caption": "person 0.030", "scores": {"class_score": 0.03033447265625}, "domain": "pixel"}, {"position": {"minX": 339.0, "minY": 286.5, "maxX": 451.0, "maxY": 517.0}, "class_id": 0, "box_caption": "person 0.028", "scores": {"class_score": 0.027740478515625}, "domain": "pixel"}, {"position": {"minX": 324.75, "minY": 297.0, "maxX": 420.75, "maxY": 550.0}, "class_id": 0, "box_caption": "person 0.026", "scores": {"class_score": 0.0263519287109375}, "domain": "pixel"}, {"position": {"minX": 250.125, "minY": 307.0, "maxX": 303.25, "maxY": 433.5}, "class_id": 0, "box_caption": "person 0.025", "scores": {"class_score": 0.024566650390625}, "domain": "pixel"}, {"position": {"minX": 383.0, "minY": 304.0, "maxX": 448.0, "maxY": 432.5}, "class_id": 0, "box_caption": "person 0.023", "scores": {"class_score": 0.0234222412109375}, "domain": "pixel"}, {"position": {"minX": 97.25, "minY": 354.5, "maxX": 144.5, "maxY": 477.0}, "class_id": 0, "box_caption": "person 0.023", "scores": {"class_score": 0.0227203369140625}, "domain": "pixel"}, {"position": {"minX": 561.0, "minY": 320.75, "maxX": 610.0, "maxY": 425.25}, "class_id": 0, "box_caption": "person 0.019", "scores": {"class_score": 0.0194549560546875}, "domain": "pixel"}, {"position": {"minX": 368.25, "minY": 302.5, "maxX": 423.75, "maxY": 457.5}, "class_id": 0, "box_caption": "person 0.019", "scores": {"class_score": 0.018646240234375}, "domain": "pixel"}, {"position": {"minX": 253.875, "minY": 310.75, "maxX": 295.25, "maxY": 406.75}, "class_id": 0, "box_caption": "person 0.018", "scores": {"class_score": 0.0179901123046875}, "domain": "pixel"}, {"position": {"minX": 259.0, "minY": 348.5, "maxX": 328.0, "maxY": 497.5}, "class_id": 0, "box_caption": "person 0.017", "scores": {"class_score": 0.017303466796875}, "domain": "pixel"}, {"position": {"minX": 392.75, "minY": 306.25, "maxX": 449.25, "maxY": 386.25}, "class_id": 0, "box_caption": "person 0.017", "scores": {"class_score": 0.017181396484375}, "domain": "pixel"}, {"position": {"minX": 299.5, "minY": 339.75, "maxX": 358.0, "maxY": 502.75}, "class_id": 0, "box_caption": "person 0.017", "scores": {"class_score": 0.0169830322265625}, "domain": "pixel"}, {"position": {"minX": 272.0, "minY": 302.25, "maxX": 339.0, "maxY": 395.25}, "class_id": 0, "box_caption": "person 0.017", "scores": {"class_score": 0.0165252685546875}, "domain": "pixel"}, {"position": {"minX": 381.25, "minY": 315.5, "maxX": 472.75, "maxY": 525.0}, "class_id": 0, "box_caption": "person 0.016", "scores": {"class_score": 0.015716552734375}, "domain": "pixel"}, {"position": {"minX": 109.375, "minY": 360.25, "maxX": 179.875, "maxY": 522.0}, "class_id": 0, "box_caption": "person 0.015", "scores": {"class_score": 0.01525115966796875}, "domain": "pixel"}, {"position": {"minX": 255.25, "minY": 356.25, "maxX": 305.75, "maxY": 490.75}, "class_id": 0, "box_caption": "person 0.015", "scores": {"class_score": 0.01507568359375}, "domain": "pixel"}, {"position": {"minX": 539.5, "minY": 251.0, "maxX": 624.5, "maxY": 450.0}, "class_id": 0, "box_caption": "person 0.015", "scores": {"class_score": 0.01495361328125}, "domain": "pixel"}, {"position": {"minX": 512.5, "minY": 353.0, "maxX": 589.5, "maxY": 515.5}, "class_id": 0, "box_caption": "person 0.014", "scores": {"class_score": 0.0142822265625}, "domain": "pixel"}, {"position": {"minX": 139.375, "minY": 370.25, "maxX": 204.875, "maxY": 520.0}, "class_id": 0, "box_caption": "person 0.014", "scores": {"class_score": 0.0135345458984375}, "domain": "pixel"}, {"position": {"minX": 403.5, "minY": 251.625, "maxX": 417.5, "maxY": 284.25}, "class_id": 0, "box_caption": "person 0.013", "scores": {"class_score": 0.013427734375}, "domain": "pixel"}, {"position": {"minX": 178.625, "minY": 375.0, "maxX": 237.625, "maxY": 566.0}, "class_id": 0, "box_caption": "person 0.013", "scores": {"class_score": 0.0125732421875}, "domain": "pixel"}, {"position": {"minX": 296.5, "minY": 307.0, "maxX": 353.5, "maxY": 389.5}, "class_id": 0, "box_caption": "person 0.012", "scores": {"class_score": 0.012481689453125}, "domain": "pixel"}, {"position": {"minX": 61.15625, "minY": 199.875, "maxX": 107.0, "maxY": 265.5}, "class_id": 0, "box_caption": "person 0.012", "scores": {"class_score": 0.01233673095703125}, "domain": "pixel"}, {"position": {"minX": 349.0, "minY": 492.25, "maxX": 391.0, "maxY": 552.5}, "class_id": 0, "box_caption": "person 0.012", "scores": {"class_score": 0.012054443359375}, "domain": "pixel"}, {"position": {"minX": 267.75, "minY": 310.75, "maxX": 323.25, "maxY": 406.75}, "class_id": 0, "box_caption": "person 0.012", "scores": {"class_score": 0.0120086669921875}, "domain": "pixel"}, {"position": {"minX": 398.25, "minY": 208.875, "maxX": 457.25, "maxY": 277.5}, "class_id": 0, "box_caption": "person 0.012", "scores": {"class_score": 0.0117340087890625}, "domain": "pixel"}, {"position": {"minX": 267.0, "minY": 393.75, "maxX": 313.0, "maxY": 484.75}, "class_id": 0, "box_caption": "person 0.012", "scores": {"class_score": 0.0115966796875}, "domain": "pixel"}, {"position": {"minX": 373.75, "minY": 205.25, "maxX": 431.75, "maxY": 280.75}, "class_id": 0, "box_caption": "person 0.011", "scores": {"class_score": 0.0112457275390625}, "domain": "pixel"}, {"position": {"minX": 402.5, "minY": 242.0, "maxX": 422.5, "maxY": 287.0}, "class_id": 0, "box_caption": "person 0.011", "scores": {"class_score": 0.010986328125}, "domain": "pixel"}, {"position": {"minX": 282.25, "minY": 334.0, "maxX": 349.75, "maxY": 479.0}, "class_id": 0, "box_caption": "person 0.011", "scores": {"class_score": 0.010986328125}, "domain": "pixel"}, {"position": {"minX": 273.25, "minY": 412.5, "maxX": 309.25, "maxY": 490.0}, "class_id": 0, "box_caption": "person 0.011", "scores": {"class_score": 0.0108184814453125}, "domain": "pixel"}, {"position": {"minX": 264.0, "minY": 299.75, "maxX": 396.5, "maxY": 546.5}, "class_id": 0, "box_caption": "person 0.011", "scores": {"class_score": 0.01078033447265625}, "domain": "pixel"}, {"position": {"minX": 451.75, "minY": 487.75, "maxX": 498.25, "maxY": 572.5}, "class_id": 0, "box_caption": "person 0.010", "scores": {"class_score": 0.01036834716796875}, "domain": "pixel"}, {"position": {"minX": 177.125, "minY": 60.0625, "maxX": 250.625, "maxY": 233.5}, "class_id": 0, "box_caption": "person 0.010", "scores": {"class_score": 0.0103302001953125}, "domain": "pixel"}, {"position": {"minX": 420.0, "minY": 516.5, "maxX": 479.5, "maxY": 590.5}, "class_id": 0, "box_caption": "person 0.010", "scores": {"class_score": 0.0102081298828125}, "domain": "pixel"}, {"position": {"minX": 507.5, "minY": 195.0, "maxX": 630.5, "maxY": 496.0}, "class_id": 0, "box_caption": "person 0.010", "scores": {"class_score": 0.0100555419921875}, "domain": "pixel"}, {"position": {"minX": 405.75, "minY": 241.625, "maxX": 431.25, "maxY": 285.5}, "class_id": 0, "box_caption": "person 0.010", "scores": {"class_score": 0.00955963134765625}, "domain": "pixel"}, {"position": {"minX": 62.65625, "minY": 326.5, "maxX": 186.875, "maxY": 553.0}, "class_id": 0, "box_caption": "person 0.009", "scores": {"class_score": 0.00930023193359375}, "domain": "pixel"}, {"position": {"minX": 104.9375, "minY": 350.0, "maxX": 165.375, "maxY": 474.5}, "class_id": 0, "box_caption": "person 0.009", "scores": {"class_score": 0.00926971435546875}, "domain": "pixel"}, {"position": {"minX": 394.5, "minY": 221.625, "maxX": 428.0, "maxY": 283.0}, "class_id": 0, "box_caption": "person 0.009", "scores": {"class_score": 0.00881195068359375}, "domain": "pixel"}, {"position": {"minX": 413.75, "minY": 304.75, "maxX": 499.25, "maxY": 511.75}, "class_id": 0, "box_caption": "person 0.009", "scores": {"class_score": 0.00867462158203125}, "domain": "pixel"}, {"position": {"minX": 126.8125, "minY": 324.75, "maxX": 225.0, "maxY": 509.25}, "class_id": 0, "box_caption": "person 0.009", "scores": {"class_score": 0.00861358642578125}, "domain": "pixel"}, {"position": {"minX": 244.75, "minY": 331.0, "maxX": 295.75, "maxY": 487.5}, "class_id": 0, "box_caption": "person 0.009", "scores": {"class_score": 0.008575439453125}, "domain": "pixel"}, {"position": {"minX": 155.75, "minY": 60.0, "maxX": 271.5, "maxY": 285.5}, "class_id": 0, "box_caption": "person 0.008", "scores": {"class_score": 0.00844573974609375}, "domain": "pixel"}, {"position": {"minX": 534.0, "minY": 321.0, "maxX": 605.0, "maxY": 474.0}, "class_id": 0, "box_caption": "person 0.008", "scores": {"class_score": 0.0083465576171875}, "domain": "pixel"}, {"position": {"minX": 498.0, "minY": 309.0, "maxX": 600.0, "maxY": 510.0}, "class_id": 0, "box_caption": "person 0.008", "scores": {"class_score": 0.00812530517578125}, "domain": "pixel"}, {"position": {"minX": 382.0, "minY": 253.0, "maxX": 394.5, "maxY": 284.0}, "class_id": 0, "box_caption": "person 0.008", "scores": {"class_score": 0.0079345703125}, "domain": "pixel"}, {"position": {"minX": 503.0, "minY": 122.1875, "maxX": 517.0, "maxY": 150.0}, "class_id": 0, "box_caption": "person 0.008", "scores": {"class_score": 0.007843017578125}, "domain": "pixel"}, {"position": {"minX": 302.0, "minY": 198.75, "maxX": 352.5, "maxY": 276.25}, "class_id": 0, "box_caption": "person 0.008", "scores": {"class_score": 0.007785797119140625}, "domain": "pixel"}, {"position": {"minX": 434.25, "minY": 441.5, "maxX": 498.75, "maxY": 572.0}, "class_id": 0, "box_caption": "person 0.008", "scores": {"class_score": 0.007755279541015625}, "domain": "pixel"}, {"position": {"minX": 75.8125, "minY": 197.5, "maxX": 134.125, "maxY": 261.0}, "class_id": 0, "box_caption": "person 0.008", "scores": {"class_score": 0.007724761962890625}, "domain": "pixel"}, {"position": {"minX": 566.0, "minY": 312.75, "maxX": 605.0, "maxY": 401.75}, "class_id": 0, "box_caption": "person 0.008", "scores": {"class_score": 0.00760650634765625}, "domain": "pixel"}, {"position": {"minX": 219.375, "minY": 294.5, "maxX": 345.0, "maxY": 514.5}, "class_id": 0, "box_caption": "person 0.008", "scores": {"class_score": 0.00760650634765625}, "domain": "pixel"}, {"position": {"minX": 123.625, "minY": 202.25, "maxX": 171.125, "maxY": 270.75}, "class_id": 0, "box_caption": "person 0.008", "scores": {"class_score": 0.00757598876953125}, "domain": "pixel"}, {"position": {"minX": 423.25, "minY": 231.25, "maxX": 454.25, "maxY": 279.75}, "class_id": 0, "box_caption": "person 0.007", "scores": {"class_score": 0.007404327392578125}, "domain": "pixel"}, {"position": {"minX": 155.625, "minY": 376.25, "maxX": 212.625, "maxY": 480.75}, "class_id": 0, "box_caption": "person 0.007", "scores": {"class_score": 0.007404327392578125}, "domain": "pixel"}, {"position": {"minX": 403.75, "minY": 224.375, "maxX": 440.25, "maxY": 281.25}, "class_id": 0, "box_caption": "person 0.007", "scores": {"class_score": 0.007289886474609375}, "domain": "pixel"}, {"position": {"minX": 376.75, "minY": 246.0, "maxX": 397.25, "maxY": 286.5}, "class_id": 0, "box_caption": "person 0.007", "scores": {"class_score": 0.007122039794921875}, "domain": "pixel"}, {"position": {"minX": 429.75, "minY": 318.25, "maxX": 479.25, "maxY": 413.25}, "class_id": 0, "box_caption": "person 0.007", "scores": {"class_score": 0.007122039794921875}, "domain": "pixel"}, {"position": {"minX": 556.5, "minY": 334.75, "maxX": 625.5, "maxY": 486.25}, "class_id": 0, "box_caption": "person 0.007", "scores": {"class_score": 0.0070648193359375}, "domain": "pixel"}, {"position": {"minX": 95.625, "minY": 359.0, "maxX": 124.125, "maxY": 450.5}, "class_id": 0, "box_caption": "person 0.007", "scores": {"class_score": 0.00701141357421875}, "domain": "pixel"}, {"position": {"minX": 344.0, "minY": 466.5, "maxX": 393.5, "maxY": 552.0}, "class_id": 0, "box_caption": "person 0.007", "scores": {"class_score": 0.00701141357421875}, "domain": "pixel"}, {"position": {"minX": 264.25, "minY": 295.0, "maxX": 332.25, "maxY": 454.0}, "class_id": 0, "box_caption": "person 0.007", "scores": {"class_score": 0.006984710693359375}, "domain": "pixel"}, {"position": {"minX": 265.0, "minY": 288.75, "maxX": 384.5, "maxY": 462.75}, "class_id": 0, "box_caption": "person 0.007", "scores": {"class_score": 0.006984710693359375}, "domain": "pixel"}, {"position": {"minX": 356.25, "minY": 300.75, "maxX": 494.25, "maxY": 540.0}, "class_id": 0, "box_caption": "person 0.007", "scores": {"class_score": 0.00679779052734375}, "domain": "pixel"}, {"position": {"minX": 419.75, "minY": 325.0, "maxX": 455.25, "maxY": 398.0}, "class_id": 0, "box_caption": "person 0.007", "scores": {"class_score": 0.006744384765625}, "domain": "pixel"}, {"position": {"minX": 351.75, "minY": 304.25, "maxX": 406.25, "maxY": 390.75}, "class_id": 0, "box_caption": "person 0.007", "scores": {"class_score": 0.006717681884765625}, "domain": "pixel"}, {"position": {"minX": 187.5, "minY": 71.375, "maxX": 238.75, "maxY": 164.375}, "class_id": 0, "box_caption": "person 0.007", "scores": {"class_score": 0.00669097900390625}, "domain": "pixel"}, {"position": {"minX": 555.5, "minY": 282.0, "maxX": 612.5, "maxY": 418.5}, "class_id": 0, "box_caption": "person 0.007", "scores": {"class_score": 0.00661468505859375}, "domain": "pixel"}, {"position": {"minX": 20.40625, "minY": 283.75, "maxX": 73.5, "maxY": 374.75}, "class_id": 0, "box_caption": "person 0.007", "scores": {"class_score": 0.00661468505859375}, "domain": "pixel"}, {"position": {"minX": 571.5, "minY": 330.25, "maxX": 616.5, "maxY": 415.75}, "class_id": 0, "box_caption": "person 0.007", "scores": {"class_score": 0.006587982177734375}, "domain": "pixel"}, {"position": {"minX": 496.0, "minY": 123.0, "maxX": 520.5, "maxY": 183.5}, "class_id": 0, "box_caption": "person 0.006", "scores": {"class_score": 0.006488800048828125}, "domain": "pixel"}, {"position": {"minX": 442.0, "minY": 228.0, "maxX": 470.0, "maxY": 277.75}, "class_id": 0, "box_caption": "person 0.006", "scores": {"class_score": 0.006488800048828125}, "domain": "pixel"}, {"position": {"minX": 437.25, "minY": 204.625, "maxX": 484.75, "maxY": 271.5}, "class_id": 0, "box_caption": "person 0.006", "scores": {"class_score": 0.00646209716796875}, "domain": "pixel"}, {"position": {"minX": 186.625, "minY": 396.0, "maxX": 232.375, "maxY": 542.0}, "class_id": 0, "box_caption": "person 0.006", "scores": {"class_score": 0.0063629150390625}, "domain": "pixel"}, {"position": {"minX": 350.75, "minY": 164.125, "maxX": 447.25, "maxY": 279.5}, "class_id": 0, "box_caption": "person 0.006", "scores": {"class_score": 0.00626373291015625}, "domain": "pixel"}, {"position": {"minX": 300.5, "minY": 163.375, "maxX": 366.0, "maxY": 275.5}, "class_id": 0, "box_caption": "person 0.006", "scores": {"class_score": 0.006191253662109375}, "domain": "pixel"}, {"position": {"minX": 369.25, "minY": 251.875, "maxX": 383.75, "maxY": 285.0}, "class_id": 0, "box_caption": "person 0.006", "scores": {"class_score": 0.006145477294921875}, "domain": "pixel"}, {"position": {"minX": 356.25, "minY": 292.5, "maxX": 411.75, "maxY": 466.0}, "class_id": 0, "box_caption": "person 0.006", "scores": {"class_score": 0.006072998046875}, "domain": "pixel"}, {"position": {"minX": 285.25, "minY": 207.0, "maxX": 340.75, "maxY": 273.5}, "class_id": 0, "box_caption": "person 0.006", "scores": {"class_score": 0.00591278076171875}, "domain": "pixel"}, {"position": {"minX": 347.25, "minY": 197.5, "maxX": 402.25, "maxY": 278.75}, "class_id": 0, "box_caption": "person 0.006", "scores": {"class_score": 0.0057525634765625}, "domain": "pixel"}, {"position": {"minX": 502.75, "minY": 122.5, "maxX": 519.0, "maxY": 162.25}, "class_id": 0, "box_caption": "person 0.006", "scores": {"class_score": 0.0055999755859375}, "domain": "pixel"}, {"position": {"minX": 504.5, "minY": 330.5, "maxX": 635.5, "maxY": 647.0}, "class_id": 0, "box_caption": "person 0.005", "scores": {"class_score": 0.00547027587890625}, "domain": "pixel"}, {"position": {"minX": 442.75, "minY": 433.0, "maxX": 469.25, "maxY": 486.5}, "class_id": 0, "box_caption": "person 0.005", "scores": {"class_score": 0.005344390869140625}, "domain": "pixel"}, {"position": {"minX": 306.0, "minY": 300.5, "maxX": 368.0, "maxY": 419.0}, "class_id": 0, "box_caption": "person 0.005", "scores": {"class_score": 0.005279541015625}, "domain": "pixel"}, {"position": {"minX": 279.5, "minY": 362.5, "maxX": 342.0, "maxY": 512.0}, "class_id": 0, "box_caption": "person 0.005", "scores": {"class_score": 0.005260467529296875}, "domain": "pixel"}, {"position": {"minX": 379.25, "minY": 162.5, "maxX": 483.25, "maxY": 280.0}, "class_id": 0, "box_caption": "person 0.005", "scores": {"class_score": 0.005218505859375}, "domain": "pixel"}, {"position": {"minX": 313.0, "minY": 504.5, "maxX": 364.0, "maxY": 555.5}, "class_id": 0, "box_caption": "person 0.005", "scores": {"class_score": 0.005199432373046875}, "domain": "pixel"}, {"position": {"minX": 456.25, "minY": 202.5, "maxX": 487.25, "maxY": 268.5}, "class_id": 0, "box_caption": "person 0.005", "scores": {"class_score": 0.005062103271484375}, "domain": "pixel"}, {"position": {"minX": 165.375, "minY": 365.0, "maxX": 225.375, "maxY": 493.0}, "class_id": 0, "box_caption": "person 0.005", "scores": {"class_score": 0.00498199462890625}, "domain": "pixel"}, {"position": {"minX": 384.5, "minY": 299.5, "maxX": 426.5, "maxY": 369.5}, "class_id": 0, "box_caption": "person 0.005", "scores": {"class_score": 0.004962921142578125}, "domain": "pixel"}, {"position": {"minX": 432.75, "minY": 310.0, "maxX": 477.75, "maxY": 379.5}, "class_id": 0, "box_caption": "person 0.005", "scores": {"class_score": 0.004962921142578125}, "domain": "pixel"}, {"position": {"minX": 78.0, "minY": 359.5, "maxX": 175.75, "maxY": 600.5}, "class_id": 0, "box_caption": "person 0.005", "scores": {"class_score": 0.004791259765625}, "domain": "pixel"}, {"position": {"minX": 153.0, "minY": 304.5, "maxX": 238.5, "maxY": 521.5}, "class_id": 0, "box_caption": "person 0.005", "scores": {"class_score": 0.004791259765625}, "domain": "pixel"}, {"position": {"minX": 265.5, "minY": 155.5, "maxX": 351.0, "maxY": 276.5}, "class_id": 0, "box_caption": "person 0.005", "scores": {"class_score": 0.00473785400390625}, "domain": "pixel"}, {"position": {"minX": 374.75, "minY": 247.5, "maxX": 389.75, "maxY": 284.0}, "class_id": 0, "box_caption": "person 0.005", "scores": {"class_score": 0.004718780517578125}, "domain": "pixel"}, {"position": {"minX": 354.75, "minY": 288.75, "maxX": 477.25, "maxY": 457.75}, "class_id": 0, "box_caption": "person 0.005", "scores": {"class_score": 0.004680633544921875}, "domain": "pixel"}, {"position": {"minX": 301.75, "minY": 339.25, "maxX": 384.75, "maxY": 568.0}, "class_id": 0, "box_caption": "person 0.005", "scores": {"class_score": 0.00464630126953125}, "domain": "pixel"}, {"position": {"minX": 433.25, "minY": 403.75, "maxX": 489.25, "maxY": 513.0}, "class_id": 0, "box_caption": "person 0.005", "scores": {"class_score": 0.00464630126953125}, "domain": "pixel"}, {"position": {"minX": 131.25, "minY": 197.625, "maxX": 176.75, "maxY": 293.5}, "class_id": 0, "box_caption": "person 0.005", "scores": {"class_score": 0.004627227783203125}, "domain": "pixel"}, {"position": {"minX": 325.5, "minY": 160.375, "maxX": 419.0, "maxY": 278.75}, "class_id": 0, "box_caption": "person 0.005", "scores": {"class_score": 0.004627227783203125}, "domain": "pixel"}, {"position": {"minX": 222.875, "minY": 314.75, "maxX": 283.0, "maxY": 497.25}, "class_id": 0, "box_caption": "person 0.005", "scores": {"class_score": 0.004627227783203125}, "domain": "pixel"}, {"position": {"minX": 442.75, "minY": 502.5, "maxX": 487.75, "maxY": 556.5}, "class_id": 0, "box_caption": "person 0.005", "scores": {"class_score": 0.004608154296875}, "domain": "pixel"}, {"position": {"minX": 17.515625, "minY": 261.25, "maxX": 76.9375, "maxY": 398.75}, "class_id": 0, "box_caption": "person 0.005", "scores": {"class_score": 0.004608154296875}, "domain": "pixel"}, {"position": {"minX": 59.75, "minY": 193.5, "maxX": 92.5, "maxY": 278.5}, "class_id": 0, "box_caption": "person 0.005", "scores": {"class_score": 0.004573822021484375}, "domain": "pixel"}, {"position": {"minX": 238.375, "minY": 71.0625, "maxX": 374.5, "maxY": 287.5}, "class_id": 0, "box_caption": "person 0.005", "scores": {"class_score": 0.00455474853515625}, "domain": "pixel"}, {"position": {"minX": 412.5, "minY": 252.75, "maxX": 428.0, "maxY": 284.25}, "class_id": 0, "box_caption": "person 0.004", "scores": {"class_score": 0.004398345947265625}, "domain": "pixel"}, {"position": {"minX": 437.0, "minY": 168.125, "maxX": 496.5, "maxY": 276.0}, "class_id": 0, "box_caption": "person 0.004", "scores": {"class_score": 0.004398345947265625}, "domain": "pixel"}, {"position": {"minX": 201.5, "minY": 74.9375, "maxX": 343.5, "maxY": 286.5}, "class_id": 0, "box_caption": "person 0.004", "scores": {"class_score": 0.004383087158203125}, "domain": "pixel"}, {"position": {"minX": 14.21875, "minY": 263.5, "maxX": 64.375, "maxY": 370.0}, "class_id": 0, "box_caption": "person 0.004", "scores": {"class_score": 0.004364013671875}, "domain": "pixel"}, {"position": {"minX": 388.5, "minY": 195.5, "maxX": 422.5, "maxY": 276.25}, "class_id": 0, "box_caption": "person 0.004", "scores": {"class_score": 0.004299163818359375}, "domain": "pixel"}, {"position": {"minX": 375.25, "minY": 219.75, "maxX": 409.75, "maxY": 285.25}, "class_id": 0, "box_caption": "person 0.004", "scores": {"class_score": 0.004199981689453125}, "domain": "pixel"}, {"position": {"minX": 329.5, "minY": 74.0, "maxX": 365.0, "maxY": 152.75}, "class_id": 0, "box_caption": "person 0.004", "scores": {"class_score": 0.004199981689453125}, "domain": "pixel"}, {"position": {"minX": 115.625, "minY": 182.5, "maxX": 177.875, "maxY": 262.0}, "class_id": 0, "box_caption": "person 0.004", "scores": {"class_score": 0.004085540771484375}, "domain": "pixel"}, {"position": {"minX": 208.75, "minY": 349.75, "maxX": 275.0, "maxY": 521.5}, "class_id": 0, "box_caption": "person 0.004", "scores": {"class_score": 0.004055023193359375}, "domain": "pixel"}, {"position": {"minX": 370.5, "minY": 237.625, "maxX": 390.0, "maxY": 282.25}, "class_id": 0, "box_caption": "person 0.004", "scores": {"class_score": 0.00400543212890625}, "domain": "pixel"}, {"position": {"minX": 72.6875, "minY": 238.5, "maxX": 165.25, "maxY": 520.5}, "class_id": 0, "box_caption": "person 0.004", "scores": {"class_score": 0.00400543212890625}, "domain": "pixel"}, {"position": {"minX": 257.0, "minY": 248.625, "maxX": 273.5, "maxY": 287.75}, "class_id": 0, "box_caption": "person 0.004", "scores": {"class_score": 0.00397491455078125}, "domain": "pixel"}, {"position": {"minX": 513.5, "minY": 379.5, "maxX": 569.5, "maxY": 509.5}, "class_id": 0, "box_caption": "person 0.004", "scores": {"class_score": 0.00397491455078125}, "domain": "pixel"}, {"position": {"minX": 101.0, "minY": 276.5, "maxX": 239.5, "maxY": 551.5}, "class_id": 0, "box_caption": "person 0.004", "scores": {"class_score": 0.00397491455078125}, "domain": "pixel"}, {"position": {"minX": 88.5, "minY": 331.5, "maxX": 138.0, "maxY": 542.0}, "class_id": 0, "box_caption": "person 0.004", "scores": {"class_score": 0.00395965576171875}, "domain": "pixel"}, {"position": {"minX": 432.0, "minY": 237.5, "maxX": 455.5, "maxY": 281.0}, "class_id": 0, "box_caption": "person 0.004", "scores": {"class_score": 0.00394439697265625}, "domain": "pixel"}, {"position": {"minX": 366.75, "minY": 193.5, "maxX": 418.75, "maxY": 277.75}, "class_id": 0, "box_caption": "person 0.004", "scores": {"class_score": 0.00394439697265625}, "domain": "pixel"}, {"position": {"minX": 231.0, "minY": 309.0, "maxX": 279.75, "maxY": 435.0}, "class_id": 0, "box_caption": "person 0.004", "scores": {"class_score": 0.00391387939453125}, "domain": "pixel"}, {"position": {"minX": 477.75, "minY": 333.25, "maxX": 620.0, "maxY": 535.0}, "class_id": 0, "box_caption": "person 0.004", "scores": {"class_score": 0.0038852691650390625}, "domain": "pixel"}, {"position": {"minX": 286.5, "minY": 258.25, "maxX": 300.5, "maxY": 282.75}, "class_id": 0, "box_caption": "person 0.004", "scores": {"class_score": 0.0038700103759765625}, "domain": "pixel"}, {"position": {"minX": 383.75, "minY": 234.5, "maxX": 422.25, "maxY": 282.0}, "class_id": 0, "box_caption": "person 0.004", "scores": {"class_score": 0.0038547515869140625}, "domain": "pixel"}, {"position": {"minX": 315.0, "minY": 306.5, "maxX": 362.5, "maxY": 381.5}, "class_id": 0, "box_caption": "person 0.004", "scores": {"class_score": 0.003765106201171875}, "domain": "pixel"}, {"position": {"minX": 347.0, "minY": 316.25, "maxX": 432.5, "maxY": 582.0}, "class_id": 0, "box_caption": "person 0.004", "scores": {"class_score": 0.003749847412109375}, "domain": "pixel"}, {"position": {"minX": 57.03125, "minY": 310.5, "maxX": 87.0, "maxY": 372.5}, "class_id": 0, "box_caption": "person 0.004", "scores": {"class_score": 0.0037078857421875}, "domain": "pixel"}, {"position": {"minX": 357.0, "minY": 501.75, "maxX": 402.5, "maxY": 554.5}, "class_id": 0, "box_caption": "person 0.004", "scores": {"class_score": 0.003692626953125}, "domain": "pixel"}, {"position": {"minX": 407.25, "minY": 257.0, "maxX": 418.25, "maxY": 285.0}, "class_id": 0, "box_caption": "person 0.004", "scores": {"class_score": 0.0036792755126953125}, "domain": "pixel"}, {"position": {"minX": 452.0, "minY": 219.375, "maxX": 480.0, "maxY": 274.0}, "class_id": 0, "box_caption": "person 0.004", "scores": {"class_score": 0.003650665283203125}, "domain": "pixel"}, {"position": {"minX": 197.375, "minY": 77.25, "maxX": 250.625, "maxY": 159.75}, "class_id": 0, "box_caption": "person 0.004", "scores": {"class_score": 0.003650665283203125}, "domain": "pixel"}, {"position": {"minX": 20.46875, "minY": 293.0, "maxX": 144.75, "maxY": 576.5}, "class_id": 0, "box_caption": "person 0.004", "scores": {"class_score": 0.003650665283203125}, "domain": "pixel"}, {"position": {"minX": 355.75, "minY": 166.625, "maxX": 402.25, "maxY": 271.5}, "class_id": 0, "box_caption": "person 0.004", "scores": {"class_score": 0.00359344482421875}, "domain": "pixel"}, {"position": {"minX": 303.25, "minY": 54.375, "maxX": 372.75, "maxY": 234.125}, "class_id": 0, "box_caption": "person 0.004", "scores": {"class_score": 0.00359344482421875}, "domain": "pixel"}, {"position": {"minX": 69.25, "minY": 315.5, "maxX": 95.375, "maxY": 371.0}, "class_id": 0, "box_caption": "person 0.004", "scores": {"class_score": 0.0035247802734375}, "domain": "pixel"}, {"position": {"minX": 337.0, "minY": 75.0, "maxX": 367.0, "maxY": 135.75}, "class_id": 0, "box_caption": "person 0.003", "scores": {"class_score": 0.0034961700439453125}, "domain": "pixel"}, {"position": {"minX": 445.25, "minY": 425.0, "maxX": 481.75, "maxY": 487.0}, "class_id": 0, "box_caption": "person 0.003", "scores": {"class_score": 0.0034694671630859375}, "domain": "pixel"}, {"position": {"minX": 286.0, "minY": 379.0, "maxX": 333.5, "maxY": 496.5}, "class_id": 0, "box_caption": "person 0.003", "scores": {"class_score": 0.0034427642822265625}, "domain": "pixel"}, {"position": {"minX": 421.5, "minY": 309.0, "maxX": 461.0, "maxY": 386.5}, "class_id": 0, "box_caption": "person 0.003", "scores": {"class_score": 0.003429412841796875}, "domain": "pixel"}, {"position": {"minX": 80.375, "minY": 213.5, "maxX": 204.375, "maxY": 538.0}, "class_id": 0, "box_caption": "person 0.003", "scores": {"class_score": 0.003429412841796875}, "domain": "pixel"}, {"position": {"minX": 272.75, "minY": 292.5, "maxX": 320.75, "maxY": 376.5}, "class_id": 0, "box_caption": "person 0.003", "scores": {"class_score": 0.0034027099609375}, "domain": "pixel"}, {"position": {"minX": 193.125, "minY": 381.75, "maxX": 252.875, "maxY": 541.0}, "class_id": 0, "box_caption": "person 0.003", "scores": {"class_score": 0.0034027099609375}, "domain": "pixel"}, {"position": {"minX": 288.0, "minY": 293.0, "maxX": 337.0, "maxY": 375.0}, "class_id": 0, "box_caption": "person 0.003", "scores": {"class_score": 0.003376007080078125}, "domain": "pixel"}, {"position": {"minX": 303.75, "minY": 508.0, "maxX": 340.75, "maxY": 561.0}, "class_id": 0, "box_caption": "person 0.003", "scores": {"class_score": 0.0033626556396484375}, "domain": "pixel"}, {"position": {"minX": 288.0, "minY": 82.4375, "maxX": 448.0, "maxY": 284.75}, "class_id": 0, "box_caption": "person 0.003", "scores": {"class_score": 0.0033512115478515625}, "domain": "pixel"}, {"position": {"minX": 405.5, "minY": 376.5, "maxX": 484.0, "maxY": 527.0}, "class_id": 0, "box_caption": "person 0.003", "scores": {"class_score": 0.0033512115478515625}, "domain": "pixel"}, {"position": {"minX": 438.75, "minY": 239.0, "maxX": 463.25, "maxY": 280.5}, "class_id": 0, "box_caption": "person 0.003", "scores": {"class_score": 0.003337860107421875}, "domain": "pixel"}, {"position": {"minX": 294.25, "minY": 219.5, "maxX": 335.25, "maxY": 277.0}, "class_id": 0, "box_caption": "person 0.003", "scores": {"class_score": 0.0032978057861328125}, "domain": "pixel"}, {"position": {"minX": 386.0, "minY": 322.75, "maxX": 451.0, "maxY": 491.75}, "class_id": 0, "box_caption": "person 0.003", "scores": {"class_score": 0.0032978057861328125}, "domain": "pixel"}, {"position": {"minX": 460.5, "minY": 443.25, "maxX": 510.5, "maxY": 562.0}, "class_id": 0, "box_caption": "person 0.003", "scores": {"class_score": 0.0032482147216796875}, "domain": "pixel"}, {"position": {"minX": 574.0, "minY": 308.75, "maxX": 630.0, "maxY": 424.25}, "class_id": 0, "box_caption": "person 0.003", "scores": {"class_score": 0.0032100677490234375}, "domain": "pixel"}, {"position": {"minX": 309.75, "minY": 298.0, "maxX": 434.75, "maxY": 463.5}, "class_id": 0, "box_caption": "person 0.003", "scores": {"class_score": 0.003185272216796875}, "domain": "pixel"}, {"position": {"minX": 119.9375, "minY": 360.25, "maxX": 169.5, "maxY": 460.75}, "class_id": 0, "box_caption": "person 0.003", "scores": {"class_score": 0.0031719207763671875}, "domain": "pixel"}, {"position": {"minX": 345.0, "minY": 319.5, "maxX": 411.0, "maxY": 526.5}, "class_id": 0, "box_caption": "person 0.003", "scores": {"class_score": 0.0031719207763671875}, "domain": "pixel"}, {"position": {"minX": 569.0, "minY": 294.25, "maxX": 621.0, "maxY": 403.75}, "class_id": 0, "box_caption": "person 0.003", "scores": {"class_score": 0.0031719207763671875}, "domain": "pixel"}, {"position": {"minX": 259.25, "minY": 257.5, "maxX": 269.75, "maxY": 287.0}, "class_id": 0, "box_caption": "person 0.003", "scores": {"class_score": 0.003124237060546875}, "domain": "pixel"}, {"position": {"minX": 400.0, "minY": 481.75, "maxX": 522.0, "maxY": 614.5}, "class_id": 0, "box_caption": "person 0.003", "scores": {"class_score": 0.003124237060546875}, "domain": "pixel"}, {"position": {"minX": 439.5, "minY": 520.0, "maxX": 497.5, "maxY": 602.0}, "class_id": 0, "box_caption": "person 0.003", "scores": {"class_score": 0.0030994415283203125}, "domain": "pixel"}, {"position": {"minX": 272.25, "minY": 445.75, "maxX": 297.25, "maxY": 488.75}, "class_id": 0, "box_caption": "person 0.003", "scores": {"class_score": 0.00307464599609375}, "domain": "pixel"}, {"position": {"minX": 450.5, "minY": 502.5, "maxX": 507.5, "maxY": 594.5}, "class_id": 0, "box_caption": "person 0.003", "scores": {"class_score": 0.003063201904296875}, "domain": "pixel"}, {"position": {"minX": 277.5, "minY": 443.5, "maxX": 303.0, "maxY": 490.5}, "class_id": 0, "box_caption": "person 0.003", "scores": {"class_score": 0.0030517578125}, "domain": "pixel"}, {"position": {"minX": 124.0625, "minY": 411.5, "maxX": 226.5, "maxY": 614.5}, "class_id": 0, "box_caption": "person 0.003", "scores": {"class_score": 0.0030517578125}, "domain": "pixel"}, {"position": {"minX": 47.8125, "minY": 292.5, "maxX": 93.1875, "maxY": 368.5}, "class_id": 0, "box_caption": "person 0.003", "scores": {"class_score": 0.003040313720703125}, "domain": "pixel"}, {"position": {"minX": 302.0, "minY": 301.0, "maxX": 348.0, "maxY": 371.5}, "class_id": 0, "box_caption": "person 0.003", "scores": {"class_score": 0.0030040740966796875}, "domain": "pixel"}, {"position": {"minX": 81.25, "minY": 194.0, "maxX": 121.5, "maxY": 250.75}, "class_id": 0, "box_caption": "person 0.003", "scores": {"class_score": 0.0029354095458984375}, "domain": "pixel"}, {"position": {"minX": 236.75, "minY": 136.25, "maxX": 315.25, "maxY": 279.0}, "class_id": 0, "box_caption": "person 0.003", "scores": {"class_score": 0.0029354095458984375}, "domain": "pixel"}, {"position": {"minX": 435.0, "minY": 341.0, "maxX": 503.5, "maxY": 510.5}, "class_id": 0, "box_caption": "person 0.003", "scores": {"class_score": 0.0029125213623046875}, "domain": "pixel"}, {"position": {"minX": 443.0, "minY": 318.5, "maxX": 473.5, "maxY": 367.0}, "class_id": 0, "box_caption": "person 0.003", "scores": {"class_score": 0.0028896331787109375}, "domain": "pixel"}, {"position": {"minX": 385.25, "minY": 250.25, "maxX": 399.75, "maxY": 284.25}, "class_id": 0, "box_caption": "person 0.003", "scores": {"class_score": 0.0028667449951171875}, "domain": "pixel"}, {"position": {"minX": 432.0, "minY": 252.25, "maxX": 446.5, "maxY": 282.75}, "class_id": 0, "box_caption": "person 0.003", "scores": {"class_score": 0.0028667449951171875}, "domain": "pixel"}, {"position": {"minX": 69.5625, "minY": 190.625, "maxX": 110.3125, "maxY": 255.625}, "class_id": 0, "box_caption": "person 0.003", "scores": {"class_score": 0.0028553009033203125}, "domain": "pixel"}, {"position": {"minX": 85.3125, "minY": 176.625, "maxX": 257.25, "maxY": 567.5}, "class_id": 0, "box_caption": "person 0.003", "scores": {"class_score": 0.0028553009033203125}, "domain": "pixel"}, {"position": {"minX": 325.0, "minY": 291.25, "maxX": 397.5, "maxY": 493.25}, "class_id": 0, "box_caption": "person 0.003", "scores": {"class_score": 0.0028228759765625}, "domain": "pixel"}, {"position": {"minX": 252.5, "minY": 380.25, "maxX": 314.5, "maxY": 512.5}, "class_id": 0, "box_caption": "person 0.003", "scores": {"class_score": 0.0028228759765625}, "domain": "pixel"}, {"position": {"minX": 311.0, "minY": 443.25, "maxX": 378.0, "maxY": 561.0}, "class_id": 0, "box_caption": "person 0.003", "scores": {"class_score": 0.002811431884765625}, "domain": "pixel"}, {"position": {"minX": 466.25, "minY": 199.75, "maxX": 493.75, "maxY": 270.0}, "class_id": 0, "box_caption": "person 0.003", "scores": {"class_score": 0.0027904510498046875}, "domain": "pixel"}, {"position": {"minX": 288.0, "minY": 245.75, "maxX": 309.5, "maxY": 285.25}, "class_id": 0, "box_caption": "person 0.003", "scores": {"class_score": 0.0027904510498046875}, "domain": "pixel"}, {"position": {"minX": 448.0, "minY": 302.0, "maxX": 525.0, "maxY": 507.0}, "class_id": 0, "box_caption": "person 0.003", "scores": {"class_score": 0.00274658203125}, "domain": "pixel"}, {"position": {"minX": 321.0, "minY": 143.5, "maxX": 485.0, "maxY": 288.0}, "class_id": 0, "box_caption": "person 0.003", "scores": {"class_score": 0.00274658203125}, "domain": "pixel"}, {"position": {"minX": 435.0, "minY": 249.375, "maxX": 452.0, "maxY": 283.0}, "class_id": 0, "box_caption": "person 0.003", "scores": {"class_score": 0.0027370452880859375}, "domain": "pixel"}, {"position": {"minX": 506.75, "minY": 120.5625, "maxX": 519.5, "maxY": 150.5}, "class_id": 0, "box_caption": "person 0.003", "scores": {"class_score": 0.0027370452880859375}, "domain": "pixel"}, {"position": {"minX": 364.5, "minY": 221.25, "maxX": 395.5, "maxY": 287.0}, "class_id": 0, "box_caption": "person 0.003", "scores": {"class_score": 0.0027370452880859375}, "domain": "pixel"}, {"position": {"minX": 174.0, "minY": 440.5, "maxX": 233.75, "maxY": 598.5}, "class_id": 0, "box_caption": "person 0.003", "scores": {"class_score": 0.0027141571044921875}, "domain": "pixel"}, {"position": {"minX": 516.5, "minY": 410.75, "maxX": 548.5, "maxY": 509.25}, "class_id": 0, "box_caption": "person 0.003", "scores": {"class_score": 0.00269317626953125}, "domain": "pixel"}, {"position": {"minX": 489.25, "minY": 115.75, "maxX": 518.5, "maxY": 210.75}, "class_id": 0, "box_caption": "person 0.003", "scores": {"class_score": 0.00269317626953125}, "domain": "pixel"}, {"position": {"minX": 505.0, "minY": 118.25, "maxX": 522.0, "maxY": 179.0}, "class_id": 0, "box_caption": "person 0.003", "scores": {"class_score": 0.0026721954345703125}, "domain": "pixel"}, {"position": {"minX": 441.5, "minY": 467.75, "maxX": 506.0, "maxY": 551.5}, "class_id": 0, "box_caption": "person 0.003", "scores": {"class_score": 0.00266265869140625}, "domain": "pixel"}, {"position": {"minX": 399.0, "minY": 297.0, "maxX": 436.0, "maxY": 382.5}, "class_id": 0, "box_caption": "person 0.003", "scores": {"class_score": 0.0026531219482421875}, "domain": "pixel"}, {"position": {"minX": 29.546875, "minY": 193.75, "maxX": 80.4375, "maxY": 287.0}, "class_id": 0, "box_caption": "person 0.003", "scores": {"class_score": 0.0026111602783203125}, "domain": "pixel"}, {"position": {"minX": 257.25, "minY": 290.25, "maxX": 299.75, "maxY": 378.75}, "class_id": 0, "box_caption": "person 0.003", "scores": {"class_score": 0.002590179443359375}, "domain": "pixel"}, {"position": {"minX": 268.25, "minY": 236.0, "maxX": 283.75, "maxY": 283.0}, "class_id": 0, "box_caption": "person 0.003", "scores": {"class_score": 0.00257110595703125}, "domain": "pixel"}, {"position": {"minX": 562.0, "minY": 335.75, "maxX": 601.0, "maxY": 407.25}, "class_id": 0, "box_caption": "person 0.003", "scores": {"class_score": 0.00257110595703125}, "domain": "pixel"}, {"position": {"minX": 64.75, "minY": 59.5, "maxX": 295.5, "maxY": 292.0}, "class_id": 0, "box_caption": "person 0.003", "scores": {"class_score": 0.0025615692138671875}, "domain": "pixel"}, {"position": {"minX": 53.375, "minY": 90.125, "maxX": 240.625, "maxY": 599.0}, "class_id": 0, "box_caption": "person 0.003", "scores": {"class_score": 0.0025615692138671875}, "domain": "pixel"}, {"position": {"minX": 339.5, "minY": 302.5, "maxX": 370.5, "maxY": 366.0}, "class_id": 0, "box_caption": "person 0.003", "scores": {"class_score": 0.0025501251220703125}, "domain": "pixel"}, {"position": {"minX": 127.875, "minY": 131.75, "maxX": 218.125, "maxY": 284.75}, "class_id": 0, "box_caption": "person 0.003", "scores": {"class_score": 0.0025501251220703125}, "domain": "pixel"}, {"position": {"minX": 291.5, "minY": 503.0, "maxX": 347.5, "maxY": 565.0}, "class_id": 0, "box_caption": "person 0.003", "scores": {"class_score": 0.0025501251220703125}, "domain": "pixel"}, {"position": {"minX": 467.0, "minY": 158.875, "maxX": 507.0, "maxY": 268.0}, "class_id": 0, "box_caption": "person 0.003", "scores": {"class_score": 0.00254058837890625}, "domain": "pixel"}, {"position": {"minX": 106.25, "minY": 425.75, "maxX": 190.5, "maxY": 608.5}, "class_id": 0, "box_caption": "person 0.003", "scores": {"class_score": 0.0025310516357421875}, "domain": "pixel"}, {"position": {"minX": 436.25, "minY": 227.5, "maxX": 477.25, "maxY": 284.5}, "class_id": 0, "box_caption": "person 0.003", "scores": {"class_score": 0.0025119781494140625}, "domain": "pixel"}, {"position": {"minX": 93.4375, "minY": 351.25, "maxX": 138.25, "maxY": 445.25}, "class_id": 0, "box_caption": "person 0.002", "scores": {"class_score": 0.0024929046630859375}, "domain": "pixel"}, {"position": {"minX": 450.25, "minY": 425.0, "maxX": 515.5, "maxY": 581.5}, "class_id": 0, "box_caption": "person 0.002", "scores": {"class_score": 0.0024929046630859375}, "domain": "pixel"}, {"position": {"minX": 175.375, "minY": 366.5, "maxX": 269.5, "maxY": 550.5}, "class_id": 0, "box_caption": "person 0.002", "scores": {"class_score": 0.002471923828125}, "domain": "pixel"}, {"position": {"minX": 8.25, "minY": 213.75, "maxX": 78.5, "maxY": 510.75}, "class_id": 0, "box_caption": "person 0.002", "scores": {"class_score": 0.0024623870849609375}, "domain": "pixel"}, {"position": {"minX": 447.5, "minY": 210.25, "maxX": 474.0, "maxY": 283.0}, "class_id": 0, "box_caption": "person 0.002", "scores": {"class_score": 0.002452850341796875}, "domain": "pixel"}, {"position": {"minX": 410.5, "minY": 501.25, "maxX": 484.5, "maxY": 579.5}, "class_id": 0, "box_caption": "person 0.002", "scores": {"class_score": 0.002452850341796875}, "domain": "pixel"}, {"position": {"minX": 316.25, "minY": 58.3125, "maxX": 394.25, "maxY": 229.0}, "class_id": 0, "box_caption": "person 0.002", "scores": {"class_score": 0.002452850341796875}, "domain": "pixel"}, {"position": {"minX": 85.5, "minY": 292.5, "maxX": 146.25, "maxY": 469.5}, "class_id": 0, "box_caption": "person 0.002", "scores": {"class_score": 0.002452850341796875}, "domain": "pixel"}, {"position": {"minX": 494.25, "minY": 192.75, "maxX": 588.0, "maxY": 501.25}, "class_id": 0, "box_caption": "person 0.002", "scores": {"class_score": 0.00243377685546875}, "domain": "pixel"}, {"position": {"minX": 140.0, "minY": 359.0, "maxX": 197.5, "maxY": 465.0}, "class_id": 0, "box_caption": "person 0.002", "scores": {"class_score": 0.0024242401123046875}, "domain": "pixel"}, {"position": {"minX": 5.25, "minY": 258.5, "maxX": 90.25, "maxY": 612.5}, "class_id": 0, "box_caption": "person 0.002", "scores": {"class_score": 0.0024242401123046875}, "domain": "pixel"}, {"position": {"minX": 251.625, "minY": 324.5, "maxX": 284.75, "maxY": 416.0}, "class_id": 0, "box_caption": "person 0.002", "scores": {"class_score": 0.002414703369140625}, "domain": "pixel"}, {"position": {"minX": 313.0, "minY": 360.5, "maxX": 366.5, "maxY": 519.5}, "class_id": 0, "box_caption": "person 0.002", "scores": {"class_score": 0.0023784637451171875}, "domain": "pixel"}, {"position": {"minX": 529.0, "minY": 394.0, "maxX": 603.0, "maxY": 536.0}, "class_id": 0, "box_caption": "person 0.002", "scores": {"class_score": 0.002368927001953125}, "domain": "pixel"}, {"position": {"minX": 249.125, "minY": 274.75, "maxX": 360.0, "maxY": 417.25}, "class_id": 0, "box_caption": "person 0.002", "scores": {"class_score": 0.002368927001953125}, "domain": "pixel"}, {"position": {"minX": 131.0, "minY": 191.0, "maxX": 164.5, "maxY": 262.25}, "class_id": 0, "box_caption": "person 0.002", "scores": {"class_score": 0.0023593902587890625}, "domain": "pixel"}, {"position": {"minX": 259.5, "minY": 236.0, "maxX": 275.5, "maxY": 287.5}, "class_id": 0, "box_caption": "person 0.002", "scores": {"class_score": 0.0023593902587890625}, "domain": "pixel"}, {"position": {"minX": 580.5, "minY": 338.25, "maxX": 612.5, "maxY": 408.75}, "class_id": 0, "box_caption": "person 0.002", "scores": {"class_score": 0.0023593902587890625}, "domain": "pixel"}, {"position": {"minX": 13.3125, "minY": 482.25, "maxX": 81.6875, "maxY": 589.5}, "class_id": 0, "box_caption": "person 0.002", "scores": {"class_score": 0.0023593902587890625}, "domain": "pixel"}, {"position": {"minX": 521.0, "minY": 407.75, "maxX": 585.0, "maxY": 522.0}, "class_id": 0, "box_caption": "person 0.002", "scores": {"class_score": 0.0023326873779296875}, "domain": "pixel"}, {"position": {"minX": 567.0, "minY": 289.5, "maxX": 635.0, "maxY": 451.5}, "class_id": 0, "box_caption": "person 0.002", "scores": {"class_score": 0.0023326873779296875}, "domain": "pixel"}, {"position": {"minX": 251.75, "minY": 372.5, "maxX": 291.75, "maxY": 505.5}, "class_id": 0, "box_caption": "person 0.002", "scores": {"class_score": 0.002323150634765625}, "domain": "pixel"}, {"position": {"minX": 400.75, "minY": 194.625, "maxX": 435.25, "maxY": 278.5}, "class_id": 0, "box_caption": "person 0.002", "scores": {"class_score": 0.0023059844970703125}, "domain": "pixel"}, {"position": {"minX": 141.125, "minY": 55.5, "maxX": 242.625, "maxY": 239.5}, "class_id": 0, "box_caption": "person 0.002", "scores": {"class_score": 0.0023059844970703125}, "domain": "pixel"}, {"position": {"minX": 479.25, "minY": 111.75, "maxX": 521.5, "maxY": 235.5}, "class_id": 0, "box_caption": "person 0.002", "scores": {"class_score": 0.00229644775390625}, "domain": "pixel"}, {"position": {"minX": 493.5, "minY": 126.1875, "maxX": 510.0, "maxY": 156.5}, "class_id": 0, "box_caption": "person 0.002", "scores": {"class_score": 0.002269744873046875}, "domain": "pixel"}, {"position": {"minX": 283.5, "minY": 459.25, "maxX": 301.0, "maxY": 488.75}, "class_id": 0, "box_caption": "person 0.002", "scores": {"class_score": 0.002269744873046875}, "domain": "pixel"}, {"position": {"minX": 586.5, "minY": 317.75, "maxX": 630.5, "maxY": 403.75}, "class_id": 0, "box_caption": "person 0.002", "scores": {"class_score": 0.0022430419921875}, "domain": "pixel"}, {"position": {"minX": 588.0, "minY": 337.0, "maxX": 624.0, "maxY": 414.0}, "class_id": 0, "box_caption": "person 0.002", "scores": {"class_score": 0.0022430419921875}, "domain": "pixel"}, {"position": {"minX": 464.5, "minY": 491.5, "maxX": 503.0, "maxY": 549.5}, "class_id": 0, "box_caption": "person 0.002", "scores": {"class_score": 0.002216339111328125}, "domain": "pixel"}, {"position": {"minX": 455.25, "minY": 175.0, "maxX": 490.75, "maxY": 271.25}, "class_id": 0, "box_caption": "person 0.002", "scores": {"class_score": 0.002208709716796875}, "domain": "pixel"}, {"position": {"minX": 257.0, "minY": 388.25, "maxX": 295.0, "maxY": 482.25}, "class_id": 0, "box_caption": "person 0.002", "scores": {"class_score": 0.0021820068359375}, "domain": "pixel"}, {"position": {"minX": 57.0625, "minY": 299.75, "maxX": 131.75, "maxY": 515.0}, "class_id": 0, "box_caption": "person 0.002", "scores": {"class_score": 0.0021820068359375}, "domain": "pixel"}, {"position": {"minX": 531.0, "minY": 127.75, "maxX": 637.0, "maxY": 431.25}, "class_id": 0, "box_caption": "person 0.002", "scores": {"class_score": 0.0021820068359375}, "domain": "pixel"}, {"position": {"minX": 406.5, "minY": 248.875, "maxX": 425.0, "maxY": 283.5}, "class_id": 0, "box_caption": "person 0.002", "scores": {"class_score": 0.0021648406982421875}, "domain": "pixel"}, {"position": {"minX": 522.0, "minY": 214.375, "maxX": 612.0, "maxY": 405.0}, "class_id": 0, "box_caption": "person 0.002", "scores": {"class_score": 0.0021648406982421875}, "domain": "pixel"}, {"position": {"minX": 255.875, "minY": 199.0, "maxX": 304.0, "maxY": 274.75}, "class_id": 0, "box_caption": "person 0.002", "scores": {"class_score": 0.0021572113037109375}, "domain": "pixel"}, {"position": {"minX": 375.0, "minY": 258.0, "maxX": 428.5, "maxY": 391.0}, "class_id": 0, "box_caption": "person 0.002", "scores": {"class_score": 0.0021495819091796875}, "domain": "pixel"}, {"position": {"minX": 274.75, "minY": 238.375, "maxX": 292.75, "maxY": 281.25}, "class_id": 0, "box_caption": "person 0.002", "scores": {"class_score": 0.002140045166015625}, "domain": "pixel"}, {"position": {"minX": 448.75, "minY": 318.5, "maxX": 488.25, "maxY": 398.0}, "class_id": 0, "box_caption": "person 0.002", "scores": {"class_score": 0.002140045166015625}, "domain": "pixel"}, {"position": {"minX": 306.25, "minY": 311.75, "maxX": 341.25, "maxY": 380.25}, "class_id": 0, "box_caption": "person 0.002", "scores": {"class_score": 0.002132415771484375}, "domain": "pixel"}, {"position": {"minX": 192.375, "minY": 106.0, "maxX": 293.0, "maxY": 288.25}, "class_id": 0, "box_caption": "person 0.002", "scores": {"class_score": 0.0021152496337890625}, "domain": "pixel"}, {"position": {"minX": 66.875, "minY": 324.75, "maxX": 87.125, "maxY": 372.25}, "class_id": 0, "box_caption": "person 0.002", "scores": {"class_score": 0.0020999908447265625}, "domain": "pixel"}, {"position": {"minX": 223.875, "minY": 303.0, "maxX": 268.25, "maxY": 392.0}, "class_id": 0, "box_caption": "person 0.002", "scores": {"class_score": 0.0020999908447265625}, "domain": "pixel"}, {"position": {"minX": 395.75, "minY": 237.75, "maxX": 417.25, "maxY": 281.75}, "class_id": 0, "box_caption": "person 0.002", "scores": {"class_score": 0.00208282470703125}, "domain": "pixel"}, {"position": {"minX": 336.5, "minY": 95.25, "maxX": 530.5, "maxY": 277.0}, "class_id": 0, "box_caption": "person 0.002", "scores": {"class_score": 0.00208282470703125}, "domain": "pixel"}, {"position": {"minX": 428.0, "minY": 329.25, "maxX": 456.5, "maxY": 413.75}, "class_id": 0, "box_caption": "person 0.002", "scores": {"class_score": 0.0020751953125}, "domain": "pixel"}, {"position": {"minX": 308.25, "minY": 185.625, "maxX": 342.75, "maxY": 273.0}, "class_id": 0, "box_caption": "person 0.002", "scores": {"class_score": 0.00206756591796875}, "domain": "pixel"}, {"position": {"minX": 63.0625, "minY": 289.25, "maxX": 101.4375, "maxY": 372.25}, "class_id": 0, "box_caption": "person 0.002", "scores": {"class_score": 0.0020351409912109375}, "domain": "pixel"}, {"position": {"minX": 432.25, "minY": 433.25, "maxX": 465.25, "maxY": 483.25}, "class_id": 0, "box_caption": "person 0.002", "scores": {"class_score": 0.0020351409912109375}, "domain": "pixel"}, {"position": {"minX": 421.0, "minY": 534.0, "maxX": 470.0, "maxY": 595.0}, "class_id": 0, "box_caption": "person 0.002", "scores": {"class_score": 0.0020351409912109375}, "domain": "pixel"}, {"position": {"minX": 160.625, "minY": 375.75, "maxX": 201.875, "maxY": 446.25}, "class_id": 0, "box_caption": "person 0.002", "scores": {"class_score": 0.002010345458984375}, "domain": "pixel"}, {"position": {"minX": 297.25, "minY": 237.5, "maxX": 320.75, "maxY": 281.0}, "class_id": 0, "box_caption": "person 0.002", "scores": {"class_score": 0.002002716064453125}, "domain": "pixel"}, {"position": {"minX": 514.5, "minY": 342.0, "maxX": 568.5, "maxY": 481.5}, "class_id": 0, "box_caption": "person 0.002", "scores": {"class_score": 0.001995086669921875}, "domain": "pixel"}, {"position": {"minX": 489.25, "minY": 120.875, "maxX": 508.75, "maxY": 175.875}, "class_id": 0, "box_caption": "person 0.002", "scores": {"class_score": 0.001987457275390625}, "domain": "pixel"}, {"position": {"minX": 193.125, "minY": 76.625, "maxX": 264.5, "maxY": 258.5}, "class_id": 0, "box_caption": "person 0.002", "scores": {"class_score": 0.001987457275390625}, "domain": "pixel"}, {"position": {"minX": 523.0, "minY": 310.5, "maxX": 587.0, "maxY": 444.0}, "class_id": 0, "box_caption": "person 0.002", "scores": {"class_score": 0.001987457275390625}, "domain": "pixel"}, {"position": {"minX": 377.5, "minY": 176.5, "maxX": 439.0, "maxY": 271.75}, "class_id": 0, "box_caption": "person 0.002", "scores": {"class_score": 0.001979827880859375}, "domain": "pixel"}, {"position": {"minX": 9.6875, "minY": 246.25, "maxX": 48.5, "maxY": 375.75}, "class_id": 0, "box_caption": "person 0.002", "scores": {"class_score": 0.001979827880859375}, "domain": "pixel"}, {"position": {"minX": 272.25, "minY": 255.75, "maxX": 287.75, "maxY": 285.75}, "class_id": 0, "box_caption": "person 0.002", "scores": {"class_score": 0.001956939697265625}, "domain": "pixel"}, {"position": {"minX": 365.75, "minY": 338.5, "maxX": 416.75, "maxY": 505.0}, "class_id": 0, "box_caption": "person 0.002", "scores": {"class_score": 0.001956939697265625}, "domain": "pixel"}, {"position": {"minX": 278.0, "minY": 251.625, "maxX": 291.5, "maxY": 282.75}, "class_id": 0, "box_caption": "person 0.002", "scores": {"class_score": 0.001949310302734375}, "domain": "pixel"}, {"position": {"minX": 471.5, "minY": 471.75, "maxX": 506.0, "maxY": 543.0}, "class_id": 0, "box_caption": "person 0.002", "scores": {"class_score": 0.001941680908203125}, "domain": "pixel"}, {"position": {"minX": 409.25, "minY": 103.8125, "maxX": 523.0, "maxY": 267.75}, "class_id": 0, "box_caption": "person 0.002", "scores": {"class_score": 0.001926422119140625}, "domain": "pixel"}, {"position": {"minX": 389.0, "minY": 323.75, "maxX": 520.0, "maxY": 528.0}, "class_id": 0, "box_caption": "person 0.002", "scores": {"class_score": 0.001926422119140625}, "domain": "pixel"}, {"position": {"minX": 442.0, "minY": 391.25, "maxX": 492.5, "maxY": 491.75}, "class_id": 0, "box_caption": "person 0.002", "scores": {"class_score": 0.001918792724609375}, "domain": "pixel"}, {"position": {"minX": 320.0, "minY": 68.25, "maxX": 370.0, "maxY": 161.75}, "class_id": 0, "box_caption": "person 0.002", "scores": {"class_score": 0.001918792724609375}, "domain": "pixel"}, {"position": {"minX": 283.75, "minY": 261.25, "maxX": 297.75, "maxY": 286.75}, "class_id": 0, "box_caption": "person 0.002", "scores": {"class_score": 0.0018968582153320312}, "domain": "pixel"}, {"position": {"minX": 117.4375, "minY": 207.5, "maxX": 158.875, "maxY": 281.0}, "class_id": 0, "box_caption": "person 0.002", "scores": {"class_score": 0.0018892288208007812}, "domain": "pixel"}, {"position": {"minX": 250.0, "minY": 158.125, "maxX": 305.5, "maxY": 280.5}, "class_id": 0, "box_caption": "person 0.002", "scores": {"class_score": 0.0018749237060546875}, "domain": "pixel"}, {"position": {"minX": 235.5, "minY": 339.5, "maxX": 374.5, "maxY": 556.5}, "class_id": 0, "box_caption": "person 0.002", "scores": {"class_score": 0.0018749237060546875}, "domain": "pixel"}, {"position": {"minX": 410.0, "minY": 414.25, "maxX": 516.0, "maxY": 589.5}, "class_id": 0, "box_caption": "person 0.002", "scores": {"class_score": 0.0018672943115234375}, "domain": "pixel"}, {"position": {"minX": 342.5, "minY": 69.75, "maxX": 367.0, "maxY": 118.75}, "class_id": 0, "box_caption": "person 0.002", "scores": {"class_score": 0.0018529891967773438}, "domain": "pixel"}, {"position": {"minX": 279.25, "minY": 222.875, "maxX": 318.75, "maxY": 279.0}, "class_id": 0, "box_caption": "person 0.002", "scores": {"class_score": 0.0018529891967773438}, "domain": "pixel"}, {"position": {"minX": 21.59375, "minY": 170.0, "maxX": 86.25, "maxY": 310.5}, "class_id": 0, "box_caption": "person 0.002", "scores": {"class_score": 0.00183868408203125}, "domain": "pixel"}, {"position": {"minX": 183.25, "minY": 386.25, "maxX": 222.5, "maxY": 482.75}, "class_id": 0, "box_caption": "person 0.002", "scores": {"class_score": 0.0018310546875}, "domain": "pixel"}, {"position": {"minX": 209.625, "minY": 264.5, "maxX": 275.0, "maxY": 430.0}, "class_id": 0, "box_caption": "person 0.002", "scores": {"class_score": 0.0018310546875}, "domain": "pixel"}, {"position": {"minX": 446.25, "minY": 315.75, "maxX": 482.25, "maxY": 377.25}, "class_id": 0, "box_caption": "person 0.002", "scores": {"class_score": 0.0018243789672851562}, "domain": "pixel"}, {"position": {"minX": 37.3125, "minY": 264.5, "maxX": 102.6875, "maxY": 406.0}, "class_id": 0, "box_caption": "person 0.002", "scores": {"class_score": 0.0018243789672851562}, "domain": "pixel"}, {"position": {"minX": 456.5, "minY": 388.5, "maxX": 515.5, "maxY": 538.5}, "class_id": 0, "box_caption": "person 0.002", "scores": {"class_score": 0.0018177032470703125}, "domain": "pixel"}, {"position": {"minX": 353.75, "minY": 257.5, "maxX": 369.25, "maxY": 288.0}, "class_id": 0, "box_caption": "person 0.002", "scores": {"class_score": 0.0018100738525390625}, "domain": "pixel"}, {"position": {"minX": 96.875, "minY": 262.75, "maxX": 184.375, "maxY": 493.25}, "class_id": 0, "box_caption": "person 0.002", "scores": {"class_score": 0.0017957687377929688}, "domain": "pixel"}, {"position": {"minX": 402.25, "minY": 278.5, "maxX": 449.75, "maxY": 360.5}, "class_id": 0, "box_caption": "person 0.002", "scores": {"class_score": 0.0017747879028320312}, "domain": "pixel"}, {"position": {"minX": 426.5, "minY": 248.875, "maxX": 444.0, "maxY": 283.0}, "class_id": 0, "box_caption": "person 0.002", "scores": {"class_score": 0.0017547607421875}, "domain": "pixel"}], "class_labels": {"0": "person"}}