{"box_data": [{"position": {"minX": 284.5, "minY": 230.5, "maxX": 356.5, "maxY": 443.5}, "class_id": 0, "box_caption": "person 0.214", "scores": {"class_score": 0.2139892578125}, "domain": "pixel"}, {"position": {"minX": 293.0, "minY": 235.875, "maxX": 349.0, "maxY": 378.0}, "class_id": 0, "box_caption": "person 0.190", "scores": {"class_score": 0.1900634765625}, "domain": "pixel"}, {"position": {"minX": 121.625, "minY": 402.75, "maxX": 178.875, "maxY": 491.25}, "class_id": 0, "box_caption": "person 0.178", "scores": {"class_score": 0.1778564453125}, "domain": "pixel"}, {"position": {"minX": 226.125, "minY": 192.25, "maxX": 304.0, "maxY": 348.75}, "class_id": 0, "box_caption": "person 0.154", "scores": {"class_score": 0.153564453125}, "domain": "pixel"}, {"position": {"minX": 237.375, "minY": 191.0, "maxX": 289.0, "maxY": 304.5}, "class_id": 0, "box_caption": "person 0.152", "scores": {"class_score": 0.1519775390625}, "domain": "pixel"}, {"position": {"minX": 640.0, "minY": 379.25, "maxX": 657.0, "maxY": 425.75}, "class_id": 0, "box_caption": "person 0.151", "scores": {"class_score": 0.1514892578125}, "domain": "pixel"}, {"position": {"minX": 162.75, "minY": 282.25, "maxX": 183.75, "maxY": 330.75}, "class_id": 0, "box_caption": "person 0.118", "scores": {"class_score": 0.1175537109375}, "domain": "pixel"}, {"position": {"minX": 219.375, "minY": 200.75, "maxX": 329.0, "maxY": 388.25}, "class_id": 0, "box_caption": "person 0.094", "scores": {"class_score": 0.09417724609375}, "domain": "pixel"}, {"position": {"minX": 200.375, "minY": 332.0, "maxX": 214.875, "maxY": 376.0}, "class_id": 0, "box_caption": "person 0.083", "scores": {"class_score": 0.0830078125}, "domain": "pixel"}, {"position": {"minX": 262.25, "minY": 209.75, "maxX": 345.75, "maxY": 370.25}, "class_id": 0, "box_caption": "person 0.077", "scores": {"class_score": 0.0765380859375}, "domain": "pixel"}, {"position": {"minX": 515.0, "minY": 335.25, "maxX": 561.0, "maxY": 423.75}, "class_id": 0, "box_caption": "person 0.065", "scores": {"class_score": 0.06475830078125}, "domain": "pixel"}, {"position": {"minX": 285.5, "minY": 407.0, "maxX": 295.5, "maxY": 431.0}, "class_id": 0, "box_caption": "person 0.064", "scores": {"class_score": 0.063720703125}, "domain": "pixel"}, {"position": {"minX": 450.25, "minY": 378.75, "maxX": 470.75, "maxY": 433.75}, "class_id": 0, "box_caption": "person 0.063", "scores": {"class_score": 0.06256103515625}, "domain": "pixel"}, {"position": {"minX": 287.5, "minY": 266.5, "maxX": 370.5, "maxY": 486.5}, "class_id": 0, "box_caption": "person 0.059", "scores": {"class_score": 0.058990478515625}, "domain": "pixel"}, {"position": {"minX": 119.8125, "minY": 268.0, "maxX": 138.25, "maxY": 311.5}, "class_id": 0, "box_caption": "person 0.055", "scores": {"class_score": 0.055206298828125}, "domain": "pixel"}, {"position": {"minX": 389.0, "minY": 326.0, "maxX": 452.5, "maxY": 470.5}, "class_id": 0, "box_caption": "person 0.054", "scores": {"class_score": 0.054412841796875}, "domain": "pixel"}, {"position": {"minX": 625.5, "minY": 335.25, "maxX": 641.5, "maxY": 371.75}, "class_id": 0, "box_caption": "person 0.054", "scores": {"class_score": 0.05419921875}, "domain": "pixel"}, {"position": {"minX": 70.625, "minY": 308.75, "maxX": 97.5, "maxY": 381.75}, "class_id": 0, "box_caption": "person 0.053", "scores": {"class_score": 0.053009033203125}, "domain": "pixel"}, {"position": {"minX": 449.25, "minY": 284.0, "maxX": 480.75, "maxY": 371.5}, "class_id": 0, "box_caption": "person 0.053", "scores": {"class_score": 0.0526123046875}, "domain": "pixel"}, {"position": {"minX": 635.5, "minY": 382.0, "maxX": 654.5, "maxY": 433.0}, "class_id": 0, "box_caption": "person 0.051", "scores": {"class_score": 0.05108642578125}, "domain": "pixel"}, {"position": {"minX": 248.75, "minY": 193.5, "maxX": 288.25, "maxY": 270.25}, "class_id": 0, "box_caption": "person 0.050", "scores": {"class_score": 0.049774169921875}, "domain": "pixel"}, {"position": {"minX": 74.75, "minY": 406.75, "maxX": 164.375, "maxY": 503.75}, "class_id": 0, "box_caption": "person 0.049", "scores": {"class_score": 0.049224853515625}, "domain": "pixel"}, {"position": {"minX": 590.0, "minY": 395.0, "maxX": 655.0, "maxY": 537.5}, "class_id": 0, "box_caption": "person 0.049", "scores": {"class_score": 0.048858642578125}, "domain": "pixel"}, {"position": {"minX": 439.5, "minY": 281.5, "maxX": 483.0, "maxY": 400.5}, "class_id": 0, "box_caption": "person 0.046", "scores": {"class_score": 0.046295166015625}, "domain": "pixel"}, {"position": {"minX": 617.0, "minY": 444.75, "maxX": 656.0, "maxY": 527.5}, "class_id": 0, "box_caption": "person 0.046", "scores": {"class_score": 0.04620361328125}, "domain": "pixel"}, {"position": {"minX": 94.75, "minY": 401.75, "maxX": 185.75, "maxY": 502.25}, "class_id": 0, "box_caption": "person 0.046", "scores": {"class_score": 0.045867919921875}, "domain": "pixel"}, {"position": {"minX": 129.75, "minY": 397.5, "maxX": 175.25, "maxY": 470.0}, "class_id": 0, "box_caption": "person 0.046", "scores": {"class_score": 0.0455322265625}, "domain": "pixel"}, {"position": {"minX": 210.5, "minY": 212.875, "maxX": 291.25, "maxY": 375.0}, "class_id": 0, "box_caption": "person 0.044", "scores": {"class_score": 0.043701171875}, "domain": "pixel"}, {"position": {"minX": 211.75, "minY": 199.25, "maxX": 353.25, "maxY": 453.25}, "class_id": 0, "box_caption": "person 0.043", "scores": {"class_score": 0.04327392578125}, "domain": "pixel"}, {"position": {"minX": 452.0, "minY": 287.5, "maxX": 475.5, "maxY": 345.5}, "class_id": 0, "box_caption": "person 0.042", "scores": {"class_score": 0.04248046875}, "domain": "pixel"}, {"position": {"minX": 623.0, "minY": 338.0, "maxX": 636.0, "maxY": 373.5}, "class_id": 0, "box_caption": "person 0.042", "scores": {"class_score": 0.04193115234375}, "domain": "pixel"}, {"position": {"minX": 166.375, "minY": 279.25, "maxX": 192.125, "maxY": 331.75}, "class_id": 0, "box_caption": "person 0.042", "scores": {"class_score": 0.04168701171875}, "domain": "pixel"}, {"position": {"minX": 194.75, "minY": 325.5, "maxX": 213.5, "maxY": 376.5}, "class_id": 0, "box_caption": "person 0.040", "scores": {"class_score": 0.0401611328125}, "domain": "pixel"}, {"position": {"minX": 428.5, "minY": 283.5, "maxX": 487.5, "maxY": 450.5}, "class_id": 0, "box_caption": "person 0.040", "scores": {"class_score": 0.0401611328125}, "domain": "pixel"}, {"position": {"minX": 46.8125, "minY": 284.25, "maxX": 114.4375, "maxY": 470.25}, "class_id": 0, "box_caption": "person 0.038", "scores": {"class_score": 0.03839111328125}, "domain": "pixel"}, {"position": {"minX": 532.0, "minY": 320.5, "maxX": 560.0, "maxY": 408.0}, "class_id": 0, "box_caption": "person 0.038", "scores": {"class_score": 0.038177490234375}, "domain": "pixel"}, {"position": {"minX": 608.5, "minY": 268.25, "maxX": 622.5, "maxY": 301.25}, "class_id": 0, "box_caption": "person 0.034", "scores": {"class_score": 0.034423828125}, "domain": "pixel"}, {"position": {"minX": 211.875, "minY": 237.875, "maxX": 243.125, "maxY": 329.25}, "class_id": 0, "box_caption": "person 0.034", "scores": {"class_score": 0.033843994140625}, "domain": "pixel"}, {"position": {"minX": 192.5, "minY": 326.75, "maxX": 207.5, "maxY": 370.75}, "class_id": 0, "box_caption": "person 0.032", "scores": {"class_score": 0.0316162109375}, "domain": "pixel"}, {"position": {"minX": 177.25, "minY": 274.25, "maxX": 198.5, "maxY": 328.25}, "class_id": 0, "box_caption": "person 0.029", "scores": {"class_score": 0.0293121337890625}, "domain": "pixel"}, {"position": {"minX": 5.625, "minY": 7.6875, "maxX": 109.625, "maxY": 150.75}, "class_id": 0, "box_caption": "person 0.029", "scores": {"class_score": 0.0289764404296875}, "domain": "pixel"}, {"position": {"minX": 590.5, "minY": 407.25, "maxX": 633.5, "maxY": 522.5}, "class_id": 0, "box_caption": "person 0.028", "scores": {"class_score": 0.0279083251953125}, "domain": "pixel"}, {"position": {"minX": 308.75, "minY": 261.75, "maxX": 357.25, "maxY": 387.75}, "class_id": 0, "box_caption": "person 0.027", "scores": {"class_score": 0.0269622802734375}, "domain": "pixel"}, {"position": {"minX": 378.0, "minY": 300.5, "maxX": 443.0, "maxY": 459.5}, "class_id": 0, "box_caption": "person 0.026", "scores": {"class_score": 0.0255584716796875}, "domain": "pixel"}, {"position": {"minX": 274.0, "minY": 254.75, "maxX": 362.5, "maxY": 394.25}, "class_id": 0, "box_caption": "person 0.025", "scores": {"class_score": 0.024993896484375}, "domain": "pixel"}, {"position": {"minX": 257.75, "minY": 197.0, "maxX": 327.25, "maxY": 303.25}, "class_id": 0, "box_caption": "person 0.025", "scores": {"class_score": 0.0248870849609375}, "domain": "pixel"}, {"position": {"minX": 380.5, "minY": 358.5, "maxX": 437.0, "maxY": 477.5}, "class_id": 0, "box_caption": "person 0.024", "scores": {"class_score": 0.0243377685546875}, "domain": "pixel"}, {"position": {"minX": 165.0, "minY": 290.5, "maxX": 180.5, "maxY": 333.5}, "class_id": 0, "box_caption": "person 0.024", "scores": {"class_score": 0.02423095703125}, "domain": "pixel"}, {"position": {"minX": 17.1875, "minY": 1.34375, "maxX": 136.5, "maxY": 114.5}, "class_id": 0, "box_caption": "person 0.023", "scores": {"class_score": 0.0231475830078125}, "domain": "pixel"}, {"position": {"minX": 537.5, "minY": 322.25, "maxX": 556.5, "maxY": 389.25}, "class_id": 0, "box_caption": "person 0.022", "scores": {"class_score": 0.021697998046875}, "domain": "pixel"}, {"position": {"minX": 299.75, "minY": 267.25, "maxX": 403.25, "maxY": 479.25}, "class_id": 0, "box_caption": "person 0.021", "scores": {"class_score": 0.021484375}, "domain": "pixel"}, {"position": {"minX": 406.5, "minY": 294.75, "maxX": 461.0, "maxY": 401.25}, "class_id": 0, "box_caption": "person 0.021", "scores": {"class_score": 0.0213623046875}, "domain": "pixel"}, {"position": {"minX": 444.5, "minY": 358.75, "maxX": 473.5, "maxY": 443.25}, "class_id": 0, "box_caption": "person 0.021", "scores": {"class_score": 0.021331787109375}, "domain": "pixel"}, {"position": {"minX": 53.71875, "minY": 316.5, "maxX": 144.0, "maxY": 490.0}, "class_id": 0, "box_caption": "person 0.021", "scores": {"class_score": 0.021240234375}, "domain": "pixel"}, {"position": {"minX": 435.25, "minY": 343.0, "maxX": 477.25, "maxY": 442.0}, "class_id": 0, "box_caption": "person 0.020", "scores": {"class_score": 0.0204925537109375}, "domain": "pixel"}, {"position": {"minX": 589.0, "minY": 447.25, "maxX": 635.0, "maxY": 529.0}, "class_id": 0, "box_caption": "person 0.020", "scores": {"class_score": 0.0203399658203125}, "domain": "pixel"}, {"position": {"minX": 105.6875, "minY": 321.25, "maxX": 122.1875, "maxY": 375.75}, "class_id": 0, "box_caption": "person 0.020", "scores": {"class_score": 0.019989013671875}, "domain": "pixel"}, {"position": {"minX": 13.5390625, "minY": 267.75, "maxX": 41.1875, "maxY": 388.25}, "class_id": 0, "box_caption": "person 0.019", "scores": {"class_score": 0.018585205078125}, "domain": "pixel"}, {"position": {"minX": 595.0, "minY": 456.5, "maxX": 618.0, "maxY": 527.0}, "class_id": 0, "box_caption": "person 0.018", "scores": {"class_score": 0.0184783935546875}, "domain": "pixel"}, {"position": {"minX": 403.0, "minY": 305.5, "maxX": 442.5, "maxY": 412.0}, "class_id": 0, "box_caption": "person 0.018", "scores": {"class_score": 0.0182647705078125}, "domain": "pixel"}, {"position": {"minX": 503.0, "minY": 342.5, "maxX": 541.0, "maxY": 418.5}, "class_id": 0, "box_caption": "person 0.018", "scores": {"class_score": 0.0180206298828125}, "domain": "pixel"}, {"position": {"minX": 144.0, "minY": 396.0, "maxX": 180.25, "maxY": 476.5}, "class_id": 0, "box_caption": "person 0.018", "scores": {"class_score": 0.0177764892578125}, "domain": "pixel"}, {"position": {"minX": 47.03125, "minY": 254.625, "maxX": 61.84375, "maxY": 285.0}, "class_id": 0, "box_caption": "person 0.017", "scores": {"class_score": 0.017303466796875}, "domain": "pixel"}, {"position": {"minX": 615.5, "minY": 360.25, "maxX": 664.5, "maxY": 496.75}, "class_id": 0, "box_caption": "person 0.017", "scores": {"class_score": 0.017181396484375}, "domain": "pixel"}, {"position": {"minX": 46.0625, "minY": 359.0, "maxX": 134.25, "maxY": 505.0}, "class_id": 0, "box_caption": "person 0.017", "scores": {"class_score": 0.0169830322265625}, "domain": "pixel"}, {"position": {"minX": 53.125, "minY": 407.5, "maxX": 134.0, "maxY": 515.0}, "class_id": 0, "box_caption": "person 0.017", "scores": {"class_score": 0.01678466796875}, "domain": "pixel"}, {"position": {"minX": 285.0, "minY": 403.75, "maxX": 298.0, "maxY": 434.75}, "class_id": 0, "box_caption": "person 0.017", "scores": {"class_score": 0.0165863037109375}, "domain": "pixel"}, {"position": {"minX": 635.0, "minY": 371.0, "maxX": 660.0, "maxY": 457.5}, "class_id": 0, "box_caption": "person 0.016", "scores": {"class_score": 0.0161590576171875}, "domain": "pixel"}, {"position": {"minX": 92.5, "minY": 313.75, "maxX": 118.5, "maxY": 380.25}, "class_id": 0, "box_caption": "person 0.016", "scores": {"class_score": 0.015716552734375}, "domain": "pixel"}, {"position": {"minX": 160.25, "minY": 285.25, "maxX": 178.25, "maxY": 327.75}, "class_id": 0, "box_caption": "person 0.015", "scores": {"class_score": 0.0154876708984375}, "domain": "pixel"}, {"position": {"minX": 202.75, "minY": 343.25, "maxX": 215.0, "maxY": 378.25}, "class_id": 0, "box_caption": "person 0.015", "scores": {"class_score": 0.0153045654296875}, "domain": "pixel"}, {"position": {"minX": 68.25, "minY": 293.25, "maxX": 103.75, "maxY": 417.75}, "class_id": 0, "box_caption": "person 0.015", "scores": {"class_score": 0.0153045654296875}, "domain": "pixel"}, {"position": {"minX": 588.0, "minY": 388.5, "maxX": 640.0, "maxY": 498.5}, "class_id": 0, "box_caption": "person 0.015", "scores": {"class_score": 0.01525115966796875}, "domain": "pixel"}, {"position": {"minX": 615.0, "minY": 371.5, "maxX": 657.0, "maxY": 455.0}, "class_id": 0, "box_caption": "person 0.015", "scores": {"class_score": 0.01519012451171875}, "domain": "pixel"}, {"position": {"minX": 160.875, "minY": 265.75, "maxX": 197.375, "maxY": 331.25}, "class_id": 0, "box_caption": "person 0.015", "scores": {"class_score": 0.01483917236328125}, "domain": "pixel"}, {"position": {"minX": 18.234375, "minY": 242.5, "maxX": 48.875, "maxY": 417.0}, "class_id": 0, "box_caption": "person 0.015", "scores": {"class_score": 0.01467132568359375}, "domain": "pixel"}, {"position": {"minX": 89.5625, "minY": 304.25, "maxX": 123.5625, "maxY": 391.25}, "class_id": 0, "box_caption": "person 0.014", "scores": {"class_score": 0.0143890380859375}, "domain": "pixel"}, {"position": {"minX": 115.3125, "minY": 366.0, "maxX": 180.25, "maxY": 477.0}, "class_id": 0, "box_caption": "person 0.014", "scores": {"class_score": 0.01406097412109375}, "domain": "pixel"}, {"position": {"minX": 52.1875, "minY": 391.25, "maxX": 180.25, "maxY": 521.0}, "class_id": 0, "box_caption": "person 0.014", "scores": {"class_score": 0.014007568359375}, "domain": "pixel"}, {"position": {"minX": 8.625, "minY": 254.0, "maxX": 85.875, "maxY": 489.5}, "class_id": 0, "box_caption": "person 0.014", "scores": {"class_score": 0.0139007568359375}, "domain": "pixel"}, {"position": {"minX": 146.0, "minY": 316.25, "maxX": 158.0, "maxY": 351.25}, "class_id": 0, "box_caption": "person 0.014", "scores": {"class_score": 0.01384735107421875}, "domain": "pixel"}, {"position": {"minX": 63.21875, "minY": 286.25, "maxX": 131.375, "maxY": 460.25}, "class_id": 0, "box_caption": "person 0.014", "scores": {"class_score": 0.01384735107421875}, "domain": "pixel"}, {"position": {"minX": 188.0, "minY": 303.25, "maxX": 207.5, "maxY": 365.25}, "class_id": 0, "box_caption": "person 0.014", "scores": {"class_score": 0.0135345458984375}, "domain": "pixel"}, {"position": {"minX": 81.0625, "minY": 395.0, "maxX": 190.75, "maxY": 573.0}, "class_id": 0, "box_caption": "person 0.013", "scores": {"class_score": 0.013427734375}, "domain": "pixel"}, {"position": {"minX": 595.0, "minY": 411.0, "maxX": 619.0, "maxY": 497.5}, "class_id": 0, "box_caption": "person 0.013", "scores": {"class_score": 0.01322174072265625}, "domain": "pixel"}, {"position": {"minX": 2.78125, "minY": -22.625, "maxX": 93.625, "maxY": 444.0}, "class_id": 0, "box_caption": "person 0.013", "scores": {"class_score": 0.01312255859375}, "domain": "pixel"}, {"position": {"minX": 627.0, "minY": 443.5, "maxX": 659.0, "maxY": 553.0}, "class_id": 0, "box_caption": "person 0.013", "scores": {"class_score": 0.01302337646484375}, "domain": "pixel"}, {"position": {"minX": 122.625, "minY": 265.0, "maxX": 143.125, "maxY": 307.0}, "class_id": 0, "box_caption": "person 0.013", "scores": {"class_score": 0.012725830078125}, "domain": "pixel"}, {"position": {"minX": 180.25, "minY": 277.75, "maxX": 202.0, "maxY": 338.25}, "class_id": 0, "box_caption": "person 0.013", "scores": {"class_score": 0.012725830078125}, "domain": "pixel"}, {"position": {"minX": 623.0, "minY": 328.25, "maxX": 644.0, "maxY": 377.25}, "class_id": 0, "box_caption": "person 0.013", "scores": {"class_score": 0.0125274658203125}, "domain": "pixel"}, {"position": {"minX": 371.25, "minY": 63.53125, "maxX": 414.75, "maxY": 173.875}, "class_id": 0, "box_caption": "person 0.012", "scores": {"class_score": 0.01214599609375}, "domain": "pixel"}, {"position": {"minX": 406.75, "minY": 312.0, "maxX": 437.75, "maxY": 381.5}, "class_id": 0, "box_caption": "person 0.012", "scores": {"class_score": 0.0121002197265625}, "domain": "pixel"}, {"position": {"minX": 11.015625, "minY": 237.0, "maxX": 68.875, "maxY": 445.0}, "class_id": 0, "box_caption": "person 0.012", "scores": {"class_score": 0.0121002197265625}, "domain": "pixel"}, {"position": {"minX": 463.0, "minY": 317.5, "maxX": 527.0, "maxY": 427.0}, "class_id": 0, "box_caption": "person 0.012", "scores": {"class_score": 0.011871337890625}, "domain": "pixel"}, {"position": {"minX": 197.5, "minY": 230.75, "maxX": 289.0, "maxY": 418.25}, "class_id": 0, "box_caption": "person 0.012", "scores": {"class_score": 0.011688232421875}, "domain": "pixel"}, {"position": {"minX": 208.375, "minY": 214.75, "maxX": 265.5, "maxY": 328.25}, "class_id": 0, "box_caption": "person 0.011", "scores": {"class_score": 0.01132965087890625}, "domain": "pixel"}, {"position": {"minX": 179.125, "minY": 258.75, "maxX": 223.625, "maxY": 343.25}, "class_id": 0, "box_caption": "person 0.011", "scores": {"class_score": 0.01132965087890625}, "domain": "pixel"}, {"position": {"minX": 368.0, "minY": 282.75, "maxX": 488.0, "maxY": 471.25}, "class_id": 0, "box_caption": "person 0.011", "scores": {"class_score": 0.01132965087890625}, "domain": "pixel"}, {"position": {"minX": 632.0, "minY": 332.5, "maxX": 647.0, "maxY": 375.0}, "class_id": 0, "box_caption": "person 0.011", "scores": {"class_score": 0.0112457275390625}, "domain": "pixel"}, {"position": {"minX": 32.5625, "minY": 384.75, "maxX": 193.0, "maxY": 604.0}, "class_id": 0, "box_caption": "person 0.011", "scores": {"class_score": 0.01107025146484375}, "domain": "pixel"}, {"position": {"minX": 121.4375, "minY": 281.25, "maxX": 134.0, "maxY": 313.25}, "class_id": 0, "box_caption": "person 0.011", "scores": {"class_score": 0.01094818115234375}, "domain": "pixel"}, {"position": {"minX": 7.65625, "minY": 4.25, "maxX": 99.0, "maxY": 284.5}, "class_id": 0, "box_caption": "person 0.011", "scores": {"class_score": 0.0108184814453125}, "domain": "pixel"}, {"position": {"minX": 457.75, "minY": 280.25, "maxX": 478.75, "maxY": 335.25}, "class_id": 0, "box_caption": "person 0.011", "scores": {"class_score": 0.01078033447265625}, "domain": "pixel"}, {"position": {"minX": 610.0, "minY": 430.25, "maxX": 662.0, "maxY": 558.0}, "class_id": 0, "box_caption": "person 0.011", "scores": {"class_score": 0.010528564453125}, "domain": "pixel"}, {"position": {"minX": 289.25, "minY": 215.125, "maxX": 340.75, "maxY": 323.25}, "class_id": 0, "box_caption": "person 0.010", "scores": {"class_score": 0.01024627685546875}, "domain": "pixel"}, {"position": {"minX": 214.375, "minY": 172.75, "maxX": 323.5, "maxY": 326.5}, "class_id": 0, "box_caption": "person 0.010", "scores": {"class_score": 0.0102081298828125}, "domain": "pixel"}, {"position": {"minX": 24.125, "minY": 279.5, "maxX": 139.875, "maxY": 507.5}, "class_id": 0, "box_caption": "person 0.010", "scores": {"class_score": 0.0102081298828125}, "domain": "pixel"}, {"position": {"minX": 385.5, "minY": 294.25, "maxX": 437.0, "maxY": 400.25}, "class_id": 0, "box_caption": "person 0.010", "scores": {"class_score": 0.01016998291015625}, "domain": "pixel"}, {"position": {"minX": 639.5, "minY": 252.75, "maxX": 647.5, "maxY": 284.75}, "class_id": 0, "box_caption": "person 0.010", "scores": {"class_score": 0.01009368896484375}, "domain": "pixel"}, {"position": {"minX": 446.75, "minY": 377.5, "maxX": 466.75, "maxY": 442.5}, "class_id": 0, "box_caption": "person 0.010", "scores": {"class_score": 0.010009765625}, "domain": "pixel"}, {"position": {"minX": 145.875, "minY": 321.5, "maxX": 153.875, "maxY": 348.5}, "class_id": 0, "box_caption": "person 0.010", "scores": {"class_score": 0.00981903076171875}, "domain": "pixel"}, {"position": {"minX": 189.75, "minY": 232.875, "maxX": 239.75, "maxY": 326.5}, "class_id": 0, "box_caption": "person 0.010", "scores": {"class_score": 0.0097808837890625}, "domain": "pixel"}, {"position": {"minX": 306.25, "minY": 355.25, "maxX": 366.75, "maxY": 481.25}, "class_id": 0, "box_caption": "person 0.010", "scores": {"class_score": 0.0095977783203125}, "domain": "pixel"}, {"position": {"minX": 102.625, "minY": 300.5, "maxX": 127.0, "maxY": 397.0}, "class_id": 0, "box_caption": "person 0.010", "scores": {"class_score": 0.00955963134765625}, "domain": "pixel"}, {"position": {"minX": 313.0, "minY": 254.25, "maxX": 385.0, "maxY": 416.75}, "class_id": 0, "box_caption": "person 0.009", "scores": {"class_score": 0.00948333740234375}, "domain": "pixel"}, {"position": {"minX": 344.25, "minY": 309.75, "maxX": 455.25, "maxY": 479.75}, "class_id": 0, "box_caption": "person 0.009", "scores": {"class_score": 0.00937652587890625}, "domain": "pixel"}, {"position": {"minX": 61.71875, "minY": 401.0, "maxX": 143.625, "maxY": 489.5}, "class_id": 0, "box_caption": "person 0.009", "scores": {"class_score": 0.009124755859375}, "domain": "pixel"}, {"position": {"minX": 194.25, "minY": 320.5, "maxX": 222.25, "maxY": 378.5}, "class_id": 0, "box_caption": "person 0.009", "scores": {"class_score": 0.009124755859375}, "domain": "pixel"}, {"position": {"minX": 254.75, "minY": 254.25, "maxX": 343.75, "maxY": 462.75}, "class_id": 0, "box_caption": "person 0.009", "scores": {"class_score": 0.009124755859375}, "domain": "pixel"}, {"position": {"minX": 621.0, "minY": 338.5, "maxX": 632.0, "maxY": 373.5}, "class_id": 0, "box_caption": "person 0.009", "scores": {"class_score": 0.00905609130859375}, "domain": "pixel"}, {"position": {"minX": 582.0, "minY": 339.0, "maxX": 596.0, "maxY": 390.0}, "class_id": 0, "box_caption": "person 0.009", "scores": {"class_score": 0.00905609130859375}, "domain": "pixel"}, {"position": {"minX": 182.875, "minY": 284.0, "maxX": 225.875, "maxY": 382.0}, "class_id": 0, "box_caption": "person 0.009", "scores": {"class_score": 0.00905609130859375}, "domain": "pixel"}, {"position": {"minX": 311.5, "minY": 271.0, "maxX": 350.5, "maxY": 359.0}, "class_id": 0, "box_caption": "person 0.009", "scores": {"class_score": 0.00894927978515625}, "domain": "pixel"}, {"position": {"minX": 571.0, "minY": 368.5, "maxX": 676.0, "maxY": 556.0}, "class_id": 0, "box_caption": "person 0.009", "scores": {"class_score": 0.00885009765625}, "domain": "pixel"}, {"position": {"minX": 200.875, "minY": 539.0, "maxX": 209.375, "maxY": 560.0}, "class_id": 0, "box_caption": "person 0.009", "scores": {"class_score": 0.00878143310546875}, "domain": "pixel"}, {"position": {"minX": 449.0, "minY": 288.0, "maxX": 499.5, "maxY": 401.5}, "class_id": 0, "box_caption": "person 0.009", "scores": {"class_score": 0.00878143310546875}, "domain": "pixel"}, {"position": {"minX": 404.5, "minY": 290.75, "maxX": 466.5, "maxY": 462.25}, "class_id": 0, "box_caption": "person 0.009", "scores": {"class_score": 0.0087127685546875}, "domain": "pixel"}, {"position": {"minX": 633.0, "minY": 364.75, "maxX": 657.0, "maxY": 433.75}, "class_id": 0, "box_caption": "person 0.009", "scores": {"class_score": 0.008544921875}, "domain": "pixel"}, {"position": {"minX": 311.0, "minY": 397.25, "maxX": 329.5, "maxY": 459.25}, "class_id": 0, "box_caption": "person 0.008", "scores": {"class_score": 0.0083770751953125}, "domain": "pixel"}, {"position": {"minX": 297.0, "minY": 292.75, "maxX": 359.0, "maxY": 461.75}, "class_id": 0, "box_caption": "person 0.008", "scores": {"class_score": 0.0083770751953125}, "domain": "pixel"}, {"position": {"minX": 9.21875, "minY": 252.875, "maxX": 45.3125, "maxY": 463.5}, "class_id": 0, "box_caption": "person 0.008", "scores": {"class_score": 0.0083160400390625}, "domain": "pixel"}, {"position": {"minX": 257.0, "minY": 195.0, "maxX": 293.0, "maxY": 256.75}, "class_id": 0, "box_caption": "person 0.008", "scores": {"class_score": 0.0082550048828125}, "domain": "pixel"}, {"position": {"minX": 360.5, "minY": 337.25, "maxX": 434.0, "maxY": 481.25}, "class_id": 0, "box_caption": "person 0.008", "scores": {"class_score": 0.0082550048828125}, "domain": "pixel"}, {"position": {"minX": 604.0, "minY": 260.25, "maxX": 626.0, "maxY": 302.75}, "class_id": 0, "box_caption": "person 0.008", "scores": {"class_score": 0.00815582275390625}, "domain": "pixel"}, {"position": {"minX": 629.5, "minY": 244.875, "maxX": 648.5, "maxY": 289.25}, "class_id": 0, "box_caption": "person 0.008", "scores": {"class_score": 0.0079345703125}, "domain": "pixel"}, {"position": {"minX": 167.75, "minY": 283.0, "maxX": 202.75, "maxY": 359.0}, "class_id": 0, "box_caption": "person 0.008", "scores": {"class_score": 0.007904052734375}, "domain": "pixel"}, {"position": {"minX": 594.0, "minY": 383.5, "maxX": 624.0, "maxY": 473.5}, "class_id": 0, "box_caption": "person 0.008", "scores": {"class_score": 0.007724761962890625}, "domain": "pixel"}, {"position": {"minX": 2.40625, "minY": 6.90625, "maxX": 114.0, "maxY": 88.0}, "class_id": 0, "box_caption": "person 0.008", "scores": {"class_score": 0.007694244384765625}, "domain": "pixel"}, {"position": {"minX": 468.0, "minY": 352.0, "maxX": 524.5, "maxY": 432.5}, "class_id": 0, "box_caption": "person 0.008", "scores": {"class_score": 0.007549285888671875}, "domain": "pixel"}, {"position": {"minX": 600.5, "minY": 256.5, "maxX": 619.5, "maxY": 301.5}, "class_id": 0, "box_caption": "person 0.007", "scores": {"class_score": 0.007404327392578125}, "domain": "pixel"}, {"position": {"minX": 395.25, "minY": 272.5, "maxX": 516.5, "maxY": 458.5}, "class_id": 0, "box_caption": "person 0.007", "scores": {"class_score": 0.007404327392578125}, "domain": "pixel"}, {"position": {"minX": 601.0, "minY": 374.0, "maxX": 660.0, "maxY": 511.0}, "class_id": 0, "box_caption": "person 0.007", "scores": {"class_score": 0.007373809814453125}, "domain": "pixel"}, {"position": {"minX": 127.9375, "minY": 395.0, "maxX": 169.25, "maxY": 448.5}, "class_id": 0, "box_caption": "person 0.007", "scores": {"class_score": 0.007289886474609375}, "domain": "pixel"}, {"position": {"minX": 395.5, "minY": 315.0, "maxX": 431.5, "maxY": 379.5}, "class_id": 0, "box_caption": "person 0.007", "scores": {"class_score": 0.007232666015625}, "domain": "pixel"}, {"position": {"minX": 154.125, "minY": 234.0, "maxX": 197.625, "maxY": 330.5}, "class_id": 0, "box_caption": "person 0.007", "scores": {"class_score": 0.007232666015625}, "domain": "pixel"}, {"position": {"minX": 640.5, "minY": 256.75, "maxX": 648.5, "maxY": 291.75}, "class_id": 0, "box_caption": "person 0.007", "scores": {"class_score": 0.007122039794921875}, "domain": "pixel"}, {"position": {"minX": 623.0, "minY": 449.5, "maxX": 651.0, "maxY": 508.0}, "class_id": 0, "box_caption": "person 0.007", "scores": {"class_score": 0.007122039794921875}, "domain": "pixel"}, {"position": {"minX": 616.0, "minY": 334.0, "maxX": 637.0, "maxY": 381.0}, "class_id": 0, "box_caption": "person 0.007", "scores": {"class_score": 0.007122039794921875}, "domain": "pixel"}, {"position": {"minX": 282.5, "minY": 400.25, "maxX": 294.5, "maxY": 433.75}, "class_id": 0, "box_caption": "person 0.007", "scores": {"class_score": 0.00701141357421875}, "domain": "pixel"}, {"position": {"minX": 503.5, "minY": 339.5, "maxX": 527.5, "maxY": 409.0}, "class_id": 0, "box_caption": "person 0.007", "scores": {"class_score": 0.006984710693359375}, "domain": "pixel"}, {"position": {"minX": 74.875, "minY": 287.5, "maxX": 120.875, "maxY": 404.5}, "class_id": 0, "box_caption": "person 0.007", "scores": {"class_score": 0.00679779052734375}, "domain": "pixel"}, {"position": {"minX": 78.875, "minY": 306.75, "maxX": 127.0, "maxY": 443.25}, "class_id": 0, "box_caption": "person 0.007", "scores": {"class_score": 0.00669097900390625}, "domain": "pixel"}, {"position": {"minX": 620.5, "minY": 439.0, "maxX": 658.5, "maxY": 590.0}, "class_id": 0, "box_caption": "person 0.007", "scores": {"class_score": 0.00661468505859375}, "domain": "pixel"}, {"position": {"minX": 139.125, "minY": 268.25, "maxX": 170.875, "maxY": 318.75}, "class_id": 0, "box_caption": "person 0.007", "scores": {"class_score": 0.006565093994140625}, "domain": "pixel"}, {"position": {"minX": 182.375, "minY": 278.75, "maxX": 200.375, "maxY": 322.25}, "class_id": 0, "box_caption": "person 0.007", "scores": {"class_score": 0.00653839111328125}, "domain": "pixel"}, {"position": {"minX": 614.5, "minY": 261.25, "maxX": 634.5, "maxY": 300.25}, "class_id": 0, "box_caption": "person 0.007", "scores": {"class_score": 0.00653839111328125}, "domain": "pixel"}, {"position": {"minX": 25.71875, "minY": 409.5, "maxX": 143.5, "maxY": 577.5}, "class_id": 0, "box_caption": "person 0.007", "scores": {"class_score": 0.006511688232421875}, "domain": "pixel"}, {"position": {"minX": 414.5, "minY": 558.5, "maxX": 425.0, "maxY": 587.5}, "class_id": 0, "box_caption": "person 0.006", "scores": {"class_score": 0.006439208984375}, "domain": "pixel"}, {"position": {"minX": 593.5, "minY": 416.0, "maxX": 613.5, "maxY": 486.5}, "class_id": 0, "box_caption": "person 0.006", "scores": {"class_score": 0.006389617919921875}, "domain": "pixel"}, {"position": {"minX": 391.0, "minY": 315.0, "maxX": 430.0, "maxY": 408.0}, "class_id": 0, "box_caption": "person 0.006", "scores": {"class_score": 0.0062408447265625}, "domain": "pixel"}, {"position": {"minX": 398.5, "minY": 197.375, "maxX": 425.0, "maxY": 272.25}, "class_id": 0, "box_caption": "person 0.006", "scores": {"class_score": 0.00621795654296875}, "domain": "pixel"}, {"position": {"minX": 382.5, "minY": 313.75, "maxX": 416.0, "maxY": 405.75}, "class_id": 0, "box_caption": "person 0.006", "scores": {"class_score": 0.00621795654296875}, "domain": "pixel"}, {"position": {"minX": 645.5, "minY": 378.5, "maxX": 661.5, "maxY": 427.0}, "class_id": 0, "box_caption": "person 0.006", "scores": {"class_score": 0.00609588623046875}, "domain": "pixel"}, {"position": {"minX": 102.5, "minY": 320.5, "maxX": 119.25, "maxY": 390.5}, "class_id": 0, "box_caption": "person 0.006", "scores": {"class_score": 0.00605010986328125}, "domain": "pixel"}, {"position": {"minX": 589.0, "minY": 376.0, "maxX": 612.0, "maxY": 424.0}, "class_id": 0, "box_caption": "person 0.006", "scores": {"class_score": 0.00605010986328125}, "domain": "pixel"}, {"position": {"minX": 582.5, "minY": 369.25, "maxX": 598.5, "maxY": 423.75}, "class_id": 0, "box_caption": "person 0.006", "scores": {"class_score": 0.00600433349609375}, "domain": "pixel"}, {"position": {"minX": 324.5, "minY": 257.0, "maxX": 369.5, "maxY": 362.0}, "class_id": 0, "box_caption": "person 0.006", "scores": {"class_score": 0.005889892578125}, "domain": "pixel"}, {"position": {"minX": 635.5, "minY": 332.5, "maxX": 648.5, "maxY": 368.5}, "class_id": 0, "box_caption": "person 0.006", "scores": {"class_score": 0.00579833984375}, "domain": "pixel"}, {"position": {"minX": 426.5, "minY": 425.0, "maxX": 444.5, "maxY": 464.0}, "class_id": 0, "box_caption": "person 0.006", "scores": {"class_score": 0.00577545166015625}, "domain": "pixel"}, {"position": {"minX": 300.5, "minY": 354.25, "maxX": 338.5, "maxY": 471.25}, "class_id": 0, "box_caption": "person 0.006", "scores": {"class_score": 0.005687713623046875}, "domain": "pixel"}, {"position": {"minX": 288.5, "minY": 170.0, "maxX": 356.0, "maxY": 343.0}, "class_id": 0, "box_caption": "person 0.006", "scores": {"class_score": 0.005664825439453125}, "domain": "pixel"}, {"position": {"minX": 284.75, "minY": 404.75, "maxX": 293.25, "maxY": 428.25}, "class_id": 0, "box_caption": "person 0.006", "scores": {"class_score": 0.005641937255859375}, "domain": "pixel"}, {"position": {"minX": 597.0, "minY": 413.5, "maxX": 667.0, "maxY": 616.5}, "class_id": 0, "box_caption": "person 0.006", "scores": {"class_score": 0.005641937255859375}, "domain": "pixel"}, {"position": {"minX": 585.5, "minY": 236.0, "maxX": 609.5, "maxY": 291.0}, "class_id": 0, "box_caption": "person 0.006", "scores": {"class_score": 0.005619049072265625}, "domain": "pixel"}, {"position": {"minX": 635.0, "minY": 279.25, "maxX": 650.0, "maxY": 340.25}, "class_id": 0, "box_caption": "person 0.006", "scores": {"class_score": 0.005619049072265625}, "domain": "pixel"}, {"position": {"minX": 183.25, "minY": 303.75, "maxX": 212.25, "maxY": 384.75}, "class_id": 0, "box_caption": "person 0.006", "scores": {"class_score": 0.005512237548828125}, "domain": "pixel"}, {"position": {"minX": 602.0, "minY": 240.25, "maxX": 624.0, "maxY": 298.75}, "class_id": 0, "box_caption": "person 0.005", "scores": {"class_score": 0.005489349365234375}, "domain": "pixel"}, {"position": {"minX": 157.25, "minY": 258.75, "maxX": 185.75, "maxY": 326.75}, "class_id": 0, "box_caption": "person 0.005", "scores": {"class_score": 0.00547027587890625}, "domain": "pixel"}, {"position": {"minX": 319.5, "minY": 365.0, "maxX": 405.0, "maxY": 476.5}, "class_id": 0, "box_caption": "person 0.005", "scores": {"class_score": 0.005428314208984375}, "domain": "pixel"}, {"position": {"minX": 178.75, "minY": 293.75, "maxX": 200.75, "maxY": 345.25}, "class_id": 0, "box_caption": "person 0.005", "scores": {"class_score": 0.0053863525390625}, "domain": "pixel"}, {"position": {"minX": 1.71875, "minY": 24.9375, "maxX": 86.375, "maxY": 179.0}, "class_id": 0, "box_caption": "person 0.005", "scores": {"class_score": 0.0053863525390625}, "domain": "pixel"}, {"position": {"minX": 66.625, "minY": 279.25, "maxX": 97.875, "maxY": 389.75}, "class_id": 0, "box_caption": "person 0.005", "scores": {"class_score": 0.00524139404296875}, "domain": "pixel"}, {"position": {"minX": 225.375, "minY": 177.75, "maxX": 287.5, "maxY": 281.0}, "class_id": 0, "box_caption": "person 0.005", "scores": {"class_score": 0.00524139404296875}, "domain": "pixel"}, {"position": {"minX": -1.25, "minY": 235.5, "maxX": 112.9375, "maxY": 505.0}, "class_id": 0, "box_caption": "person 0.005", "scores": {"class_score": 0.005218505859375}, "domain": "pixel"}, {"position": {"minX": 173.5, "minY": 267.5, "maxX": 234.75, "maxY": 401.0}, "class_id": 0, "box_caption": "person 0.005", "scores": {"class_score": 0.005138397216796875}, "domain": "pixel"}, {"position": {"minX": 577.0, "minY": 417.0, "maxX": 639.0, "maxY": 559.0}, "class_id": 0, "box_caption": "person 0.005", "scores": {"class_score": 0.005138397216796875}, "domain": "pixel"}, {"position": {"minX": 390.5, "minY": 379.75, "maxX": 433.0, "maxY": 482.75}, "class_id": 0, "box_caption": "person 0.005", "scores": {"class_score": 0.0050201416015625}, "domain": "pixel"}, {"position": {"minX": 20.6875, "minY": 252.25, "maxX": 46.625, "maxY": 375.25}, "class_id": 0, "box_caption": "person 0.005", "scores": {"class_score": 0.00498199462890625}, "domain": "pixel"}, {"position": {"minX": 596.5, "minY": 471.75, "maxX": 611.5, "maxY": 513.5}, "class_id": 0, "box_caption": "person 0.005", "scores": {"class_score": 0.00494384765625}, "domain": "pixel"}, {"position": {"minX": 1.109375, "minY": 160.875, "maxX": 58.9375, "maxY": 465.0}, "class_id": 0, "box_caption": "person 0.005", "scores": {"class_score": 0.004886627197265625}, "domain": "pixel"}, {"position": {"minX": 598.0, "minY": 375.25, "maxX": 623.0, "maxY": 442.75}, "class_id": 0, "box_caption": "person 0.005", "scores": {"class_score": 0.0048675537109375}, "domain": "pixel"}, {"position": {"minX": 419.75, "minY": 385.5, "maxX": 447.25, "maxY": 463.0}, "class_id": 0, "box_caption": "person 0.005", "scores": {"class_score": 0.0048675537109375}, "domain": "pixel"}, {"position": {"minX": 38.46875, "minY": 8.5, "maxX": 160.5, "maxY": 103.875}, "class_id": 0, "box_caption": "person 0.005", "scores": {"class_score": 0.0048675537109375}, "domain": "pixel"}, {"position": {"minX": 74.0625, "minY": 305.0, "maxX": 95.4375, "maxY": 365.0}, "class_id": 0, "box_caption": "person 0.005", "scores": {"class_score": 0.004791259765625}, "domain": "pixel"}, {"position": {"minX": 12.375, "minY": 265.5, "maxX": 57.75, "maxY": 488.5}, "class_id": 0, "box_caption": "person 0.005", "scores": {"class_score": 0.004791259765625}, "domain": "pixel"}, {"position": {"minX": 590.0, "minY": 236.0, "maxX": 602.0, "maxY": 262.75}, "class_id": 0, "box_caption": "person 0.005", "scores": {"class_score": 0.004756927490234375}, "domain": "pixel"}, {"position": {"minX": 418.25, "minY": 355.75, "maxX": 455.75, "maxY": 466.25}, "class_id": 0, "box_caption": "person 0.005", "scores": {"class_score": 0.004756927490234375}, "domain": "pixel"}, {"position": {"minX": 496.75, "minY": 350.0, "maxX": 519.0, "maxY": 406.0}, "class_id": 0, "box_caption": "person 0.005", "scores": {"class_score": 0.004680633544921875}, "domain": "pixel"}, {"position": {"minX": 153.5, "minY": 405.25, "maxX": 182.75, "maxY": 484.25}, "class_id": 0, "box_caption": "person 0.005", "scores": {"class_score": 0.004665374755859375}, "domain": "pixel"}, {"position": {"minX": 565.5, "minY": 236.0, "maxX": 592.5, "maxY": 286.5}, "class_id": 0, "box_caption": "person 0.005", "scores": {"class_score": 0.004627227783203125}, "domain": "pixel"}, {"position": {"minX": 375.5, "minY": 295.0, "maxX": 422.5, "maxY": 425.0}, "class_id": 0, "box_caption": "person 0.005", "scores": {"class_score": 0.004627227783203125}, "domain": "pixel"}, {"position": {"minX": 140.125, "minY": 311.25, "maxX": 154.625, "maxY": 352.25}, "class_id": 0, "box_caption": "person 0.005", "scores": {"class_score": 0.004608154296875}, "domain": "pixel"}, {"position": {"minX": 20.0, "minY": 2.65625, "maxX": 138.75, "maxY": 70.125}, "class_id": 0, "box_caption": "person 0.005", "scores": {"class_score": 0.0045928955078125}, "domain": "pixel"}, {"position": {"minX": 419.5, "minY": 418.25, "maxX": 439.0, "maxY": 469.75}, "class_id": 0, "box_caption": "person 0.005", "scores": {"class_score": 0.00453948974609375}, "domain": "pixel"}, {"position": {"minX": 241.0, "minY": 201.5, "maxX": 279.5, "maxY": 285.0}, "class_id": 0, "box_caption": "person 0.005", "scores": {"class_score": 0.00453948974609375}, "domain": "pixel"}, {"position": {"minX": 134.625, "minY": 382.75, "maxX": 172.875, "maxY": 457.25}, "class_id": 0, "box_caption": "person 0.005", "scores": {"class_score": 0.004520416259765625}, "domain": "pixel"}, {"position": {"minX": 70.25, "minY": 386.0, "maxX": 174.375, "maxY": 474.5}, "class_id": 0, "box_caption": "person 0.005", "scores": {"class_score": 0.004520416259765625}, "domain": "pixel"}, {"position": {"minX": 403.75, "minY": 390.0, "maxX": 439.25, "maxY": 474.5}, "class_id": 0, "box_caption": "person 0.004", "scores": {"class_score": 0.004486083984375}, "domain": "pixel"}, {"position": {"minX": 581.5, "minY": 381.5, "maxX": 595.5, "maxY": 424.5}, "class_id": 0, "box_caption": "person 0.004", "scores": {"class_score": 0.004467010498046875}, "domain": "pixel"}, {"position": {"minX": 592.0, "minY": 463.5, "maxX": 613.0, "maxY": 520.0}, "class_id": 0, "box_caption": "person 0.004", "scores": {"class_score": 0.004467010498046875}, "domain": "pixel"}, {"position": {"minX": 619.5, "minY": 326.25, "maxX": 634.5, "maxY": 376.25}, "class_id": 0, "box_caption": "person 0.004", "scores": {"class_score": 0.00443267822265625}, "domain": "pixel"}, {"position": {"minX": 12.296875, "minY": 197.375, "maxX": 42.875, "maxY": 407.5}, "class_id": 0, "box_caption": "person 0.004", "scores": {"class_score": 0.00443267822265625}, "domain": "pixel"}, {"position": {"minX": 126.75, "minY": 256.75, "maxX": 168.75, "maxY": 311.75}, "class_id": 0, "box_caption": "person 0.004", "scores": {"class_score": 0.00443267822265625}, "domain": "pixel"}, {"position": {"minX": 380.0, "minY": 392.25, "maxX": 431.5, "maxY": 501.25}, "class_id": 0, "box_caption": "person 0.004", "scores": {"class_score": 0.00443267822265625}, "domain": "pixel"}, {"position": {"minX": 9.1875, "minY": 310.5, "maxX": 98.9375, "maxY": 548.0}, "class_id": 0, "box_caption": "person 0.004", "scores": {"class_score": 0.00441741943359375}, "domain": "pixel"}, {"position": {"minX": 539.5, "minY": 332.0, "maxX": 554.5, "maxY": 379.0}, "class_id": 0, "box_caption": "person 0.004", "scores": {"class_score": 0.004398345947265625}, "domain": "pixel"}, {"position": {"minX": 382.5, "minY": 78.0, "maxX": 414.0, "maxY": 164.25}, "class_id": 0, "box_caption": "person 0.004", "scores": {"class_score": 0.004398345947265625}, "domain": "pixel"}, {"position": {"minX": 30.375, "minY": 386.25, "maxX": 246.125, "maxY": 657.0}, "class_id": 0, "box_caption": "person 0.004", "scores": {"class_score": 0.004398345947265625}, "domain": "pixel"}, {"position": {"minX": 104.375, "minY": 374.5, "maxX": 221.625, "maxY": 507.5}, "class_id": 0, "box_caption": "person 0.004", "scores": {"class_score": 0.004398345947265625}, "domain": "pixel"}, {"position": {"minX": 143.875, "minY": 318.5, "maxX": 154.625, "maxY": 356.0}, "class_id": 0, "box_caption": "person 0.004", "scores": {"class_score": 0.004364013671875}, "domain": "pixel"}, {"position": {"minX": 192.75, "minY": 322.5, "maxX": 205.25, "maxY": 360.0}, "class_id": 0, "box_caption": "person 0.004", "scores": {"class_score": 0.004329681396484375}, "domain": "pixel"}, {"position": {"minX": 368.0, "minY": 303.5, "maxX": 388.0, "maxY": 353.5}, "class_id": 0, "box_caption": "person 0.004", "scores": {"class_score": 0.004314422607421875}, "domain": "pixel"}, {"position": {"minX": 530.5, "minY": 302.25, "maxX": 570.5, "maxY": 404.25}, "class_id": 0, "box_caption": "person 0.004", "scores": {"class_score": 0.00426483154296875}, "domain": "pixel"}, {"position": {"minX": 18.6875, "minY": 374.5, "maxX": 158.25, "maxY": 546.0}, "class_id": 0, "box_caption": "person 0.004", "scores": {"class_score": 0.00426483154296875}, "domain": "pixel"}, {"position": {"minX": 625.5, "minY": 339.0, "maxX": 640.5, "maxY": 390.0}, "class_id": 0, "box_caption": "person 0.004", "scores": {"class_score": 0.004180908203125}, "domain": "pixel"}, {"position": {"minX": 638.5, "minY": 247.0, "maxX": 649.5, "maxY": 290.0}, "class_id": 0, "box_caption": "person 0.004", "scores": {"class_score": 0.0041656494140625}, "domain": "pixel"}, {"position": {"minX": 447.0, "minY": 285.5, "maxX": 469.0, "maxY": 347.0}, "class_id": 0, "box_caption": "person 0.004", "scores": {"class_score": 0.0041351318359375}, "domain": "pixel"}, {"position": {"minX": 8.875, "minY": 411.25, "maxX": 162.125, "maxY": 642.5}, "class_id": 0, "box_caption": "person 0.004", "scores": {"class_score": 0.004116058349609375}, "domain": "pixel"}, {"position": {"minX": 510.5, "minY": 334.0, "maxX": 533.5, "maxY": 414.5}, "class_id": 0, "box_caption": "person 0.004", "scores": {"class_score": 0.004100799560546875}, "domain": "pixel"}, {"position": {"minX": 587.5, "minY": 234.75, "maxX": 602.5, "maxY": 271.25}, "class_id": 0, "box_caption": "person 0.004", "scores": {"class_score": 0.004055023193359375}, "domain": "pixel"}, {"position": {"minX": 355.5, "minY": 60.875, "maxX": 414.5, "maxY": 207.875}, "class_id": 0, "box_caption": "person 0.004", "scores": {"class_score": 0.004039764404296875}, "domain": "pixel"}, {"position": {"minX": 599.0, "minY": 265.5, "maxX": 616.0, "maxY": 297.5}, "class_id": 0, "box_caption": "person 0.004", "scores": {"class_score": 0.00400543212890625}, "domain": "pixel"}, {"position": {"minX": 87.4375, "minY": 301.0, "maxX": 111.5625, "maxY": 366.0}, "class_id": 0, "box_caption": "person 0.004", "scores": {"class_score": 0.00400543212890625}, "domain": "pixel"}, {"position": {"minX": 420.25, "minY": 293.5, "maxX": 455.75, "maxY": 371.5}, "class_id": 0, "box_caption": "person 0.004", "scores": {"class_score": 0.00399017333984375}, "domain": "pixel"}, {"position": {"minX": 188.375, "minY": 296.25, "maxX": 204.125, "maxY": 351.75}, "class_id": 0, "box_caption": "person 0.004", "scores": {"class_score": 0.00397491455078125}, "domain": "pixel"}, {"position": {"minX": 587.5, "minY": 376.0, "maxX": 604.5, "maxY": 419.0}, "class_id": 0, "box_caption": "person 0.004", "scores": {"class_score": 0.00394439697265625}, "domain": "pixel"}, {"position": {"minX": 611.0, "minY": 257.75, "maxX": 626.0, "maxY": 298.25}, "class_id": 0, "box_caption": "person 0.004", "scores": {"class_score": 0.0038852691650390625}, "domain": "pixel"}, {"position": {"minX": 14.7421875, "minY": 237.125, "maxX": 39.4375, "maxY": 366.0}, "class_id": 0, "box_caption": "person 0.004", "scores": {"class_score": 0.0038852691650390625}, "domain": "pixel"}, {"position": {"minX": 410.5, "minY": 269.75, "maxX": 460.5, "maxY": 374.25}, "class_id": 0, "box_caption": "person 0.004", "scores": {"class_score": 0.0038852691650390625}, "domain": "pixel"}, {"position": {"minX": 309.5, "minY": 215.0, "maxX": 358.5, "maxY": 357.0}, "class_id": 0, "box_caption": "person 0.004", "scores": {"class_score": 0.0038700103759765625}, "domain": "pixel"}, {"position": {"minX": 455.5, "minY": 387.75, "maxX": 471.5, "maxY": 430.75}, "class_id": 0, "box_caption": "person 0.004", "scores": {"class_score": 0.0038547515869140625}, "domain": "pixel"}, {"position": {"minX": 110.6875, "minY": 309.25, "maxX": 123.8125, "maxY": 364.75}, "class_id": 0, "box_caption": "person 0.004", "scores": {"class_score": 0.0038394927978515625}, "domain": "pixel"}, {"position": {"minX": 370.75, "minY": 298.5, "maxX": 402.25, "maxY": 362.5}, "class_id": 0, "box_caption": "person 0.004", "scores": {"class_score": 0.0038394927978515625}, "domain": "pixel"}, {"position": {"minX": 586.5, "minY": 366.75, "maxX": 614.5, "maxY": 433.25}, "class_id": 0, "box_caption": "person 0.004", "scores": {"class_score": 0.0038242340087890625}, "domain": "pixel"}, {"position": {"minX": 278.75, "minY": 397.75, "maxX": 304.25, "maxY": 442.75}, "class_id": 0, "box_caption": "person 0.004", "scores": {"class_score": 0.0038242340087890625}, "domain": "pixel"}, {"position": {"minX": 559.5, "minY": 240.0, "maxX": 582.5, "maxY": 287.0}, "class_id": 0, "box_caption": "person 0.004", "scores": {"class_score": 0.0038089752197265625}, "domain": "pixel"}, {"position": {"minX": 413.75, "minY": 328.0, "maxX": 459.75, "maxY": 455.5}, "class_id": 0, "box_caption": "person 0.004", "scores": {"class_score": 0.0038089752197265625}, "domain": "pixel"}, {"position": {"minX": 446.75, "minY": 211.625, "maxX": 472.25, "maxY": 257.5}, "class_id": 0, "box_caption": "person 0.004", "scores": {"class_score": 0.003795623779296875}, "domain": "pixel"}, {"position": {"minX": 129.375, "minY": 347.25, "maxX": 191.125, "maxY": 489.25}, "class_id": 0, "box_caption": "person 0.004", "scores": {"class_score": 0.003795623779296875}, "domain": "pixel"}, {"position": {"minX": 642.0, "minY": 355.0, "maxX": 657.0, "maxY": 413.5}, "class_id": 0, "box_caption": "person 0.004", "scores": {"class_score": 0.003780364990234375}, "domain": "pixel"}, {"position": {"minX": 281.75, "minY": 403.75, "maxX": 302.25, "maxY": 437.25}, "class_id": 0, "box_caption": "person 0.004", "scores": {"class_score": 0.003780364990234375}, "domain": "pixel"}, {"position": {"minX": 188.875, "minY": 333.5, "maxX": 205.375, "maxY": 376.5}, "class_id": 0, "box_caption": "person 0.004", "scores": {"class_score": 0.003765106201171875}, "domain": "pixel"}, {"position": {"minX": 11.515625, "minY": 323.0, "maxX": 41.0625, "maxY": 460.5}, "class_id": 0, "box_caption": "person 0.004", "scores": {"class_score": 0.003765106201171875}, "domain": "pixel"}, {"position": {"minX": 187.25, "minY": 293.25, "maxX": 202.25, "maxY": 335.25}, "class_id": 0, "box_caption": "person 0.004", "scores": {"class_score": 0.003749847412109375}, "domain": "pixel"}, {"position": {"minX": 407.25, "minY": 555.5, "maxX": 425.25, "maxY": 588.5}, "class_id": 0, "box_caption": "person 0.004", "scores": {"class_score": 0.003749847412109375}, "domain": "pixel"}, {"position": {"minX": 77.8125, "minY": 309.5, "maxX": 95.4375, "maxY": 345.0}, "class_id": 0, "box_caption": "person 0.004", "scores": {"class_score": 0.0037078857421875}, "domain": "pixel"}, {"position": {"minX": 636.5, "minY": 323.0, "maxX": 647.5, "maxY": 363.5}, "class_id": 0, "box_caption": "person 0.004", "scores": {"class_score": 0.0037078857421875}, "domain": "pixel"}, {"position": {"minX": 492.0, "minY": 353.75, "maxX": 530.0, "maxY": 415.75}, "class_id": 0, "box_caption": "person 0.004", "scores": {"class_score": 0.003692626953125}, "domain": "pixel"}, {"position": {"minX": 576.5, "minY": 235.25, "maxX": 599.5, "maxY": 275.25}, "class_id": 0, "box_caption": "person 0.004", "scores": {"class_score": 0.0036792755126953125}, "domain": "pixel"}, {"position": {"minX": 632.5, "minY": 270.0, "maxX": 647.5, "maxY": 313.5}, "class_id": 0, "box_caption": "person 0.004", "scores": {"class_score": 0.003650665283203125}, "domain": "pixel"}, {"position": {"minX": 631.0, "minY": 328.25, "maxX": 651.0, "maxY": 383.75}, "class_id": 0, "box_caption": "person 0.004", "scores": {"class_score": 0.003635406494140625}, "domain": "pixel"}, {"position": {"minX": 186.875, "minY": 305.5, "maxX": 229.375, "maxY": 395.0}, "class_id": 0, "box_caption": "person 0.004", "scores": {"class_score": 0.00359344482421875}, "domain": "pixel"}, {"position": {"minX": 642.0, "minY": 366.0, "maxX": 662.0, "maxY": 432.0}, "class_id": 0, "box_caption": "person 0.004", "scores": {"class_score": 0.0035800933837890625}, "domain": "pixel"}, {"position": {"minX": 397.5, "minY": 422.5, "maxX": 425.0, "maxY": 491.5}, "class_id": 0, "box_caption": "person 0.004", "scores": {"class_score": 0.0035648345947265625}, "domain": "pixel"}, {"position": {"minX": 265.5, "minY": 182.625, "maxX": 328.0, "maxY": 265.5}, "class_id": 0, "box_caption": "person 0.004", "scores": {"class_score": 0.0035648345947265625}, "domain": "pixel"}, {"position": {"minX": 271.5, "minY": 286.0, "maxX": 323.5, "maxY": 431.0}, "class_id": 0, "box_caption": "person 0.004", "scores": {"class_score": 0.0035381317138671875}, "domain": "pixel"}, {"position": {"minX": 151.0, "minY": 417.5, "maxX": 190.0, "maxY": 492.0}, "class_id": 0, "box_caption": "person 0.004", "scores": {"class_score": 0.0035114288330078125}, "domain": "pixel"}, {"position": {"minX": 107.9375, "minY": 320.75, "maxX": 120.4375, "maxY": 364.25}, "class_id": 0, "box_caption": "person 0.003", "scores": {"class_score": 0.003482818603515625}, "domain": "pixel"}, {"position": {"minX": 386.0, "minY": 316.5, "maxX": 413.5, "maxY": 375.0}, "class_id": 0, "box_caption": "person 0.003", "scores": {"class_score": 0.003482818603515625}, "domain": "pixel"}, {"position": {"minX": 10.96875, "minY": 387.5, "maxX": 86.625, "maxY": 548.0}, "class_id": 0, "box_caption": "person 0.003", "scores": {"class_score": 0.003482818603515625}, "domain": "pixel"}, {"position": {"minX": 24.78125, "minY": 301.25, "maxX": 99.375, "maxY": 477.75}, "class_id": 0, "box_caption": "person 0.003", "scores": {"class_score": 0.0034694671630859375}, "domain": "pixel"}, {"position": {"minX": 6.53125, "minY": 12.0625, "maxX": 67.375, "maxY": 144.5}, "class_id": 0, "box_caption": "person 0.003", "scores": {"class_score": 0.0034427642822265625}, "domain": "pixel"}, {"position": {"minX": 13.484375, "minY": 135.75, "maxX": 24.203125, "maxY": 167.25}, "class_id": 0, "box_caption": "person 0.003", "scores": {"class_score": 0.003429412841796875}, "domain": "pixel"}, {"position": {"minX": -3.4375, "minY": 15.125, "maxX": 67.375, "maxY": 472.0}, "class_id": 0, "box_caption": "person 0.003", "scores": {"class_score": 0.003429412841796875}, "domain": "pixel"}, {"position": {"minX": 506.25, "minY": 287.25, "maxX": 570.0, "maxY": 422.25}, "class_id": 0, "box_caption": "person 0.003", "scores": {"class_score": 0.003429412841796875}, "domain": "pixel"}, {"position": {"minX": 20.09375, "minY": 451.75, "maxX": 75.375, "maxY": 543.0}, "class_id": 0, "box_caption": "person 0.003", "scores": {"class_score": 0.0034160614013671875}, "domain": "pixel"}, {"position": {"minX": 413.0, "minY": 558.5, "maxX": 428.5, "maxY": 591.5}, "class_id": 0, "box_caption": "person 0.003", "scores": {"class_score": 0.0033893585205078125}, "domain": "pixel"}, {"position": {"minX": 138.375, "minY": 413.0, "maxX": 182.375, "maxY": 510.5}, "class_id": 0, "box_caption": "person 0.003", "scores": {"class_score": 0.0033893585205078125}, "domain": "pixel"}, {"position": {"minX": 6.9375, "minY": 57.375, "maxX": 79.75, "maxY": 358.5}, "class_id": 0, "box_caption": "person 0.003", "scores": {"class_score": 0.0033893585205078125}, "domain": "pixel"}, {"position": {"minX": 583.5, "minY": 357.5, "maxX": 622.5, "maxY": 451.0}, "class_id": 0, "box_caption": "person 0.003", "scores": {"class_score": 0.0033893585205078125}, "domain": "pixel"}, {"position": {"minX": 403.25, "minY": 210.5, "maxX": 422.25, "maxY": 278.0}, "class_id": 0, "box_caption": "person 0.003", "scores": {"class_score": 0.003376007080078125}, "domain": "pixel"}, {"position": {"minX": 433.25, "minY": 577.0, "maxX": 455.25, "maxY": 617.0}, "class_id": 0, "box_caption": "person 0.003", "scores": {"class_score": 0.003376007080078125}, "domain": "pixel"}, {"position": {"minX": 296.0, "minY": 214.75, "maxX": 335.0, "maxY": 290.0}, "class_id": 0, "box_caption": "person 0.003", "scores": {"class_score": 0.003376007080078125}, "domain": "pixel"}, {"position": {"minX": 453.25, "minY": 250.75, "maxX": 501.25, "maxY": 382.25}, "class_id": 0, "box_caption": "person 0.003", "scores": {"class_score": 0.003376007080078125}, "domain": "pixel"}, {"position": {"minX": 207.375, "minY": 356.5, "maxX": 215.375, "maxY": 380.0}, "class_id": 0, "box_caption": "person 0.003", "scores": {"class_score": 0.0033245086669921875}, "domain": "pixel"}, {"position": {"minX": 183.25, "minY": 181.25, "maxX": 245.5, "maxY": 328.25}, "class_id": 0, "box_caption": "person 0.003", "scores": {"class_score": 0.0033111572265625}, "domain": "pixel"}, {"position": {"minX": 166.5, "minY": 302.0, "maxX": 179.0, "maxY": 337.0}, "class_id": 0, "box_caption": "person 0.003", "scores": {"class_score": 0.0032978057861328125}, "domain": "pixel"}, {"position": {"minX": 152.125, "minY": 258.0, "maxX": 215.875, "maxY": 389.0}, "class_id": 0, "box_caption": "person 0.003", "scores": {"class_score": 0.00327301025390625}, "domain": "pixel"}, {"position": {"minX": 167.875, "minY": 293.5, "maxX": 184.125, "maxY": 330.5}, "class_id": 0, "box_caption": "person 0.003", "scores": {"class_score": 0.00323486328125}, "domain": "pixel"}, {"position": {"minX": 91.4375, "minY": 416.75, "maxX": 142.5, "maxY": 487.75}, "class_id": 0, "box_caption": "person 0.003", "scores": {"class_score": 0.00323486328125}, "domain": "pixel"}, {"position": {"minX": 584.0, "minY": 351.5, "maxX": 594.0, "maxY": 390.5}, "class_id": 0, "box_caption": "person 0.003", "scores": {"class_score": 0.003223419189453125}, "domain": "pixel"}, {"position": {"minX": 207.375, "minY": 321.25, "maxX": 232.875, "maxY": 373.75}, "class_id": 0, "box_caption": "person 0.003", "scores": {"class_score": 0.0032100677490234375}, "domain": "pixel"}, {"position": {"minX": 45.65625, "minY": 245.75, "maxX": 62.71875, "maxY": 292.25}, "class_id": 0, "box_caption": "person 0.003", "scores": {"class_score": 0.003147125244140625}, "domain": "pixel"}, {"position": {"minX": 577.5, "minY": 334.0, "maxX": 599.5, "maxY": 394.0}, "class_id": 0, "box_caption": "person 0.003", "scores": {"class_score": 0.003147125244140625}, "domain": "pixel"}, {"position": {"minX": 110.875, "minY": 316.75, "maxX": 121.25, "maxY": 354.75}, "class_id": 0, "box_caption": "person 0.003", "scores": {"class_score": 0.0030994415283203125}, "domain": "pixel"}, {"position": {"minX": 138.75, "minY": 369.0, "maxX": 183.5, "maxY": 466.5}, "class_id": 0, "box_caption": "person 0.003", "scores": {"class_score": 0.0030994415283203125}, "domain": "pixel"}, {"position": {"minX": 74.3125, "minY": 376.75, "maxX": 247.0, "maxY": 592.0}, "class_id": 0, "box_caption": "person 0.003", "scores": {"class_score": 0.0030994415283203125}, "domain": "pixel"}, {"position": {"minX": 5.21875, "minY": 12.875, "maxX": 83.25, "maxY": 107.1875}, "class_id": 0, "box_caption": "person 0.003", "scores": {"class_score": 0.0030517578125}, "domain": "pixel"}, {"position": {"minX": 192.625, "minY": 277.5, "maxX": 238.125, "maxY": 387.0}, "class_id": 0, "box_caption": "person 0.003", "scores": {"class_score": 0.0030517578125}, "domain": "pixel"}, {"position": {"minX": 624.5, "minY": 235.125, "maxX": 652.5, "maxY": 300.75}, "class_id": 0, "box_caption": "person 0.003", "scores": {"class_score": 0.003040313720703125}, "domain": "pixel"}], "class_labels": {"0": "person"}}