{"box_data": [{"position": {"minX": 366.75, "minY": 278.0, "maxX": 417.75, "maxY": 392.0}, "class_id": 0, "box_caption": "person 0.446", "scores": {"class_score": 0.445556640625}, "domain": "pixel"}, {"position": {"minX": 347.75, "minY": 272.5, "maxX": 423.75, "maxY": 404.0}, "class_id": 0, "box_caption": "person 0.193", "scores": {"class_score": 0.19287109375}, "domain": "pixel"}, {"position": {"minX": 10.921875, "minY": 126.875, "maxX": 42.0625, "maxY": 215.625}, "class_id": 0, "box_caption": "person 0.173", "scores": {"class_score": 0.17333984375}, "domain": "pixel"}, {"position": {"minX": 183.625, "minY": 298.75, "maxX": 221.375, "maxY": 421.25}, "class_id": 0, "box_caption": "person 0.134", "scores": {"class_score": 0.1339111328125}, "domain": "pixel"}, {"position": {"minX": 259.25, "minY": 243.375, "maxX": 307.25, "maxY": 335.75}, "class_id": 0, "box_caption": "person 0.124", "scores": {"class_score": 0.1240234375}, "domain": "pixel"}, {"position": {"minX": 325.0, "minY": 290.25, "maxX": 364.0, "maxY": 401.75}, "class_id": 0, "box_caption": "person 0.104", "scores": {"class_score": 0.1041259765625}, "domain": "pixel"}, {"position": {"minX": 382.25, "minY": 278.0, "maxX": 425.25, "maxY": 382.5}, "class_id": 0, "box_caption": "person 0.085", "scores": {"class_score": 0.0850830078125}, "domain": "pixel"}, {"position": {"minX": 227.875, "minY": 362.25, "maxX": 260.25, "maxY": 429.75}, "class_id": 0, "box_caption": "person 0.053", "scores": {"class_score": 0.05340576171875}, "domain": "pixel"}, {"position": {"minX": 293.25, "minY": 342.0, "maxX": 325.75, "maxY": 402.5}, "class_id": 0, "box_caption": "person 0.049", "scores": {"class_score": 0.049407958984375}, "domain": "pixel"}, {"position": {"minX": 197.125, "minY": 416.0, "maxX": 239.375, "maxY": 530.5}, "class_id": 0, "box_caption": "person 0.047", "scores": {"class_score": 0.047149658203125}, "domain": "pixel"}, {"position": {"minX": 289.0, "minY": 323.5, "maxX": 330.0, "maxY": 401.0}, "class_id": 0, "box_caption": "person 0.045", "scores": {"class_score": 0.044677734375}, "domain": "pixel"}, {"position": {"minX": 305.25, "minY": 305.25, "maxX": 355.75, "maxY": 397.75}, "class_id": 0, "box_caption": "person 0.043", "scores": {"class_score": 0.04345703125}, "domain": "pixel"}, {"position": {"minX": 260.25, "minY": 270.0, "maxX": 301.25, "maxY": 337.5}, "class_id": 0, "box_caption": "person 0.040", "scores": {"class_score": 0.04010009765625}, "domain": "pixel"}, {"position": {"minX": 332.75, "minY": 285.25, "maxX": 375.25, "maxY": 398.75}, "class_id": 0, "box_caption": "person 0.039", "scores": {"class_score": 0.038543701171875}, "domain": "pixel"}, {"position": {"minX": 415.25, "minY": 461.0, "maxX": 504.75, "maxY": 604.0}, "class_id": 0, "box_caption": "person 0.036", "scores": {"class_score": 0.035552978515625}, "domain": "pixel"}, {"position": {"minX": 6.0, "minY": 117.3125, "maxX": 54.25, "maxY": 219.25}, "class_id": 0, "box_caption": "person 0.035", "scores": {"class_score": 0.0352783203125}, "domain": "pixel"}, {"position": {"minX": 288.0, "minY": 273.75, "maxX": 311.0, "maxY": 327.75}, "class_id": 0, "box_caption": "person 0.035", "scores": {"class_score": 0.03515625}, "domain": "pixel"}, {"position": {"minX": 476.0, "minY": 550.5, "maxX": 488.5, "maxY": 579.5}, "class_id": 0, "box_caption": "person 0.034", "scores": {"class_score": 0.03448486328125}, "domain": "pixel"}, {"position": {"minX": 246.125, "minY": 375.5, "maxX": 268.5, "maxY": 423.5}, "class_id": 0, "box_caption": "person 0.029", "scores": {"class_score": 0.0294189453125}, "domain": "pixel"}, {"position": {"minX": 188.25, "minY": 316.25, "maxX": 218.25, "maxY": 406.25}, "class_id": 0, "box_caption": "person 0.029", "scores": {"class_score": 0.0294189453125}, "domain": "pixel"}, {"position": {"minX": 405.25, "minY": 568.0, "maxX": 423.75, "maxY": 627.0}, "class_id": 0, "box_caption": "person 0.029", "scores": {"class_score": 0.0293121337890625}, "domain": "pixel"}, {"position": {"minX": 210.125, "minY": 320.75, "maxX": 254.875, "maxY": 427.25}, "class_id": 0, "box_caption": "person 0.027", "scores": {"class_score": 0.0272674560546875}, "domain": "pixel"}, {"position": {"minX": 301.0, "minY": 350.75, "maxX": 329.5, "maxY": 403.25}, "class_id": 0, "box_caption": "person 0.027", "scores": {"class_score": 0.0271759033203125}, "domain": "pixel"}, {"position": {"minX": 383.0, "minY": 443.0, "maxX": 498.0, "maxY": 628.0}, "class_id": 0, "box_caption": "person 0.026", "scores": {"class_score": 0.0263519287109375}, "domain": "pixel"}, {"position": {"minX": 278.75, "minY": 287.5, "maxX": 333.75, "maxY": 400.5}, "class_id": 0, "box_caption": "person 0.026", "scores": {"class_score": 0.0255584716796875}, "domain": "pixel"}, {"position": {"minX": 376.5, "minY": 604.5, "maxX": 396.5, "maxY": 645.5}, "class_id": 0, "box_caption": "person 0.025", "scores": {"class_score": 0.025177001953125}, "domain": "pixel"}, {"position": {"minX": 357.5, "minY": 272.25, "maxX": 504.0, "maxY": 633.0}, "class_id": 0, "box_caption": "person 0.023", "scores": {"class_score": 0.023101806640625}, "domain": "pixel"}, {"position": {"minX": 273.5, "minY": 275.5, "maxX": 309.0, "maxY": 333.0}, "class_id": 0, "box_caption": "person 0.023", "scores": {"class_score": 0.022796630859375}, "domain": "pixel"}, {"position": {"minX": 283.75, "minY": 239.875, "maxX": 314.25, "maxY": 329.75}, "class_id": 0, "box_caption": "person 0.023", "scores": {"class_score": 0.0227203369140625}, "domain": "pixel"}, {"position": {"minX": 240.0, "minY": 364.5, "maxX": 268.0, "maxY": 427.0}, "class_id": 0, "box_caption": "person 0.019", "scores": {"class_score": 0.0190582275390625}, "domain": "pixel"}, {"position": {"minX": 299.0, "minY": 356.0, "maxX": 319.5, "maxY": 404.5}, "class_id": 0, "box_caption": "person 0.019", "scores": {"class_score": 0.018768310546875}, "domain": "pixel"}, {"position": {"minX": 632.0, "minY": 146.0, "maxX": 640.0, "maxY": 165.0}, "class_id": 0, "box_caption": "person 0.019", "scores": {"class_score": 0.0186920166015625}, "domain": "pixel"}, {"position": {"minX": 354.5, "minY": 277.0, "maxX": 415.0, "maxY": 364.0}, "class_id": 0, "box_caption": "person 0.018", "scores": {"class_score": 0.01812744140625}, "domain": "pixel"}, {"position": {"minX": 390.5, "minY": 267.5, "maxX": 423.5, "maxY": 366.0}, "class_id": 0, "box_caption": "person 0.018", "scores": {"class_score": 0.0177764892578125}, "domain": "pixel"}, {"position": {"minX": 190.5, "minY": 332.75, "maxX": 235.0, "maxY": 428.25}, "class_id": 0, "box_caption": "person 0.017", "scores": {"class_score": 0.0173797607421875}, "domain": "pixel"}, {"position": {"minX": 425.75, "minY": 484.75, "maxX": 491.75, "maxY": 593.0}, "class_id": 0, "box_caption": "person 0.017", "scores": {"class_score": 0.01678466796875}, "domain": "pixel"}, {"position": {"minX": 237.75, "minY": 380.75, "maxX": 262.25, "maxY": 441.75}, "class_id": 0, "box_caption": "person 0.016", "scores": {"class_score": 0.0156707763671875}, "domain": "pixel"}, {"position": {"minX": 282.5, "minY": 448.0, "maxX": 305.5, "maxY": 521.5}, "class_id": 0, "box_caption": "person 0.016", "scores": {"class_score": 0.01554107666015625}, "domain": "pixel"}, {"position": {"minX": 190.25, "minY": 396.0, "maxX": 252.0, "maxY": 534.5}, "class_id": 0, "box_caption": "person 0.015", "scores": {"class_score": 0.01507568359375}, "domain": "pixel"}, {"position": {"minX": 244.125, "minY": 372.5, "maxX": 273.0, "maxY": 437.5}, "class_id": 0, "box_caption": "person 0.014", "scores": {"class_score": 0.0143890380859375}, "domain": "pixel"}, {"position": {"minX": 17.171875, "minY": 139.875, "maxX": 49.0625, "maxY": 217.125}, "class_id": 0, "box_caption": "person 0.014", "scores": {"class_score": 0.0141754150390625}, "domain": "pixel"}, {"position": {"minX": 403.25, "minY": 551.5, "maxX": 430.75, "maxY": 627.5}, "class_id": 0, "box_caption": "person 0.014", "scores": {"class_score": 0.0141754150390625}, "domain": "pixel"}, {"position": {"minX": 225.75, "minY": 368.5, "maxX": 252.25, "maxY": 438.5}, "class_id": 0, "box_caption": "person 0.014", "scores": {"class_score": 0.01395416259765625}, "domain": "pixel"}, {"position": {"minX": 275.75, "minY": 315.5, "maxX": 332.25, "maxY": 465.5}, "class_id": 0, "box_caption": "person 0.014", "scores": {"class_score": 0.0139007568359375}, "domain": "pixel"}, {"position": {"minX": 270.0, "minY": 214.5, "maxX": 317.0, "maxY": 327.0}, "class_id": 0, "box_caption": "person 0.014", "scores": {"class_score": 0.01374053955078125}, "domain": "pixel"}, {"position": {"minX": 230.375, "minY": 349.5, "maxX": 285.0, "maxY": 452.5}, "class_id": 0, "box_caption": "person 0.013", "scores": {"class_score": 0.01312255859375}, "domain": "pixel"}, {"position": {"minX": 13.265625, "minY": 120.125, "maxX": 36.25, "maxY": 196.875}, "class_id": 0, "box_caption": "person 0.013", "scores": {"class_score": 0.012969970703125}, "domain": "pixel"}, {"position": {"minX": 326.5, "minY": 294.0, "maxX": 353.5, "maxY": 374.0}, "class_id": 0, "box_caption": "person 0.013", "scores": {"class_score": 0.012725830078125}, "domain": "pixel"}, {"position": {"minX": 388.25, "minY": 276.5, "maxX": 418.25, "maxY": 347.5}, "class_id": 0, "box_caption": "person 0.013", "scores": {"class_score": 0.01267242431640625}, "domain": "pixel"}, {"position": {"minX": 185.5, "minY": 377.5, "maxX": 206.5, "maxY": 416.0}, "class_id": 0, "box_caption": "person 0.013", "scores": {"class_score": 0.01262664794921875}, "domain": "pixel"}, {"position": {"minX": 517.0, "minY": 147.375, "maxX": 523.0, "maxY": 165.625}, "class_id": 0, "box_caption": "person 0.012", "scores": {"class_score": 0.012481689453125}, "domain": "pixel"}, {"position": {"minX": 307.75, "minY": 345.25, "maxX": 334.25, "maxY": 402.75}, "class_id": 0, "box_caption": "person 0.012", "scores": {"class_score": 0.01233673095703125}, "domain": "pixel"}, {"position": {"minX": 261.75, "minY": 327.25, "maxX": 339.25, "maxY": 543.5}, "class_id": 0, "box_caption": "person 0.012", "scores": {"class_score": 0.01229095458984375}, "domain": "pixel"}, {"position": {"minX": 207.5, "minY": 353.5, "maxX": 265.0, "maxY": 503.0}, "class_id": 0, "box_caption": "person 0.011", "scores": {"class_score": 0.01132965087890625}, "domain": "pixel"}, {"position": {"minX": 449.5, "minY": 466.5, "maxX": 516.0, "maxY": 580.5}, "class_id": 0, "box_caption": "person 0.011", "scores": {"class_score": 0.01129150390625}, "domain": "pixel"}, {"position": {"minX": 331.5, "minY": 282.25, "maxX": 360.5, "maxY": 368.75}, "class_id": 0, "box_caption": "person 0.011", "scores": {"class_score": 0.0112457275390625}, "domain": "pixel"}, {"position": {"minX": 326.25, "minY": 269.25, "maxX": 432.75, "maxY": 431.75}, "class_id": 0, "box_caption": "person 0.011", "scores": {"class_score": 0.0110321044921875}, "domain": "pixel"}, {"position": {"minX": 277.5, "minY": 296.0, "maxX": 304.5, "maxY": 331.0}, "class_id": 0, "box_caption": "person 0.011", "scores": {"class_score": 0.010986328125}, "domain": "pixel"}, {"position": {"minX": 293.5, "minY": 355.0, "maxX": 314.0, "maxY": 406.0}, "class_id": 0, "box_caption": "person 0.011", "scores": {"class_score": 0.0108184814453125}, "domain": "pixel"}, {"position": {"minX": 446.0, "minY": 513.5, "maxX": 480.5, "maxY": 587.5}, "class_id": 0, "box_caption": "person 0.011", "scores": {"class_score": 0.01073455810546875}, "domain": "pixel"}, {"position": {"minX": 225.625, "minY": 346.0, "maxX": 254.375, "maxY": 422.0}, "class_id": 0, "box_caption": "person 0.011", "scores": {"class_score": 0.01056671142578125}, "domain": "pixel"}, {"position": {"minX": 160.625, "minY": 91.375, "maxX": 186.875, "maxY": 128.125}, "class_id": 0, "box_caption": "person 0.011", "scores": {"class_score": 0.010528564453125}, "domain": "pixel"}, {"position": {"minX": 347.0, "minY": 257.5, "maxX": 447.0, "maxY": 544.0}, "class_id": 0, "box_caption": "person 0.010", "scores": {"class_score": 0.0104522705078125}, "domain": "pixel"}, {"position": {"minX": 252.75, "minY": 382.5, "maxX": 268.25, "maxY": 423.0}, "class_id": 0, "box_caption": "person 0.010", "scores": {"class_score": 0.0102081298828125}, "domain": "pixel"}, {"position": {"minX": 218.0, "minY": 340.5, "maxX": 265.5, "maxY": 446.5}, "class_id": 0, "box_caption": "person 0.010", "scores": {"class_score": 0.010009765625}, "domain": "pixel"}, {"position": {"minX": 185.5, "minY": 357.75, "maxX": 208.75, "maxY": 418.75}, "class_id": 0, "box_caption": "person 0.010", "scores": {"class_score": 0.00971221923828125}, "domain": "pixel"}, {"position": {"minX": 254.875, "minY": 199.25, "maxX": 308.0, "maxY": 316.75}, "class_id": 0, "box_caption": "person 0.010", "scores": {"class_score": 0.00971221923828125}, "domain": "pixel"}, {"position": {"minX": 328.5, "minY": 307.0, "maxX": 356.5, "maxY": 390.5}, "class_id": 0, "box_caption": "person 0.010", "scores": {"class_score": 0.00955963134765625}, "domain": "pixel"}, {"position": {"minX": 595.5, "minY": 609.5, "maxX": 605.5, "maxY": 631.5}, "class_id": 0, "box_caption": "person 0.010", "scores": {"class_score": 0.009521484375}, "domain": "pixel"}, {"position": {"minX": 248.625, "minY": 327.25, "maxX": 312.5, "maxY": 414.75}, "class_id": 0, "box_caption": "person 0.009", "scores": {"class_score": 0.00933837890625}, "domain": "pixel"}, {"position": {"minX": 151.25, "minY": 90.375, "maxX": 174.0, "maxY": 126.375}, "class_id": 0, "box_caption": "person 0.009", "scores": {"class_score": 0.00919342041015625}, "domain": "pixel"}, {"position": {"minX": 187.5, "minY": 297.0, "maxX": 217.0, "maxY": 382.0}, "class_id": 0, "box_caption": "person 0.009", "scores": {"class_score": 0.009124755859375}, "domain": "pixel"}, {"position": {"minX": 359.5, "minY": 297.0, "maxX": 414.5, "maxY": 436.5}, "class_id": 0, "box_caption": "person 0.009", "scores": {"class_score": 0.00905609130859375}, "domain": "pixel"}, {"position": {"minX": 461.0, "minY": 195.0, "maxX": 477.5, "maxY": 215.25}, "class_id": 0, "box_caption": "person 0.009", "scores": {"class_score": 0.0090179443359375}, "domain": "pixel"}, {"position": {"minX": 458.0, "minY": 192.625, "maxX": 473.0, "maxY": 216.125}, "class_id": 0, "box_caption": "person 0.009", "scores": {"class_score": 0.00881195068359375}, "domain": "pixel"}, {"position": {"minX": 265.0, "minY": 291.0, "maxX": 301.0, "maxY": 336.0}, "class_id": 0, "box_caption": "person 0.009", "scores": {"class_score": 0.00878143310546875}, "domain": "pixel"}, {"position": {"minX": 255.875, "minY": 383.5, "maxX": 266.5, "maxY": 416.5}, "class_id": 0, "box_caption": "person 0.009", "scores": {"class_score": 0.00867462158203125}, "domain": "pixel"}, {"position": {"minX": 412.5, "minY": 484.5, "maxX": 480.0, "maxY": 613.5}, "class_id": 0, "box_caption": "person 0.009", "scores": {"class_score": 0.00864410400390625}, "domain": "pixel"}, {"position": {"minX": 364.0, "minY": 221.125, "maxX": 423.0, "maxY": 356.0}, "class_id": 0, "box_caption": "person 0.009", "scores": {"class_score": 0.00861358642578125}, "domain": "pixel"}, {"position": {"minX": 286.5, "minY": 297.0, "maxX": 307.0, "maxY": 329.0}, "class_id": 0, "box_caption": "person 0.009", "scores": {"class_score": 0.008575439453125}, "domain": "pixel"}, {"position": {"minX": 195.5, "minY": 440.75, "maxX": 228.5, "maxY": 525.5}, "class_id": 0, "box_caption": "person 0.009", "scores": {"class_score": 0.008514404296875}, "domain": "pixel"}, {"position": {"minX": 236.5, "minY": 348.75, "maxX": 316.5, "maxY": 515.0}, "class_id": 0, "box_caption": "person 0.008", "scores": {"class_score": 0.00815582275390625}, "domain": "pixel"}, {"position": {"minX": 366.75, "minY": 263.75, "maxX": 416.25, "maxY": 342.75}, "class_id": 0, "box_caption": "person 0.008", "scores": {"class_score": 0.00803375244140625}, "domain": "pixel"}, {"position": {"minX": 255.0, "minY": 272.5, "maxX": 309.0, "maxY": 375.5}, "class_id": 0, "box_caption": "person 0.008", "scores": {"class_score": 0.00800323486328125}, "domain": "pixel"}, {"position": {"minX": 181.375, "minY": 343.0, "maxX": 252.625, "maxY": 546.5}, "class_id": 0, "box_caption": "person 0.008", "scores": {"class_score": 0.0079345703125}, "domain": "pixel"}, {"position": {"minX": 443.0, "minY": 511.5, "maxX": 471.0, "maxY": 580.5}, "class_id": 0, "box_caption": "person 0.008", "scores": {"class_score": 0.007755279541015625}, "domain": "pixel"}, {"position": {"minX": 277.5, "minY": 441.25, "maxX": 312.5, "maxY": 528.0}, "class_id": 0, "box_caption": "person 0.008", "scores": {"class_score": 0.007755279541015625}, "domain": "pixel"}, {"position": {"minX": 347.25, "minY": 293.0, "maxX": 408.75, "maxY": 484.0}, "class_id": 0, "box_caption": "person 0.008", "scores": {"class_score": 0.00766754150390625}, "domain": "pixel"}, {"position": {"minX": 184.375, "minY": 316.0, "maxX": 241.875, "maxY": 446.0}, "class_id": 0, "box_caption": "person 0.007", "scores": {"class_score": 0.007488250732421875}, "domain": "pixel"}, {"position": {"minX": 393.5, "minY": 543.5, "maxX": 437.0, "maxY": 634.5}, "class_id": 0, "box_caption": "person 0.007", "scores": {"class_score": 0.00734710693359375}, "domain": "pixel"}, {"position": {"minX": 633.5, "minY": 145.125, "maxX": 643.5, "maxY": 163.125}, "class_id": 0, "box_caption": "person 0.007", "scores": {"class_score": 0.0070648193359375}, "domain": "pixel"}, {"position": {"minX": 346.25, "minY": 536.0, "maxX": 361.25, "maxY": 577.0}, "class_id": 0, "box_caption": "person 0.007", "scores": {"class_score": 0.00701141357421875}, "domain": "pixel"}, {"position": {"minX": 408.0, "minY": 462.5, "maxX": 565.0, "maxY": 630.5}, "class_id": 0, "box_caption": "person 0.007", "scores": {"class_score": 0.006984710693359375}, "domain": "pixel"}, {"position": {"minX": 272.75, "minY": 368.0, "maxX": 286.25, "maxY": 392.5}, "class_id": 0, "box_caption": "person 0.007", "scores": {"class_score": 0.00669097900390625}, "domain": "pixel"}, {"position": {"minX": 193.125, "minY": 245.875, "maxX": 206.875, "maxY": 291.0}, "class_id": 0, "box_caption": "person 0.007", "scores": {"class_score": 0.00669097900390625}, "domain": "pixel"}, {"position": {"minX": 193.375, "minY": 243.75, "maxX": 233.875, "maxY": 390.75}, "class_id": 0, "box_caption": "person 0.007", "scores": {"class_score": 0.0066680908203125}, "domain": "pixel"}, {"position": {"minX": 185.125, "minY": 326.5, "maxX": 212.625, "maxY": 419.5}, "class_id": 0, "box_caption": "person 0.007", "scores": {"class_score": 0.006641387939453125}, "domain": "pixel"}, {"position": {"minX": 273.25, "minY": 369.75, "maxX": 282.25, "maxY": 391.75}, "class_id": 0, "box_caption": "person 0.006", "scores": {"class_score": 0.006412506103515625}, "domain": "pixel"}, {"position": {"minX": 347.5, "minY": 382.0, "maxX": 364.5, "maxY": 437.5}, "class_id": 0, "box_caption": "person 0.006", "scores": {"class_score": 0.006389617919921875}, "domain": "pixel"}, {"position": {"minX": 248.125, "minY": 255.25, "maxX": 317.0, "maxY": 390.75}, "class_id": 0, "box_caption": "person 0.006", "scores": {"class_score": 0.00634002685546875}, "domain": "pixel"}, {"position": {"minX": 10.046875, "minY": 143.375, "maxX": 58.375, "maxY": 227.875}, "class_id": 0, "box_caption": "person 0.006", "scores": {"class_score": 0.00626373291015625}, "domain": "pixel"}, {"position": {"minX": 253.75, "minY": 284.25, "maxX": 296.75, "maxY": 342.25}, "class_id": 0, "box_caption": "person 0.006", "scores": {"class_score": 0.0062408447265625}, "domain": "pixel"}, {"position": {"minX": 252.75, "minY": 393.5, "maxX": 322.25, "maxY": 525.5}, "class_id": 0, "box_caption": "person 0.006", "scores": {"class_score": 0.006191253662109375}, "domain": "pixel"}, {"position": {"minX": 254.25, "minY": 234.25, "maxX": 297.75, "maxY": 320.75}, "class_id": 0, "box_caption": "person 0.006", "scores": {"class_score": 0.006168365478515625}, "domain": "pixel"}, {"position": {"minX": 227.5, "minY": 251.25, "maxX": 278.75, "maxY": 350.75}, "class_id": 0, "box_caption": "person 0.006", "scores": {"class_score": 0.006072998046875}, "domain": "pixel"}, {"position": {"minX": 260.0, "minY": 174.375, "maxX": 319.5, "maxY": 333.5}, "class_id": 0, "box_caption": "person 0.006", "scores": {"class_score": 0.00591278076171875}, "domain": "pixel"}, {"position": {"minX": 257.75, "minY": 132.25, "maxX": 304.25, "maxY": 211.0}, "class_id": 0, "box_caption": "person 0.006", "scores": {"class_score": 0.005687713623046875}, "domain": "pixel"}, {"position": {"minX": 431.25, "minY": 419.75, "maxX": 529.0, "maxY": 600.0}, "class_id": 0, "box_caption": "person 0.006", "scores": {"class_score": 0.005619049072265625}, "domain": "pixel"}, {"position": {"minX": 463.25, "minY": 192.625, "maxX": 481.25, "maxY": 216.875}, "class_id": 0, "box_caption": "person 0.005", "scores": {"class_score": 0.005489349365234375}, "domain": "pixel"}, {"position": {"minX": 202.25, "minY": 278.25, "maxX": 250.25, "maxY": 411.25}, "class_id": 0, "box_caption": "person 0.005", "scores": {"class_score": 0.005489349365234375}, "domain": "pixel"}, {"position": {"minX": 466.25, "minY": 518.5, "maxX": 497.75, "maxY": 592.5}, "class_id": 0, "box_caption": "person 0.005", "scores": {"class_score": 0.00547027587890625}, "domain": "pixel"}, {"position": {"minX": 382.25, "minY": 446.0, "maxX": 602.0, "maxY": 650.0}, "class_id": 0, "box_caption": "person 0.005", "scores": {"class_score": 0.00536346435546875}, "domain": "pixel"}, {"position": {"minX": 188.375, "minY": 371.75, "maxX": 214.625, "maxY": 419.25}, "class_id": 0, "box_caption": "person 0.005", "scores": {"class_score": 0.005344390869140625}, "domain": "pixel"}, {"position": {"minX": 230.625, "minY": 377.0, "maxX": 263.25, "maxY": 454.5}, "class_id": 0, "box_caption": "person 0.005", "scores": {"class_score": 0.005344390869140625}, "domain": "pixel"}, {"position": {"minX": 252.125, "minY": 378.5, "maxX": 273.25, "maxY": 429.5}, "class_id": 0, "box_caption": "person 0.005", "scores": {"class_score": 0.00530242919921875}, "domain": "pixel"}, {"position": {"minX": 318.75, "minY": 258.5, "maxX": 371.25, "maxY": 378.0}, "class_id": 0, "box_caption": "person 0.005", "scores": {"class_score": 0.00530242919921875}, "domain": "pixel"}, {"position": {"minX": 575.5, "minY": 567.5, "maxX": 591.5, "maxY": 608.5}, "class_id": 0, "box_caption": "person 0.005", "scores": {"class_score": 0.00524139404296875}, "domain": "pixel"}, {"position": {"minX": 353.0, "minY": 378.25, "maxX": 367.0, "maxY": 437.75}, "class_id": 0, "box_caption": "person 0.005", "scores": {"class_score": 0.00518035888671875}, "domain": "pixel"}, {"position": {"minX": 246.125, "minY": 380.25, "maxX": 276.5, "maxY": 464.75}, "class_id": 0, "box_caption": "person 0.005", "scores": {"class_score": 0.00511932373046875}, "domain": "pixel"}, {"position": {"minX": 580.0, "minY": 581.0, "maxX": 593.0, "maxY": 611.0}, "class_id": 0, "box_caption": "person 0.005", "scores": {"class_score": 0.0050811767578125}, "domain": "pixel"}, {"position": {"minX": 334.0, "minY": 324.25, "maxX": 360.0, "maxY": 404.75}, "class_id": 0, "box_caption": "person 0.005", "scores": {"class_score": 0.00494384765625}, "domain": "pixel"}, {"position": {"minX": 240.5, "minY": 364.75, "maxX": 283.5, "maxY": 480.75}, "class_id": 0, "box_caption": "person 0.005", "scores": {"class_score": 0.004924774169921875}, "domain": "pixel"}, {"position": {"minX": 392.5, "minY": 288.0, "maxX": 421.5, "maxY": 389.5}, "class_id": 0, "box_caption": "person 0.005", "scores": {"class_score": 0.004886627197265625}, "domain": "pixel"}, {"position": {"minX": 98.4375, "minY": 95.5, "maxX": 117.1875, "maxY": 130.625}, "class_id": 0, "box_caption": "person 0.005", "scores": {"class_score": 0.004791259765625}, "domain": "pixel"}, {"position": {"minX": 252.125, "minY": 245.25, "maxX": 291.0, "maxY": 339.75}, "class_id": 0, "box_caption": "person 0.005", "scores": {"class_score": 0.004680633544921875}, "domain": "pixel"}, {"position": {"minX": 152.25, "minY": 90.25, "maxX": 191.0, "maxY": 133.375}, "class_id": 0, "box_caption": "person 0.005", "scores": {"class_score": 0.004665374755859375}, "domain": "pixel"}, {"position": {"minX": 385.75, "minY": 190.75, "maxX": 401.75, "maxY": 215.75}, "class_id": 0, "box_caption": "person 0.005", "scores": {"class_score": 0.00464630126953125}, "domain": "pixel"}, {"position": {"minX": 353.75, "minY": 386.0, "maxX": 365.25, "maxY": 426.5}, "class_id": 0, "box_caption": "person 0.005", "scores": {"class_score": 0.004573822021484375}, "domain": "pixel"}, {"position": {"minX": 279.5, "minY": 196.5, "maxX": 306.0, "maxY": 262.75}, "class_id": 0, "box_caption": "person 0.005", "scores": {"class_score": 0.00453948974609375}, "domain": "pixel"}, {"position": {"minX": 461.5, "minY": 506.5, "maxX": 505.5, "maxY": 596.5}, "class_id": 0, "box_caption": "person 0.005", "scores": {"class_score": 0.004505157470703125}, "domain": "pixel"}, {"position": {"minX": 632.0, "minY": 148.75, "maxX": 638.0, "maxY": 168.5}, "class_id": 0, "box_caption": "person 0.004", "scores": {"class_score": 0.004467010498046875}, "domain": "pixel"}, {"position": {"minX": 630.0, "minY": 137.0, "maxX": 641.0, "maxY": 164.0}, "class_id": 0, "box_caption": "person 0.004", "scores": {"class_score": 0.004451751708984375}, "domain": "pixel"}, {"position": {"minX": 339.25, "minY": 281.5, "maxX": 367.75, "maxY": 383.0}, "class_id": 0, "box_caption": "person 0.004", "scores": {"class_score": 0.00443267822265625}, "domain": "pixel"}, {"position": {"minX": 319.5, "minY": 346.75, "maxX": 342.5, "maxY": 398.75}, "class_id": 0, "box_caption": "person 0.004", "scores": {"class_score": 0.00443267822265625}, "domain": "pixel"}, {"position": {"minX": 377.25, "minY": 184.0, "maxX": 401.75, "maxY": 236.75}, "class_id": 0, "box_caption": "person 0.004", "scores": {"class_score": 0.00443267822265625}, "domain": "pixel"}, {"position": {"minX": 249.125, "minY": 245.875, "maxX": 275.25, "maxY": 339.5}, "class_id": 0, "box_caption": "person 0.004", "scores": {"class_score": 0.00441741943359375}, "domain": "pixel"}, {"position": {"minX": 355.75, "minY": 294.75, "maxX": 410.25, "maxY": 384.25}, "class_id": 0, "box_caption": "person 0.004", "scores": {"class_score": 0.004398345947265625}, "domain": "pixel"}, {"position": {"minX": 449.25, "minY": 496.25, "maxX": 520.0, "maxY": 608.5}, "class_id": 0, "box_caption": "person 0.004", "scores": {"class_score": 0.004398345947265625}, "domain": "pixel"}, {"position": {"minX": 340.0, "minY": 315.75, "maxX": 377.0, "maxY": 424.75}, "class_id": 0, "box_caption": "person 0.004", "scores": {"class_score": 0.004364013671875}, "domain": "pixel"}, {"position": {"minX": 314.25, "minY": 364.0, "maxX": 330.75, "maxY": 402.5}, "class_id": 0, "box_caption": "person 0.004", "scores": {"class_score": 0.0043487548828125}, "domain": "pixel"}, {"position": {"minX": 304.5, "minY": 361.75, "maxX": 326.5, "maxY": 405.25}, "class_id": 0, "box_caption": "person 0.004", "scores": {"class_score": 0.004299163818359375}, "domain": "pixel"}, {"position": {"minX": 199.0, "minY": 363.5, "maxX": 224.5, "maxY": 428.0}, "class_id": 0, "box_caption": "person 0.004", "scores": {"class_score": 0.004299163818359375}, "domain": "pixel"}, {"position": {"minX": 408.75, "minY": 572.0, "maxX": 424.75, "maxY": 617.0}, "class_id": 0, "box_caption": "person 0.004", "scores": {"class_score": 0.00426483154296875}, "domain": "pixel"}, {"position": {"minX": 376.0, "minY": 486.0, "maxX": 469.5, "maxY": 652.0}, "class_id": 0, "box_caption": "person 0.004", "scores": {"class_score": 0.004215240478515625}, "domain": "pixel"}, {"position": {"minX": 377.0, "minY": 189.875, "maxX": 398.0, "maxY": 219.375}, "class_id": 0, "box_caption": "person 0.004", "scores": {"class_score": 0.004199981689453125}, "domain": "pixel"}, {"position": {"minX": 193.5, "minY": 294.75, "maxX": 217.0, "maxY": 356.75}, "class_id": 0, "box_caption": "person 0.004", "scores": {"class_score": 0.0041656494140625}, "domain": "pixel"}, {"position": {"minX": 330.25, "minY": 346.25, "maxX": 353.25, "maxY": 400.25}, "class_id": 0, "box_caption": "person 0.004", "scores": {"class_score": 0.004100799560546875}, "domain": "pixel"}, {"position": {"minX": 633.5, "minY": 139.0, "maxX": 645.5, "maxY": 167.0}, "class_id": 0, "box_caption": "person 0.004", "scores": {"class_score": 0.004070281982421875}, "domain": "pixel"}, {"position": {"minX": 279.5, "minY": 433.0, "maxX": 333.5, "maxY": 538.0}, "class_id": 0, "box_caption": "person 0.004", "scores": {"class_score": 0.004070281982421875}, "domain": "pixel"}, {"position": {"minX": 340.5, "minY": 283.0, "maxX": 382.0, "maxY": 358.5}, "class_id": 0, "box_caption": "person 0.004", "scores": {"class_score": 0.00395965576171875}, "domain": "pixel"}, {"position": {"minX": 358.5, "minY": 256.25, "maxX": 471.5, "maxY": 452.75}, "class_id": 0, "box_caption": "person 0.004", "scores": {"class_score": 0.0039005279541015625}, "domain": "pixel"}, {"position": {"minX": 328.5, "minY": 288.75, "maxX": 349.0, "maxY": 345.25}, "class_id": 0, "box_caption": "person 0.004", "scores": {"class_score": 0.0038700103759765625}, "domain": "pixel"}, {"position": {"minX": 222.375, "minY": 211.25, "maxX": 331.25, "maxY": 355.25}, "class_id": 0, "box_caption": "person 0.004", "scores": {"class_score": 0.0038700103759765625}, "domain": "pixel"}, {"position": {"minX": 515.0, "minY": 144.0, "maxX": 525.0, "maxY": 165.75}, "class_id": 0, "box_caption": "person 0.004", "scores": {"class_score": 0.0038089752197265625}, "domain": "pixel"}, {"position": {"minX": 261.5, "minY": 160.625, "maxX": 306.5, "maxY": 255.875}, "class_id": 0, "box_caption": "person 0.004", "scores": {"class_score": 0.003795623779296875}, "domain": "pixel"}, {"position": {"minX": 264.25, "minY": 431.75, "maxX": 315.25, "maxY": 540.5}, "class_id": 0, "box_caption": "person 0.004", "scores": {"class_score": 0.003765106201171875}, "domain": "pixel"}, {"position": {"minX": 212.875, "minY": 314.5, "maxX": 342.5, "maxY": 551.0}, "class_id": 0, "box_caption": "person 0.004", "scores": {"class_score": 0.003749847412109375}, "domain": "pixel"}, {"position": {"minX": 261.75, "minY": 285.25, "maxX": 379.75, "maxY": 581.0}, "class_id": 0, "box_caption": "person 0.004", "scores": {"class_score": 0.003692626953125}, "domain": "pixel"}, {"position": {"minX": 449.25, "minY": 538.5, "maxX": 471.25, "maxY": 585.5}, "class_id": 0, "box_caption": "person 0.004", "scores": {"class_score": 0.0036792755126953125}, "domain": "pixel"}, {"position": {"minX": 283.0, "minY": 192.0, "maxX": 306.5, "maxY": 237.5}, "class_id": 0, "box_caption": "person 0.004", "scores": {"class_score": 0.0036792755126953125}, "domain": "pixel"}, {"position": {"minX": 296.25, "minY": 341.0, "maxX": 321.25, "maxY": 386.0}, "class_id": 0, "box_caption": "person 0.004", "scores": {"class_score": 0.0036640167236328125}, "domain": "pixel"}, {"position": {"minX": 273.5, "minY": 238.75, "maxX": 309.5, "maxY": 319.25}, "class_id": 0, "box_caption": "person 0.004", "scores": {"class_score": 0.0036640167236328125}, "domain": "pixel"}, {"position": {"minX": 292.5, "minY": 258.5, "maxX": 314.0, "maxY": 329.5}, "class_id": 0, "box_caption": "person 0.004", "scores": {"class_score": 0.00359344482421875}, "domain": "pixel"}, {"position": {"minX": 193.625, "minY": 279.25, "maxX": 225.625, "maxY": 384.25}, "class_id": 0, "box_caption": "person 0.004", "scores": {"class_score": 0.00359344482421875}, "domain": "pixel"}, {"position": {"minX": 231.25, "minY": 388.25, "maxX": 253.0, "maxY": 434.25}, "class_id": 0, "box_caption": "person 0.004", "scores": {"class_score": 0.0035648345947265625}, "domain": "pixel"}, {"position": {"minX": 8.453125, "minY": 124.9375, "maxX": 26.921875, "maxY": 203.5}, "class_id": 0, "box_caption": "person 0.004", "scores": {"class_score": 0.0035648345947265625}, "domain": "pixel"}, {"position": {"minX": 264.75, "minY": 198.0, "maxX": 297.75, "maxY": 263.0}, "class_id": 0, "box_caption": "person 0.004", "scores": {"class_score": 0.0035381317138671875}, "domain": "pixel"}, {"position": {"minX": 462.25, "minY": 542.0, "maxX": 487.75, "maxY": 582.0}, "class_id": 0, "box_caption": "person 0.003", "scores": {"class_score": 0.0034961700439453125}, "domain": "pixel"}, {"position": {"minX": 270.25, "minY": 366.75, "maxX": 288.25, "maxY": 400.75}, "class_id": 0, "box_caption": "person 0.003", "scores": {"class_score": 0.003482818603515625}, "domain": "pixel"}, {"position": {"minX": 207.125, "minY": 386.0, "maxX": 229.375, "maxY": 431.0}, "class_id": 0, "box_caption": "person 0.003", "scores": {"class_score": 0.003482818603515625}, "domain": "pixel"}, {"position": {"minX": 440.75, "minY": 528.5, "maxX": 468.25, "maxY": 591.5}, "class_id": 0, "box_caption": "person 0.003", "scores": {"class_score": 0.003482818603515625}, "domain": "pixel"}, {"position": {"minX": 229.75, "minY": 349.0, "maxX": 263.75, "maxY": 416.5}, "class_id": 0, "box_caption": "person 0.003", "scores": {"class_score": 0.00345611572265625}, "domain": "pixel"}, {"position": {"minX": 471.0, "minY": 542.0, "maxX": 492.5, "maxY": 587.0}, "class_id": 0, "box_caption": "person 0.003", "scores": {"class_score": 0.00345611572265625}, "domain": "pixel"}, {"position": {"minX": 578.0, "minY": 567.0, "maxX": 595.0, "maxY": 616.0}, "class_id": 0, "box_caption": "person 0.003", "scores": {"class_score": 0.0034427642822265625}, "domain": "pixel"}, {"position": {"minX": 253.25, "minY": 398.0, "maxX": 282.25, "maxY": 484.0}, "class_id": 0, "box_caption": "person 0.003", "scores": {"class_score": 0.003429412841796875}, "domain": "pixel"}, {"position": {"minX": 296.0, "minY": 364.25, "maxX": 310.5, "maxY": 406.25}, "class_id": 0, "box_caption": "person 0.003", "scores": {"class_score": 0.0034027099609375}, "domain": "pixel"}, {"position": {"minX": 18.5625, "minY": 171.625, "maxX": 49.9375, "maxY": 218.875}, "class_id": 0, "box_caption": "person 0.003", "scores": {"class_score": 0.0034027099609375}, "domain": "pixel"}, {"position": {"minX": 271.25, "minY": 359.75, "maxX": 296.75, "maxY": 397.75}, "class_id": 0, "box_caption": "person 0.003", "scores": {"class_score": 0.0034027099609375}, "domain": "pixel"}, {"position": {"minX": 244.625, "minY": 264.0, "maxX": 261.5, "maxY": 338.0}, "class_id": 0, "box_caption": "person 0.003", "scores": {"class_score": 0.003376007080078125}, "domain": "pixel"}, {"position": {"minX": 262.5, "minY": 431.25, "maxX": 289.5, "maxY": 489.75}, "class_id": 0, "box_caption": "person 0.003", "scores": {"class_score": 0.003376007080078125}, "domain": "pixel"}, {"position": {"minX": 259.75, "minY": 415.5, "maxX": 298.25, "maxY": 500.0}, "class_id": 0, "box_caption": "person 0.003", "scores": {"class_score": 0.003376007080078125}, "domain": "pixel"}, {"position": {"minX": 239.5, "minY": 400.0, "maxX": 328.5, "maxY": 578.5}, "class_id": 0, "box_caption": "person 0.003", "scores": {"class_score": 0.0033626556396484375}, "domain": "pixel"}, {"position": {"minX": 298.5, "minY": 315.75, "maxX": 364.5, "maxY": 459.25}, "class_id": 0, "box_caption": "person 0.003", "scores": {"class_score": 0.003337860107421875}, "domain": "pixel"}, {"position": {"minX": 223.875, "minY": 221.375, "maxX": 287.0, "maxY": 339.0}, "class_id": 0, "box_caption": "person 0.003", "scores": {"class_score": 0.003337860107421875}, "domain": "pixel"}, {"position": {"minX": 515.0, "minY": 150.875, "maxX": 521.0, "maxY": 168.875}, "class_id": 0, "box_caption": "person 0.003", "scores": {"class_score": 0.0033245086669921875}, "domain": "pixel"}, {"position": {"minX": 135.0, "minY": 310.25, "maxX": 142.25, "maxY": 326.25}, "class_id": 0, "box_caption": "person 0.003", "scores": {"class_score": 0.0033111572265625}, "domain": "pixel"}, {"position": {"minX": 248.125, "minY": 259.5, "maxX": 360.25, "maxY": 419.5}, "class_id": 0, "box_caption": "person 0.003", "scores": {"class_score": 0.0032978057861328125}, "domain": "pixel"}, {"position": {"minX": 275.5, "minY": 289.0, "maxX": 312.0, "maxY": 347.5}, "class_id": 0, "box_caption": "person 0.003", "scores": {"class_score": 0.00327301025390625}, "domain": "pixel"}, {"position": {"minX": 220.375, "minY": 371.75, "maxX": 254.625, "maxY": 461.25}, "class_id": 0, "box_caption": "person 0.003", "scores": {"class_score": 0.00327301025390625}, "domain": "pixel"}, {"position": {"minX": 248.0, "minY": 354.5, "maxX": 281.5, "maxY": 411.5}, "class_id": 0, "box_caption": "person 0.003", "scores": {"class_score": 0.0032596588134765625}, "domain": "pixel"}, {"position": {"minX": 244.125, "minY": 377.5, "maxX": 292.0, "maxY": 503.5}, "class_id": 0, "box_caption": "person 0.003", "scores": {"class_score": 0.003223419189453125}, "domain": "pixel"}, {"position": {"minX": 271.0, "minY": 435.0, "maxX": 303.0, "maxY": 510.5}, "class_id": 0, "box_caption": "person 0.003", "scores": {"class_score": 0.0032100677490234375}, "domain": "pixel"}, {"position": {"minX": 167.75, "minY": 372.0, "maxX": 294.75, "maxY": 558.0}, "class_id": 0, "box_caption": "person 0.003", "scores": {"class_score": 0.0031719207763671875}, "domain": "pixel"}, {"position": {"minX": 295.0, "minY": 277.0, "maxX": 314.0, "maxY": 322.5}, "class_id": 0, "box_caption": "person 0.003", "scores": {"class_score": 0.003147125244140625}, "domain": "pixel"}, {"position": {"minX": 386.5, "minY": 296.25, "maxX": 416.0, "maxY": 382.25}, "class_id": 0, "box_caption": "person 0.003", "scores": {"class_score": 0.003147125244140625}, "domain": "pixel"}, {"position": {"minX": 370.25, "minY": 279.25, "maxX": 459.75, "maxY": 427.75}, "class_id": 0, "box_caption": "person 0.003", "scores": {"class_score": 0.00313568115234375}, "domain": "pixel"}, {"position": {"minX": 264.25, "minY": 139.25, "maxX": 293.75, "maxY": 203.25}, "class_id": 0, "box_caption": "person 0.003", "scores": {"class_score": 0.003124237060546875}, "domain": "pixel"}, {"position": {"minX": 183.75, "minY": 302.0, "maxX": 210.5, "maxY": 394.0}, "class_id": 0, "box_caption": "person 0.003", "scores": {"class_score": 0.003124237060546875}, "domain": "pixel"}, {"position": {"minX": 246.0, "minY": 118.6875, "maxX": 295.5, "maxY": 198.0}, "class_id": 0, "box_caption": "person 0.003", "scores": {"class_score": 0.0030879974365234375}, "domain": "pixel"}, {"position": {"minX": 303.25, "minY": 332.0, "maxX": 338.75, "maxY": 399.0}, "class_id": 0, "box_caption": "person 0.003", "scores": {"class_score": 0.003063201904296875}, "domain": "pixel"}, {"position": {"minX": 380.75, "minY": 268.0, "maxX": 595.5, "maxY": 647.5}, "class_id": 0, "box_caption": "person 0.003", "scores": {"class_score": 0.0030517578125}, "domain": "pixel"}, {"position": {"minX": 603.0, "minY": 131.875, "maxX": 615.0, "maxY": 158.625}, "class_id": 0, "box_caption": "person 0.003", "scores": {"class_score": 0.0029582977294921875}, "domain": "pixel"}, {"position": {"minX": 281.25, "minY": 442.75, "maxX": 301.25, "maxY": 499.25}, "class_id": 0, "box_caption": "person 0.003", "scores": {"class_score": 0.0029354095458984375}, "domain": "pixel"}, {"position": {"minX": 201.75, "minY": 451.0, "maxX": 237.75, "maxY": 536.5}, "class_id": 0, "box_caption": "person 0.003", "scores": {"class_score": 0.0029354095458984375}, "domain": "pixel"}, {"position": {"minX": 151.375, "minY": 271.75, "maxX": 263.5, "maxY": 445.25}, "class_id": 0, "box_caption": "person 0.003", "scores": {"class_score": 0.0029354095458984375}, "domain": "pixel"}, {"position": {"minX": 518.0, "minY": 138.75, "maxX": 526.0, "maxY": 161.0}, "class_id": 0, "box_caption": "person 0.003", "scores": {"class_score": 0.0029125213623046875}, "domain": "pixel"}, {"position": {"minX": 385.0, "minY": 517.5, "maxX": 455.0, "maxY": 643.5}, "class_id": 0, "box_caption": "person 0.003", "scores": {"class_score": 0.0029125213623046875}, "domain": "pixel"}, {"position": {"minX": 256.75, "minY": 154.125, "maxX": 279.25, "maxY": 204.625}, "class_id": 0, "box_caption": "person 0.003", "scores": {"class_score": 0.0028896331787109375}, "domain": "pixel"}, {"position": {"minX": 416.75, "minY": 511.5, "maxX": 463.25, "maxY": 619.5}, "class_id": 0, "box_caption": "person 0.003", "scores": {"class_score": 0.0028781890869140625}, "domain": "pixel"}, {"position": {"minX": 230.0, "minY": 369.75, "maxX": 255.75, "maxY": 418.75}, "class_id": 0, "box_caption": "person 0.003", "scores": {"class_score": 0.0028667449951171875}, "domain": "pixel"}, {"position": {"minX": 372.5, "minY": 167.0, "maxX": 407.0, "maxY": 256.25}, "class_id": 0, "box_caption": "person 0.003", "scores": {"class_score": 0.0028553009033203125}, "domain": "pixel"}, {"position": {"minX": 194.625, "minY": 257.75, "maxX": 209.875, "maxY": 289.75}, "class_id": 0, "box_caption": "person 0.003", "scores": {"class_score": 0.00284576416015625}, "domain": "pixel"}, {"position": {"minX": 138.0, "minY": 465.25, "maxX": 150.75, "maxY": 491.25}, "class_id": 0, "box_caption": "person 0.003", "scores": {"class_score": 0.00284576416015625}, "domain": "pixel"}, {"position": {"minX": 396.75, "minY": 326.0, "maxX": 510.75, "maxY": 614.0}, "class_id": 0, "box_caption": "person 0.003", "scores": {"class_score": 0.0028228759765625}, "domain": "pixel"}, {"position": {"minX": 457.0, "minY": 537.0, "maxX": 491.5, "maxY": 587.0}, "class_id": 0, "box_caption": "person 0.003", "scores": {"class_score": 0.00279998779296875}, "domain": "pixel"}, {"position": {"minX": 256.75, "minY": 172.25, "maxX": 268.75, "maxY": 200.25}, "class_id": 0, "box_caption": "person 0.003", "scores": {"class_score": 0.0027790069580078125}, "domain": "pixel"}, {"position": {"minX": 222.125, "minY": 110.0, "maxX": 267.0, "maxY": 188.75}, "class_id": 0, "box_caption": "person 0.003", "scores": {"class_score": 0.0027675628662109375}, "domain": "pixel"}, {"position": {"minX": 593.0, "minY": 605.5, "maxX": 608.0, "maxY": 635.5}, "class_id": 0, "box_caption": "person 0.003", "scores": {"class_score": 0.002758026123046875}, "domain": "pixel"}, {"position": {"minX": 354.0, "minY": 278.0, "maxX": 392.5, "maxY": 370.0}, "class_id": 0, "box_caption": "person 0.003", "scores": {"class_score": 0.0027370452880859375}, "domain": "pixel"}, {"position": {"minX": 369.0, "minY": 175.0, "maxX": 397.0, "maxY": 246.75}, "class_id": 0, "box_caption": "person 0.003", "scores": {"class_score": 0.0027370452880859375}, "domain": "pixel"}, {"position": {"minX": 371.75, "minY": 181.125, "maxX": 392.25, "maxY": 223.625}, "class_id": 0, "box_caption": "person 0.003", "scores": {"class_score": 0.00269317626953125}, "domain": "pixel"}, {"position": {"minX": 15.765625, "minY": 152.375, "maxX": 40.9375, "maxY": 220.375}, "class_id": 0, "box_caption": "person 0.003", "scores": {"class_score": 0.0026836395263671875}, "domain": "pixel"}, {"position": {"minX": 579.5, "minY": 576.0, "maxX": 600.5, "maxY": 624.0}, "class_id": 0, "box_caption": "person 0.003", "scores": {"class_score": 0.0026836395263671875}, "domain": "pixel"}, {"position": {"minX": 357.5, "minY": 426.0, "maxX": 478.0, "maxY": 646.0}, "class_id": 0, "box_caption": "person 0.003", "scores": {"class_score": 0.0026721954345703125}, "domain": "pixel"}, {"position": {"minX": 104.5, "minY": 95.25, "maxX": 119.625, "maxY": 125.625}, "class_id": 0, "box_caption": "person 0.003", "scores": {"class_score": 0.00266265869140625}, "domain": "pixel"}, {"position": {"minX": 452.25, "minY": 543.5, "maxX": 477.75, "maxY": 583.5}, "class_id": 0, "box_caption": "person 0.003", "scores": {"class_score": 0.0026531219482421875}, "domain": "pixel"}, {"position": {"minX": 318.75, "minY": 311.25, "maxX": 351.25, "maxY": 400.25}, "class_id": 0, "box_caption": "person 0.003", "scores": {"class_score": 0.002590179443359375}, "domain": "pixel"}, {"position": {"minX": 268.5, "minY": 282.25, "maxX": 298.0, "maxY": 328.75}, "class_id": 0, "box_caption": "person 0.003", "scores": {"class_score": 0.0025806427001953125}, "domain": "pixel"}, {"position": {"minX": 202.625, "minY": 376.75, "maxX": 221.875, "maxY": 431.75}, "class_id": 0, "box_caption": "person 0.003", "scores": {"class_score": 0.0025806427001953125}, "domain": "pixel"}, {"position": {"minX": 286.75, "minY": 287.25, "maxX": 377.75, "maxY": 495.25}, "class_id": 0, "box_caption": "person 0.003", "scores": {"class_score": 0.00257110595703125}, "domain": "pixel"}, {"position": {"minX": 364.75, "minY": 154.0, "maxX": 400.25, "maxY": 270.0}, "class_id": 0, "box_caption": "person 0.003", "scores": {"class_score": 0.0025615692138671875}, "domain": "pixel"}, {"position": {"minX": 236.0, "minY": 366.75, "maxX": 259.0, "maxY": 411.75}, "class_id": 0, "box_caption": "person 0.003", "scores": {"class_score": 0.0025501251220703125}, "domain": "pixel"}, {"position": {"minX": 241.25, "minY": 243.375, "maxX": 271.75, "maxY": 329.75}, "class_id": 0, "box_caption": "person 0.003", "scores": {"class_score": 0.0025501251220703125}, "domain": "pixel"}, {"position": {"minX": 447.25, "minY": 525.0, "maxX": 502.25, "maxY": 598.0}, "class_id": 0, "box_caption": "person 0.003", "scores": {"class_score": 0.0025501251220703125}, "domain": "pixel"}, {"position": {"minX": 257.75, "minY": 168.5, "maxX": 274.75, "maxY": 203.5}, "class_id": 0, "box_caption": "person 0.003", "scores": {"class_score": 0.0025310516357421875}, "domain": "pixel"}, {"position": {"minX": 270.75, "minY": 190.125, "maxX": 299.75, "maxY": 240.125}, "class_id": 0, "box_caption": "person 0.003", "scores": {"class_score": 0.0025310516357421875}, "domain": "pixel"}, {"position": {"minX": 210.0, "minY": 454.0, "maxX": 245.0, "maxY": 541.0}, "class_id": 0, "box_caption": "person 0.003", "scores": {"class_score": 0.0025310516357421875}, "domain": "pixel"}, {"position": {"minX": 558.5, "minY": 143.25, "maxX": 567.5, "maxY": 166.25}, "class_id": 0, "box_caption": "person 0.002", "scores": {"class_score": 0.002471923828125}, "domain": "pixel"}, {"position": {"minX": 243.125, "minY": 343.0, "maxX": 288.5, "maxY": 423.5}, "class_id": 0, "box_caption": "person 0.002", "scores": {"class_score": 0.002471923828125}, "domain": "pixel"}, {"position": {"minX": 192.125, "minY": 258.75, "maxX": 218.625, "maxY": 372.75}, "class_id": 0, "box_caption": "person 0.002", "scores": {"class_score": 0.002452850341796875}, "domain": "pixel"}, {"position": {"minX": 329.5, "minY": 267.75, "maxX": 465.0, "maxY": 610.0}, "class_id": 0, "box_caption": "person 0.002", "scores": {"class_score": 0.002452850341796875}, "domain": "pixel"}, {"position": {"minX": 352.0, "minY": 357.25, "maxX": 373.0, "maxY": 433.25}, "class_id": 0, "box_caption": "person 0.002", "scores": {"class_score": 0.00243377685546875}, "domain": "pixel"}, {"position": {"minX": 221.75, "minY": 372.75, "maxX": 341.25, "maxY": 603.0}, "class_id": 0, "box_caption": "person 0.002", "scores": {"class_score": 0.0024242401123046875}, "domain": "pixel"}, {"position": {"minX": 270.0, "minY": 276.25, "maxX": 401.5, "maxY": 429.25}, "class_id": 0, "box_caption": "person 0.002", "scores": {"class_score": 0.0024242401123046875}, "domain": "pixel"}, {"position": {"minX": 339.25, "minY": 355.25, "maxX": 371.75, "maxY": 460.75}, "class_id": 0, "box_caption": "person 0.002", "scores": {"class_score": 0.0023975372314453125}, "domain": "pixel"}, {"position": {"minX": 652.5, "minY": 146.25, "maxX": 660.5, "maxY": 179.75}, "class_id": 0, "box_caption": "person 0.002", "scores": {"class_score": 0.0023784637451171875}, "domain": "pixel"}, {"position": {"minX": 207.5, "minY": 171.125, "maxX": 224.75, "maxY": 221.625}, "class_id": 0, "box_caption": "person 0.002", "scores": {"class_score": 0.0023593902587890625}, "domain": "pixel"}, {"position": {"minX": 441.25, "minY": 520.5, "maxX": 456.75, "maxY": 577.5}, "class_id": 0, "box_caption": "person 0.002", "scores": {"class_score": 0.00234222412109375}, "domain": "pixel"}, {"position": {"minX": -9.71875, "minY": 98.75, "maxX": 97.5, "maxY": 246.5}, "class_id": 0, "box_caption": "person 0.002", "scores": {"class_score": 0.0023326873779296875}, "domain": "pixel"}, {"position": {"minX": 159.5, "minY": 306.0, "maxX": 226.5, "maxY": 465.0}, "class_id": 0, "box_caption": "person 0.002", "scores": {"class_score": 0.002323150634765625}, "domain": "pixel"}, {"position": {"minX": 285.0, "minY": 467.25, "maxX": 302.0, "maxY": 513.5}, "class_id": 0, "box_caption": "person 0.002", "scores": {"class_score": 0.0023136138916015625}, "domain": "pixel"}, {"position": {"minX": 3.50390625, "minY": 580.0, "maxX": 18.25, "maxY": 659.0}, "class_id": 0, "box_caption": "person 0.002", "scores": {"class_score": 0.0023059844970703125}, "domain": "pixel"}, {"position": {"minX": 225.625, "minY": 391.0, "maxX": 248.625, "maxY": 441.0}, "class_id": 0, "box_caption": "person 0.002", "scores": {"class_score": 0.0023059844970703125}, "domain": "pixel"}, {"position": {"minX": 299.5, "minY": 432.25, "maxX": 349.0, "maxY": 543.0}, "class_id": 0, "box_caption": "person 0.002", "scores": {"class_score": 0.00229644775390625}, "domain": "pixel"}, {"position": {"minX": 279.25, "minY": 277.0, "maxX": 303.75, "maxY": 323.0}, "class_id": 0, "box_caption": "person 0.002", "scores": {"class_score": 0.0022869110107421875}, "domain": "pixel"}, {"position": {"minX": 335.25, "minY": 279.5, "maxX": 358.25, "maxY": 340.0}, "class_id": 0, "box_caption": "person 0.002", "scores": {"class_score": 0.0022869110107421875}, "domain": "pixel"}, {"position": {"minX": 219.625, "minY": 386.75, "maxX": 241.375, "maxY": 437.25}, "class_id": 0, "box_caption": "person 0.002", "scores": {"class_score": 0.0022525787353515625}, "domain": "pixel"}, {"position": {"minX": 161.25, "minY": 89.75, "maxX": 181.0, "maxY": 119.75}, "class_id": 0, "box_caption": "person 0.002", "scores": {"class_score": 0.0022335052490234375}, "domain": "pixel"}, {"position": {"minX": 241.875, "minY": 335.0, "maxX": 357.5, "maxY": 583.5}, "class_id": 0, "box_caption": "person 0.002", "scores": {"class_score": 0.0022258758544921875}, "domain": "pixel"}, {"position": {"minX": 257.25, "minY": 195.25, "maxX": 281.75, "maxY": 248.75}, "class_id": 0, "box_caption": "person 0.002", "scores": {"class_score": 0.002216339111328125}, "domain": "pixel"}, {"position": {"minX": 277.25, "minY": 405.0, "maxX": 343.75, "maxY": 548.5}, "class_id": 0, "box_caption": "person 0.002", "scores": {"class_score": 0.002216339111328125}, "domain": "pixel"}, {"position": {"minX": 21.0625, "minY": 129.5, "maxX": 74.4375, "maxY": 212.25}, "class_id": 0, "box_caption": "person 0.002", "scores": {"class_score": 0.0021915435791015625}, "domain": "pixel"}, {"position": {"minX": 280.75, "minY": 346.75, "maxX": 354.25, "maxY": 575.0}, "class_id": 0, "box_caption": "person 0.002", "scores": {"class_score": 0.0021915435791015625}, "domain": "pixel"}, {"position": {"minX": 375.5, "minY": 303.25, "maxX": 414.0, "maxY": 389.75}, "class_id": 0, "box_caption": "person 0.002", "scores": {"class_score": 0.0021572113037109375}, "domain": "pixel"}, {"position": {"minX": 288.0, "minY": 212.75, "maxX": 319.5, "maxY": 325.75}, "class_id": 0, "box_caption": "person 0.002", "scores": {"class_score": 0.0021572113037109375}, "domain": "pixel"}, {"position": {"minX": 445.0, "minY": 531.5, "maxX": 463.0, "maxY": 576.5}, "class_id": 0, "box_caption": "person 0.002", "scores": {"class_score": 0.0021495819091796875}, "domain": "pixel"}, {"position": {"minX": 7.53515625, "minY": 518.5, "maxX": 19.828125, "maxY": 577.5}, "class_id": 0, "box_caption": "person 0.002", "scores": {"class_score": 0.0021495819091796875}, "domain": "pixel"}, {"position": {"minX": 143.375, "minY": 322.0, "maxX": 278.5, "maxY": 563.5}, "class_id": 0, "box_caption": "person 0.002", "scores": {"class_score": 0.002132415771484375}, "domain": "pixel"}, {"position": {"minX": 335.0, "minY": 351.5, "maxX": 358.0, "maxY": 404.5}, "class_id": 0, "box_caption": "person 0.002", "scores": {"class_score": 0.0021076202392578125}, "domain": "pixel"}, {"position": {"minX": 407.5, "minY": 215.5, "maxX": 657.5, "maxY": 643.5}, "class_id": 0, "box_caption": "person 0.002", "scores": {"class_score": 0.0020904541015625}, "domain": "pixel"}, {"position": {"minX": 235.5, "minY": 304.0, "maxX": 251.5, "maxY": 339.0}, "class_id": 0, "box_caption": "person 0.002", "scores": {"class_score": 0.00206756591796875}, "domain": "pixel"}, {"position": {"minX": 254.875, "minY": 161.625, "maxX": 271.25, "maxY": 201.625}, "class_id": 0, "box_caption": "person 0.002", "scores": {"class_score": 0.00206756591796875}, "domain": "pixel"}, {"position": {"minX": 260.0, "minY": 436.0, "maxX": 279.0, "maxY": 484.0}, "class_id": 0, "box_caption": "person 0.002", "scores": {"class_score": 0.00206756591796875}, "domain": "pixel"}, {"position": {"minX": 252.5, "minY": 212.375, "maxX": 281.5, "maxY": 295.5}, "class_id": 0, "box_caption": "person 0.002", "scores": {"class_score": 0.00206756591796875}, "domain": "pixel"}, {"position": {"minX": 221.125, "minY": 290.5, "maxX": 242.125, "maxY": 358.5}, "class_id": 0, "box_caption": "person 0.002", "scores": {"class_score": 0.0020580291748046875}, "domain": "pixel"}, {"position": {"minX": 354.0, "minY": 160.625, "maxX": 425.5, "maxY": 372.5}, "class_id": 0, "box_caption": "person 0.002", "scores": {"class_score": 0.0020351409912109375}, "domain": "pixel"}, {"position": {"minX": 99.625, "minY": 93.625, "maxX": 125.375, "maxY": 128.25}, "class_id": 0, "box_caption": "person 0.002", "scores": {"class_score": 0.0020275115966796875}, "domain": "pixel"}, {"position": {"minX": 193.5, "minY": 379.0, "maxX": 223.5, "maxY": 466.0}, "class_id": 0, "box_caption": "person 0.002", "scores": {"class_score": 0.0020198822021484375}, "domain": "pixel"}, {"position": {"minX": 40.0, "minY": 297.0, "maxX": 46.75, "maxY": 317.5}, "class_id": 0, "box_caption": "person 0.002", "scores": {"class_score": 0.002010345458984375}, "domain": "pixel"}, {"position": {"minX": 0.6328125, "minY": 556.0, "maxX": 20.0, "maxY": 682.0}, "class_id": 0, "box_caption": "person 0.002", "scores": {"class_score": 0.002010345458984375}, "domain": "pixel"}, {"position": {"minX": 206.0, "minY": 379.0, "maxX": 230.0, "maxY": 459.0}, "class_id": 0, "box_caption": "person 0.002", "scores": {"class_score": 0.002002716064453125}, "domain": "pixel"}, {"position": {"minX": 248.5, "minY": 274.0, "maxX": 271.5, "maxY": 340.0}, "class_id": 0, "box_caption": "person 0.002", "scores": {"class_score": 0.001987457275390625}, "domain": "pixel"}, {"position": {"minX": 233.25, "minY": 270.5, "maxX": 369.25, "maxY": 529.5}, "class_id": 0, "box_caption": "person 0.002", "scores": {"class_score": 0.001987457275390625}, "domain": "pixel"}, {"position": {"minX": 279.75, "minY": 304.0, "maxX": 302.25, "maxY": 336.5}, "class_id": 0, "box_caption": "person 0.002", "scores": {"class_score": 0.001979827880859375}, "domain": "pixel"}, {"position": {"minX": 194.625, "minY": 237.125, "maxX": 210.875, "maxY": 302.75}, "class_id": 0, "box_caption": "person 0.002", "scores": {"class_score": 0.001979827880859375}, "domain": "pixel"}, {"position": {"minX": 456.0, "minY": 188.125, "maxX": 479.5, "maxY": 216.125}, "class_id": 0, "box_caption": "person 0.002", "scores": {"class_score": 0.001979827880859375}, "domain": "pixel"}, {"position": {"minX": 182.0, "minY": 376.0, "maxX": 200.75, "maxY": 417.0}, "class_id": 0, "box_caption": "person 0.002", "scores": {"class_score": 0.001972198486328125}, "domain": "pixel"}, {"position": {"minX": 246.5, "minY": 347.0, "maxX": 296.0, "maxY": 472.0}, "class_id": 0, "box_caption": "person 0.002", "scores": {"class_score": 0.001972198486328125}, "domain": "pixel"}, {"position": {"minX": 333.5, "minY": 289.0, "maxX": 348.5, "maxY": 330.0}, "class_id": 0, "box_caption": "person 0.002", "scores": {"class_score": 0.001964569091796875}, "domain": "pixel"}, {"position": {"minX": 630.5, "minY": 147.375, "maxX": 640.5, "maxY": 169.875}, "class_id": 0, "box_caption": "person 0.002", "scores": {"class_score": 0.001941680908203125}, "domain": "pixel"}, {"position": {"minX": 17.375, "minY": 112.75, "maxX": 42.6875, "maxY": 187.5}, "class_id": 0, "box_caption": "person 0.002", "scores": {"class_score": 0.0019044876098632812}, "domain": "pixel"}, {"position": {"minX": 395.0, "minY": 386.5, "maxX": 575.5, "maxY": 625.0}, "class_id": 0, "box_caption": "person 0.002", "scores": {"class_score": 0.0018968582153320312}, "domain": "pixel"}, {"position": {"minX": 14.6015625, "minY": 108.625, "maxX": 35.03125, "maxY": 176.875}, "class_id": 0, "box_caption": "person 0.002", "scores": {"class_score": 0.0018825531005859375}, "domain": "pixel"}, {"position": {"minX": -0.5, "minY": 507.0, "maxX": 33.1875, "maxY": 678.0}, "class_id": 0, "box_caption": "person 0.002", "scores": {"class_score": 0.0018825531005859375}, "domain": "pixel"}, {"position": {"minX": 467.0, "minY": 197.125, "maxX": 479.5, "maxY": 217.625}, "class_id": 0, "box_caption": "person 0.002", "scores": {"class_score": 0.0018529891967773438}, "domain": "pixel"}, {"position": {"minX": 397.0, "minY": 581.0, "maxX": 421.5, "maxY": 632.0}, "class_id": 0, "box_caption": "person 0.002", "scores": {"class_score": 0.0018529891967773438}, "domain": "pixel"}, {"position": {"minX": 127.6875, "minY": 380.5, "maxX": 255.5, "maxY": 548.0}, "class_id": 0, "box_caption": "person 0.002", "scores": {"class_score": 0.0018310546875}, "domain": "pixel"}, {"position": {"minX": 24.921875, "minY": 151.625, "maxX": 70.125, "maxY": 218.375}, "class_id": 0, "box_caption": "person 0.002", "scores": {"class_score": 0.0018243789672851562}, "domain": "pixel"}, {"position": {"minX": 487.75, "minY": 135.25, "maxX": 503.75, "maxY": 178.5}, "class_id": 0, "box_caption": "person 0.002", "scores": {"class_score": 0.0018177032470703125}, "domain": "pixel"}, {"position": {"minX": 280.25, "minY": 177.25, "maxX": 306.75, "maxY": 230.0}, "class_id": 0, "box_caption": "person 0.002", "scores": {"class_score": 0.0018177032470703125}, "domain": "pixel"}], "class_labels": {"0": "person"}}