{"box_data": [{"position": {"minX": 490.5, "minY": 52.96875, "maxX": 562.5, "maxY": 165.875}, "class_id": 0, "box_caption": "person 0.126", "scores": {"class_score": 0.1260986328125}, "domain": "pixel"}, {"position": {"minX": 429.75, "minY": 119.5, "maxX": 445.25, "maxY": 159.0}, "class_id": 0, "box_caption": "person 0.101", "scores": {"class_score": 0.10089111328125}, "domain": "pixel"}, {"position": {"minX": 428.0, "minY": 109.875, "maxX": 447.5, "maxY": 156.125}, "class_id": 0, "box_caption": "person 0.094", "scores": {"class_score": 0.093994140625}, "domain": "pixel"}, {"position": {"minX": 517.0, "minY": 50.84375, "maxX": 595.0, "maxY": 161.375}, "class_id": 0, "box_caption": "person 0.085", "scores": {"class_score": 0.0850830078125}, "domain": "pixel"}, {"position": {"minX": 465.5, "minY": 52.3125, "maxX": 537.0, "maxY": 169.0}, "class_id": 0, "box_caption": "person 0.085", "scores": {"class_score": 0.08477783203125}, "domain": "pixel"}, {"position": {"minX": 166.5, "minY": 130.25, "maxX": 180.5, "maxY": 164.5}, "class_id": 0, "box_caption": "person 0.082", "scores": {"class_score": 0.08154296875}, "domain": "pixel"}, {"position": {"minX": 282.25, "minY": 233.125, "maxX": 336.75, "maxY": 369.5}, "class_id": 0, "box_caption": "person 0.081", "scores": {"class_score": 0.08050537109375}, "domain": "pixel"}, {"position": {"minX": -4.0, "minY": 22.0625, "maxX": 95.875, "maxY": 194.75}, "class_id": 0, "box_caption": "person 0.074", "scores": {"class_score": 0.0740966796875}, "domain": "pixel"}, {"position": {"minX": 434.5, "minY": 121.8125, "maxX": 447.0, "maxY": 158.0}, "class_id": 0, "box_caption": "person 0.068", "scores": {"class_score": 0.06756591796875}, "domain": "pixel"}, {"position": {"minX": 551.0, "minY": 54.59375, "maxX": 619.0, "maxY": 151.125}, "class_id": 0, "box_caption": "person 0.063", "scores": {"class_score": 0.0633544921875}, "domain": "pixel"}, {"position": {"minX": 224.5, "minY": 15.5, "maxX": 312.5, "maxY": 151.0}, "class_id": 0, "box_caption": "person 0.061", "scores": {"class_score": 0.060516357421875}, "domain": "pixel"}, {"position": {"minX": 434.75, "minY": 57.9375, "maxX": 494.25, "maxY": 165.5}, "class_id": 0, "box_caption": "person 0.054", "scores": {"class_score": 0.053985595703125}, "domain": "pixel"}, {"position": {"minX": 425.0, "minY": 98.375, "maxX": 450.5, "maxY": 147.875}, "class_id": 0, "box_caption": "person 0.054", "scores": {"class_score": 0.053802490234375}, "domain": "pixel"}, {"position": {"minX": 270.0, "minY": 366.75, "maxX": 293.0, "maxY": 420.25}, "class_id": 0, "box_caption": "person 0.052", "scores": {"class_score": 0.052032470703125}, "domain": "pixel"}, {"position": {"minX": 499.0, "minY": 67.875, "maxX": 543.0, "maxY": 168.125}, "class_id": 0, "box_caption": "person 0.052", "scores": {"class_score": 0.05194091796875}, "domain": "pixel"}, {"position": {"minX": -8.78125, "minY": 39.625, "maxX": 96.375, "maxY": 305.5}, "class_id": 0, "box_caption": "person 0.052", "scores": {"class_score": 0.051849365234375}, "domain": "pixel"}, {"position": {"minX": 17.9375, "minY": 22.375, "maxX": 125.5625, "maxY": 198.875}, "class_id": 0, "box_caption": "person 0.050", "scores": {"class_score": 0.0504150390625}, "domain": "pixel"}, {"position": {"minX": 460.75, "minY": 162.375, "maxX": 481.75, "maxY": 196.375}, "class_id": 0, "box_caption": "person 0.050", "scores": {"class_score": 0.050323486328125}, "domain": "pixel"}, {"position": {"minX": 520.5, "minY": 122.25, "maxX": 543.5, "maxY": 173.0}, "class_id": 0, "box_caption": "person 0.050", "scores": {"class_score": 0.0496826171875}, "domain": "pixel"}, {"position": {"minX": 293.25, "minY": 186.5, "maxX": 372.75, "maxY": 353.5}, "class_id": 0, "box_caption": "person 0.049", "scores": {"class_score": 0.0489501953125}, "domain": "pixel"}, {"position": {"minX": 170.375, "minY": 131.0, "maxX": 185.125, "maxY": 164.25}, "class_id": 0, "box_caption": "person 0.048", "scores": {"class_score": 0.048126220703125}, "domain": "pixel"}, {"position": {"minX": 157.625, "minY": 129.875, "maxX": 176.625, "maxY": 163.625}, "class_id": 0, "box_caption": "person 0.048", "scores": {"class_score": 0.048126220703125}, "domain": "pixel"}, {"position": {"minX": 5.2890625, "minY": 603.5, "maxX": 26.125, "maxY": 662.5}, "class_id": 0, "box_caption": "person 0.046", "scores": {"class_score": 0.046295166015625}, "domain": "pixel"}, {"position": {"minX": 422.25, "minY": 111.75, "maxX": 439.75, "maxY": 147.25}, "class_id": 0, "box_caption": "person 0.046", "scores": {"class_score": 0.0460205078125}, "domain": "pixel"}, {"position": {"minX": 145.375, "minY": 127.625, "maxX": 160.875, "maxY": 164.125}, "class_id": 0, "box_caption": "person 0.046", "scores": {"class_score": 0.0460205078125}, "domain": "pixel"}, {"position": {"minX": 561.5, "minY": 52.875, "maxX": 601.5, "maxY": 156.125}, "class_id": 0, "box_caption": "person 0.046", "scores": {"class_score": 0.045867919921875}, "domain": "pixel"}, {"position": {"minX": 207.25, "minY": 55.125, "maxX": 272.25, "maxY": 157.5}, "class_id": 0, "box_caption": "person 0.046", "scores": {"class_score": 0.045867919921875}, "domain": "pixel"}, {"position": {"minX": 474.25, "minY": 162.75, "maxX": 492.75, "maxY": 204.0}, "class_id": 0, "box_caption": "person 0.046", "scores": {"class_score": 0.0455322265625}, "domain": "pixel"}, {"position": {"minX": -12.96875, "minY": 282.5, "maxX": 109.625, "maxY": 644.0}, "class_id": 0, "box_caption": "person 0.045", "scores": {"class_score": 0.045013427734375}, "domain": "pixel"}, {"position": {"minX": 455.0, "minY": 163.125, "maxX": 468.0, "maxY": 196.875}, "class_id": 0, "box_caption": "person 0.044", "scores": {"class_score": 0.043609619140625}, "domain": "pixel"}, {"position": {"minX": 507.0, "minY": 97.125, "maxX": 539.0, "maxY": 174.625}, "class_id": 0, "box_caption": "person 0.043", "scores": {"class_score": 0.043365478515625}, "domain": "pixel"}, {"position": {"minX": 68.0625, "minY": 36.0625, "maxX": 145.5, "maxY": 180.25}, "class_id": 0, "box_caption": "person 0.043", "scores": {"class_score": 0.043212890625}, "domain": "pixel"}, {"position": {"minX": 155.625, "minY": 126.875, "maxX": 170.625, "maxY": 165.375}, "class_id": 0, "box_caption": "person 0.043", "scores": {"class_score": 0.042877197265625}, "domain": "pixel"}, {"position": {"minX": 481.5, "minY": 52.15625, "maxX": 527.5, "maxY": 159.875}, "class_id": 0, "box_caption": "person 0.043", "scores": {"class_score": 0.042724609375}, "domain": "pixel"}, {"position": {"minX": 514.5, "minY": 90.4375, "maxX": 551.5, "maxY": 178.5}, "class_id": 0, "box_caption": "person 0.042", "scores": {"class_score": 0.04248046875}, "domain": "pixel"}, {"position": {"minX": 468.25, "minY": 82.875, "maxX": 524.5, "maxY": 180.625}, "class_id": 0, "box_caption": "person 0.042", "scores": {"class_score": 0.04248046875}, "domain": "pixel"}, {"position": {"minX": 543.0, "minY": 144.75, "maxX": 556.0, "maxY": 179.25}, "class_id": 0, "box_caption": "person 0.041", "scores": {"class_score": 0.04052734375}, "domain": "pixel"}, {"position": {"minX": 437.5, "minY": 92.0, "maxX": 490.0, "maxY": 178.0}, "class_id": 0, "box_caption": "person 0.040", "scores": {"class_score": 0.039794921875}, "domain": "pixel"}, {"position": {"minX": 641.5, "minY": 82.5, "maxX": 658.5, "maxY": 131.0}, "class_id": 0, "box_caption": "person 0.039", "scores": {"class_score": 0.039276123046875}, "domain": "pixel"}, {"position": {"minX": 468.25, "minY": 157.375, "maxX": 484.25, "maxY": 201.125}, "class_id": 0, "box_caption": "person 0.039", "scores": {"class_score": 0.0391845703125}, "domain": "pixel"}, {"position": {"minX": 148.75, "minY": 136.0, "maxX": 161.5, "maxY": 168.75}, "class_id": 0, "box_caption": "person 0.039", "scores": {"class_score": 0.038909912109375}, "domain": "pixel"}, {"position": {"minX": 643.5, "minY": 86.5, "maxX": 660.5, "maxY": 144.125}, "class_id": 0, "box_caption": "person 0.039", "scores": {"class_score": 0.038909912109375}, "domain": "pixel"}, {"position": {"minX": 512.5, "minY": 121.375, "maxX": 534.5, "maxY": 171.375}, "class_id": 0, "box_caption": "person 0.039", "scores": {"class_score": 0.038818359375}, "domain": "pixel"}, {"position": {"minX": 200.25, "minY": 13.75, "maxX": 289.75, "maxY": 164.375}, "class_id": 0, "box_caption": "person 0.039", "scores": {"class_score": 0.0386962890625}, "domain": "pixel"}, {"position": {"minX": 142.25, "minY": 112.75, "maxX": 161.0, "maxY": 163.25}, "class_id": 0, "box_caption": "person 0.039", "scores": {"class_score": 0.038543701171875}, "domain": "pixel"}, {"position": {"minX": 418.75, "minY": 100.5, "maxX": 440.75, "maxY": 148.25}, "class_id": 0, "box_caption": "person 0.038", "scores": {"class_score": 0.038177490234375}, "domain": "pixel"}, {"position": {"minX": 458.25, "minY": 153.375, "maxX": 476.75, "maxY": 203.875}, "class_id": 0, "box_caption": "person 0.038", "scores": {"class_score": 0.03790283203125}, "domain": "pixel"}, {"position": {"minX": 171.75, "minY": 137.75, "maxX": 184.0, "maxY": 170.25}, "class_id": 0, "box_caption": "person 0.037", "scores": {"class_score": 0.037322998046875}, "domain": "pixel"}, {"position": {"minX": 487.25, "minY": 76.125, "maxX": 522.0, "maxY": 160.625}, "class_id": 0, "box_caption": "person 0.037", "scores": {"class_score": 0.0369873046875}, "domain": "pixel"}, {"position": {"minX": 430.0, "minY": 25.53125, "maxX": 502.0, "maxY": 145.25}, "class_id": 0, "box_caption": "person 0.037", "scores": {"class_score": 0.036773681640625}, "domain": "pixel"}, {"position": {"minX": 148.5, "minY": 116.0625, "maxX": 164.0, "maxY": 161.75}, "class_id": 0, "box_caption": "person 0.036", "scores": {"class_score": 0.036224365234375}, "domain": "pixel"}, {"position": {"minX": 312.75, "minY": 75.125, "maxX": 372.75, "maxY": 200.875}, "class_id": 0, "box_caption": "person 0.035", "scores": {"class_score": 0.034759521484375}, "domain": "pixel"}, {"position": {"minX": 542.5, "minY": 37.5625, "maxX": 595.5, "maxY": 141.0}, "class_id": 0, "box_caption": "person 0.034", "scores": {"class_score": 0.03448486328125}, "domain": "pixel"}, {"position": {"minX": 566.0, "minY": 84.0, "maxX": 594.0, "maxY": 149.375}, "class_id": 0, "box_caption": "person 0.034", "scores": {"class_score": 0.033721923828125}, "domain": "pixel"}, {"position": {"minX": 305.25, "minY": 53.875, "maxX": 372.25, "maxY": 166.375}, "class_id": 0, "box_caption": "person 0.033", "scores": {"class_score": 0.0333251953125}, "domain": "pixel"}, {"position": {"minX": 4.0, "minY": 234.125, "maxX": 141.25, "maxY": 627.0}, "class_id": 0, "box_caption": "person 0.033", "scores": {"class_score": 0.0325927734375}, "domain": "pixel"}, {"position": {"minX": 104.25, "minY": 600.5, "maxX": 133.5, "maxY": 660.5}, "class_id": 0, "box_caption": "person 0.032", "scores": {"class_score": 0.032470703125}, "domain": "pixel"}, {"position": {"minX": 493.25, "minY": 34.78125, "maxX": 547.0, "maxY": 144.875}, "class_id": 0, "box_caption": "person 0.032", "scores": {"class_score": 0.03228759765625}, "domain": "pixel"}, {"position": {"minX": 585.5, "minY": 109.6875, "maxX": 600.5, "maxY": 154.25}, "class_id": 0, "box_caption": "person 0.032", "scores": {"class_score": 0.031982421875}, "domain": "pixel"}, {"position": {"minX": 32.15625, "minY": 18.5625, "maxX": 121.125, "maxY": 145.25}, "class_id": 0, "box_caption": "person 0.032", "scores": {"class_score": 0.03179931640625}, "domain": "pixel"}, {"position": {"minX": -5.75, "minY": 379.5, "maxX": 96.75, "maxY": 669.5}, "class_id": 0, "box_caption": "person 0.032", "scores": {"class_score": 0.03173828125}, "domain": "pixel"}, {"position": {"minX": 2.8125, "minY": 29.625, "maxX": 72.625, "maxY": 243.625}, "class_id": 0, "box_caption": "person 0.031", "scores": {"class_score": 0.030914306640625}, "domain": "pixel"}, {"position": {"minX": 454.0, "minY": 155.625, "maxX": 468.0, "maxY": 189.375}, "class_id": 0, "box_caption": "person 0.030", "scores": {"class_score": 0.0303802490234375}, "domain": "pixel"}, {"position": {"minX": 408.25, "minY": 67.25, "maxX": 466.75, "maxY": 168.25}, "class_id": 0, "box_caption": "person 0.030", "scores": {"class_score": 0.0302734375}, "domain": "pixel"}, {"position": {"minX": 325.25, "minY": 114.125, "maxX": 399.75, "maxY": 292.5}, "class_id": 0, "box_caption": "person 0.030", "scores": {"class_score": 0.0299835205078125}, "domain": "pixel"}, {"position": {"minX": 522.0, "minY": 82.625, "maxX": 583.0, "maxY": 173.875}, "class_id": 0, "box_caption": "person 0.030", "scores": {"class_score": 0.0299224853515625}, "domain": "pixel"}, {"position": {"minX": 539.0, "minY": 128.75, "maxX": 558.0, "maxY": 175.5}, "class_id": 0, "box_caption": "person 0.030", "scores": {"class_score": 0.0297088623046875}, "domain": "pixel"}, {"position": {"minX": 525.5, "minY": 54.9375, "maxX": 573.5, "maxY": 151.25}, "class_id": 0, "box_caption": "person 0.030", "scores": {"class_score": 0.0297088623046875}, "domain": "pixel"}, {"position": {"minX": 543.0, "minY": 155.25, "maxX": 554.0, "maxY": 185.25}, "class_id": 0, "box_caption": "person 0.029", "scores": {"class_score": 0.029205322265625}, "domain": "pixel"}, {"position": {"minX": 7.609375, "minY": 621.5, "maxX": 24.921875, "maxY": 660.5}, "class_id": 0, "box_caption": "person 0.029", "scores": {"class_score": 0.029083251953125}, "domain": "pixel"}, {"position": {"minX": 313.75, "minY": 85.375, "maxX": 378.75, "maxY": 262.0}, "class_id": 0, "box_caption": "person 0.029", "scores": {"class_score": 0.0287628173828125}, "domain": "pixel"}, {"position": {"minX": 280.75, "minY": 240.75, "maxX": 316.25, "maxY": 346.75}, "class_id": 0, "box_caption": "person 0.028", "scores": {"class_score": 0.0283355712890625}, "domain": "pixel"}, {"position": {"minX": 507.25, "minY": 31.09375, "maxX": 562.5, "maxY": 145.5}, "class_id": 0, "box_caption": "person 0.028", "scores": {"class_score": 0.0280609130859375}, "domain": "pixel"}, {"position": {"minX": 443.75, "minY": 129.0, "maxX": 461.25, "maxY": 168.75}, "class_id": 0, "box_caption": "person 0.028", "scores": {"class_score": 0.027740478515625}, "domain": "pixel"}, {"position": {"minX": 427.25, "minY": 109.9375, "maxX": 443.25, "maxY": 145.625}, "class_id": 0, "box_caption": "person 0.028", "scores": {"class_score": 0.0276947021484375}, "domain": "pixel"}, {"position": {"minX": 508.5, "minY": 178.5, "maxX": 677.5, "maxY": 560.5}, "class_id": 0, "box_caption": "person 0.027", "scores": {"class_score": 0.0274810791015625}, "domain": "pixel"}, {"position": {"minX": 167.125, "minY": 137.875, "maxX": 179.375, "maxY": 170.375}, "class_id": 0, "box_caption": "person 0.027", "scores": {"class_score": 0.027374267578125}, "domain": "pixel"}, {"position": {"minX": 610.5, "minY": 98.875, "maxX": 623.5, "maxY": 132.625}, "class_id": 0, "box_caption": "person 0.027", "scores": {"class_score": 0.0271759033203125}, "domain": "pixel"}, {"position": {"minX": 464.0, "minY": 126.5, "maxX": 484.0, "maxY": 177.0}, "class_id": 0, "box_caption": "person 0.027", "scores": {"class_score": 0.0271148681640625}, "domain": "pixel"}, {"position": {"minX": -8.21875, "minY": 181.5, "maxX": 99.25, "maxY": 557.5}, "class_id": 0, "box_caption": "person 0.027", "scores": {"class_score": 0.027069091796875}, "domain": "pixel"}, {"position": {"minX": 102.375, "minY": 572.0, "maxX": 139.625, "maxY": 663.0}, "class_id": 0, "box_caption": "person 0.027", "scores": {"class_score": 0.027008056640625}, "domain": "pixel"}, {"position": {"minX": 556.5, "minY": 23.46875, "maxX": 611.5, "maxY": 127.25}, "class_id": 0, "box_caption": "person 0.027", "scores": {"class_score": 0.02691650390625}, "domain": "pixel"}, {"position": {"minX": 186.375, "minY": 59.40625, "maxX": 246.125, "maxY": 163.5}, "class_id": 0, "box_caption": "person 0.026", "scores": {"class_score": 0.026153564453125}, "domain": "pixel"}, {"position": {"minX": 12.03125, "minY": 348.25, "maxX": 129.75, "maxY": 638.0}, "class_id": 0, "box_caption": "person 0.026", "scores": {"class_score": 0.0261077880859375}, "domain": "pixel"}, {"position": {"minX": 594.5, "minY": 105.5, "maxX": 608.5, "maxY": 139.875}, "class_id": 0, "box_caption": "person 0.026", "scores": {"class_score": 0.0259552001953125}, "domain": "pixel"}, {"position": {"minX": 12.203125, "minY": 10.875, "maxX": 63.6875, "maxY": 169.375}, "class_id": 0, "box_caption": "person 0.026", "scores": {"class_score": 0.0258636474609375}, "domain": "pixel"}, {"position": {"minX": 275.75, "minY": 200.25, "maxX": 346.25, "maxY": 353.75}, "class_id": 0, "box_caption": "person 0.026", "scores": {"class_score": 0.025665283203125}, "domain": "pixel"}, {"position": {"minX": 533.5, "minY": 141.5, "maxX": 550.5, "maxY": 178.5}, "class_id": 0, "box_caption": "person 0.025", "scores": {"class_score": 0.0253753662109375}, "domain": "pixel"}, {"position": {"minX": 388.0, "minY": 113.1875, "maxX": 405.5, "maxY": 155.875}, "class_id": 0, "box_caption": "person 0.025", "scores": {"class_score": 0.0252685546875}, "domain": "pixel"}, {"position": {"minX": 236.375, "minY": 128.75, "maxX": 250.875, "maxY": 162.5}, "class_id": 0, "box_caption": "person 0.025", "scores": {"class_score": 0.02508544921875}, "domain": "pixel"}, {"position": {"minX": 391.25, "minY": 110.25, "maxX": 409.25, "maxY": 150.75}, "class_id": 0, "box_caption": "person 0.025", "scores": {"class_score": 0.0248870849609375}, "domain": "pixel"}, {"position": {"minX": 556.5, "minY": 77.75, "maxX": 586.5, "maxY": 154.875}, "class_id": 0, "box_caption": "person 0.025", "scores": {"class_score": 0.0246124267578125}, "domain": "pixel"}, {"position": {"minX": 461.25, "minY": 471.0, "maxX": 474.75, "maxY": 507.5}, "class_id": 0, "box_caption": "person 0.024", "scores": {"class_score": 0.0243377685546875}, "domain": "pixel"}, {"position": {"minX": 109.375, "minY": 55.0, "maxX": 166.625, "maxY": 168.875}, "class_id": 0, "box_caption": "person 0.024", "scores": {"class_score": 0.02423095703125}, "domain": "pixel"}, {"position": {"minX": 480.25, "minY": 174.25, "maxX": 493.75, "maxY": 210.5}, "class_id": 0, "box_caption": "person 0.023", "scores": {"class_score": 0.023468017578125}, "domain": "pixel"}, {"position": {"minX": 9.21875, "minY": 2.28125, "maxX": 81.25, "maxY": 106.75}, "class_id": 0, "box_caption": "person 0.023", "scores": {"class_score": 0.0234222412109375}, "domain": "pixel"}, {"position": {"minX": 127.3125, "minY": 196.875, "maxX": 139.5, "maxY": 229.375}, "class_id": 0, "box_caption": "person 0.023", "scores": {"class_score": 0.023284912109375}, "domain": "pixel"}, {"position": {"minX": 246.75, "minY": 18.125, "maxX": 347.25, "maxY": 153.875}, "class_id": 0, "box_caption": "person 0.023", "scores": {"class_score": 0.0230712890625}, "domain": "pixel"}, {"position": {"minX": 483.25, "minY": 119.625, "maxX": 500.75, "maxY": 165.125}, "class_id": 0, "box_caption": "person 0.023", "scores": {"class_score": 0.02288818359375}, "domain": "pixel"}, {"position": {"minX": 583.0, "minY": 22.40625, "maxX": 662.0, "maxY": 142.125}, "class_id": 0, "box_caption": "person 0.023", "scores": {"class_score": 0.0226287841796875}, "domain": "pixel"}, {"position": {"minX": 330.25, "minY": 52.3125, "maxX": 396.75, "maxY": 166.25}, "class_id": 0, "box_caption": "person 0.023", "scores": {"class_score": 0.0226287841796875}, "domain": "pixel"}, {"position": {"minX": 302.5, "minY": 106.0625, "maxX": 383.5, "maxY": 315.5}, "class_id": 0, "box_caption": "person 0.022", "scores": {"class_score": 0.022369384765625}, "domain": "pixel"}, {"position": {"minX": 4.671875, "minY": 47.0625, "maxX": 50.625, "maxY": 190.75}, "class_id": 0, "box_caption": "person 0.022", "scores": {"class_score": 0.0222930908203125}, "domain": "pixel"}, {"position": {"minX": 330.5, "minY": 72.3125, "maxX": 395.5, "maxY": 209.5}, "class_id": 0, "box_caption": "person 0.022", "scores": {"class_score": 0.0221099853515625}, "domain": "pixel"}, {"position": {"minX": 295.5, "minY": 24.375, "maxX": 383.5, "maxY": 149.625}, "class_id": 0, "box_caption": "person 0.022", "scores": {"class_score": 0.02203369140625}, "domain": "pixel"}, {"position": {"minX": 439.5, "minY": 108.0, "maxX": 462.0, "maxY": 158.25}, "class_id": 0, "box_caption": "person 0.022", "scores": {"class_score": 0.02191162109375}, "domain": "pixel"}, {"position": {"minX": 397.5, "minY": 340.0, "maxX": 419.0, "maxY": 380.0}, "class_id": 0, "box_caption": "person 0.022", "scores": {"class_score": 0.0218658447265625}, "domain": "pixel"}, {"position": {"minX": 645.5, "minY": 605.0, "maxX": 660.5, "maxY": 660.0}, "class_id": 0, "box_caption": "person 0.022", "scores": {"class_score": 0.021820068359375}, "domain": "pixel"}, {"position": {"minX": 319.25, "minY": 183.75, "maxX": 396.75, "maxY": 355.25}, "class_id": 0, "box_caption": "person 0.022", "scores": {"class_score": 0.021697998046875}, "domain": "pixel"}, {"position": {"minX": 272.5, "minY": 297.0, "maxX": 330.5, "maxY": 424.0}, "class_id": 0, "box_caption": "person 0.022", "scores": {"class_score": 0.0215301513671875}, "domain": "pixel"}, {"position": {"minX": 563.0, "minY": 89.9375, "maxX": 584.0, "maxY": 147.5}, "class_id": 0, "box_caption": "person 0.021", "scores": {"class_score": 0.021453857421875}, "domain": "pixel"}, {"position": {"minX": 640.0, "minY": 78.625, "maxX": 664.0, "maxY": 150.625}, "class_id": 0, "box_caption": "person 0.021", "scores": {"class_score": 0.0213623046875}, "domain": "pixel"}, {"position": {"minX": 473.25, "minY": 142.25, "maxX": 494.25, "maxY": 195.75}, "class_id": 0, "box_caption": "person 0.021", "scores": {"class_score": 0.0210418701171875}, "domain": "pixel"}, {"position": {"minX": 439.0, "minY": 208.375, "maxX": 688.0, "maxY": 648.5}, "class_id": 0, "box_caption": "person 0.021", "scores": {"class_score": 0.02056884765625}, "domain": "pixel"}, {"position": {"minX": 262.0, "minY": 50.375, "maxX": 342.0, "maxY": 163.5}, "class_id": 0, "box_caption": "person 0.020", "scores": {"class_score": 0.020416259765625}, "domain": "pixel"}, {"position": {"minX": 577.5, "minY": 108.5, "maxX": 597.5, "maxY": 161.0}, "class_id": 0, "box_caption": "person 0.020", "scores": {"class_score": 0.0203399658203125}, "domain": "pixel"}, {"position": {"minX": 586.5, "minY": 95.0, "maxX": 608.5, "maxY": 141.625}, "class_id": 0, "box_caption": "person 0.020", "scores": {"class_score": 0.020294189453125}, "domain": "pixel"}, {"position": {"minX": 26.78125, "minY": 63.1875, "maxX": 116.25, "maxY": 272.0}, "class_id": 0, "box_caption": "person 0.020", "scores": {"class_score": 0.0202484130859375}, "domain": "pixel"}, {"position": {"minX": 421.25, "minY": 106.1875, "maxX": 443.75, "maxY": 157.5}, "class_id": 0, "box_caption": "person 0.020", "scores": {"class_score": 0.0202178955078125}, "domain": "pixel"}, {"position": {"minX": 212.125, "minY": 78.5625, "maxX": 249.625, "maxY": 160.25}, "class_id": 0, "box_caption": "person 0.020", "scores": {"class_score": 0.0201416015625}, "domain": "pixel"}, {"position": {"minX": 474.5, "minY": 123.125, "maxX": 496.5, "maxY": 174.625}, "class_id": 0, "box_caption": "person 0.020", "scores": {"class_score": 0.019989013671875}, "domain": "pixel"}, {"position": {"minX": 458.75, "minY": 167.875, "maxX": 473.75, "maxY": 202.625}, "class_id": 0, "box_caption": "person 0.020", "scores": {"class_score": 0.019866943359375}, "domain": "pixel"}, {"position": {"minX": 289.5, "minY": 218.25, "maxX": 332.5, "maxY": 339.25}, "class_id": 0, "box_caption": "person 0.020", "scores": {"class_score": 0.01983642578125}, "domain": "pixel"}, {"position": {"minX": 638.5, "minY": 12.984375, "maxX": 660.5, "maxY": 64.75}, "class_id": 0, "box_caption": "person 0.020", "scores": {"class_score": 0.0197601318359375}, "domain": "pixel"}, {"position": {"minX": 642.0, "minY": 11.859375, "maxX": 658.0, "maxY": 48.75}, "class_id": 0, "box_caption": "person 0.020", "scores": {"class_score": 0.0196380615234375}, "domain": "pixel"}, {"position": {"minX": 531.0, "minY": 76.5, "maxX": 564.0, "maxY": 158.625}, "class_id": 0, "box_caption": "person 0.020", "scores": {"class_score": 0.01953125}, "domain": "pixel"}, {"position": {"minX": 277.25, "minY": 247.875, "maxX": 321.25, "maxY": 376.5}, "class_id": 0, "box_caption": "person 0.019", "scores": {"class_score": 0.0194549560546875}, "domain": "pixel"}, {"position": {"minX": 603.5, "minY": 100.0625, "maxX": 618.5, "maxY": 134.125}, "class_id": 0, "box_caption": "person 0.019", "scores": {"class_score": 0.019195556640625}, "domain": "pixel"}, {"position": {"minX": 588.5, "minY": 58.71875, "maxX": 651.5, "maxY": 153.0}, "class_id": 0, "box_caption": "person 0.019", "scores": {"class_score": 0.019195556640625}, "domain": "pixel"}, {"position": {"minX": 490.5, "minY": 299.5, "maxX": 688.5, "maxY": 685.0}, "class_id": 0, "box_caption": "person 0.019", "scores": {"class_score": 0.019195556640625}, "domain": "pixel"}, {"position": {"minX": 388.25, "minY": 341.75, "maxX": 407.25, "maxY": 384.25}, "class_id": 0, "box_caption": "person 0.019", "scores": {"class_score": 0.0191192626953125}, "domain": "pixel"}, {"position": {"minX": 274.25, "minY": 360.5, "maxX": 301.75, "maxY": 420.5}, "class_id": 0, "box_caption": "person 0.019", "scores": {"class_score": 0.0185394287109375}, "domain": "pixel"}, {"position": {"minX": 459.0, "minY": 141.375, "maxX": 488.5, "maxY": 199.125}, "class_id": 0, "box_caption": "person 0.019", "scores": {"class_score": 0.0185394287109375}, "domain": "pixel"}, {"position": {"minX": 461.5, "minY": 109.375, "maxX": 485.0, "maxY": 161.625}, "class_id": 0, "box_caption": "person 0.018", "scores": {"class_score": 0.0184783935546875}, "domain": "pixel"}, {"position": {"minX": 516.0, "minY": 15.65625, "maxX": 601.0, "maxY": 112.875}, "class_id": 0, "box_caption": "person 0.018", "scores": {"class_score": 0.0184783935546875}, "domain": "pixel"}, {"position": {"minX": 104.5625, "minY": 25.96875, "maxX": 166.25, "maxY": 143.25}, "class_id": 0, "box_caption": "person 0.018", "scores": {"class_score": 0.018402099609375}, "domain": "pixel"}, {"position": {"minX": 200.625, "minY": 79.25, "maxX": 239.875, "maxY": 161.5}, "class_id": 0, "box_caption": "person 0.018", "scores": {"class_score": 0.018341064453125}, "domain": "pixel"}, {"position": {"minX": 646.5, "minY": 84.8125, "maxX": 661.5, "maxY": 131.125}, "class_id": 0, "box_caption": "person 0.018", "scores": {"class_score": 0.0181884765625}, "domain": "pixel"}, {"position": {"minX": 37.71875, "minY": 29.625, "maxX": 106.0, "maxY": 240.375}, "class_id": 0, "box_caption": "person 0.018", "scores": {"class_score": 0.018157958984375}, "domain": "pixel"}, {"position": {"minX": 294.0, "minY": 252.875, "maxX": 354.0, "maxY": 400.0}, "class_id": 0, "box_caption": "person 0.018", "scores": {"class_score": 0.018157958984375}, "domain": "pixel"}, {"position": {"minX": 227.375, "minY": 132.625, "maxX": 243.375, "maxY": 160.625}, "class_id": 0, "box_caption": "person 0.018", "scores": {"class_score": 0.01812744140625}, "domain": "pixel"}, {"position": {"minX": 259.0, "minY": 75.3125, "maxX": 293.5, "maxY": 162.5}, "class_id": 0, "box_caption": "person 0.018", "scores": {"class_score": 0.0180206298828125}, "domain": "pixel"}, {"position": {"minX": 326.5, "minY": 21.03125, "maxX": 402.0, "maxY": 147.25}, "class_id": 0, "box_caption": "person 0.018", "scores": {"class_score": 0.017852783203125}, "domain": "pixel"}, {"position": {"minX": 587.0, "minY": 104.1875, "maxX": 604.0, "maxY": 145.75}, "class_id": 0, "box_caption": "person 0.018", "scores": {"class_score": 0.0177764892578125}, "domain": "pixel"}, {"position": {"minX": 564.0, "minY": 149.0, "maxX": 682.0, "maxY": 527.0}, "class_id": 0, "box_caption": "person 0.018", "scores": {"class_score": 0.0177154541015625}, "domain": "pixel"}, {"position": {"minX": 204.375, "minY": 103.125, "maxX": 232.125, "maxY": 165.375}, "class_id": 0, "box_caption": "person 0.018", "scores": {"class_score": 0.017578125}, "domain": "pixel"}, {"position": {"minX": 546.5, "minY": 15.5, "maxX": 636.5, "maxY": 107.0625}, "class_id": 0, "box_caption": "person 0.018", "scores": {"class_score": 0.01751708984375}, "domain": "pixel"}, {"position": {"minX": 491.75, "minY": 24.28125, "maxX": 634.0, "maxY": 145.75}, "class_id": 0, "box_caption": "person 0.018", "scores": {"class_score": 0.01751708984375}, "domain": "pixel"}, {"position": {"minX": 439.75, "minY": 88.25, "maxX": 469.25, "maxY": 153.75}, "class_id": 0, "box_caption": "person 0.017", "scores": {"class_score": 0.017303466796875}, "domain": "pixel"}, {"position": {"minX": 3.9375, "minY": 578.0, "maxX": 30.03125, "maxY": 660.0}, "class_id": 0, "box_caption": "person 0.017", "scores": {"class_score": 0.017303466796875}, "domain": "pixel"}, {"position": {"minX": 464.0, "minY": 41.375, "maxX": 586.0, "maxY": 179.25}, "class_id": 0, "box_caption": "person 0.017", "scores": {"class_score": 0.017303466796875}, "domain": "pixel"}, {"position": {"minX": 564.0, "minY": 244.875, "maxX": 681.0, "maxY": 684.0}, "class_id": 0, "box_caption": "person 0.017", "scores": {"class_score": 0.017242431640625}, "domain": "pixel"}, {"position": {"minX": 535.0, "minY": 101.25, "maxX": 562.0, "maxY": 173.5}, "class_id": 0, "box_caption": "person 0.017", "scores": {"class_score": 0.017181396484375}, "domain": "pixel"}, {"position": {"minX": 436.25, "minY": 62.65625, "maxX": 476.75, "maxY": 150.125}, "class_id": 0, "box_caption": "person 0.017", "scores": {"class_score": 0.017181396484375}, "domain": "pixel"}, {"position": {"minX": 589.5, "minY": 11.25, "maxX": 656.5, "maxY": 101.1875}, "class_id": 0, "box_caption": "person 0.017", "scores": {"class_score": 0.0169830322265625}, "domain": "pixel"}, {"position": {"minX": 582.0, "minY": 130.625, "maxX": 596.0, "maxY": 168.125}, "class_id": 0, "box_caption": "person 0.017", "scores": {"class_score": 0.0169219970703125}, "domain": "pixel"}, {"position": {"minX": 287.25, "minY": 261.0, "maxX": 333.75, "maxY": 390.5}, "class_id": 0, "box_caption": "person 0.017", "scores": {"class_score": 0.0169219970703125}, "domain": "pixel"}, {"position": {"minX": 477.25, "minY": 171.125, "maxX": 492.25, "maxY": 217.375}, "class_id": 0, "box_caption": "person 0.017", "scores": {"class_score": 0.01678466796875}, "domain": "pixel"}, {"position": {"minX": 9.140625, "minY": 56.625, "maxX": 66.9375, "maxY": 340.5}, "class_id": 0, "box_caption": "person 0.017", "scores": {"class_score": 0.01666259765625}, "domain": "pixel"}, {"position": {"minX": 569.5, "minY": 40.8125, "maxX": 621.5, "maxY": 138.25}, "class_id": 0, "box_caption": "person 0.017", "scores": {"class_score": 0.0165863037109375}, "domain": "pixel"}, {"position": {"minX": 407.5, "minY": 336.25, "maxX": 423.5, "maxY": 382.75}, "class_id": 0, "box_caption": "person 0.017", "scores": {"class_score": 0.0165252685546875}, "domain": "pixel"}, {"position": {"minX": 434.25, "minY": 17.28125, "maxX": 500.75, "maxY": 99.25}, "class_id": 0, "box_caption": "person 0.017", "scores": {"class_score": 0.0165252685546875}, "domain": "pixel"}, {"position": {"minX": 287.5, "minY": 151.0, "maxX": 344.5, "maxY": 341.0}, "class_id": 0, "box_caption": "person 0.017", "scores": {"class_score": 0.0165252685546875}, "domain": "pixel"}, {"position": {"minX": 367.5, "minY": 61.28125, "maxX": 428.0, "maxY": 161.25}, "class_id": 0, "box_caption": "person 0.016", "scores": {"class_score": 0.0164642333984375}, "domain": "pixel"}, {"position": {"minX": 124.4375, "minY": 202.125, "maxX": 138.875, "maxY": 234.875}, "class_id": 0, "box_caption": "person 0.016", "scores": {"class_score": 0.0162200927734375}, "domain": "pixel"}, {"position": {"minX": 138.875, "minY": 95.25, "maxX": 161.375, "maxY": 155.125}, "class_id": 0, "box_caption": "person 0.016", "scores": {"class_score": 0.0162200927734375}, "domain": "pixel"}, {"position": {"minX": 612.0, "minY": 107.5625, "maxX": 623.0, "maxY": 137.0}, "class_id": 0, "box_caption": "person 0.016", "scores": {"class_score": 0.0161590576171875}, "domain": "pixel"}, {"position": {"minX": 588.0, "minY": 116.5625, "maxX": 601.0, "maxY": 148.0}, "class_id": 0, "box_caption": "person 0.016", "scores": {"class_score": 0.0160980224609375}, "domain": "pixel"}, {"position": {"minX": 17.4375, "minY": 27.6875, "maxX": 89.8125, "maxY": 273.75}, "class_id": 0, "box_caption": "person 0.016", "scores": {"class_score": 0.015960693359375}, "domain": "pixel"}, {"position": {"minX": 120.5, "minY": 89.125, "maxX": 166.75, "maxY": 168.625}, "class_id": 0, "box_caption": "person 0.016", "scores": {"class_score": 0.015960693359375}, "domain": "pixel"}, {"position": {"minX": 230.25, "minY": 4.5, "maxX": 298.75, "maxY": 110.125}, "class_id": 0, "box_caption": "person 0.016", "scores": {"class_score": 0.015899658203125}, "domain": "pixel"}, {"position": {"minX": 176.625, "minY": 28.0, "maxX": 251.375, "maxY": 154.75}, "class_id": 0, "box_caption": "person 0.016", "scores": {"class_score": 0.015838623046875}, "domain": "pixel"}, {"position": {"minX": 583.5, "minY": 124.9375, "maxX": 598.5, "maxY": 174.375}, "class_id": 0, "box_caption": "person 0.016", "scores": {"class_score": 0.015777587890625}, "domain": "pixel"}, {"position": {"minX": 461.75, "minY": 40.03125, "maxX": 513.5, "maxY": 137.25}, "class_id": 0, "box_caption": "person 0.016", "scores": {"class_score": 0.015777587890625}, "domain": "pixel"}, {"position": {"minX": 311.75, "minY": 85.25, "maxX": 347.75, "maxY": 185.25}, "class_id": 0, "box_caption": "person 0.016", "scores": {"class_score": 0.015777587890625}, "domain": "pixel"}, {"position": {"minX": 484.5, "minY": 19.1875, "maxX": 569.5, "maxY": 110.5625}, "class_id": 0, "box_caption": "person 0.016", "scores": {"class_score": 0.015716552734375}, "domain": "pixel"}, {"position": {"minX": 39.125, "minY": 10.90625, "maxX": 117.375, "maxY": 102.875}, "class_id": 0, "box_caption": "person 0.016", "scores": {"class_score": 0.01554107666015625}, "domain": "pixel"}, {"position": {"minX": 562.0, "minY": 79.5, "maxX": 614.0, "maxY": 177.5}, "class_id": 0, "box_caption": "person 0.015", "scores": {"class_score": 0.0153656005859375}, "domain": "pixel"}, {"position": {"minX": 248.125, "minY": 55.71875, "maxX": 290.0, "maxY": 154.75}, "class_id": 0, "box_caption": "person 0.015", "scores": {"class_score": 0.01519012451171875}, "domain": "pixel"}, {"position": {"minX": 630.0, "minY": 62.6875, "maxX": 668.0, "maxY": 156.5}, "class_id": 0, "box_caption": "person 0.015", "scores": {"class_score": 0.01519012451171875}, "domain": "pixel"}, {"position": {"minX": 489.0, "minY": 120.25, "maxX": 514.5, "maxY": 173.5}, "class_id": 0, "box_caption": "person 0.015", "scores": {"class_score": 0.01507568359375}, "domain": "pixel"}, {"position": {"minX": 94.125, "minY": 531.0, "maxX": 145.125, "maxY": 656.0}, "class_id": 0, "box_caption": "person 0.015", "scores": {"class_score": 0.01507568359375}, "domain": "pixel"}, {"position": {"minX": 593.5, "minY": 98.25, "maxX": 610.5, "maxY": 134.125}, "class_id": 0, "box_caption": "person 0.015", "scores": {"class_score": 0.01495361328125}, "domain": "pixel"}, {"position": {"minX": 263.25, "minY": 367.5, "maxX": 288.25, "maxY": 421.5}, "class_id": 0, "box_caption": "person 0.015", "scores": {"class_score": 0.01495361328125}, "domain": "pixel"}, {"position": {"minX": 639.5, "minY": 598.5, "maxX": 664.5, "maxY": 662.5}, "class_id": 0, "box_caption": "person 0.015", "scores": {"class_score": 0.01495361328125}, "domain": "pixel"}, {"position": {"minX": 473.0, "minY": 82.1875, "maxX": 508.5, "maxY": 158.0}, "class_id": 0, "box_caption": "person 0.015", "scores": {"class_score": 0.01483917236328125}, "domain": "pixel"}, {"position": {"minX": 529.0, "minY": 11.6875, "maxX": 652.0, "maxY": 149.5}, "class_id": 0, "box_caption": "person 0.015", "scores": {"class_score": 0.01483917236328125}, "domain": "pixel"}, {"position": {"minX": 156.0, "minY": 137.75, "maxX": 168.25, "maxY": 169.0}, "class_id": 0, "box_caption": "person 0.015", "scores": {"class_score": 0.01473236083984375}, "domain": "pixel"}, {"position": {"minX": 460.75, "minY": 122.5, "maxX": 489.75, "maxY": 182.0}, "class_id": 0, "box_caption": "person 0.015", "scores": {"class_score": 0.01473236083984375}, "domain": "pixel"}, {"position": {"minX": 21.6875, "minY": -1.25, "maxX": 85.25, "maxY": 177.25}, "class_id": 0, "box_caption": "person 0.015", "scores": {"class_score": 0.01473236083984375}, "domain": "pixel"}, {"position": {"minX": 401.0, "minY": 32.34375, "maxX": 472.0, "maxY": 143.875}, "class_id": 0, "box_caption": "person 0.015", "scores": {"class_score": 0.01473236083984375}, "domain": "pixel"}, {"position": {"minX": 457.0, "minY": 17.125, "maxX": 529.0, "maxY": 107.5}, "class_id": 0, "box_caption": "person 0.015", "scores": {"class_score": 0.01467132568359375}, "domain": "pixel"}, {"position": {"minX": 456.0, "minY": 88.125, "maxX": 485.0, "maxY": 153.5}, "class_id": 0, "box_caption": "person 0.015", "scores": {"class_score": 0.01450347900390625}, "domain": "pixel"}, {"position": {"minX": 301.5, "minY": 191.0, "maxX": 354.0, "maxY": 335.0}, "class_id": 0, "box_caption": "person 0.014", "scores": {"class_score": 0.0143890380859375}, "domain": "pixel"}, {"position": {"minX": 252.75, "minY": 228.125, "maxX": 324.25, "maxY": 383.0}, "class_id": 0, "box_caption": "person 0.014", "scores": {"class_score": 0.0143890380859375}, "domain": "pixel"}, {"position": {"minX": 153.25, "minY": 115.625, "maxX": 180.5, "maxY": 163.625}, "class_id": 0, "box_caption": "person 0.014", "scores": {"class_score": 0.01422882080078125}, "domain": "pixel"}, {"position": {"minX": 226.875, "minY": 119.0, "maxX": 245.125, "maxY": 161.5}, "class_id": 0, "box_caption": "person 0.014", "scores": {"class_score": 0.0141754150390625}, "domain": "pixel"}, {"position": {"minX": 568.5, "minY": 89.125, "maxX": 587.5, "maxY": 142.25}, "class_id": 0, "box_caption": "person 0.014", "scores": {"class_score": 0.0141754150390625}, "domain": "pixel"}, {"position": {"minX": 276.5, "minY": 283.25, "maxX": 317.5, "maxY": 398.25}, "class_id": 0, "box_caption": "person 0.014", "scores": {"class_score": 0.0141143798828125}, "domain": "pixel"}, {"position": {"minX": 430.0, "minY": 116.75, "maxX": 451.0, "maxY": 168.75}, "class_id": 0, "box_caption": "person 0.014", "scores": {"class_score": 0.01406097412109375}, "domain": "pixel"}, {"position": {"minX": 362.5, "minY": 31.15625, "maxX": 431.5, "maxY": 139.0}, "class_id": 0, "box_caption": "person 0.014", "scores": {"class_score": 0.01406097412109375}, "domain": "pixel"}, {"position": {"minX": 426.5, "minY": 74.25, "maxX": 459.5, "maxY": 143.25}, "class_id": 0, "box_caption": "person 0.014", "scores": {"class_score": 0.01384735107421875}, "domain": "pixel"}, {"position": {"minX": 385.75, "minY": 350.75, "maxX": 403.75, "maxY": 395.25}, "class_id": 0, "box_caption": "person 0.014", "scores": {"class_score": 0.01384735107421875}, "domain": "pixel"}, {"position": {"minX": 368.0, "minY": 77.6875, "maxX": 425.0, "maxY": 195.5}, "class_id": 0, "box_caption": "person 0.014", "scores": {"class_score": 0.0137939453125}, "domain": "pixel"}, {"position": {"minX": 317.0, "minY": 146.125, "maxX": 371.0, "maxY": 318.0}, "class_id": 0, "box_caption": "person 0.014", "scores": {"class_score": 0.01374053955078125}, "domain": "pixel"}, {"position": {"minX": 580.5, "minY": 70.125, "maxX": 613.5, "maxY": 142.625}, "class_id": 0, "box_caption": "person 0.014", "scores": {"class_score": 0.01363372802734375}, "domain": "pixel"}, {"position": {"minX": 218.0, "minY": 105.625, "maxX": 243.5, "maxY": 159.875}, "class_id": 0, "box_caption": "person 0.014", "scores": {"class_score": 0.01363372802734375}, "domain": "pixel"}, {"position": {"minX": 244.625, "minY": 5.21875, "maxX": 359.25, "maxY": 111.875}, "class_id": 0, "box_caption": "person 0.014", "scores": {"class_score": 0.01363372802734375}, "domain": "pixel"}, {"position": {"minX": 453.5, "minY": 158.625, "maxX": 470.5, "maxY": 201.875}, "class_id": 0, "box_caption": "person 0.014", "scores": {"class_score": 0.0135345458984375}, "domain": "pixel"}, {"position": {"minX": 19.515625, "minY": -3.1875, "maxX": 61.875, "maxY": 115.125}, "class_id": 0, "box_caption": "person 0.013", "scores": {"class_score": 0.01348114013671875}, "domain": "pixel"}, {"position": {"minX": 436.5, "minY": 136.375, "maxX": 448.0, "maxY": 168.125}, "class_id": 0, "box_caption": "person 0.013", "scores": {"class_score": 0.013427734375}, "domain": "pixel"}, {"position": {"minX": 85.9375, "minY": 465.5, "maxX": 145.75, "maxY": 651.5}, "class_id": 0, "box_caption": "person 0.013", "scores": {"class_score": 0.013427734375}, "domain": "pixel"}, {"position": {"minX": 69.75, "minY": 10.75, "maxX": 142.75, "maxY": 106.4375}, "class_id": 0, "box_caption": "person 0.013", "scores": {"class_score": 0.01337432861328125}, "domain": "pixel"}, {"position": {"minX": 126.375, "minY": 183.0, "maxX": 140.125, "maxY": 223.0}, "class_id": 0, "box_caption": "person 0.013", "scores": {"class_score": 0.01332855224609375}, "domain": "pixel"}, {"position": {"minX": 622.5, "minY": 29.15625, "maxX": 668.5, "maxY": 135.375}, "class_id": 0, "box_caption": "person 0.013", "scores": {"class_score": 0.013275146484375}, "domain": "pixel"}, {"position": {"minX": 169.5, "minY": 117.8125, "maxX": 190.5, "maxY": 162.5}, "class_id": 0, "box_caption": "person 0.013", "scores": {"class_score": 0.0131683349609375}, "domain": "pixel"}, {"position": {"minX": 275.0, "minY": 158.25, "maxX": 393.0, "maxY": 381.75}, "class_id": 0, "box_caption": "person 0.013", "scores": {"class_score": 0.0131683349609375}, "domain": "pixel"}, {"position": {"minX": 218.875, "minY": 133.25, "maxX": 233.375, "maxY": 162.5}, "class_id": 0, "box_caption": "person 0.013", "scores": {"class_score": 0.01312255859375}, "domain": "pixel"}, {"position": {"minX": 391.25, "minY": 166.375, "maxX": 416.75, "maxY": 227.125}, "class_id": 0, "box_caption": "person 0.013", "scores": {"class_score": 0.01302337646484375}, "domain": "pixel"}, {"position": {"minX": 54.4375, "minY": 20.625, "maxX": 117.5625, "maxY": 218.625}, "class_id": 0, "box_caption": "person 0.013", "scores": {"class_score": 0.01302337646484375}, "domain": "pixel"}, {"position": {"minX": 105.5625, "minY": 583.0, "maxX": 158.875, "maxY": 652.0}, "class_id": 0, "box_caption": "person 0.013", "scores": {"class_score": 0.012969970703125}, "domain": "pixel"}, {"position": {"minX": 272.75, "minY": 127.6875, "maxX": 353.25, "maxY": 365.25}, "class_id": 0, "box_caption": "person 0.013", "scores": {"class_score": 0.012969970703125}, "domain": "pixel"}, {"position": {"minX": 315.0, "minY": 201.0, "maxX": 366.5, "maxY": 356.5}, "class_id": 0, "box_caption": "person 0.013", "scores": {"class_score": 0.01287078857421875}, "domain": "pixel"}, {"position": {"minX": 31.125, "minY": 184.625, "maxX": 187.375, "maxY": 617.0}, "class_id": 0, "box_caption": "person 0.013", "scores": {"class_score": 0.01287078857421875}, "domain": "pixel"}, {"position": {"minX": 257.5, "minY": 295.5, "maxX": 313.0, "maxY": 447.5}, "class_id": 0, "box_caption": "person 0.013", "scores": {"class_score": 0.0127716064453125}, "domain": "pixel"}, {"position": {"minX": 149.5, "minY": 113.9375, "maxX": 161.75, "maxY": 150.125}, "class_id": 0, "box_caption": "person 0.013", "scores": {"class_score": 0.012725830078125}, "domain": "pixel"}, {"position": {"minX": 105.8125, "minY": 621.5, "maxX": 130.75, "maxY": 658.5}, "class_id": 0, "box_caption": "person 0.013", "scores": {"class_score": 0.012725830078125}, "domain": "pixel"}, {"position": {"minX": 517.0, "minY": 131.75, "maxX": 534.0, "maxY": 176.5}, "class_id": 0, "box_caption": "person 0.013", "scores": {"class_score": 0.01267242431640625}, "domain": "pixel"}, {"position": {"minX": 305.75, "minY": 103.875, "maxX": 334.75, "maxY": 171.125}, "class_id": 0, "box_caption": "person 0.013", "scores": {"class_score": 0.0125274658203125}, "domain": "pixel"}, {"position": {"minX": -7.625, "minY": 52.5, "maxX": 91.3125, "maxY": 490.0}, "class_id": 0, "box_caption": "person 0.012", "scores": {"class_score": 0.012481689453125}, "domain": "pixel"}, {"position": {"minX": 547.5, "minY": 133.125, "maxX": 561.5, "maxY": 175.875}, "class_id": 0, "box_caption": "person 0.012", "scores": {"class_score": 0.01242828369140625}, "domain": "pixel"}, {"position": {"minX": 1.65625, "minY": 55.5, "maxX": 52.59375, "maxY": 278.25}, "class_id": 0, "box_caption": "person 0.012", "scores": {"class_score": 0.01242828369140625}, "domain": "pixel"}, {"position": {"minX": 472.5, "minY": 105.6875, "maxX": 501.0, "maxY": 166.375}, "class_id": 0, "box_caption": "person 0.012", "scores": {"class_score": 0.01233673095703125}, "domain": "pixel"}, {"position": {"minX": 449.75, "minY": 123.875, "maxX": 497.25, "maxY": 204.125}, "class_id": 0, "box_caption": "person 0.012", "scores": {"class_score": 0.01233673095703125}, "domain": "pixel"}, {"position": {"minX": 140.875, "minY": 123.0, "maxX": 157.875, "maxY": 170.25}, "class_id": 0, "box_caption": "person 0.012", "scores": {"class_score": 0.01229095458984375}, "domain": "pixel"}, {"position": {"minX": 574.5, "minY": 425.0, "maxX": 677.5, "maxY": 692.0}, "class_id": 0, "box_caption": "person 0.012", "scores": {"class_score": 0.01229095458984375}, "domain": "pixel"}, {"position": {"minX": 480.0, "minY": 182.25, "maxX": 493.5, "maxY": 221.25}, "class_id": 0, "box_caption": "person 0.012", "scores": {"class_score": 0.012237548828125}, "domain": "pixel"}, {"position": {"minX": 603.0, "minY": 86.0, "maxX": 625.0, "maxY": 130.5}, "class_id": 0, "box_caption": "person 0.012", "scores": {"class_score": 0.01214599609375}, "domain": "pixel"}, {"position": {"minX": 207.5, "minY": 129.875, "maxX": 224.5, "maxY": 164.375}, "class_id": 0, "box_caption": "person 0.012", "scores": {"class_score": 0.0121002197265625}, "domain": "pixel"}, {"position": {"minX": 363.0, "minY": 273.0, "maxX": 701.0, "maxY": 713.0}, "class_id": 0, "box_caption": "person 0.012", "scores": {"class_score": 0.0121002197265625}, "domain": "pixel"}, {"position": {"minX": 581.5, "minY": 118.3125, "maxX": 596.5, "maxY": 159.625}, "class_id": 0, "box_caption": "person 0.012", "scores": {"class_score": 0.012054443359375}, "domain": "pixel"}, {"position": {"minX": 482.5, "minY": 160.5, "maxX": 500.0, "maxY": 212.5}, "class_id": 0, "box_caption": "person 0.012", "scores": {"class_score": 0.012054443359375}, "domain": "pixel"}, {"position": {"minX": 613.5, "minY": 92.0, "maxX": 633.5, "maxY": 142.25}, "class_id": 0, "box_caption": "person 0.012", "scores": {"class_score": 0.0120086669921875}, "domain": "pixel"}, {"position": {"minX": 332.5, "minY": 158.25, "maxX": 386.5, "maxY": 337.0}, "class_id": 0, "box_caption": "person 0.012", "scores": {"class_score": 0.0120086669921875}, "domain": "pixel"}, {"position": {"minX": 459.75, "minY": 132.875, "maxX": 478.25, "maxY": 177.875}, "class_id": 0, "box_caption": "person 0.012", "scores": {"class_score": 0.011962890625}, "domain": "pixel"}, {"position": {"minX": 143.25, "minY": 142.625, "maxX": 156.5, "maxY": 175.125}, "class_id": 0, "box_caption": "person 0.012", "scores": {"class_score": 0.011962890625}, "domain": "pixel"}, {"position": {"minX": -2.46875, "minY": 433.0, "maxX": 68.125, "maxY": 687.0}, "class_id": 0, "box_caption": "person 0.012", "scores": {"class_score": 0.011962890625}, "domain": "pixel"}, {"position": {"minX": 118.0625, "minY": 205.75, "maxX": 130.875, "maxY": 232.5}, "class_id": 0, "box_caption": "person 0.012", "scores": {"class_score": 0.0118255615234375}, "domain": "pixel"}, {"position": {"minX": 610.0, "minY": 13.015625, "maxX": 643.0, "maxY": 64.8125}, "class_id": 0, "box_caption": "person 0.012", "scores": {"class_score": 0.0118255615234375}, "domain": "pixel"}, {"position": {"minX": 320.25, "minY": 371.75, "maxX": 336.25, "maxY": 416.25}, "class_id": 0, "box_caption": "person 0.012", "scores": {"class_score": 0.01177978515625}, "domain": "pixel"}, {"position": {"minX": 331.5, "minY": 10.84375, "maxX": 402.5, "maxY": 104.0}, "class_id": 0, "box_caption": "person 0.012", "scores": {"class_score": 0.01177978515625}, "domain": "pixel"}, {"position": {"minX": 409.0, "minY": 173.625, "maxX": 654.0, "maxY": 568.0}, "class_id": 0, "box_caption": "person 0.012", "scores": {"class_score": 0.01177978515625}, "domain": "pixel"}, {"position": {"minX": 262.75, "minY": 100.75, "maxX": 289.75, "maxY": 163.0}, "class_id": 0, "box_caption": "person 0.012", "scores": {"class_score": 0.0117340087890625}, "domain": "pixel"}, {"position": {"minX": 551.0, "minY": 128.5, "maxX": 569.0, "maxY": 170.0}, "class_id": 0, "box_caption": "person 0.012", "scores": {"class_score": 0.011688232421875}, "domain": "pixel"}, {"position": {"minX": 93.0, "minY": 26.40625, "maxX": 142.625, "maxY": 149.625}, "class_id": 0, "box_caption": "person 0.012", "scores": {"class_score": 0.0115966796875}, "domain": "pixel"}, {"position": {"minX": 636.5, "minY": 63.75, "maxX": 659.5, "maxY": 125.125}, "class_id": 0, "box_caption": "person 0.012", "scores": {"class_score": 0.0115966796875}, "domain": "pixel"}, {"position": {"minX": 573.5, "minY": 98.6875, "maxX": 599.5, "maxY": 168.0}, "class_id": 0, "box_caption": "person 0.012", "scores": {"class_score": 0.0115966796875}, "domain": "pixel"}, {"position": {"minX": 147.375, "minY": 103.25, "maxX": 163.125, "maxY": 148.25}, "class_id": 0, "box_caption": "person 0.012", "scores": {"class_score": 0.0115509033203125}, "domain": "pixel"}, {"position": {"minX": 3.65625, "minY": 320.25, "maxX": 83.25, "maxY": 624.0}, "class_id": 0, "box_caption": "person 0.012", "scores": {"class_score": 0.011505126953125}, "domain": "pixel"}, {"position": {"minX": 8.5625, "minY": -1.125, "maxX": 137.75, "maxY": 161.875}, "class_id": 0, "box_caption": "person 0.012", "scores": {"class_score": 0.011505126953125}, "domain": "pixel"}, {"position": {"minX": 569.0, "minY": 33.25, "maxX": 682.0, "maxY": 451.0}, "class_id": 0, "box_caption": "person 0.011", "scores": {"class_score": 0.01142120361328125}, "domain": "pixel"}, {"position": {"minX": -0.328125, "minY": 506.25, "maxX": 55.1875, "maxY": 678.5}, "class_id": 0, "box_caption": "person 0.011", "scores": {"class_score": 0.01132965087890625}, "domain": "pixel"}, {"position": {"minX": 466.75, "minY": 113.25, "maxX": 513.0, "maxY": 211.5}, "class_id": 0, "box_caption": "person 0.011", "scores": {"class_score": 0.01129150390625}, "domain": "pixel"}, {"position": {"minX": 36.375, "minY": 21.375, "maxX": 166.375, "maxY": 196.375}, "class_id": 0, "box_caption": "person 0.011", "scores": {"class_score": 0.01129150390625}, "domain": "pixel"}, {"position": {"minX": 609.5, "minY": 92.3125, "maxX": 626.5, "maxY": 127.1875}, "class_id": 0, "box_caption": "person 0.011", "scores": {"class_score": 0.01116180419921875}, "domain": "pixel"}, {"position": {"minX": 526.0, "minY": 116.6875, "maxX": 550.0, "maxY": 177.375}, "class_id": 0, "box_caption": "person 0.011", "scores": {"class_score": 0.01111602783203125}, "domain": "pixel"}, {"position": {"minX": 205.0, "minY": 136.25, "maxX": 219.0, "maxY": 172.75}, "class_id": 0, "box_caption": "person 0.011", "scores": {"class_score": 0.01111602783203125}, "domain": "pixel"}, {"position": {"minX": 399.5, "minY": 85.125, "maxX": 461.0, "maxY": 179.875}, "class_id": 0, "box_caption": "person 0.011", "scores": {"class_score": 0.01111602783203125}, "domain": "pixel"}, {"position": {"minX": 467.5, "minY": 175.25, "maxX": 483.5, "maxY": 206.0}, "class_id": 0, "box_caption": "person 0.011", "scores": {"class_score": 0.01107025146484375}, "domain": "pixel"}, {"position": {"minX": 236.25, "minY": 27.5625, "maxX": 293.75, "maxY": 150.5}, "class_id": 0, "box_caption": "person 0.011", "scores": {"class_score": 0.01107025146484375}, "domain": "pixel"}, {"position": {"minX": 20.40625, "minY": 34.0, "maxX": 108.125, "maxY": 368.0}, "class_id": 0, "box_caption": "person 0.011", "scores": {"class_score": 0.01107025146484375}, "domain": "pixel"}, {"position": {"minX": 435.25, "minY": 33.5, "maxX": 556.5, "maxY": 187.375}, "class_id": 0, "box_caption": "person 0.011", "scores": {"class_score": 0.010986328125}, "domain": "pixel"}, {"position": {"minX": 130.75, "minY": 189.625, "maxX": 143.75, "maxY": 231.375}, "class_id": 0, "box_caption": "person 0.011", "scores": {"class_score": 0.01094818115234375}, "domain": "pixel"}, {"position": {"minX": 583.0, "minY": 100.125, "maxX": 602.0, "maxY": 163.875}, "class_id": 0, "box_caption": "person 0.011", "scores": {"class_score": 0.01090240478515625}, "domain": "pixel"}, {"position": {"minX": 3.15625, "minY": 535.0, "maxX": 36.15625, "maxY": 665.0}, "class_id": 0, "box_caption": "person 0.011", "scores": {"class_score": 0.01090240478515625}, "domain": "pixel"}, {"position": {"minX": 391.25, "minY": 98.3125, "maxX": 415.75, "maxY": 145.5}, "class_id": 0, "box_caption": "person 0.011", "scores": {"class_score": 0.01085662841796875}, "domain": "pixel"}, {"position": {"minX": 396.5, "minY": 348.25, "maxX": 417.5, "maxY": 389.25}, "class_id": 0, "box_caption": "person 0.011", "scores": {"class_score": 0.0108184814453125}, "domain": "pixel"}, {"position": {"minX": 625.5, "minY": 11.28125, "maxX": 671.5, "maxY": 92.625}, "class_id": 0, "box_caption": "person 0.011", "scores": {"class_score": 0.0108184814453125}, "domain": "pixel"}, {"position": {"minX": 0.90625, "minY": 564.5, "maxX": 47.28125, "maxY": 675.5}, "class_id": 0, "box_caption": "person 0.011", "scores": {"class_score": 0.0108184814453125}, "domain": "pixel"}, {"position": {"minX": 319.5, "minY": 66.8125, "maxX": 365.5, "maxY": 169.5}, "class_id": 0, "box_caption": "person 0.011", "scores": {"class_score": 0.01078033447265625}, "domain": "pixel"}, {"position": {"minX": 291.5, "minY": 6.65625, "maxX": 382.5, "maxY": 106.25}, "class_id": 0, "box_caption": "person 0.011", "scores": {"class_score": 0.01078033447265625}, "domain": "pixel"}, {"position": {"minX": 20.03125, "minY": 423.5, "maxX": 130.875, "maxY": 690.5}, "class_id": 0, "box_caption": "person 0.011", "scores": {"class_score": 0.01078033447265625}, "domain": "pixel"}, {"position": {"minX": 255.25, "minY": 103.8125, "maxX": 283.75, "maxY": 159.75}, "class_id": 0, "box_caption": "person 0.011", "scores": {"class_score": 0.01073455810546875}, "domain": "pixel"}, {"position": {"minX": 354.0, "minY": 123.125, "maxX": 397.0, "maxY": 275.5}, "class_id": 0, "box_caption": "person 0.011", "scores": {"class_score": 0.01073455810546875}, "domain": "pixel"}, {"position": {"minX": 302.25, "minY": 228.0, "maxX": 351.75, "maxY": 363.0}, "class_id": 0, "box_caption": "person 0.011", "scores": {"class_score": 0.010650634765625}, "domain": "pixel"}, {"position": {"minX": 458.5, "minY": 98.9375, "maxX": 489.0, "maxY": 169.5}, "class_id": 0, "box_caption": "person 0.011", "scores": {"class_score": 0.010650634765625}, "domain": "pixel"}, {"position": {"minX": 645.0, "minY": 584.0, "maxX": 664.0, "maxY": 657.0}, "class_id": 0, "box_caption": "person 0.011", "scores": {"class_score": 0.01061248779296875}, "domain": "pixel"}, {"position": {"minX": 274.75, "minY": 252.25, "maxX": 304.25, "maxY": 338.75}, "class_id": 0, "box_caption": "person 0.011", "scores": {"class_score": 0.01056671142578125}, "domain": "pixel"}, {"position": {"minX": 217.5, "minY": 117.375, "maxX": 236.5, "maxY": 165.125}, "class_id": 0, "box_caption": "person 0.011", "scores": {"class_score": 0.010528564453125}, "domain": "pixel"}, {"position": {"minX": 221.625, "minY": 130.875, "maxX": 238.375, "maxY": 159.625}, "class_id": 0, "box_caption": "person 0.011", "scores": {"class_score": 0.010528564453125}, "domain": "pixel"}, {"position": {"minX": 317.0, "minY": 43.875, "maxX": 369.0, "maxY": 135.375}, "class_id": 0, "box_caption": "person 0.010", "scores": {"class_score": 0.01049041748046875}, "domain": "pixel"}, {"position": {"minX": 379.25, "minY": 95.625, "maxX": 402.75, "maxY": 146.25}, "class_id": 0, "box_caption": "person 0.010", "scores": {"class_score": 0.01036834716796875}, "domain": "pixel"}, {"position": {"minX": 3.6875, "minY": 111.125, "maxX": 87.375, "maxY": 364.0}, "class_id": 0, "box_caption": "person 0.010", "scores": {"class_score": 0.0103302001953125}, "domain": "pixel"}, {"position": {"minX": 72.5, "minY": 423.0, "maxX": 141.625, "maxY": 624.0}, "class_id": 0, "box_caption": "person 0.010", "scores": {"class_score": 0.0103302001953125}, "domain": "pixel"}, {"position": {"minX": 449.0, "minY": 104.1875, "maxX": 469.5, "maxY": 160.375}, "class_id": 0, "box_caption": "person 0.010", "scores": {"class_score": 0.01024627685546875}, "domain": "pixel"}, {"position": {"minX": 312.5, "minY": 59.59375, "maxX": 350.0, "maxY": 148.875}, "class_id": 0, "box_caption": "person 0.010", "scores": {"class_score": 0.01024627685546875}, "domain": "pixel"}, {"position": {"minX": 453.25, "minY": 57.09375, "maxX": 489.25, "maxY": 150.75}, "class_id": 0, "box_caption": "person 0.010", "scores": {"class_score": 0.01024627685546875}, "domain": "pixel"}, {"position": {"minX": 442.25, "minY": 123.75, "maxX": 467.25, "maxY": 173.25}, "class_id": 0, "box_caption": "person 0.010", "scores": {"class_score": 0.01024627685546875}, "domain": "pixel"}, {"position": {"minX": 77.625, "minY": 20.6875, "maxX": 130.5, "maxY": 157.75}, "class_id": 0, "box_caption": "person 0.010", "scores": {"class_score": 0.01024627685546875}, "domain": "pixel"}, {"position": {"minX": 18.90625, "minY": 411.0, "maxX": 76.0, "maxY": 628.0}, "class_id": 0, "box_caption": "person 0.010", "scores": {"class_score": 0.01024627685546875}, "domain": "pixel"}], "class_labels": {"0": "person"}}