{"box_data": [{"position": {"minX": 13.6875, "minY": 157.75, "maxX": 143.0, "maxY": 453.75}, "class_id": 0, "box_caption": "person 0.123", "scores": {"class_score": 0.12274169921875}, "domain": "pixel"}, {"position": {"minX": 643.5, "minY": 605.0, "maxX": 660.5, "maxY": 658.0}, "class_id": 0, "box_caption": "person 0.112", "scores": {"class_score": 0.1124267578125}, "domain": "pixel"}, {"position": {"minX": -15.4375, "minY": 204.5, "maxX": 117.3125, "maxY": 469.5}, "class_id": 0, "box_caption": "person 0.104", "scores": {"class_score": 0.1044921875}, "domain": "pixel"}, {"position": {"minX": 289.0, "minY": 431.0, "maxX": 388.0, "maxY": 611.0}, "class_id": 0, "box_caption": "person 0.096", "scores": {"class_score": 0.09552001953125}, "domain": "pixel"}, {"position": {"minX": 508.25, "minY": 375.5, "maxX": 606.0, "maxY": 551.0}, "class_id": 0, "box_caption": "person 0.095", "scores": {"class_score": 0.09515380859375}, "domain": "pixel"}, {"position": {"minX": 308.5, "minY": 412.0, "maxX": 412.5, "maxY": 586.0}, "class_id": 0, "box_caption": "person 0.085", "scores": {"class_score": 0.08465576171875}, "domain": "pixel"}, {"position": {"minX": 182.25, "minY": 323.0, "maxX": 196.0, "maxY": 360.0}, "class_id": 0, "box_caption": "person 0.082", "scores": {"class_score": 0.08154296875}, "domain": "pixel"}, {"position": {"minX": 10.4375, "minY": 246.75, "maxX": 135.25, "maxY": 478.25}, "class_id": 0, "box_caption": "person 0.076", "scores": {"class_score": 0.07586669921875}, "domain": "pixel"}, {"position": {"minX": 640.5, "minY": 598.5, "maxX": 665.5, "maxY": 660.5}, "class_id": 0, "box_caption": "person 0.072", "scores": {"class_score": 0.07208251953125}, "domain": "pixel"}, {"position": {"minX": 51.375, "minY": 163.25, "maxX": 158.5, "maxY": 439.25}, "class_id": 0, "box_caption": "person 0.069", "scores": {"class_score": 0.06890869140625}, "domain": "pixel"}, {"position": {"minX": 118.8125, "minY": 425.5, "maxX": 139.25, "maxY": 480.5}, "class_id": 0, "box_caption": "person 0.067", "scores": {"class_score": 0.06683349609375}, "domain": "pixel"}, {"position": {"minX": 7.890625, "minY": 345.0, "maxX": 42.125, "maxY": 440.5}, "class_id": 0, "box_caption": "person 0.063", "scores": {"class_score": 0.06304931640625}, "domain": "pixel"}, {"position": {"minX": 184.5, "minY": 318.75, "maxX": 202.25, "maxY": 363.75}, "class_id": 0, "box_caption": "person 0.056", "scores": {"class_score": 0.055816650390625}, "domain": "pixel"}, {"position": {"minX": 243.875, "minY": 325.5, "maxX": 257.5, "maxY": 359.0}, "class_id": 0, "box_caption": "person 0.055", "scores": {"class_score": 0.055206298828125}, "domain": "pixel"}, {"position": {"minX": 116.625, "minY": 427.5, "maxX": 132.875, "maxY": 474.5}, "class_id": 0, "box_caption": "person 0.052", "scores": {"class_score": 0.05242919921875}, "domain": "pixel"}, {"position": {"minX": 529.5, "minY": 371.0, "maxX": 640.5, "maxY": 556.5}, "class_id": 0, "box_caption": "person 0.051", "scores": {"class_score": 0.051361083984375}, "domain": "pixel"}, {"position": {"minX": 5.6171875, "minY": 607.0, "maxX": 26.9375, "maxY": 660.0}, "class_id": 0, "box_caption": "person 0.045", "scores": {"class_score": 0.04486083984375}, "domain": "pixel"}, {"position": {"minX": 261.0, "minY": 443.0, "maxX": 364.5, "maxY": 607.0}, "class_id": 0, "box_caption": "person 0.043", "scores": {"class_score": 0.042724609375}, "domain": "pixel"}, {"position": {"minX": 645.0, "minY": 622.5, "maxX": 661.0, "maxY": 659.5}, "class_id": 0, "box_caption": "person 0.043", "scores": {"class_score": 0.042572021484375}, "domain": "pixel"}, {"position": {"minX": 598.0, "minY": 144.375, "maxX": 658.0, "maxY": 263.5}, "class_id": 0, "box_caption": "person 0.042", "scores": {"class_score": 0.041839599609375}, "domain": "pixel"}, {"position": {"minX": 508.0, "minY": 420.75, "maxX": 577.0, "maxY": 559.0}, "class_id": 0, "box_caption": "person 0.041", "scores": {"class_score": 0.0413818359375}, "domain": "pixel"}, {"position": {"minX": -1.96875, "minY": 311.5, "maxX": 82.5, "maxY": 464.5}, "class_id": 0, "box_caption": "person 0.039", "scores": {"class_score": 0.0391845703125}, "domain": "pixel"}, {"position": {"minX": 9.8046875, "minY": 75.3125, "maxX": 35.5, "maxY": 136.25}, "class_id": 0, "box_caption": "person 0.039", "scores": {"class_score": 0.038604736328125}, "domain": "pixel"}, {"position": {"minX": 645.0, "minY": 590.5, "maxX": 662.0, "maxY": 651.5}, "class_id": 0, "box_caption": "person 0.037", "scores": {"class_score": 0.036773681640625}, "domain": "pixel"}, {"position": {"minX": 533.5, "minY": 454.5, "maxX": 598.5, "maxY": 573.5}, "class_id": 0, "box_caption": "person 0.036", "scores": {"class_score": 0.036224365234375}, "domain": "pixel"}, {"position": {"minX": 253.0, "minY": 130.25, "maxX": 270.5, "maxY": 179.0}, "class_id": 0, "box_caption": "person 0.036", "scores": {"class_score": 0.03607177734375}, "domain": "pixel"}, {"position": {"minX": 501.25, "minY": 349.0, "maxX": 579.5, "maxY": 530.0}, "class_id": 0, "box_caption": "person 0.034", "scores": {"class_score": 0.034027099609375}, "domain": "pixel"}, {"position": {"minX": 250.375, "minY": 135.25, "maxX": 268.5, "maxY": 190.5}, "class_id": 0, "box_caption": "person 0.034", "scores": {"class_score": 0.033660888671875}, "domain": "pixel"}, {"position": {"minX": 4.921875, "minY": 335.75, "maxX": 55.3125, "maxY": 450.75}, "class_id": 0, "box_caption": "person 0.033", "scores": {"class_score": 0.0333251953125}, "domain": "pixel"}, {"position": {"minX": 30.8125, "minY": 118.375, "maxX": 131.5, "maxY": 363.0}, "class_id": 0, "box_caption": "person 0.033", "scores": {"class_score": 0.03314208984375}, "domain": "pixel"}, {"position": {"minX": 59.84375, "minY": 116.75, "maxX": 155.625, "maxY": 364.25}, "class_id": 0, "box_caption": "person 0.033", "scores": {"class_score": 0.0325927734375}, "domain": "pixel"}, {"position": {"minX": 568.0, "minY": 498.25, "maxX": 593.0, "maxY": 567.5}, "class_id": 0, "box_caption": "person 0.032", "scores": {"class_score": 0.03167724609375}, "domain": "pixel"}, {"position": {"minX": 49.125, "minY": 256.0, "maxX": 151.125, "maxY": 468.0}, "class_id": 0, "box_caption": "person 0.031", "scores": {"class_score": 0.031494140625}, "domain": "pixel"}, {"position": {"minX": 576.5, "minY": 411.5, "maxX": 667.5, "maxY": 576.0}, "class_id": 0, "box_caption": "person 0.031", "scores": {"class_score": 0.030914306640625}, "domain": "pixel"}, {"position": {"minX": 297.5, "minY": 156.875, "maxX": 384.0, "maxY": 333.5}, "class_id": 0, "box_caption": "person 0.031", "scores": {"class_score": 0.030792236328125}, "domain": "pixel"}, {"position": {"minX": 6.296875, "minY": 280.0, "maxX": 60.875, "maxY": 457.0}, "class_id": 0, "box_caption": "person 0.031", "scores": {"class_score": 0.030792236328125}, "domain": "pixel"}, {"position": {"minX": -4.8125, "minY": 78.75, "maxX": 105.875, "maxY": 406.75}, "class_id": 0, "box_caption": "person 0.030", "scores": {"class_score": 0.03021240234375}, "domain": "pixel"}, {"position": {"minX": 343.25, "minY": 302.0, "maxX": 360.25, "maxY": 352.5}, "class_id": 0, "box_caption": "person 0.030", "scores": {"class_score": 0.029876708984375}, "domain": "pixel"}, {"position": {"minX": 291.0, "minY": 381.0, "maxX": 388.5, "maxY": 566.5}, "class_id": 0, "box_caption": "person 0.029", "scores": {"class_score": 0.0293731689453125}, "domain": "pixel"}, {"position": {"minX": 34.65625, "minY": 314.5, "maxX": 123.375, "maxY": 467.0}, "class_id": 0, "box_caption": "person 0.029", "scores": {"class_score": 0.029205322265625}, "domain": "pixel"}, {"position": {"minX": 147.375, "minY": 409.5, "maxX": 165.125, "maxY": 459.5}, "class_id": 0, "box_caption": "person 0.027", "scores": {"class_score": 0.0271759033203125}, "domain": "pixel"}, {"position": {"minX": 109.0, "minY": 177.5, "maxX": 173.25, "maxY": 360.0}, "class_id": 0, "box_caption": "person 0.027", "scores": {"class_score": 0.0271759033203125}, "domain": "pixel"}, {"position": {"minX": 330.75, "minY": 119.25, "maxX": 395.75, "maxY": 299.75}, "class_id": 0, "box_caption": "person 0.027", "scores": {"class_score": 0.027069091796875}, "domain": "pixel"}, {"position": {"minX": 628.5, "minY": 169.0, "maxX": 658.5, "maxY": 259.0}, "class_id": 0, "box_caption": "person 0.027", "scores": {"class_score": 0.0265045166015625}, "domain": "pixel"}, {"position": {"minX": 528.0, "minY": 447.0, "maxX": 575.0, "maxY": 563.0}, "class_id": 0, "box_caption": "person 0.026", "scores": {"class_score": 0.026458740234375}, "domain": "pixel"}, {"position": {"minX": 10.2890625, "minY": 242.75, "maxX": 28.71875, "maxY": 291.25}, "class_id": 0, "box_caption": "person 0.026", "scores": {"class_score": 0.02606201171875}, "domain": "pixel"}, {"position": {"minX": 379.5, "minY": 288.75, "maxX": 395.0, "maxY": 327.75}, "class_id": 0, "box_caption": "person 0.026", "scores": {"class_score": 0.0255126953125}, "domain": "pixel"}, {"position": {"minX": 565.5, "minY": 482.75, "maxX": 595.5, "maxY": 557.5}, "class_id": 0, "box_caption": "person 0.025", "scores": {"class_score": 0.0253753662109375}, "domain": "pixel"}, {"position": {"minX": 336.0, "minY": 449.5, "maxX": 442.5, "maxY": 592.5}, "class_id": 0, "box_caption": "person 0.025", "scores": {"class_score": 0.0253753662109375}, "domain": "pixel"}, {"position": {"minX": 7.5078125, "minY": 533.0, "maxX": 23.90625, "maxY": 579.0}, "class_id": 0, "box_caption": "person 0.025", "scores": {"class_score": 0.0252685546875}, "domain": "pixel"}, {"position": {"minX": 534.5, "minY": 475.5, "maxX": 569.5, "maxY": 555.5}, "class_id": 0, "box_caption": "person 0.025", "scores": {"class_score": 0.0252227783203125}, "domain": "pixel"}, {"position": {"minX": 378.0, "minY": 274.75, "maxX": 395.5, "maxY": 321.25}, "class_id": 0, "box_caption": "person 0.025", "scores": {"class_score": 0.02484130859375}, "domain": "pixel"}, {"position": {"minX": 617.0, "minY": 152.625, "maxX": 666.0, "maxY": 257.25}, "class_id": 0, "box_caption": "person 0.025", "scores": {"class_score": 0.02484130859375}, "domain": "pixel"}, {"position": {"minX": 117.5, "minY": 414.0, "maxX": 145.5, "maxY": 470.5}, "class_id": 0, "box_caption": "person 0.025", "scores": {"class_score": 0.024749755859375}, "domain": "pixel"}, {"position": {"minX": 303.0, "minY": 207.125, "maxX": 373.0, "maxY": 327.5}, "class_id": 0, "box_caption": "person 0.024", "scores": {"class_score": 0.0241851806640625}, "domain": "pixel"}, {"position": {"minX": 7.3359375, "minY": 373.75, "maxX": 33.5, "maxY": 441.75}, "class_id": 0, "box_caption": "person 0.024", "scores": {"class_score": 0.023956298828125}, "domain": "pixel"}, {"position": {"minX": -5.375, "minY": 214.5, "maxX": 74.4375, "maxY": 459.5}, "class_id": 0, "box_caption": "person 0.024", "scores": {"class_score": 0.023956298828125}, "domain": "pixel"}, {"position": {"minX": 520.0, "minY": 454.75, "maxX": 562.0, "maxY": 553.0}, "class_id": 0, "box_caption": "person 0.024", "scores": {"class_score": 0.0239105224609375}, "domain": "pixel"}, {"position": {"minX": 560.0, "minY": 494.5, "maxX": 588.0, "maxY": 568.5}, "class_id": 0, "box_caption": "person 0.024", "scores": {"class_score": 0.023651123046875}, "domain": "pixel"}, {"position": {"minX": 598.5, "minY": 139.5, "maxX": 633.5, "maxY": 228.5}, "class_id": 0, "box_caption": "person 0.023", "scores": {"class_score": 0.0230712890625}, "domain": "pixel"}, {"position": {"minX": 107.625, "minY": 414.5, "maxX": 135.0, "maxY": 470.0}, "class_id": 0, "box_caption": "person 0.023", "scores": {"class_score": 0.022979736328125}, "domain": "pixel"}, {"position": {"minX": 149.25, "minY": 388.25, "maxX": 195.25, "maxY": 470.75}, "class_id": 0, "box_caption": "person 0.023", "scores": {"class_score": 0.02288818359375}, "domain": "pixel"}, {"position": {"minX": 129.5, "minY": 260.25, "maxX": 151.5, "maxY": 320.75}, "class_id": 0, "box_caption": "person 0.023", "scores": {"class_score": 0.0226287841796875}, "domain": "pixel"}, {"position": {"minX": 553.0, "minY": 474.25, "maxX": 592.0, "maxY": 563.0}, "class_id": 0, "box_caption": "person 0.023", "scores": {"class_score": 0.0225830078125}, "domain": "pixel"}, {"position": {"minX": 120.25, "minY": 389.5, "maxX": 172.0, "maxY": 471.0}, "class_id": 0, "box_caption": "person 0.023", "scores": {"class_score": 0.0225372314453125}, "domain": "pixel"}, {"position": {"minX": 245.25, "minY": 134.875, "maxX": 265.0, "maxY": 178.125}, "class_id": 0, "box_caption": "person 0.023", "scores": {"class_score": 0.0225067138671875}, "domain": "pixel"}, {"position": {"minX": 243.5, "minY": 140.5, "maxX": 263.25, "maxY": 191.75}, "class_id": 0, "box_caption": "person 0.022", "scores": {"class_score": 0.0223236083984375}, "domain": "pixel"}, {"position": {"minX": 139.875, "minY": 399.25, "maxX": 167.125, "maxY": 458.75}, "class_id": 0, "box_caption": "person 0.022", "scores": {"class_score": 0.02215576171875}, "domain": "pixel"}, {"position": {"minX": 552.5, "minY": 458.75, "maxX": 623.5, "maxY": 574.5}, "class_id": 0, "box_caption": "person 0.022", "scores": {"class_score": 0.0220794677734375}, "domain": "pixel"}, {"position": {"minX": 8.734375, "minY": 623.0, "maxX": 25.203125, "maxY": 662.0}, "class_id": 0, "box_caption": "person 0.022", "scores": {"class_score": 0.021697998046875}, "domain": "pixel"}, {"position": {"minX": 149.375, "minY": 406.5, "maxX": 170.625, "maxY": 465.5}, "class_id": 0, "box_caption": "person 0.021", "scores": {"class_score": 0.0212860107421875}, "domain": "pixel"}, {"position": {"minX": 573.0, "minY": 300.5, "maxX": 674.0, "maxY": 566.5}, "class_id": 0, "box_caption": "person 0.021", "scores": {"class_score": 0.0212860107421875}, "domain": "pixel"}, {"position": {"minX": 189.75, "minY": 492.75, "maxX": 220.5, "maxY": 552.5}, "class_id": 0, "box_caption": "person 0.021", "scores": {"class_score": 0.0210418701171875}, "domain": "pixel"}, {"position": {"minX": 178.0, "minY": 396.0, "maxX": 196.5, "maxY": 444.0}, "class_id": 0, "box_caption": "person 0.021", "scores": {"class_score": 0.0208892822265625}, "domain": "pixel"}, {"position": {"minX": 309.5, "minY": 463.25, "maxX": 420.0, "maxY": 626.0}, "class_id": 0, "box_caption": "person 0.021", "scores": {"class_score": 0.0205230712890625}, "domain": "pixel"}, {"position": {"minX": 67.5625, "minY": 157.0, "maxX": 139.75, "maxY": 403.0}, "class_id": 0, "box_caption": "person 0.020", "scores": {"class_score": 0.02044677734375}, "domain": "pixel"}, {"position": {"minX": 66.875, "minY": 330.0, "maxX": 144.375, "maxY": 463.0}, "class_id": 0, "box_caption": "person 0.020", "scores": {"class_score": 0.0203399658203125}, "domain": "pixel"}, {"position": {"minX": 6.875, "minY": 89.0625, "maxX": 92.875, "maxY": 323.5}, "class_id": 0, "box_caption": "person 0.020", "scores": {"class_score": 0.020172119140625}, "domain": "pixel"}, {"position": {"minX": 148.25, "minY": 149.0, "maxX": 200.75, "maxY": 269.5}, "class_id": 0, "box_caption": "person 0.020", "scores": {"class_score": 0.0200958251953125}, "domain": "pixel"}, {"position": {"minX": 619.0, "minY": 188.5, "maxX": 646.0, "maxY": 271.75}, "class_id": 0, "box_caption": "person 0.020", "scores": {"class_score": 0.0200653076171875}, "domain": "pixel"}, {"position": {"minX": 585.5, "minY": 148.625, "maxX": 615.5, "maxY": 213.875}, "class_id": 0, "box_caption": "person 0.020", "scores": {"class_score": 0.01983642578125}, "domain": "pixel"}, {"position": {"minX": 435.0, "minY": 289.25, "maxX": 449.5, "maxY": 325.25}, "class_id": 0, "box_caption": "person 0.020", "scores": {"class_score": 0.0197906494140625}, "domain": "pixel"}, {"position": {"minX": 135.375, "minY": 257.75, "maxX": 157.125, "maxY": 324.75}, "class_id": 0, "box_caption": "person 0.020", "scores": {"class_score": 0.0196380615234375}, "domain": "pixel"}, {"position": {"minX": 252.25, "minY": 120.8125, "maxX": 292.75, "maxY": 213.5}, "class_id": 0, "box_caption": "person 0.019", "scores": {"class_score": 0.01934814453125}, "domain": "pixel"}, {"position": {"minX": 9.296875, "minY": 395.5, "maxX": 28.765625, "maxY": 447.0}, "class_id": 0, "box_caption": "person 0.019", "scores": {"class_score": 0.0191650390625}, "domain": "pixel"}, {"position": {"minX": 122.625, "minY": 439.5, "maxX": 138.875, "maxY": 477.0}, "class_id": 0, "box_caption": "person 0.019", "scores": {"class_score": 0.0190582275390625}, "domain": "pixel"}, {"position": {"minX": 646.0, "minY": 19.375, "maxX": 660.0, "maxY": 62.0}, "class_id": 0, "box_caption": "person 0.019", "scores": {"class_score": 0.0190582275390625}, "domain": "pixel"}, {"position": {"minX": 270.0, "minY": 124.75, "maxX": 292.5, "maxY": 172.5}, "class_id": 0, "box_caption": "person 0.019", "scores": {"class_score": 0.0190582275390625}, "domain": "pixel"}, {"position": {"minX": 189.625, "minY": 477.75, "maxX": 239.125, "maxY": 554.5}, "class_id": 0, "box_caption": "person 0.019", "scores": {"class_score": 0.01898193359375}, "domain": "pixel"}, {"position": {"minX": 323.0, "minY": 467.75, "maxX": 397.5, "maxY": 602.0}, "class_id": 0, "box_caption": "person 0.019", "scores": {"class_score": 0.018585205078125}, "domain": "pixel"}, {"position": {"minX": 507.5, "minY": 272.0, "maxX": 611.5, "maxY": 542.0}, "class_id": 0, "box_caption": "person 0.018", "scores": {"class_score": 0.0182647705078125}, "domain": "pixel"}, {"position": {"minX": 279.5, "minY": 221.5, "maxX": 335.5, "maxY": 325.0}, "class_id": 0, "box_caption": "person 0.018", "scores": {"class_score": 0.0181884765625}, "domain": "pixel"}, {"position": {"minX": 630.0, "minY": 192.5, "maxX": 652.0, "maxY": 264.5}, "class_id": 0, "box_caption": "person 0.018", "scores": {"class_score": 0.018157958984375}, "domain": "pixel"}, {"position": {"minX": 98.3125, "minY": 146.25, "maxX": 178.75, "maxY": 327.5}, "class_id": 0, "box_caption": "person 0.018", "scores": {"class_score": 0.018157958984375}, "domain": "pixel"}, {"position": {"minX": 249.875, "minY": 126.125, "maxX": 274.5, "maxY": 184.125}, "class_id": 0, "box_caption": "person 0.018", "scores": {"class_score": 0.0179901123046875}, "domain": "pixel"}, {"position": {"minX": 634.5, "minY": 587.5, "maxX": 669.5, "maxY": 662.5}, "class_id": 0, "box_caption": "person 0.018", "scores": {"class_score": 0.0177154541015625}, "domain": "pixel"}, {"position": {"minX": 238.0, "minY": 402.75, "maxX": 379.5, "maxY": 598.0}, "class_id": 0, "box_caption": "person 0.018", "scores": {"class_score": 0.0177154541015625}, "domain": "pixel"}, {"position": {"minX": 601.0, "minY": 159.0, "maxX": 661.0, "maxY": 306.0}, "class_id": 0, "box_caption": "person 0.018", "scores": {"class_score": 0.017578125}, "domain": "pixel"}, {"position": {"minX": 143.375, "minY": 178.25, "maxX": 197.125, "maxY": 292.0}, "class_id": 0, "box_caption": "person 0.017", "scores": {"class_score": 0.017242431640625}, "domain": "pixel"}, {"position": {"minX": 238.125, "minY": 318.0, "maxX": 253.125, "maxY": 352.0}, "class_id": 0, "box_caption": "person 0.017", "scores": {"class_score": 0.017181396484375}, "domain": "pixel"}, {"position": {"minX": 125.75, "minY": 249.25, "maxX": 151.25, "maxY": 340.75}, "class_id": 0, "box_caption": "person 0.017", "scores": {"class_score": 0.017181396484375}, "domain": "pixel"}, {"position": {"minX": 111.3125, "minY": 348.0, "maxX": 175.75, "maxY": 464.0}, "class_id": 0, "box_caption": "person 0.017", "scores": {"class_score": 0.0171051025390625}, "domain": "pixel"}, {"position": {"minX": 83.0625, "minY": 380.75, "maxX": 140.75, "maxY": 468.25}, "class_id": 0, "box_caption": "person 0.017", "scores": {"class_score": 0.0171051025390625}, "domain": "pixel"}, {"position": {"minX": 265.25, "minY": 386.0, "maxX": 350.75, "maxY": 560.0}, "class_id": 0, "box_caption": "person 0.017", "scores": {"class_score": 0.0170440673828125}, "domain": "pixel"}, {"position": {"minX": 150.875, "minY": 398.25, "maxX": 178.125, "maxY": 450.25}, "class_id": 0, "box_caption": "person 0.017", "scores": {"class_score": 0.0169219970703125}, "domain": "pixel"}, {"position": {"minX": 171.375, "minY": 398.25, "maxX": 193.125, "maxY": 446.75}, "class_id": 0, "box_caption": "person 0.017", "scores": {"class_score": 0.0169219970703125}, "domain": "pixel"}, {"position": {"minX": 279.0, "minY": 117.1875, "maxX": 331.0, "maxY": 220.75}, "class_id": 0, "box_caption": "person 0.017", "scores": {"class_score": 0.0169219970703125}, "domain": "pixel"}, {"position": {"minX": 6.453125, "minY": 63.84375, "maxX": 51.4375, "maxY": 159.5}, "class_id": 0, "box_caption": "person 0.017", "scores": {"class_score": 0.016845703125}, "domain": "pixel"}, {"position": {"minX": 614.0, "minY": 163.5, "maxX": 654.0, "maxY": 268.25}, "class_id": 0, "box_caption": "person 0.017", "scores": {"class_score": 0.01678466796875}, "domain": "pixel"}, {"position": {"minX": 144.875, "minY": 256.25, "maxX": 164.375, "maxY": 311.75}, "class_id": 0, "box_caption": "person 0.017", "scores": {"class_score": 0.01666259765625}, "domain": "pixel"}, {"position": {"minX": 147.125, "minY": 358.75, "maxX": 199.875, "maxY": 459.25}, "class_id": 0, "box_caption": "person 0.017", "scores": {"class_score": 0.01666259765625}, "domain": "pixel"}, {"position": {"minX": 340.75, "minY": 292.0, "maxX": 362.75, "maxY": 364.5}, "class_id": 0, "box_caption": "person 0.016", "scores": {"class_score": 0.0164642333984375}, "domain": "pixel"}, {"position": {"minX": 571.5, "minY": 522.0, "maxX": 589.5, "maxY": 570.0}, "class_id": 0, "box_caption": "person 0.016", "scores": {"class_score": 0.0164031982421875}, "domain": "pixel"}, {"position": {"minX": 14.71875, "minY": 245.125, "maxX": 27.90625, "maxY": 279.25}, "class_id": 0, "box_caption": "person 0.016", "scores": {"class_score": 0.0163421630859375}, "domain": "pixel"}, {"position": {"minX": 262.0, "minY": 275.25, "maxX": 277.0, "maxY": 317.75}, "class_id": 0, "box_caption": "person 0.016", "scores": {"class_score": 0.0163421630859375}, "domain": "pixel"}, {"position": {"minX": 1.125, "minY": 190.75, "maxX": 62.3125, "maxY": 419.75}, "class_id": 0, "box_caption": "person 0.016", "scores": {"class_score": 0.0163421630859375}, "domain": "pixel"}, {"position": {"minX": 87.375, "minY": 387.75, "maxX": 121.375, "maxY": 459.25}, "class_id": 0, "box_caption": "person 0.016", "scores": {"class_score": 0.0162811279296875}, "domain": "pixel"}, {"position": {"minX": 26.75, "minY": 58.375, "maxX": 124.5, "maxY": 300.0}, "class_id": 0, "box_caption": "person 0.016", "scores": {"class_score": 0.0162811279296875}, "domain": "pixel"}, {"position": {"minX": 136.375, "minY": 244.0, "maxX": 162.125, "maxY": 316.5}, "class_id": 0, "box_caption": "person 0.016", "scores": {"class_score": 0.0162200927734375}, "domain": "pixel"}, {"position": {"minX": 527.0, "minY": 482.5, "maxX": 559.0, "maxY": 549.5}, "class_id": 0, "box_caption": "person 0.016", "scores": {"class_score": 0.0161590576171875}, "domain": "pixel"}, {"position": {"minX": 19.28125, "minY": 282.25, "maxX": 92.875, "maxY": 469.75}, "class_id": 0, "box_caption": "person 0.016", "scores": {"class_score": 0.015899658203125}, "domain": "pixel"}, {"position": {"minX": 403.25, "minY": 174.25, "maxX": 465.25, "maxY": 307.75}, "class_id": 0, "box_caption": "person 0.016", "scores": {"class_score": 0.015899658203125}, "domain": "pixel"}, {"position": {"minX": 229.5, "minY": 465.0, "maxX": 322.5, "maxY": 585.0}, "class_id": 0, "box_caption": "person 0.016", "scores": {"class_score": 0.015899658203125}, "domain": "pixel"}, {"position": {"minX": 589.0, "minY": 288.0, "maxX": 662.0, "maxY": 516.0}, "class_id": 0, "box_caption": "person 0.016", "scores": {"class_score": 0.015838623046875}, "domain": "pixel"}, {"position": {"minX": 517.0, "minY": 302.5, "maxX": 661.0, "maxY": 567.5}, "class_id": 0, "box_caption": "person 0.016", "scores": {"class_score": 0.015838623046875}, "domain": "pixel"}, {"position": {"minX": 569.5, "minY": 493.5, "maxX": 589.5, "maxY": 551.5}, "class_id": 0, "box_caption": "person 0.016", "scores": {"class_score": 0.015777587890625}, "domain": "pixel"}, {"position": {"minX": 509.25, "minY": 490.5, "maxX": 530.5, "maxY": 536.5}, "class_id": 0, "box_caption": "person 0.016", "scores": {"class_score": 0.015777587890625}, "domain": "pixel"}, {"position": {"minX": 274.5, "minY": 101.6875, "maxX": 327.5, "maxY": 194.25}, "class_id": 0, "box_caption": "person 0.016", "scores": {"class_score": 0.015777587890625}, "domain": "pixel"}, {"position": {"minX": 134.25, "minY": 229.25, "maxX": 166.0, "maxY": 329.25}, "class_id": 0, "box_caption": "person 0.016", "scores": {"class_score": 0.015716552734375}, "domain": "pixel"}, {"position": {"minX": 122.0625, "minY": 228.0, "maxX": 155.5, "maxY": 360.5}, "class_id": 0, "box_caption": "person 0.016", "scores": {"class_score": 0.0156707763671875}, "domain": "pixel"}, {"position": {"minX": 609.5, "minY": 396.0, "maxX": 655.5, "maxY": 582.0}, "class_id": 0, "box_caption": "person 0.016", "scores": {"class_score": 0.0156707763671875}, "domain": "pixel"}, {"position": {"minX": 297.5, "minY": 468.0, "maxX": 361.5, "maxY": 602.0}, "class_id": 0, "box_caption": "person 0.016", "scores": {"class_score": 0.01560211181640625}, "domain": "pixel"}, {"position": {"minX": 584.0, "minY": 139.25, "maxX": 622.0, "maxY": 202.5}, "class_id": 0, "box_caption": "person 0.016", "scores": {"class_score": 0.01554107666015625}, "domain": "pixel"}, {"position": {"minX": 88.625, "minY": 166.75, "maxX": 152.125, "maxY": 362.25}, "class_id": 0, "box_caption": "person 0.016", "scores": {"class_score": 0.01554107666015625}, "domain": "pixel"}, {"position": {"minX": 298.5, "minY": 355.75, "maxX": 428.5, "maxY": 580.5}, "class_id": 0, "box_caption": "person 0.016", "scores": {"class_score": 0.01554107666015625}, "domain": "pixel"}, {"position": {"minX": 292.25, "minY": 163.5, "maxX": 307.75, "maxY": 199.5}, "class_id": 0, "box_caption": "person 0.015", "scores": {"class_score": 0.0154876708984375}, "domain": "pixel"}, {"position": {"minX": 454.25, "minY": 396.0, "maxX": 468.25, "maxY": 429.5}, "class_id": 0, "box_caption": "person 0.015", "scores": {"class_score": 0.01525115966796875}, "domain": "pixel"}, {"position": {"minX": 183.375, "minY": 122.875, "maxX": 223.375, "maxY": 230.625}, "class_id": 0, "box_caption": "person 0.015", "scores": {"class_score": 0.01519012451171875}, "domain": "pixel"}, {"position": {"minX": 424.5, "minY": 162.625, "maxX": 495.5, "maxY": 316.0}, "class_id": 0, "box_caption": "person 0.015", "scores": {"class_score": 0.01507568359375}, "domain": "pixel"}, {"position": {"minX": 607.5, "minY": 126.75, "maxX": 651.5, "maxY": 244.75}, "class_id": 0, "box_caption": "person 0.015", "scores": {"class_score": 0.01490020751953125}, "domain": "pixel"}, {"position": {"minX": 630.0, "minY": 126.5, "maxX": 665.0, "maxY": 248.5}, "class_id": 0, "box_caption": "person 0.015", "scores": {"class_score": 0.01483917236328125}, "domain": "pixel"}, {"position": {"minX": 274.5, "minY": 157.25, "maxX": 341.5, "maxY": 334.5}, "class_id": 0, "box_caption": "person 0.015", "scores": {"class_score": 0.0147857666015625}, "domain": "pixel"}, {"position": {"minX": 203.0, "minY": 475.75, "maxX": 273.5, "maxY": 564.5}, "class_id": 0, "box_caption": "person 0.015", "scores": {"class_score": 0.01467132568359375}, "domain": "pixel"}, {"position": {"minX": 176.5, "minY": 322.25, "maxX": 192.0, "maxY": 359.25}, "class_id": 0, "box_caption": "person 0.014", "scores": {"class_score": 0.0143890380859375}, "domain": "pixel"}, {"position": {"minX": 156.125, "minY": 122.125, "maxX": 204.625, "maxY": 241.625}, "class_id": 0, "box_caption": "person 0.014", "scores": {"class_score": 0.0142822265625}, "domain": "pixel"}, {"position": {"minX": 453.0, "minY": 384.75, "maxX": 469.5, "maxY": 423.25}, "class_id": 0, "box_caption": "person 0.014", "scores": {"class_score": 0.01422882080078125}, "domain": "pixel"}, {"position": {"minX": 280.0, "minY": 129.0, "maxX": 302.5, "maxY": 185.25}, "class_id": 0, "box_caption": "person 0.014", "scores": {"class_score": 0.0141754150390625}, "domain": "pixel"}, {"position": {"minX": 647.0, "minY": 17.765625, "maxX": 661.0, "maxY": 46.0}, "class_id": 0, "box_caption": "person 0.014", "scores": {"class_score": 0.01406097412109375}, "domain": "pixel"}, {"position": {"minX": 182.875, "minY": 510.75, "maxX": 199.625, "maxY": 547.5}, "class_id": 0, "box_caption": "person 0.014", "scores": {"class_score": 0.01406097412109375}, "domain": "pixel"}, {"position": {"minX": 313.0, "minY": 244.0, "maxX": 364.5, "maxY": 349.0}, "class_id": 0, "box_caption": "person 0.014", "scores": {"class_score": 0.014007568359375}, "domain": "pixel"}, {"position": {"minX": 199.75, "minY": 504.5, "maxX": 230.0, "maxY": 555.5}, "class_id": 0, "box_caption": "person 0.014", "scores": {"class_score": 0.01395416259765625}, "domain": "pixel"}, {"position": {"minX": 285.25, "minY": 139.75, "maxX": 309.25, "maxY": 197.25}, "class_id": 0, "box_caption": "person 0.014", "scores": {"class_score": 0.0137939453125}, "domain": "pixel"}, {"position": {"minX": 4.9375, "minY": 60.8125, "maxX": 77.75, "maxY": 226.25}, "class_id": 0, "box_caption": "person 0.014", "scores": {"class_score": 0.01374053955078125}, "domain": "pixel"}, {"position": {"minX": 241.5, "minY": 128.75, "maxX": 265.25, "maxY": 202.75}, "class_id": 0, "box_caption": "person 0.014", "scores": {"class_score": 0.0136871337890625}, "domain": "pixel"}, {"position": {"minX": 266.75, "minY": 270.0, "maxX": 290.75, "maxY": 319.0}, "class_id": 0, "box_caption": "person 0.014", "scores": {"class_score": 0.01363372802734375}, "domain": "pixel"}, {"position": {"minX": 181.5, "minY": 147.75, "maxX": 229.25, "maxY": 259.75}, "class_id": 0, "box_caption": "person 0.014", "scores": {"class_score": 0.0135345458984375}, "domain": "pixel"}, {"position": {"minX": 328.75, "minY": 202.25, "maxX": 392.25, "maxY": 333.75}, "class_id": 0, "box_caption": "person 0.013", "scores": {"class_score": 0.01348114013671875}, "domain": "pixel"}, {"position": {"minX": 624.5, "minY": 196.75, "maxX": 646.5, "maxY": 257.5}, "class_id": 0, "box_caption": "person 0.013", "scores": {"class_score": 0.013427734375}, "domain": "pixel"}, {"position": {"minX": 84.6875, "minY": 446.0, "maxX": 98.4375, "maxY": 473.0}, "class_id": 0, "box_caption": "person 0.013", "scores": {"class_score": 0.01337432861328125}, "domain": "pixel"}, {"position": {"minX": 578.5, "minY": 145.125, "maxX": 632.5, "maxY": 259.25}, "class_id": 0, "box_caption": "person 0.013", "scores": {"class_score": 0.01332855224609375}, "domain": "pixel"}, {"position": {"minX": 64.8125, "minY": 344.0, "maxX": 111.6875, "maxY": 471.5}, "class_id": 0, "box_caption": "person 0.013", "scores": {"class_score": 0.01322174072265625}, "domain": "pixel"}, {"position": {"minX": 373.25, "minY": 299.75, "maxX": 392.75, "maxY": 328.75}, "class_id": 0, "box_caption": "person 0.013", "scores": {"class_score": 0.0131683349609375}, "domain": "pixel"}, {"position": {"minX": 581.5, "minY": 146.75, "maxX": 603.5, "maxY": 197.25}, "class_id": 0, "box_caption": "person 0.013", "scores": {"class_score": 0.01312255859375}, "domain": "pixel"}, {"position": {"minX": 644.5, "minY": 169.0, "maxX": 661.5, "maxY": 234.0}, "class_id": 0, "box_caption": "person 0.013", "scores": {"class_score": 0.01312255859375}, "domain": "pixel"}, {"position": {"minX": 7.3125, "minY": 594.0, "maxX": 26.78125, "maxY": 648.0}, "class_id": 0, "box_caption": "person 0.013", "scores": {"class_score": 0.01312255859375}, "domain": "pixel"}, {"position": {"minX": 83.0625, "minY": 433.0, "maxX": 99.9375, "maxY": 473.0}, "class_id": 0, "box_caption": "person 0.013", "scores": {"class_score": 0.01306915283203125}, "domain": "pixel"}, {"position": {"minX": 118.625, "minY": 636.0, "maxX": 130.25, "maxY": 652.0}, "class_id": 0, "box_caption": "person 0.013", "scores": {"class_score": 0.0129241943359375}, "domain": "pixel"}, {"position": {"minX": 555.0, "minY": 397.5, "maxX": 610.0, "maxY": 580.0}, "class_id": 0, "box_caption": "person 0.013", "scores": {"class_score": 0.0129241943359375}, "domain": "pixel"}, {"position": {"minX": 192.25, "minY": 119.25, "maxX": 215.75, "maxY": 186.25}, "class_id": 0, "box_caption": "person 0.013", "scores": {"class_score": 0.01282501220703125}, "domain": "pixel"}, {"position": {"minX": 506.0, "minY": 479.75, "maxX": 534.0, "maxY": 534.0}, "class_id": 0, "box_caption": "person 0.013", "scores": {"class_score": 0.01282501220703125}, "domain": "pixel"}, {"position": {"minX": 355.25, "minY": 153.0, "maxX": 440.25, "maxY": 325.5}, "class_id": 0, "box_caption": "person 0.013", "scores": {"class_score": 0.01282501220703125}, "domain": "pixel"}, {"position": {"minX": 10.7890625, "minY": 227.25, "maxX": 30.71875, "maxY": 300.75}, "class_id": 0, "box_caption": "person 0.013", "scores": {"class_score": 0.0127716064453125}, "domain": "pixel"}, {"position": {"minX": 269.5, "minY": 132.125, "maxX": 292.5, "maxY": 195.875}, "class_id": 0, "box_caption": "person 0.013", "scores": {"class_score": 0.012725830078125}, "domain": "pixel"}, {"position": {"minX": 4.28125, "minY": 584.0, "maxX": 30.59375, "maxY": 655.0}, "class_id": 0, "box_caption": "person 0.013", "scores": {"class_score": 0.012725830078125}, "domain": "pixel"}, {"position": {"minX": 104.75, "minY": 219.625, "maxX": 172.25, "maxY": 439.5}, "class_id": 0, "box_caption": "person 0.013", "scores": {"class_score": 0.01267242431640625}, "domain": "pixel"}, {"position": {"minX": 257.0, "minY": 120.4375, "maxX": 275.0, "maxY": 165.75}, "class_id": 0, "box_caption": "person 0.013", "scores": {"class_score": 0.01262664794921875}, "domain": "pixel"}, {"position": {"minX": 8.5625, "minY": 542.0, "maxX": 27.03125, "maxY": 590.0}, "class_id": 0, "box_caption": "person 0.013", "scores": {"class_score": 0.01262664794921875}, "domain": "pixel"}, {"position": {"minX": 561.5, "minY": 443.25, "maxX": 602.5, "maxY": 569.0}, "class_id": 0, "box_caption": "person 0.013", "scores": {"class_score": 0.01262664794921875}, "domain": "pixel"}, {"position": {"minX": 192.0, "minY": 161.0, "maxX": 211.75, "maxY": 216.25}, "class_id": 0, "box_caption": "person 0.012", "scores": {"class_score": 0.01242828369140625}, "domain": "pixel"}, {"position": {"minX": 187.0, "minY": 397.25, "maxX": 202.25, "maxY": 442.75}, "class_id": 0, "box_caption": "person 0.012", "scores": {"class_score": 0.01242828369140625}, "domain": "pixel"}, {"position": {"minX": 315.5, "minY": 404.25, "maxX": 471.5, "maxY": 591.0}, "class_id": 0, "box_caption": "person 0.012", "scores": {"class_score": 0.01242828369140625}, "domain": "pixel"}, {"position": {"minX": 241.75, "minY": 317.25, "maxX": 258.25, "maxY": 351.75}, "class_id": 0, "box_caption": "person 0.012", "scores": {"class_score": 0.01238250732421875}, "domain": "pixel"}, {"position": {"minX": 129.625, "minY": 438.75, "maxX": 146.125, "maxY": 481.25}, "class_id": 0, "box_caption": "person 0.012", "scores": {"class_score": 0.01233673095703125}, "domain": "pixel"}, {"position": {"minX": 344.75, "minY": 474.0, "maxX": 408.75, "maxY": 596.0}, "class_id": 0, "box_caption": "person 0.012", "scores": {"class_score": 0.01233673095703125}, "domain": "pixel"}, {"position": {"minX": 178.125, "minY": 314.0, "maxX": 199.375, "maxY": 369.0}, "class_id": 0, "box_caption": "person 0.012", "scores": {"class_score": 0.01233673095703125}, "domain": "pixel"}, {"position": {"minX": 610.0, "minY": 533.0, "maxX": 624.0, "maxY": 563.0}, "class_id": 0, "box_caption": "person 0.012", "scores": {"class_score": 0.0121002197265625}, "domain": "pixel"}, {"position": {"minX": 617.5, "minY": 469.0, "maxX": 649.5, "maxY": 570.0}, "class_id": 0, "box_caption": "person 0.012", "scores": {"class_score": 0.0121002197265625}, "domain": "pixel"}, {"position": {"minX": 192.875, "minY": 109.0, "maxX": 217.125, "maxY": 168.5}, "class_id": 0, "box_caption": "person 0.012", "scores": {"class_score": 0.011962890625}, "domain": "pixel"}, {"position": {"minX": 45.375, "minY": 223.25, "maxX": 127.75, "maxY": 432.75}, "class_id": 0, "box_caption": "person 0.012", "scores": {"class_score": 0.011962890625}, "domain": "pixel"}, {"position": {"minX": 457.25, "minY": 385.0, "maxX": 472.75, "maxY": 425.0}, "class_id": 0, "box_caption": "person 0.012", "scores": {"class_score": 0.011962890625}, "domain": "pixel"}, {"position": {"minX": 563.0, "minY": 369.25, "maxX": 633.0, "maxY": 576.0}, "class_id": 0, "box_caption": "person 0.012", "scores": {"class_score": 0.011962890625}, "domain": "pixel"}, {"position": {"minX": 140.625, "minY": 202.75, "maxX": 193.125, "maxY": 326.25}, "class_id": 0, "box_caption": "person 0.012", "scores": {"class_score": 0.011962890625}, "domain": "pixel"}, {"position": {"minX": 473.5, "minY": 352.0, "maxX": 593.5, "maxY": 579.5}, "class_id": 0, "box_caption": "person 0.012", "scores": {"class_score": 0.0118255615234375}, "domain": "pixel"}, {"position": {"minX": 583.0, "minY": 159.75, "maxX": 614.0, "maxY": 233.25}, "class_id": 0, "box_caption": "person 0.012", "scores": {"class_score": 0.01177978515625}, "domain": "pixel"}, {"position": {"minX": 76.875, "minY": 407.5, "maxX": 106.375, "maxY": 473.5}, "class_id": 0, "box_caption": "person 0.012", "scores": {"class_score": 0.01177978515625}, "domain": "pixel"}, {"position": {"minX": 74.875, "minY": 174.5, "maxX": 133.375, "maxY": 352.0}, "class_id": 0, "box_caption": "person 0.012", "scores": {"class_score": 0.0117340087890625}, "domain": "pixel"}, {"position": {"minX": 155.625, "minY": 339.5, "maxX": 171.625, "maxY": 377.5}, "class_id": 0, "box_caption": "person 0.012", "scores": {"class_score": 0.0115966796875}, "domain": "pixel"}, {"position": {"minX": 342.0, "minY": 315.0, "maxX": 358.5, "maxY": 361.5}, "class_id": 0, "box_caption": "person 0.012", "scores": {"class_score": 0.011505126953125}, "domain": "pixel"}, {"position": {"minX": 344.75, "minY": 391.0, "maxX": 438.75, "maxY": 549.5}, "class_id": 0, "box_caption": "person 0.012", "scores": {"class_score": 0.011505126953125}, "domain": "pixel"}, {"position": {"minX": 103.875, "minY": 406.75, "maxX": 127.375, "maxY": 464.75}, "class_id": 0, "box_caption": "person 0.011", "scores": {"class_score": 0.01146697998046875}, "domain": "pixel"}, {"position": {"minX": 282.75, "minY": 288.25, "maxX": 301.25, "maxY": 331.75}, "class_id": 0, "box_caption": "person 0.011", "scores": {"class_score": 0.01142120361328125}, "domain": "pixel"}, {"position": {"minX": 169.75, "minY": 378.75, "maxX": 195.25, "maxY": 443.25}, "class_id": 0, "box_caption": "person 0.011", "scores": {"class_score": 0.01129150390625}, "domain": "pixel"}, {"position": {"minX": 271.25, "minY": 257.0, "maxX": 296.25, "maxY": 309.5}, "class_id": 0, "box_caption": "person 0.011", "scores": {"class_score": 0.011199951171875}, "domain": "pixel"}, {"position": {"minX": 184.875, "minY": 465.5, "maxX": 225.625, "maxY": 548.5}, "class_id": 0, "box_caption": "person 0.011", "scores": {"class_score": 0.01116180419921875}, "domain": "pixel"}, {"position": {"minX": 192.875, "minY": 315.25, "maxX": 212.375, "maxY": 365.75}, "class_id": 0, "box_caption": "person 0.011", "scores": {"class_score": 0.01111602783203125}, "domain": "pixel"}, {"position": {"minX": 126.75, "minY": 448.5, "maxX": 140.75, "maxY": 477.5}, "class_id": 0, "box_caption": "person 0.011", "scores": {"class_score": 0.01107025146484375}, "domain": "pixel"}, {"position": {"minX": 265.5, "minY": 120.75, "maxX": 297.5, "maxY": 179.25}, "class_id": 0, "box_caption": "person 0.011", "scores": {"class_score": 0.01107025146484375}, "domain": "pixel"}, {"position": {"minX": 220.75, "minY": 127.5, "maxX": 263.0, "maxY": 219.25}, "class_id": 0, "box_caption": "person 0.011", "scores": {"class_score": 0.01107025146484375}, "domain": "pixel"}, {"position": {"minX": 12.328125, "minY": 87.0, "maxX": 30.828125, "maxY": 129.875}, "class_id": 0, "box_caption": "person 0.011", "scores": {"class_score": 0.010986328125}, "domain": "pixel"}, {"position": {"minX": 608.5, "minY": 520.5, "maxX": 625.5, "maxY": 562.5}, "class_id": 0, "box_caption": "person 0.011", "scores": {"class_score": 0.010986328125}, "domain": "pixel"}, {"position": {"minX": 272.0, "minY": 131.75, "maxX": 399.0, "maxY": 350.75}, "class_id": 0, "box_caption": "person 0.011", "scores": {"class_score": 0.010986328125}, "domain": "pixel"}, {"position": {"minX": 609.5, "minY": 535.5, "maxX": 619.5, "maxY": 562.5}, "class_id": 0, "box_caption": "person 0.011", "scores": {"class_score": 0.01094818115234375}, "domain": "pixel"}, {"position": {"minX": 7.40625, "minY": 207.125, "maxX": 34.90625, "maxY": 319.0}, "class_id": 0, "box_caption": "person 0.011", "scores": {"class_score": 0.01090240478515625}, "domain": "pixel"}, {"position": {"minX": 7.8515625, "minY": 88.0, "maxX": 31.46875, "maxY": 147.0}, "class_id": 0, "box_caption": "person 0.011", "scores": {"class_score": 0.0108184814453125}, "domain": "pixel"}, {"position": {"minX": 312.75, "minY": 216.5, "maxX": 354.25, "maxY": 318.0}, "class_id": 0, "box_caption": "person 0.011", "scores": {"class_score": 0.0108184814453125}, "domain": "pixel"}, {"position": {"minX": 344.5, "minY": 288.5, "maxX": 363.5, "maxY": 342.0}, "class_id": 0, "box_caption": "person 0.011", "scores": {"class_score": 0.0106964111328125}, "domain": "pixel"}, {"position": {"minX": 73.375, "minY": 102.1875, "maxX": 136.75, "maxY": 332.25}, "class_id": 0, "box_caption": "person 0.011", "scores": {"class_score": 0.0106964111328125}, "domain": "pixel"}, {"position": {"minX": 171.375, "minY": 369.25, "maxX": 189.875, "maxY": 425.25}, "class_id": 0, "box_caption": "person 0.011", "scores": {"class_score": 0.010650634765625}, "domain": "pixel"}, {"position": {"minX": 164.125, "minY": 113.9375, "maxX": 181.625, "maxY": 157.25}, "class_id": 0, "box_caption": "person 0.011", "scores": {"class_score": 0.01061248779296875}, "domain": "pixel"}, {"position": {"minX": 646.5, "minY": 36.4375, "maxX": 660.5, "maxY": 76.875}, "class_id": 0, "box_caption": "person 0.011", "scores": {"class_score": 0.01056671142578125}, "domain": "pixel"}, {"position": {"minX": 3.8125, "minY": 199.875, "maxX": 39.40625, "maxY": 351.0}, "class_id": 0, "box_caption": "person 0.011", "scores": {"class_score": 0.01056671142578125}, "domain": "pixel"}, {"position": {"minX": 526.0, "minY": 329.0, "maxX": 607.0, "maxY": 523.0}, "class_id": 0, "box_caption": "person 0.011", "scores": {"class_score": 0.01056671142578125}, "domain": "pixel"}, {"position": {"minX": 150.375, "minY": 190.5, "maxX": 184.625, "maxY": 273.0}, "class_id": 0, "box_caption": "person 0.010", "scores": {"class_score": 0.01049041748046875}, "domain": "pixel"}, {"position": {"minX": 2.3125, "minY": 330.5, "maxX": 35.8125, "maxY": 427.0}, "class_id": 0, "box_caption": "person 0.010", "scores": {"class_score": 0.01049041748046875}, "domain": "pixel"}, {"position": {"minX": 11.1875, "minY": 49.90625, "maxX": 39.03125, "maxY": 139.0}, "class_id": 0, "box_caption": "person 0.010", "scores": {"class_score": 0.01049041748046875}, "domain": "pixel"}, {"position": {"minX": 297.5, "minY": 107.3125, "maxX": 375.5, "maxY": 249.75}, "class_id": 0, "box_caption": "person 0.010", "scores": {"class_score": 0.01049041748046875}, "domain": "pixel"}, {"position": {"minX": 258.25, "minY": 445.75, "maxX": 416.25, "maxY": 661.0}, "class_id": 0, "box_caption": "person 0.010", "scores": {"class_score": 0.010406494140625}, "domain": "pixel"}, {"position": {"minX": 154.375, "minY": 209.5, "maxX": 184.625, "maxY": 285.5}, "class_id": 0, "box_caption": "person 0.010", "scores": {"class_score": 0.01036834716796875}, "domain": "pixel"}, {"position": {"minX": 2.59375, "minY": 582.5, "maxX": 44.84375, "maxY": 667.5}, "class_id": 0, "box_caption": "person 0.010", "scores": {"class_score": 0.01036834716796875}, "domain": "pixel"}, {"position": {"minX": 481.0, "minY": 286.75, "maxX": 498.5, "maxY": 334.75}, "class_id": 0, "box_caption": "person 0.010", "scores": {"class_score": 0.0103302001953125}, "domain": "pixel"}, {"position": {"minX": 69.5625, "minY": 383.25, "maxX": 109.6875, "maxY": 464.75}, "class_id": 0, "box_caption": "person 0.010", "scores": {"class_score": 0.0103302001953125}, "domain": "pixel"}, {"position": {"minX": 122.375, "minY": 394.5, "maxX": 151.875, "maxY": 461.5}, "class_id": 0, "box_caption": "person 0.010", "scores": {"class_score": 0.01029205322265625}, "domain": "pixel"}, {"position": {"minX": 184.125, "minY": 104.625, "maxX": 227.375, "maxY": 191.375}, "class_id": 0, "box_caption": "person 0.010", "scores": {"class_score": 0.01029205322265625}, "domain": "pixel"}, {"position": {"minX": 77.0, "minY": 316.75, "maxX": 125.875, "maxY": 471.25}, "class_id": 0, "box_caption": "person 0.010", "scores": {"class_score": 0.01024627685546875}, "domain": "pixel"}, {"position": {"minX": 151.75, "minY": 229.25, "maxX": 180.25, "maxY": 295.75}, "class_id": 0, "box_caption": "person 0.010", "scores": {"class_score": 0.01016998291015625}, "domain": "pixel"}, {"position": {"minX": 5.59375, "minY": 532.5, "maxX": 28.59375, "maxY": 597.5}, "class_id": 0, "box_caption": "person 0.010", "scores": {"class_score": 0.01016998291015625}, "domain": "pixel"}, {"position": {"minX": 5.203125, "minY": 88.375, "maxX": 56.6875, "maxY": 264.0}, "class_id": 0, "box_caption": "person 0.010", "scores": {"class_score": 0.01016998291015625}, "domain": "pixel"}, {"position": {"minX": 614.0, "minY": 116.875, "maxX": 670.0, "maxY": 247.125}, "class_id": 0, "box_caption": "person 0.010", "scores": {"class_score": 0.01016998291015625}, "domain": "pixel"}, {"position": {"minX": 83.375, "minY": 358.75, "maxX": 123.375, "maxY": 461.75}, "class_id": 0, "box_caption": "person 0.010", "scores": {"class_score": 0.0101318359375}, "domain": "pixel"}, {"position": {"minX": 139.625, "minY": 408.0, "maxX": 159.875, "maxY": 464.5}, "class_id": 0, "box_caption": "person 0.010", "scores": {"class_score": 0.01009368896484375}, "domain": "pixel"}, {"position": {"minX": 187.25, "minY": 320.5, "maxX": 202.0, "maxY": 350.5}, "class_id": 0, "box_caption": "person 0.010", "scores": {"class_score": 0.010009765625}, "domain": "pixel"}, {"position": {"minX": 99.875, "minY": 397.5, "maxX": 135.625, "maxY": 456.5}, "class_id": 0, "box_caption": "person 0.010", "scores": {"class_score": 0.010009765625}, "domain": "pixel"}, {"position": {"minX": 210.125, "minY": 488.5, "maxX": 250.125, "maxY": 554.5}, "class_id": 0, "box_caption": "person 0.010", "scores": {"class_score": 0.010009765625}, "domain": "pixel"}, {"position": {"minX": 153.375, "minY": 414.0, "maxX": 200.125, "maxY": 496.5}, "class_id": 0, "box_caption": "person 0.010", "scores": {"class_score": 0.010009765625}, "domain": "pixel"}, {"position": {"minX": 337.75, "minY": 308.0, "maxX": 358.25, "maxY": 372.0}, "class_id": 0, "box_caption": "person 0.010", "scores": {"class_score": 0.00997161865234375}, "domain": "pixel"}, {"position": {"minX": 310.25, "minY": 460.25, "maxX": 376.25, "maxY": 608.5}, "class_id": 0, "box_caption": "person 0.010", "scores": {"class_score": 0.0099334716796875}, "domain": "pixel"}, {"position": {"minX": 325.0, "minY": 215.875, "maxX": 363.0, "maxY": 309.5}, "class_id": 0, "box_caption": "person 0.010", "scores": {"class_score": 0.0099334716796875}, "domain": "pixel"}, {"position": {"minX": 276.5, "minY": 428.0, "maxX": 353.0, "maxY": 581.5}, "class_id": 0, "box_caption": "person 0.010", "scores": {"class_score": 0.0099334716796875}, "domain": "pixel"}, {"position": {"minX": 3.8125, "minY": 354.0, "maxX": 49.125, "maxY": 482.0}, "class_id": 0, "box_caption": "person 0.010", "scores": {"class_score": 0.00989532470703125}, "domain": "pixel"}, {"position": {"minX": 191.375, "minY": 137.375, "maxX": 213.125, "maxY": 203.875}, "class_id": 0, "box_caption": "person 0.010", "scores": {"class_score": 0.009857177734375}, "domain": "pixel"}, {"position": {"minX": 638.0, "minY": 564.0, "maxX": 667.0, "maxY": 648.0}, "class_id": 0, "box_caption": "person 0.010", "scores": {"class_score": 0.009857177734375}, "domain": "pixel"}, {"position": {"minX": 300.5, "minY": 160.875, "maxX": 315.0, "maxY": 199.625}, "class_id": 0, "box_caption": "person 0.010", "scores": {"class_score": 0.0097808837890625}, "domain": "pixel"}, {"position": {"minX": 183.25, "minY": 401.75, "maxX": 207.5, "maxY": 441.75}, "class_id": 0, "box_caption": "person 0.010", "scores": {"class_score": 0.0097808837890625}, "domain": "pixel"}, {"position": {"minX": 339.0, "minY": 431.25, "maxX": 409.5, "maxY": 576.0}, "class_id": 0, "box_caption": "person 0.010", "scores": {"class_score": 0.0097808837890625}, "domain": "pixel"}, {"position": {"minX": 623.0, "minY": 242.0, "maxX": 670.0, "maxY": 431.0}, "class_id": 0, "box_caption": "person 0.010", "scores": {"class_score": 0.0097808837890625}, "domain": "pixel"}, {"position": {"minX": 156.125, "minY": 380.25, "maxX": 183.375, "maxY": 443.25}, "class_id": 0, "box_caption": "person 0.010", "scores": {"class_score": 0.00971221923828125}, "domain": "pixel"}, {"position": {"minX": 646.0, "minY": 572.0, "maxX": 664.0, "maxY": 639.0}, "class_id": 0, "box_caption": "person 0.010", "scores": {"class_score": 0.00971221923828125}, "domain": "pixel"}, {"position": {"minX": 149.875, "minY": 411.0, "maxX": 163.625, "maxY": 448.5}, "class_id": 0, "box_caption": "person 0.010", "scores": {"class_score": 0.00963592529296875}, "domain": "pixel"}, {"position": {"minX": 138.5, "minY": 426.75, "maxX": 163.75, "maxY": 476.25}, "class_id": 0, "box_caption": "person 0.010", "scores": {"class_score": 0.00955963134765625}, "domain": "pixel"}, {"position": {"minX": 68.0, "minY": 275.75, "maxX": 133.75, "maxY": 479.75}, "class_id": 0, "box_caption": "person 0.010", "scores": {"class_score": 0.009521484375}, "domain": "pixel"}, {"position": {"minX": 543.0, "minY": 280.75, "maxX": 642.0, "maxY": 530.0}, "class_id": 0, "box_caption": "person 0.010", "scores": {"class_score": 0.009521484375}, "domain": "pixel"}, {"position": {"minX": 375.0, "minY": 290.0, "maxX": 390.5, "maxY": 326.0}, "class_id": 0, "box_caption": "person 0.009", "scores": {"class_score": 0.00948333740234375}, "domain": "pixel"}, {"position": {"minX": 472.0, "minY": 151.75, "maxX": 503.5, "maxY": 211.0}, "class_id": 0, "box_caption": "person 0.009", "scores": {"class_score": 0.00948333740234375}, "domain": "pixel"}, {"position": {"minX": 376.0, "minY": 255.625, "maxX": 394.0, "maxY": 308.75}, "class_id": 0, "box_caption": "person 0.009", "scores": {"class_score": 0.00948333740234375}, "domain": "pixel"}, {"position": {"minX": 282.75, "minY": 127.0, "maxX": 312.25, "maxY": 208.25}, "class_id": 0, "box_caption": "person 0.009", "scores": {"class_score": 0.00948333740234375}, "domain": "pixel"}, {"position": {"minX": 182.375, "minY": 511.75, "maxX": 206.875, "maxY": 557.5}, "class_id": 0, "box_caption": "person 0.009", "scores": {"class_score": 0.0094146728515625}, "domain": "pixel"}, {"position": {"minX": 149.0, "minY": 245.875, "maxX": 174.5, "maxY": 310.0}, "class_id": 0, "box_caption": "person 0.009", "scores": {"class_score": 0.0094146728515625}, "domain": "pixel"}, {"position": {"minX": 581.5, "minY": 483.25, "maxX": 610.5, "maxY": 555.5}, "class_id": 0, "box_caption": "person 0.009", "scores": {"class_score": 0.0094146728515625}, "domain": "pixel"}, {"position": {"minX": 286.75, "minY": 544.5, "maxX": 312.25, "maxY": 587.5}, "class_id": 0, "box_caption": "person 0.009", "scores": {"class_score": 0.00937652587890625}, "domain": "pixel"}, {"position": {"minX": 277.0, "minY": 246.75, "maxX": 339.0, "maxY": 342.25}, "class_id": 0, "box_caption": "person 0.009", "scores": {"class_score": 0.00937652587890625}, "domain": "pixel"}, {"position": {"minX": 2.8125, "minY": 297.25, "maxX": 46.875, "maxY": 426.75}, "class_id": 0, "box_caption": "person 0.009", "scores": {"class_score": 0.00933837890625}, "domain": "pixel"}, {"position": {"minX": 610.5, "minY": 344.75, "maxX": 669.5, "maxY": 580.0}, "class_id": 0, "box_caption": "person 0.009", "scores": {"class_score": 0.00933837890625}, "domain": "pixel"}, {"position": {"minX": 248.375, "minY": 323.75, "maxX": 270.0, "maxY": 361.25}, "class_id": 0, "box_caption": "person 0.009", "scores": {"class_score": 0.00926971435546875}, "domain": "pixel"}, {"position": {"minX": 169.25, "minY": 408.25, "maxX": 193.0, "maxY": 466.25}, "class_id": 0, "box_caption": "person 0.009", "scores": {"class_score": 0.00926971435546875}, "domain": "pixel"}, {"position": {"minX": 114.1875, "minY": 196.25, "maxX": 158.75, "maxY": 335.25}, "class_id": 0, "box_caption": "person 0.009", "scores": {"class_score": 0.00926971435546875}, "domain": "pixel"}, {"position": {"minX": 9.6796875, "minY": 417.5, "maxX": 26.59375, "maxY": 456.0}, "class_id": 0, "box_caption": "person 0.009", "scores": {"class_score": 0.0092315673828125}, "domain": "pixel"}, {"position": {"minX": 9.9296875, "minY": 431.0, "maxX": 28.15625, "maxY": 456.5}, "class_id": 0, "box_caption": "person 0.009", "scores": {"class_score": 0.00919342041015625}, "domain": "pixel"}, {"position": {"minX": 612.5, "minY": 445.75, "maxX": 654.5, "maxY": 563.5}, "class_id": 0, "box_caption": "person 0.009", "scores": {"class_score": 0.00919342041015625}, "domain": "pixel"}, {"position": {"minX": 617.0, "minY": 442.5, "maxX": 669.0, "maxY": 609.5}, "class_id": 0, "box_caption": "person 0.009", "scores": {"class_score": 0.00916290283203125}, "domain": "pixel"}, {"position": {"minX": 294.25, "minY": 148.75, "maxX": 316.25, "maxY": 211.0}, "class_id": 0, "box_caption": "person 0.009", "scores": {"class_score": 0.009124755859375}, "domain": "pixel"}, {"position": {"minX": 87.6875, "minY": 432.5, "maxX": 107.8125, "maxY": 471.5}, "class_id": 0, "box_caption": "person 0.009", "scores": {"class_score": 0.009124755859375}, "domain": "pixel"}, {"position": {"minX": 134.5, "minY": 368.5, "maxX": 173.0, "maxY": 456.5}, "class_id": 0, "box_caption": "person 0.009", "scores": {"class_score": 0.009124755859375}, "domain": "pixel"}, {"position": {"minX": 615.5, "minY": 221.125, "maxX": 669.5, "maxY": 508.5}, "class_id": 0, "box_caption": "person 0.009", "scores": {"class_score": 0.009124755859375}, "domain": "pixel"}, {"position": {"minX": 439.0, "minY": 383.75, "maxX": 451.0, "maxY": 407.25}, "class_id": 0, "box_caption": "person 0.009", "scores": {"class_score": 0.00905609130859375}, "domain": "pixel"}, {"position": {"minX": 269.75, "minY": 115.8125, "maxX": 288.25, "maxY": 165.75}, "class_id": 0, "box_caption": "person 0.009", "scores": {"class_score": 0.00905609130859375}, "domain": "pixel"}, {"position": {"minX": 173.875, "minY": 318.0, "maxX": 190.625, "maxY": 353.0}, "class_id": 0, "box_caption": "person 0.009", "scores": {"class_score": 0.00905609130859375}, "domain": "pixel"}, {"position": {"minX": 563.0, "minY": 485.25, "maxX": 586.0, "maxY": 549.5}, "class_id": 0, "box_caption": "person 0.009", "scores": {"class_score": 0.00905609130859375}, "domain": "pixel"}, {"position": {"minX": 140.125, "minY": 176.25, "maxX": 175.875, "maxY": 260.5}, "class_id": 0, "box_caption": "person 0.009", "scores": {"class_score": 0.00905609130859375}, "domain": "pixel"}, {"position": {"minX": 592.5, "minY": 429.0, "maxX": 639.5, "maxY": 578.5}, "class_id": 0, "box_caption": "person 0.009", "scores": {"class_score": 0.00905609130859375}, "domain": "pixel"}, {"position": {"minX": 565.0, "minY": 517.5, "maxX": 588.0, "maxY": 573.5}, "class_id": 0, "box_caption": "person 0.009", "scores": {"class_score": 0.0090179443359375}, "domain": "pixel"}, {"position": {"minX": 626.5, "minY": 398.5, "maxX": 660.5, "maxY": 579.5}, "class_id": 0, "box_caption": "person 0.009", "scores": {"class_score": 0.0090179443359375}, "domain": "pixel"}, {"position": {"minX": 300.25, "minY": 350.5, "maxX": 323.25, "maxY": 396.0}, "class_id": 0, "box_caption": "person 0.009", "scores": {"class_score": 0.0089874267578125}, "domain": "pixel"}, {"position": {"minX": -2.375, "minY": 68.75, "maxX": 66.625, "maxY": 348.25}, "class_id": 0, "box_caption": "person 0.009", "scores": {"class_score": 0.0089874267578125}, "domain": "pixel"}, {"position": {"minX": 239.625, "minY": 400.0, "maxX": 314.5, "maxY": 545.0}, "class_id": 0, "box_caption": "person 0.009", "scores": {"class_score": 0.00891876220703125}, "domain": "pixel"}, {"position": {"minX": 606.5, "minY": 522.5, "maxX": 620.5, "maxY": 560.5}, "class_id": 0, "box_caption": "person 0.009", "scores": {"class_score": 0.00885009765625}, "domain": "pixel"}, {"position": {"minX": 134.75, "minY": 191.375, "maxX": 170.0, "maxY": 271.5}, "class_id": 0, "box_caption": "person 0.009", "scores": {"class_score": 0.00885009765625}, "domain": "pixel"}, {"position": {"minX": 182.375, "minY": 438.75, "maxX": 234.625, "maxY": 564.0}, "class_id": 0, "box_caption": "person 0.009", "scores": {"class_score": 0.00878143310546875}, "domain": "pixel"}, {"position": {"minX": 252.75, "minY": 141.75, "maxX": 267.25, "maxY": 182.25}, "class_id": 0, "box_caption": "person 0.009", "scores": {"class_score": 0.0087127685546875}, "domain": "pixel"}, {"position": {"minX": 276.0, "minY": 117.5625, "maxX": 308.0, "maxY": 187.5}, "class_id": 0, "box_caption": "person 0.009", "scores": {"class_score": 0.00867462158203125}, "domain": "pixel"}, {"position": {"minX": 273.75, "minY": 107.625, "maxX": 308.25, "maxY": 165.625}, "class_id": 0, "box_caption": "person 0.009", "scores": {"class_score": 0.00864410400390625}, "domain": "pixel"}], "class_labels": {"0": "person"}}