{"box_data": [{"position": {"minX": 176.25, "minY": 235.0, "maxX": 264.25, "maxY": 394.0}, "class_id": 0, "box_caption": "person 0.418", "scores": {"class_score": 0.417724609375}, "domain": "pixel"}, {"position": {"minX": 391.5, "minY": 383.0, "maxX": 416.5, "maxY": 459.0}, "class_id": 0, "box_caption": "person 0.323", "scores": {"class_score": 0.323486328125}, "domain": "pixel"}, {"position": {"minX": 53.5, "minY": 377.0, "maxX": 96.25, "maxY": 466.0}, "class_id": 0, "box_caption": "person 0.239", "scores": {"class_score": 0.2386474609375}, "domain": "pixel"}, {"position": {"minX": 541.0, "minY": 13.375, "maxX": 669.0, "maxY": 268.5}, "class_id": 0, "box_caption": "person 0.238", "scores": {"class_score": 0.2379150390625}, "domain": "pixel"}, {"position": {"minX": 387.5, "minY": 367.25, "maxX": 422.0, "maxY": 460.25}, "class_id": 0, "box_caption": "person 0.209", "scores": {"class_score": 0.20947265625}, "domain": "pixel"}, {"position": {"minX": 49.5625, "minY": 341.5, "maxX": 102.8125, "maxY": 469.0}, "class_id": 0, "box_caption": "person 0.195", "scores": {"class_score": 0.1949462890625}, "domain": "pixel"}, {"position": {"minX": 294.5, "minY": 389.5, "maxX": 386.0, "maxY": 608.0}, "class_id": 0, "box_caption": "person 0.143", "scores": {"class_score": 0.1431884765625}, "domain": "pixel"}, {"position": {"minX": 90.5, "minY": 522.5, "maxX": 180.0, "maxY": 648.5}, "class_id": 0, "box_caption": "person 0.142", "scores": {"class_score": 0.1419677734375}, "domain": "pixel"}, {"position": {"minX": 393.25, "minY": 53.1875, "maxX": 459.25, "maxY": 242.5}, "class_id": 0, "box_caption": "person 0.137", "scores": {"class_score": 0.1365966796875}, "domain": "pixel"}, {"position": {"minX": 191.75, "minY": 228.75, "maxX": 257.5, "maxY": 351.25}, "class_id": 0, "box_caption": "person 0.125", "scores": {"class_score": 0.12548828125}, "domain": "pixel"}, {"position": {"minX": 56.625, "minY": 390.25, "maxX": 86.625, "maxY": 466.75}, "class_id": 0, "box_caption": "person 0.114", "scores": {"class_score": 0.11395263671875}, "domain": "pixel"}, {"position": {"minX": 259.75, "minY": 311.0, "maxX": 327.75, "maxY": 484.5}, "class_id": 0, "box_caption": "person 0.113", "scores": {"class_score": 0.11260986328125}, "domain": "pixel"}, {"position": {"minX": 408.25, "minY": 341.5, "maxX": 651.0, "maxY": 637.5}, "class_id": 0, "box_caption": "person 0.106", "scores": {"class_score": 0.10614013671875}, "domain": "pixel"}, {"position": {"minX": 393.5, "minY": 404.5, "maxX": 414.0, "maxY": 462.0}, "class_id": 0, "box_caption": "person 0.078", "scores": {"class_score": 0.078369140625}, "domain": "pixel"}, {"position": {"minX": 155.0, "minY": 237.875, "maxX": 306.25, "maxY": 609.0}, "class_id": 0, "box_caption": "person 0.076", "scores": {"class_score": 0.07586669921875}, "domain": "pixel"}, {"position": {"minX": 579.0, "minY": 39.125, "maxX": 664.0, "maxY": 272.5}, "class_id": 0, "box_caption": "person 0.075", "scores": {"class_score": 0.075439453125}, "domain": "pixel"}, {"position": {"minX": 170.625, "minY": 252.75, "maxX": 232.875, "maxY": 406.75}, "class_id": 0, "box_caption": "person 0.074", "scores": {"class_score": 0.0743408203125}, "domain": "pixel"}, {"position": {"minX": 378.0, "minY": 74.0, "maxX": 447.5, "maxY": 265.75}, "class_id": 0, "box_caption": "person 0.069", "scores": {"class_score": 0.06939697265625}, "domain": "pixel"}, {"position": {"minX": 29.46875, "minY": 350.5, "maxX": 92.875, "maxY": 458.5}, "class_id": 0, "box_caption": "person 0.063", "scores": {"class_score": 0.0631103515625}, "domain": "pixel"}, {"position": {"minX": 245.625, "minY": 302.0, "maxX": 323.75, "maxY": 539.5}, "class_id": 0, "box_caption": "person 0.063", "scores": {"class_score": 0.06268310546875}, "domain": "pixel"}, {"position": {"minX": 44.6875, "minY": 290.75, "maxX": 106.8125, "maxY": 456.75}, "class_id": 0, "box_caption": "person 0.062", "scores": {"class_score": 0.0616455078125}, "domain": "pixel"}, {"position": {"minX": 34.875, "minY": 337.0, "maxX": 121.5, "maxY": 596.5}, "class_id": 0, "box_caption": "person 0.056", "scores": {"class_score": 0.05572509765625}, "domain": "pixel"}, {"position": {"minX": 380.25, "minY": 341.75, "maxX": 431.25, "maxY": 467.25}, "class_id": 0, "box_caption": "person 0.054", "scores": {"class_score": 0.054107666015625}, "domain": "pixel"}, {"position": {"minX": 65.1875, "minY": 388.5, "maxX": 102.0625, "maxY": 466.0}, "class_id": 0, "box_caption": "person 0.045", "scores": {"class_score": 0.045013427734375}, "domain": "pixel"}, {"position": {"minX": 22.390625, "minY": 367.0, "maxX": 56.875, "maxY": 439.5}, "class_id": 0, "box_caption": "person 0.044", "scores": {"class_score": 0.044342041015625}, "domain": "pixel"}, {"position": {"minX": 160.75, "minY": 239.25, "maxX": 298.75, "maxY": 468.75}, "class_id": 0, "box_caption": "person 0.044", "scores": {"class_score": 0.044342041015625}, "domain": "pixel"}, {"position": {"minX": 41.8125, "minY": 363.25, "maxX": 86.5625, "maxY": 453.25}, "class_id": 0, "box_caption": "person 0.043", "scores": {"class_score": 0.042724609375}, "domain": "pixel"}, {"position": {"minX": 303.25, "minY": 497.5, "maxX": 373.25, "maxY": 611.5}, "class_id": 0, "box_caption": "person 0.040", "scores": {"class_score": 0.0401611328125}, "domain": "pixel"}, {"position": {"minX": 421.5, "minY": 398.75, "maxX": 444.0, "maxY": 458.75}, "class_id": 0, "box_caption": "person 0.040", "scores": {"class_score": 0.040008544921875}, "domain": "pixel"}, {"position": {"minX": 393.75, "minY": 378.0, "maxX": 437.75, "maxY": 457.5}, "class_id": 0, "box_caption": "person 0.040", "scores": {"class_score": 0.039947509765625}, "domain": "pixel"}, {"position": {"minX": 53.75, "minY": 291.5, "maxX": 99.75, "maxY": 394.5}, "class_id": 0, "box_caption": "person 0.037", "scores": {"class_score": 0.037322998046875}, "domain": "pixel"}, {"position": {"minX": 171.0, "minY": 227.5, "maxX": 307.75, "maxY": 399.0}, "class_id": 0, "box_caption": "person 0.034", "scores": {"class_score": 0.033660888671875}, "domain": "pixel"}, {"position": {"minX": 238.0, "minY": 271.0, "maxX": 330.5, "maxY": 474.5}, "class_id": 0, "box_caption": "person 0.033", "scores": {"class_score": 0.033477783203125}, "domain": "pixel"}, {"position": {"minX": 254.75, "minY": 332.0, "maxX": 373.25, "maxY": 605.0}, "class_id": 0, "box_caption": "person 0.029", "scores": {"class_score": 0.029205322265625}, "domain": "pixel"}, {"position": {"minX": 304.5, "minY": 458.0, "maxX": 391.0, "maxY": 614.0}, "class_id": 0, "box_caption": "person 0.029", "scores": {"class_score": 0.0289306640625}, "domain": "pixel"}, {"position": {"minX": 300.25, "minY": 521.5, "maxX": 352.75, "maxY": 606.5}, "class_id": 0, "box_caption": "person 0.029", "scores": {"class_score": 0.028656005859375}, "domain": "pixel"}, {"position": {"minX": 264.5, "minY": 361.5, "maxX": 318.0, "maxY": 478.5}, "class_id": 0, "box_caption": "person 0.027", "scores": {"class_score": 0.027374267578125}, "domain": "pixel"}, {"position": {"minX": 341.75, "minY": 368.0, "maxX": 391.25, "maxY": 489.0}, "class_id": 0, "box_caption": "person 0.025", "scores": {"class_score": 0.02508544921875}, "domain": "pixel"}, {"position": {"minX": 215.625, "minY": 279.25, "maxX": 340.25, "maxY": 529.0}, "class_id": 0, "box_caption": "person 0.025", "scores": {"class_score": 0.024993896484375}, "domain": "pixel"}, {"position": {"minX": 58.9375, "minY": 348.25, "maxX": 115.9375, "maxY": 508.25}, "class_id": 0, "box_caption": "person 0.025", "scores": {"class_score": 0.024932861328125}, "domain": "pixel"}, {"position": {"minX": 371.25, "minY": 146.75, "maxX": 423.75, "maxY": 263.75}, "class_id": 0, "box_caption": "person 0.025", "scores": {"class_score": 0.024749755859375}, "domain": "pixel"}, {"position": {"minX": 32.28125, "minY": 314.5, "maxX": 96.5, "maxY": 442.0}, "class_id": 0, "box_caption": "person 0.024", "scores": {"class_score": 0.0235595703125}, "domain": "pixel"}, {"position": {"minX": 206.125, "minY": 243.875, "maxX": 326.5, "maxY": 422.0}, "class_id": 0, "box_caption": "person 0.024", "scores": {"class_score": 0.0235137939453125}, "domain": "pixel"}, {"position": {"minX": 354.5, "minY": 349.25, "maxX": 401.5, "maxY": 461.25}, "class_id": 0, "box_caption": "person 0.023", "scores": {"class_score": 0.0234222412109375}, "domain": "pixel"}, {"position": {"minX": 554.0, "minY": 309.25, "maxX": 586.0, "maxY": 381.75}, "class_id": 0, "box_caption": "person 0.023", "scores": {"class_score": 0.0230712890625}, "domain": "pixel"}, {"position": {"minX": 110.3125, "minY": 548.0, "maxX": 183.75, "maxY": 647.0}, "class_id": 0, "box_caption": "person 0.021", "scores": {"class_score": 0.021331787109375}, "domain": "pixel"}, {"position": {"minX": 47.4375, "minY": 302.5, "maxX": 156.0, "maxY": 639.5}, "class_id": 0, "box_caption": "person 0.021", "scores": {"class_score": 0.0212860107421875}, "domain": "pixel"}, {"position": {"minX": 381.75, "minY": 345.0, "maxX": 417.75, "maxY": 449.5}, "class_id": 0, "box_caption": "person 0.020", "scores": {"class_score": 0.0197601318359375}, "domain": "pixel"}, {"position": {"minX": 569.5, "minY": 8.4375, "maxX": 666.5, "maxY": 203.0}, "class_id": 0, "box_caption": "person 0.020", "scores": {"class_score": 0.0196075439453125}, "domain": "pixel"}, {"position": {"minX": 59.875, "minY": 297.75, "maxX": 93.375, "maxY": 357.75}, "class_id": 0, "box_caption": "person 0.020", "scores": {"class_score": 0.019561767578125}, "domain": "pixel"}, {"position": {"minX": 372.75, "minY": 307.0, "maxX": 433.25, "maxY": 453.5}, "class_id": 0, "box_caption": "person 0.019", "scores": {"class_score": 0.019012451171875}, "domain": "pixel"}, {"position": {"minX": 204.375, "minY": 232.125, "maxX": 249.625, "maxY": 320.5}, "class_id": 0, "box_caption": "person 0.018", "scores": {"class_score": 0.0177764892578125}, "domain": "pixel"}, {"position": {"minX": 96.125, "minY": 430.25, "maxX": 181.125, "maxY": 642.5}, "class_id": 0, "box_caption": "person 0.017", "scores": {"class_score": 0.017303466796875}, "domain": "pixel"}, {"position": {"minX": 342.0, "minY": 385.75, "maxX": 379.0, "maxY": 462.75}, "class_id": 0, "box_caption": "person 0.017", "scores": {"class_score": 0.017181396484375}, "domain": "pixel"}, {"position": {"minX": 301.5, "minY": 343.25, "maxX": 379.5, "maxY": 526.0}, "class_id": 0, "box_caption": "person 0.016", "scores": {"class_score": 0.0164031982421875}, "domain": "pixel"}, {"position": {"minX": 391.25, "minY": 363.25, "maxX": 417.75, "maxY": 432.75}, "class_id": 0, "box_caption": "person 0.016", "scores": {"class_score": 0.015838623046875}, "domain": "pixel"}, {"position": {"minX": 370.75, "minY": 177.0, "maxX": 409.25, "maxY": 265.75}, "class_id": 0, "box_caption": "person 0.016", "scores": {"class_score": 0.015838623046875}, "domain": "pixel"}, {"position": {"minX": 416.5, "minY": 393.0, "maxX": 441.5, "maxY": 450.0}, "class_id": 0, "box_caption": "person 0.015", "scores": {"class_score": 0.0154876708984375}, "domain": "pixel"}, {"position": {"minX": 503.5, "minY": 4.875, "maxX": 647.5, "maxY": 247.125}, "class_id": 0, "box_caption": "person 0.015", "scores": {"class_score": 0.01507568359375}, "domain": "pixel"}, {"position": {"minX": 410.5, "minY": 86.125, "maxX": 458.0, "maxY": 244.125}, "class_id": 0, "box_caption": "person 0.015", "scores": {"class_score": 0.01490020751953125}, "domain": "pixel"}, {"position": {"minX": 539.0, "minY": 317.5, "maxX": 593.0, "maxY": 385.0}, "class_id": 0, "box_caption": "person 0.014", "scores": {"class_score": 0.0142822265625}, "domain": "pixel"}, {"position": {"minX": 77.3125, "minY": 381.25, "maxX": 105.5625, "maxY": 463.75}, "class_id": 0, "box_caption": "person 0.014", "scores": {"class_score": 0.01384735107421875}, "domain": "pixel"}, {"position": {"minX": 333.0, "minY": 353.25, "maxX": 398.5, "maxY": 508.75}, "class_id": 0, "box_caption": "person 0.014", "scores": {"class_score": 0.01384735107421875}, "domain": "pixel"}, {"position": {"minX": 552.5, "minY": 312.5, "maxX": 615.5, "maxY": 381.5}, "class_id": 0, "box_caption": "person 0.013", "scores": {"class_score": 0.013427734375}, "domain": "pixel"}, {"position": {"minX": 317.75, "minY": 524.5, "maxX": 384.75, "maxY": 605.5}, "class_id": 0, "box_caption": "person 0.013", "scores": {"class_score": 0.01302337646484375}, "domain": "pixel"}, {"position": {"minX": 332.25, "minY": 367.75, "maxX": 384.25, "maxY": 551.0}, "class_id": 0, "box_caption": "person 0.013", "scores": {"class_score": 0.0129241943359375}, "domain": "pixel"}, {"position": {"minX": 603.5, "minY": 12.75, "maxX": 667.5, "maxY": 221.625}, "class_id": 0, "box_caption": "person 0.013", "scores": {"class_score": 0.0129241943359375}, "domain": "pixel"}, {"position": {"minX": 63.03125, "minY": 491.5, "maxX": 186.25, "maxY": 650.5}, "class_id": 0, "box_caption": "person 0.013", "scores": {"class_score": 0.0127716064453125}, "domain": "pixel"}, {"position": {"minX": 35.5625, "minY": 354.0, "maxX": 78.5625, "maxY": 438.5}, "class_id": 0, "box_caption": "person 0.012", "scores": {"class_score": 0.0121917724609375}, "domain": "pixel"}, {"position": {"minX": 377.25, "minY": 318.25, "maxX": 413.75, "maxY": 433.25}, "class_id": 0, "box_caption": "person 0.012", "scores": {"class_score": 0.01214599609375}, "domain": "pixel"}, {"position": {"minX": 167.0, "minY": 260.5, "maxX": 261.0, "maxY": 444.0}, "class_id": 0, "box_caption": "person 0.012", "scores": {"class_score": 0.01214599609375}, "domain": "pixel"}, {"position": {"minX": 357.25, "minY": 368.75, "maxX": 388.25, "maxY": 454.75}, "class_id": 0, "box_caption": "person 0.012", "scores": {"class_score": 0.0121002197265625}, "domain": "pixel"}, {"position": {"minX": 572.0, "minY": 336.75, "maxX": 592.0, "maxY": 404.25}, "class_id": 0, "box_caption": "person 0.012", "scores": {"class_score": 0.0118255615234375}, "domain": "pixel"}, {"position": {"minX": 386.25, "minY": 324.75, "maxX": 426.75, "maxY": 436.25}, "class_id": 0, "box_caption": "person 0.012", "scores": {"class_score": 0.0118255615234375}, "domain": "pixel"}, {"position": {"minX": 400.75, "minY": 295.5, "maxX": 602.0, "maxY": 596.5}, "class_id": 0, "box_caption": "person 0.012", "scores": {"class_score": 0.01177978515625}, "domain": "pixel"}, {"position": {"minX": 277.0, "minY": 365.5, "maxX": 337.0, "maxY": 487.0}, "class_id": 0, "box_caption": "person 0.012", "scores": {"class_score": 0.0116424560546875}, "domain": "pixel"}, {"position": {"minX": 591.5, "minY": 113.9375, "maxX": 657.5, "maxY": 276.5}, "class_id": 0, "box_caption": "person 0.012", "scores": {"class_score": 0.0116424560546875}, "domain": "pixel"}, {"position": {"minX": 27.5625, "minY": 323.5, "maxX": 124.8125, "maxY": 480.5}, "class_id": 0, "box_caption": "person 0.011", "scores": {"class_score": 0.01137542724609375}, "domain": "pixel"}, {"position": {"minX": 24.65625, "minY": 365.75, "maxX": 48.34375, "maxY": 428.75}, "class_id": 0, "box_caption": "person 0.011", "scores": {"class_score": 0.0112457275390625}, "domain": "pixel"}, {"position": {"minX": 458.0, "minY": 11.625, "maxX": 534.0, "maxY": 78.1875}, "class_id": 0, "box_caption": "person 0.011", "scores": {"class_score": 0.01116180419921875}, "domain": "pixel"}, {"position": {"minX": 316.25, "minY": 156.125, "maxX": 328.75, "maxY": 183.375}, "class_id": 0, "box_caption": "person 0.011", "scores": {"class_score": 0.01107025146484375}, "domain": "pixel"}, {"position": {"minX": 285.5, "minY": 437.5, "maxX": 366.5, "maxY": 613.5}, "class_id": 0, "box_caption": "person 0.011", "scores": {"class_score": 0.010986328125}, "domain": "pixel"}, {"position": {"minX": 222.5, "minY": 323.5, "maxX": 326.0, "maxY": 583.5}, "class_id": 0, "box_caption": "person 0.011", "scores": {"class_score": 0.0108184814453125}, "domain": "pixel"}, {"position": {"minX": 111.625, "minY": 502.75, "maxX": 189.875, "maxY": 639.0}, "class_id": 0, "box_caption": "person 0.011", "scores": {"class_score": 0.01078033447265625}, "domain": "pixel"}, {"position": {"minX": 85.3125, "minY": 229.375, "maxX": 284.5, "maxY": 631.0}, "class_id": 0, "box_caption": "person 0.011", "scores": {"class_score": 0.01073455810546875}, "domain": "pixel"}, {"position": {"minX": 444.25, "minY": 9.53125, "maxX": 504.75, "maxY": 75.5}, "class_id": 0, "box_caption": "person 0.011", "scores": {"class_score": 0.01056671142578125}, "domain": "pixel"}, {"position": {"minX": 243.125, "minY": 411.75, "maxX": 278.0, "maxY": 543.5}, "class_id": 0, "box_caption": "person 0.010", "scores": {"class_score": 0.01049041748046875}, "domain": "pixel"}, {"position": {"minX": 397.25, "minY": 346.75, "maxX": 435.75, "maxY": 445.75}, "class_id": 0, "box_caption": "person 0.010", "scores": {"class_score": 0.0103302001953125}, "domain": "pixel"}, {"position": {"minX": 405.25, "minY": 31.375, "maxX": 474.75, "maxY": 211.125}, "class_id": 0, "box_caption": "person 0.010", "scores": {"class_score": 0.01024627685546875}, "domain": "pixel"}, {"position": {"minX": 28.0625, "minY": 363.25, "maxX": 57.4375, "maxY": 417.25}, "class_id": 0, "box_caption": "person 0.010", "scores": {"class_score": 0.01016998291015625}, "domain": "pixel"}, {"position": {"minX": 569.0, "minY": 137.25, "maxX": 636.0, "maxY": 266.5}, "class_id": 0, "box_caption": "person 0.010", "scores": {"class_score": 0.00989532470703125}, "domain": "pixel"}, {"position": {"minX": 306.75, "minY": 534.0, "maxX": 341.25, "maxY": 608.0}, "class_id": 0, "box_caption": "person 0.010", "scores": {"class_score": 0.009857177734375}, "domain": "pixel"}, {"position": {"minX": 266.5, "minY": 294.5, "maxX": 325.5, "maxY": 438.0}, "class_id": 0, "box_caption": "person 0.010", "scores": {"class_score": 0.0097808837890625}, "domain": "pixel"}, {"position": {"minX": 335.25, "minY": 391.5, "maxX": 367.25, "maxY": 461.5}, "class_id": 0, "box_caption": "person 0.010", "scores": {"class_score": 0.0097808837890625}, "domain": "pixel"}, {"position": {"minX": 599.0, "minY": 170.125, "maxX": 642.0, "maxY": 264.5}, "class_id": 0, "box_caption": "person 0.010", "scores": {"class_score": 0.0097808837890625}, "domain": "pixel"}, {"position": {"minX": 199.25, "minY": 584.0, "maxX": 214.5, "maxY": 608.0}, "class_id": 0, "box_caption": "person 0.010", "scores": {"class_score": 0.009674072265625}, "domain": "pixel"}, {"position": {"minX": 268.5, "minY": 384.5, "maxX": 305.5, "maxY": 483.5}, "class_id": 0, "box_caption": "person 0.009", "scores": {"class_score": 0.0094146728515625}, "domain": "pixel"}, {"position": {"minX": 294.75, "minY": 331.75, "maxX": 365.75, "maxY": 471.75}, "class_id": 0, "box_caption": "person 0.009", "scores": {"class_score": 0.00937652587890625}, "domain": "pixel"}, {"position": {"minX": 482.25, "minY": 21.46875, "maxX": 529.0, "maxY": 82.375}, "class_id": 0, "box_caption": "person 0.009", "scores": {"class_score": 0.00933837890625}, "domain": "pixel"}, {"position": {"minX": 39.34375, "minY": 327.25, "maxX": 85.25, "maxY": 431.25}, "class_id": 0, "box_caption": "person 0.009", "scores": {"class_score": 0.00926971435546875}, "domain": "pixel"}, {"position": {"minX": 559.0, "minY": 306.5, "maxX": 596.0, "maxY": 386.0}, "class_id": 0, "box_caption": "person 0.009", "scores": {"class_score": 0.00908660888671875}, "domain": "pixel"}, {"position": {"minX": 574.5, "minY": 196.625, "maxX": 622.5, "maxY": 269.0}, "class_id": 0, "box_caption": "person 0.009", "scores": {"class_score": 0.00885009765625}, "domain": "pixel"}, {"position": {"minX": 568.5, "minY": 327.25, "maxX": 597.5, "maxY": 393.75}, "class_id": 0, "box_caption": "person 0.009", "scores": {"class_score": 0.00881195068359375}, "domain": "pixel"}, {"position": {"minX": 618.5, "minY": 59.3125, "maxX": 664.5, "maxY": 276.75}, "class_id": 0, "box_caption": "person 0.009", "scores": {"class_score": 0.00878143310546875}, "domain": "pixel"}, {"position": {"minX": 526.0, "minY": 39.0, "maxX": 623.0, "maxY": 274.75}, "class_id": 0, "box_caption": "person 0.009", "scores": {"class_score": 0.00867462158203125}, "domain": "pixel"}, {"position": {"minX": 63.3125, "minY": 361.75, "maxX": 100.1875, "maxY": 448.25}, "class_id": 0, "box_caption": "person 0.009", "scores": {"class_score": 0.008514404296875}, "domain": "pixel"}, {"position": {"minX": 481.0, "minY": 12.90625, "maxX": 558.0, "maxY": 83.5}, "class_id": 0, "box_caption": "person 0.009", "scores": {"class_score": 0.008514404296875}, "domain": "pixel"}, {"position": {"minX": 37.5, "minY": 366.5, "maxX": 64.25, "maxY": 424.0}, "class_id": 0, "box_caption": "person 0.008", "scores": {"class_score": 0.00844573974609375}, "domain": "pixel"}, {"position": {"minX": 299.75, "minY": 412.0, "maxX": 333.25, "maxY": 472.5}, "class_id": 0, "box_caption": "person 0.008", "scores": {"class_score": 0.00841522216796875}, "domain": "pixel"}, {"position": {"minX": 51.5625, "minY": 375.0, "maxX": 98.9375, "maxY": 523.0}, "class_id": 0, "box_caption": "person 0.008", "scores": {"class_score": 0.0083770751953125}, "domain": "pixel"}, {"position": {"minX": 22.09375, "minY": 349.5, "maxX": 105.25, "maxY": 642.5}, "class_id": 0, "box_caption": "person 0.008", "scores": {"class_score": 0.0082550048828125}, "domain": "pixel"}, {"position": {"minX": 482.5, "minY": 16.984375, "maxX": 516.0, "maxY": 74.75}, "class_id": 0, "box_caption": "person 0.008", "scores": {"class_score": 0.00818634033203125}, "domain": "pixel"}, {"position": {"minX": 326.0, "minY": 375.25, "maxX": 372.5, "maxY": 499.75}, "class_id": 0, "box_caption": "person 0.008", "scores": {"class_score": 0.00809478759765625}, "domain": "pixel"}, {"position": {"minX": 257.0, "minY": 262.0, "maxX": 334.0, "maxY": 430.5}, "class_id": 0, "box_caption": "person 0.008", "scores": {"class_score": 0.00800323486328125}, "domain": "pixel"}, {"position": {"minX": 360.75, "minY": 186.875, "maxX": 403.25, "maxY": 270.5}, "class_id": 0, "box_caption": "person 0.008", "scores": {"class_score": 0.007694244384765625}, "domain": "pixel"}, {"position": {"minX": 258.0, "minY": 374.5, "maxX": 331.0, "maxY": 526.5}, "class_id": 0, "box_caption": "person 0.008", "scores": {"class_score": 0.00763702392578125}, "domain": "pixel"}, {"position": {"minX": 505.25, "minY": 351.0, "maxX": 654.0, "maxY": 640.0}, "class_id": 0, "box_caption": "person 0.008", "scores": {"class_score": 0.00763702392578125}, "domain": "pixel"}, {"position": {"minX": 73.375, "minY": 370.0, "maxX": 167.625, "maxY": 638.0}, "class_id": 0, "box_caption": "person 0.008", "scores": {"class_score": 0.007549285888671875}, "domain": "pixel"}, {"position": {"minX": 533.0, "minY": 295.5, "maxX": 600.0, "maxY": 390.5}, "class_id": 0, "box_caption": "person 0.007", "scores": {"class_score": 0.007488250732421875}, "domain": "pixel"}, {"position": {"minX": 377.25, "minY": 37.875, "maxX": 485.25, "maxY": 220.125}, "class_id": 0, "box_caption": "person 0.007", "scores": {"class_score": 0.00734710693359375}, "domain": "pixel"}, {"position": {"minX": 575.5, "minY": 216.25, "maxX": 607.5, "maxY": 276.25}, "class_id": 0, "box_caption": "person 0.007", "scores": {"class_score": 0.00731658935546875}, "domain": "pixel"}, {"position": {"minX": 387.25, "minY": 365.5, "maxX": 412.25, "maxY": 443.5}, "class_id": 0, "box_caption": "person 0.007", "scores": {"class_score": 0.007289886474609375}, "domain": "pixel"}, {"position": {"minX": 271.5, "minY": 361.5, "maxX": 353.5, "maxY": 541.5}, "class_id": 0, "box_caption": "person 0.007", "scores": {"class_score": 0.007259368896484375}, "domain": "pixel"}, {"position": {"minX": 386.25, "minY": 318.0, "maxX": 421.75, "maxY": 405.0}, "class_id": 0, "box_caption": "person 0.007", "scores": {"class_score": 0.007122039794921875}, "domain": "pixel"}, {"position": {"minX": 237.75, "minY": 442.25, "maxX": 268.5, "maxY": 531.5}, "class_id": 0, "box_caption": "person 0.007", "scores": {"class_score": 0.007122039794921875}, "domain": "pixel"}, {"position": {"minX": 137.875, "minY": 562.0, "maxX": 182.125, "maxY": 640.0}, "class_id": 0, "box_caption": "person 0.007", "scores": {"class_score": 0.0069580078125}, "domain": "pixel"}, {"position": {"minX": 457.5, "minY": 260.5, "maxX": 600.5, "maxY": 560.0}, "class_id": 0, "box_caption": "person 0.007", "scores": {"class_score": 0.00679779052734375}, "domain": "pixel"}, {"position": {"minX": 596.5, "minY": 332.0, "maxX": 637.5, "maxY": 382.0}, "class_id": 0, "box_caption": "person 0.007", "scores": {"class_score": 0.006771087646484375}, "domain": "pixel"}, {"position": {"minX": 55.4375, "minY": 416.25, "maxX": 82.5625, "maxY": 465.25}, "class_id": 0, "box_caption": "person 0.007", "scores": {"class_score": 0.006641387939453125}, "domain": "pixel"}, {"position": {"minX": 346.0, "minY": 298.0, "maxX": 409.5, "maxY": 454.0}, "class_id": 0, "box_caption": "person 0.007", "scores": {"class_score": 0.006565093994140625}, "domain": "pixel"}, {"position": {"minX": 246.25, "minY": 427.5, "maxX": 270.25, "maxY": 525.0}, "class_id": 0, "box_caption": "person 0.007", "scores": {"class_score": 0.006511688232421875}, "domain": "pixel"}, {"position": {"minX": 575.0, "minY": 338.75, "maxX": 599.0, "maxY": 401.75}, "class_id": 0, "box_caption": "person 0.006", "scores": {"class_score": 0.006439208984375}, "domain": "pixel"}, {"position": {"minX": 508.5, "minY": 316.75, "maxX": 562.5, "maxY": 395.75}, "class_id": 0, "box_caption": "person 0.006", "scores": {"class_score": 0.006439208984375}, "domain": "pixel"}, {"position": {"minX": 195.5, "minY": 317.0, "maxX": 293.5, "maxY": 589.5}, "class_id": 0, "box_caption": "person 0.006", "scores": {"class_score": 0.006439208984375}, "domain": "pixel"}, {"position": {"minX": 397.5, "minY": 403.25, "maxX": 416.5, "maxY": 451.75}, "class_id": 0, "box_caption": "person 0.006", "scores": {"class_score": 0.006389617919921875}, "domain": "pixel"}, {"position": {"minX": 402.75, "minY": 44.5625, "maxX": 456.75, "maxY": 176.5}, "class_id": 0, "box_caption": "person 0.006", "scores": {"class_score": 0.00634002685546875}, "domain": "pixel"}, {"position": {"minX": 438.75, "minY": 139.375, "maxX": 457.25, "maxY": 201.375}, "class_id": 0, "box_caption": "person 0.006", "scores": {"class_score": 0.00634002685546875}, "domain": "pixel"}, {"position": {"minX": 426.25, "minY": 412.5, "maxX": 445.75, "maxY": 457.5}, "class_id": 0, "box_caption": "person 0.006", "scores": {"class_score": 0.0062408447265625}, "domain": "pixel"}, {"position": {"minX": 533.5, "minY": 309.75, "maxX": 579.5, "maxY": 381.25}, "class_id": 0, "box_caption": "person 0.006", "scores": {"class_score": 0.0062408447265625}, "domain": "pixel"}, {"position": {"minX": 295.75, "minY": 384.0, "maxX": 351.25, "maxY": 494.5}, "class_id": 0, "box_caption": "person 0.006", "scores": {"class_score": 0.006191253662109375}, "domain": "pixel"}, {"position": {"minX": 391.75, "minY": 327.75, "maxX": 445.25, "maxY": 424.75}, "class_id": 0, "box_caption": "person 0.006", "scores": {"class_score": 0.006145477294921875}, "domain": "pixel"}, {"position": {"minX": 53.5625, "minY": 361.0, "maxX": 94.8125, "maxY": 435.0}, "class_id": 0, "box_caption": "person 0.006", "scores": {"class_score": 0.00605010986328125}, "domain": "pixel"}, {"position": {"minX": 56.6875, "minY": 376.75, "maxX": 111.1875, "maxY": 566.0}, "class_id": 0, "box_caption": "person 0.006", "scores": {"class_score": 0.0060272216796875}, "domain": "pixel"}, {"position": {"minX": 265.75, "minY": 510.5, "maxX": 277.25, "maxY": 539.5}, "class_id": 0, "box_caption": "person 0.006", "scores": {"class_score": 0.00595855712890625}, "domain": "pixel"}, {"position": {"minX": 576.0, "minY": 328.25, "maxX": 622.0, "maxY": 389.75}, "class_id": 0, "box_caption": "person 0.006", "scores": {"class_score": 0.00595855712890625}, "domain": "pixel"}, {"position": {"minX": 473.5, "minY": 288.25, "maxX": 634.5, "maxY": 599.0}, "class_id": 0, "box_caption": "person 0.006", "scores": {"class_score": 0.0059356689453125}, "domain": "pixel"}, {"position": {"minX": 407.25, "minY": 388.5, "maxX": 436.25, "maxY": 451.0}, "class_id": 0, "box_caption": "person 0.006", "scores": {"class_score": 0.00591278076171875}, "domain": "pixel"}, {"position": {"minX": 301.25, "minY": 508.0, "maxX": 337.25, "maxY": 602.0}, "class_id": 0, "box_caption": "person 0.006", "scores": {"class_score": 0.00586700439453125}, "domain": "pixel"}, {"position": {"minX": 556.0, "minY": 306.5, "maxX": 628.0, "maxY": 406.0}, "class_id": 0, "box_caption": "person 0.006", "scores": {"class_score": 0.0058441162109375}, "domain": "pixel"}, {"position": {"minX": 360.0, "minY": 162.375, "maxX": 415.0, "maxY": 268.5}, "class_id": 0, "box_caption": "person 0.006", "scores": {"class_score": 0.005619049072265625}, "domain": "pixel"}, {"position": {"minX": 55.25, "minY": 306.0, "maxX": 96.125, "maxY": 371.0}, "class_id": 0, "box_caption": "person 0.006", "scores": {"class_score": 0.00555419921875}, "domain": "pixel"}, {"position": {"minX": 95.1875, "minY": 560.0, "maxX": 172.5, "maxY": 655.0}, "class_id": 0, "box_caption": "person 0.006", "scores": {"class_score": 0.005512237548828125}, "domain": "pixel"}, {"position": {"minX": 378.75, "minY": 306.25, "maxX": 425.75, "maxY": 386.75}, "class_id": 0, "box_caption": "person 0.005", "scores": {"class_score": 0.0054473876953125}, "domain": "pixel"}, {"position": {"minX": 189.75, "minY": 289.25, "maxX": 357.25, "maxY": 614.0}, "class_id": 0, "box_caption": "person 0.005", "scores": {"class_score": 0.005428314208984375}, "domain": "pixel"}, {"position": {"minX": 569.0, "minY": 163.75, "maxX": 631.0, "maxY": 304.75}, "class_id": 0, "box_caption": "person 0.005", "scores": {"class_score": 0.0053863525390625}, "domain": "pixel"}, {"position": {"minX": 199.875, "minY": 226.0, "maxX": 252.125, "maxY": 291.0}, "class_id": 0, "box_caption": "person 0.005", "scores": {"class_score": 0.005344390869140625}, "domain": "pixel"}, {"position": {"minX": 517.0, "minY": 309.75, "maxX": 557.0, "maxY": 383.75}, "class_id": 0, "box_caption": "person 0.005", "scores": {"class_score": 0.005260467529296875}, "domain": "pixel"}, {"position": {"minX": 268.5, "minY": 408.0, "maxX": 317.5, "maxY": 492.5}, "class_id": 0, "box_caption": "person 0.005", "scores": {"class_score": 0.005218505859375}, "domain": "pixel"}, {"position": {"minX": 359.0, "minY": 316.5, "maxX": 397.0, "maxY": 437.0}, "class_id": 0, "box_caption": "person 0.005", "scores": {"class_score": 0.00518035888671875}, "domain": "pixel"}, {"position": {"minX": 384.75, "minY": 328.5, "maxX": 406.75, "maxY": 398.5}, "class_id": 0, "box_caption": "person 0.005", "scores": {"class_score": 0.005138397216796875}, "domain": "pixel"}, {"position": {"minX": 61.625, "minY": 403.0, "maxX": 87.875, "maxY": 452.5}, "class_id": 0, "box_caption": "person 0.005", "scores": {"class_score": 0.0050811767578125}, "domain": "pixel"}, {"position": {"minX": 620.0, "minY": 15.25, "maxX": 664.0, "maxY": 192.625}, "class_id": 0, "box_caption": "person 0.005", "scores": {"class_score": 0.005062103271484375}, "domain": "pixel"}, {"position": {"minX": 68.6875, "minY": 312.25, "maxX": 126.5625, "maxY": 418.75}, "class_id": 0, "box_caption": "person 0.005", "scores": {"class_score": 0.00494384765625}, "domain": "pixel"}, {"position": {"minX": 403.5, "minY": 337.25, "maxX": 438.5, "maxY": 422.25}, "class_id": 0, "box_caption": "person 0.005", "scores": {"class_score": 0.00490570068359375}, "domain": "pixel"}, {"position": {"minX": 197.875, "minY": 580.5, "maxX": 212.375, "maxY": 603.5}, "class_id": 0, "box_caption": "person 0.005", "scores": {"class_score": 0.0048675537109375}, "domain": "pixel"}, {"position": {"minX": 429.0, "minY": 399.75, "maxX": 448.5, "maxY": 459.25}, "class_id": 0, "box_caption": "person 0.005", "scores": {"class_score": 0.0048675537109375}, "domain": "pixel"}, {"position": {"minX": 367.5, "minY": 100.75, "maxX": 430.0, "maxY": 267.75}, "class_id": 0, "box_caption": "person 0.005", "scores": {"class_score": 0.00473785400390625}, "domain": "pixel"}, {"position": {"minX": 63.84375, "minY": 295.25, "maxX": 97.125, "maxY": 340.75}, "class_id": 0, "box_caption": "person 0.005", "scores": {"class_score": 0.00469970703125}, "domain": "pixel"}, {"position": {"minX": 523.0, "minY": 326.0, "maxX": 544.0, "maxY": 390.0}, "class_id": 0, "box_caption": "person 0.005", "scores": {"class_score": 0.004680633544921875}, "domain": "pixel"}, {"position": {"minX": 507.5, "minY": 6.6875, "maxX": 633.5, "maxY": 147.5}, "class_id": 0, "box_caption": "person 0.005", "scores": {"class_score": 0.004680633544921875}, "domain": "pixel"}, {"position": {"minX": 368.5, "minY": 361.0, "maxX": 418.0, "maxY": 535.0}, "class_id": 0, "box_caption": "person 0.005", "scores": {"class_score": 0.004680633544921875}, "domain": "pixel"}, {"position": {"minX": 288.75, "minY": 410.5, "maxX": 333.75, "maxY": 490.0}, "class_id": 0, "box_caption": "person 0.005", "scores": {"class_score": 0.00464630126953125}, "domain": "pixel"}, {"position": {"minX": 494.25, "minY": 18.28125, "maxX": 535.5, "maxY": 86.375}, "class_id": 0, "box_caption": "person 0.005", "scores": {"class_score": 0.004608154296875}, "domain": "pixel"}, {"position": {"minX": 561.5, "minY": 83.375, "maxX": 644.5, "maxY": 280.0}, "class_id": 0, "box_caption": "person 0.005", "scores": {"class_score": 0.0045928955078125}, "domain": "pixel"}, {"position": {"minX": 440.75, "minY": 331.0, "maxX": 463.75, "maxY": 396.5}, "class_id": 0, "box_caption": "person 0.005", "scores": {"class_score": 0.004573822021484375}, "domain": "pixel"}, {"position": {"minX": 345.25, "minY": 342.5, "maxX": 383.75, "maxY": 448.5}, "class_id": 0, "box_caption": "person 0.005", "scores": {"class_score": 0.004573822021484375}, "domain": "pixel"}, {"position": {"minX": 514.0, "minY": 9.03125, "maxX": 606.0, "maxY": 87.25}, "class_id": 0, "box_caption": "person 0.005", "scores": {"class_score": 0.00453948974609375}, "domain": "pixel"}, {"position": {"minX": 56.9375, "minY": 396.75, "maxX": 94.3125, "maxY": 501.25}, "class_id": 0, "box_caption": "person 0.005", "scores": {"class_score": 0.004520416259765625}, "domain": "pixel"}, {"position": {"minX": 296.5, "minY": 126.125, "maxX": 305.0, "maxY": 154.375}, "class_id": 0, "box_caption": "person 0.004", "scores": {"class_score": 0.004467010498046875}, "domain": "pixel"}, {"position": {"minX": 21.78125, "minY": 388.0, "maxX": 48.40625, "maxY": 447.0}, "class_id": 0, "box_caption": "person 0.004", "scores": {"class_score": 0.00443267822265625}, "domain": "pixel"}, {"position": {"minX": 79.75, "minY": 397.25, "maxX": 101.75, "maxY": 469.75}, "class_id": 0, "box_caption": "person 0.004", "scores": {"class_score": 0.004364013671875}, "domain": "pixel"}, {"position": {"minX": 465.25, "minY": 450.0, "maxX": 652.0, "maxY": 645.0}, "class_id": 0, "box_caption": "person 0.004", "scores": {"class_score": 0.004364013671875}, "domain": "pixel"}, {"position": {"minX": 264.25, "minY": 421.0, "maxX": 381.75, "maxY": 625.0}, "class_id": 0, "box_caption": "person 0.004", "scores": {"class_score": 0.004299163818359375}, "domain": "pixel"}, {"position": {"minX": 451.5, "minY": 15.75, "maxX": 542.5, "maxY": 107.0}, "class_id": 0, "box_caption": "person 0.004", "scores": {"class_score": 0.00426483154296875}, "domain": "pixel"}, {"position": {"minX": 404.75, "minY": 360.25, "maxX": 506.75, "maxY": 506.25}, "class_id": 0, "box_caption": "person 0.004", "scores": {"class_score": 0.00424957275390625}, "domain": "pixel"}, {"position": {"minX": 357.25, "minY": 396.5, "maxX": 382.25, "maxY": 476.0}, "class_id": 0, "box_caption": "person 0.004", "scores": {"class_score": 0.004180908203125}, "domain": "pixel"}, {"position": {"minX": 419.25, "minY": 376.25, "maxX": 445.75, "maxY": 450.25}, "class_id": 0, "box_caption": "person 0.004", "scores": {"class_score": 0.004150390625}, "domain": "pixel"}, {"position": {"minX": 262.25, "minY": 406.25, "maxX": 298.25, "maxY": 496.25}, "class_id": 0, "box_caption": "person 0.004", "scores": {"class_score": 0.004116058349609375}, "domain": "pixel"}, {"position": {"minX": 391.75, "minY": 414.5, "maxX": 410.25, "maxY": 465.5}, "class_id": 0, "box_caption": "person 0.004", "scores": {"class_score": 0.004070281982421875}, "domain": "pixel"}, {"position": {"minX": 239.75, "minY": 357.5, "maxX": 294.25, "maxY": 560.5}, "class_id": 0, "box_caption": "person 0.004", "scores": {"class_score": 0.004039764404296875}, "domain": "pixel"}, {"position": {"minX": 73.375, "minY": 269.5, "maxX": 209.375, "maxY": 650.5}, "class_id": 0, "box_caption": "person 0.004", "scores": {"class_score": 0.00400543212890625}, "domain": "pixel"}, {"position": {"minX": 499.75, "minY": 298.25, "maxX": 571.5, "maxY": 418.25}, "class_id": 0, "box_caption": "person 0.004", "scores": {"class_score": 0.00399017333984375}, "domain": "pixel"}, {"position": {"minX": 375.75, "minY": 366.75, "maxX": 402.25, "maxY": 456.25}, "class_id": 0, "box_caption": "person 0.004", "scores": {"class_score": 0.00394439697265625}, "domain": "pixel"}, {"position": {"minX": 291.0, "minY": 402.25, "maxX": 329.0, "maxY": 470.25}, "class_id": 0, "box_caption": "person 0.004", "scores": {"class_score": 0.00392913818359375}, "domain": "pixel"}, {"position": {"minX": 439.0, "minY": 13.390625, "maxX": 488.0, "maxY": 65.6875}, "class_id": 0, "box_caption": "person 0.004", "scores": {"class_score": 0.00391387939453125}, "domain": "pixel"}, {"position": {"minX": 473.75, "minY": 14.25, "maxX": 572.5, "maxY": 111.8125}, "class_id": 0, "box_caption": "person 0.004", "scores": {"class_score": 0.00391387939453125}, "domain": "pixel"}, {"position": {"minX": 373.5, "minY": 198.5, "maxX": 404.5, "maxY": 274.5}, "class_id": 0, "box_caption": "person 0.004", "scores": {"class_score": 0.0038852691650390625}, "domain": "pixel"}, {"position": {"minX": 39.0625, "minY": 543.0, "maxX": 183.25, "maxY": 650.0}, "class_id": 0, "box_caption": "person 0.004", "scores": {"class_score": 0.0038394927978515625}, "domain": "pixel"}, {"position": {"minX": 580.0, "minY": 6.4375, "maxX": 672.0, "maxY": 111.9375}, "class_id": 0, "box_caption": "person 0.004", "scores": {"class_score": 0.0038089752197265625}, "domain": "pixel"}, {"position": {"minX": 402.25, "minY": 74.875, "maxX": 480.25, "maxY": 247.875}, "class_id": 0, "box_caption": "person 0.004", "scores": {"class_score": 0.003780364990234375}, "domain": "pixel"}, {"position": {"minX": 348.75, "minY": 405.0, "maxX": 380.25, "maxY": 465.5}, "class_id": 0, "box_caption": "person 0.004", "scores": {"class_score": 0.003749847412109375}, "domain": "pixel"}, {"position": {"minX": 480.75, "minY": 296.0, "maxX": 575.5, "maxY": 517.0}, "class_id": 0, "box_caption": "person 0.004", "scores": {"class_score": 0.0037364959716796875}, "domain": "pixel"}, {"position": {"minX": 378.0, "minY": 327.75, "maxX": 400.0, "maxY": 402.25}, "class_id": 0, "box_caption": "person 0.004", "scores": {"class_score": 0.0037212371826171875}, "domain": "pixel"}, {"position": {"minX": 448.0, "minY": 335.0, "maxX": 470.0, "maxY": 410.5}, "class_id": 0, "box_caption": "person 0.004", "scores": {"class_score": 0.0037078857421875}, "domain": "pixel"}, {"position": {"minX": 413.25, "minY": 12.9375, "maxX": 495.25, "maxY": 139.0}, "class_id": 0, "box_caption": "person 0.004", "scores": {"class_score": 0.003692626953125}, "domain": "pixel"}, {"position": {"minX": 439.75, "minY": 8.125, "maxX": 636.0, "maxY": 272.5}, "class_id": 0, "box_caption": "person 0.004", "scores": {"class_score": 0.003692626953125}, "domain": "pixel"}, {"position": {"minX": 47.875, "minY": 367.25, "maxX": 75.875, "maxY": 425.75}, "class_id": 0, "box_caption": "person 0.004", "scores": {"class_score": 0.003650665283203125}, "domain": "pixel"}, {"position": {"minX": 309.75, "minY": 506.75, "maxX": 350.25, "maxY": 592.5}, "class_id": 0, "box_caption": "person 0.004", "scores": {"class_score": 0.0036220550537109375}, "domain": "pixel"}, {"position": {"minX": 284.75, "minY": 289.25, "maxX": 368.75, "maxY": 458.75}, "class_id": 0, "box_caption": "person 0.004", "scores": {"class_score": 0.0036220550537109375}, "domain": "pixel"}, {"position": {"minX": 146.0, "minY": 572.0, "maxX": 179.75, "maxY": 632.0}, "class_id": 0, "box_caption": "person 0.004", "scores": {"class_score": 0.0035381317138671875}, "domain": "pixel"}, {"position": {"minX": 129.5, "minY": 534.0, "maxX": 189.75, "maxY": 639.0}, "class_id": 0, "box_caption": "person 0.004", "scores": {"class_score": 0.0035114288330078125}, "domain": "pixel"}, {"position": {"minX": 605.5, "minY": 341.5, "maxX": 635.5, "maxY": 383.5}, "class_id": 0, "box_caption": "person 0.003", "scores": {"class_score": 0.003482818603515625}, "domain": "pixel"}, {"position": {"minX": 532.5, "minY": 8.0, "maxX": 649.5, "maxY": 103.5}, "class_id": 0, "box_caption": "person 0.003", "scores": {"class_score": 0.00345611572265625}, "domain": "pixel"}, {"position": {"minX": 372.25, "minY": 328.5, "maxX": 545.0, "maxY": 538.5}, "class_id": 0, "box_caption": "person 0.003", "scores": {"class_score": 0.0033893585205078125}, "domain": "pixel"}, {"position": {"minX": 592.0, "minY": 310.75, "maxX": 651.0, "maxY": 382.25}, "class_id": 0, "box_caption": "person 0.003", "scores": {"class_score": 0.0033626556396484375}, "domain": "pixel"}, {"position": {"minX": 295.25, "minY": 108.9375, "maxX": 306.75, "maxY": 138.875}, "class_id": 0, "box_caption": "person 0.003", "scores": {"class_score": 0.0033512115478515625}, "domain": "pixel"}, {"position": {"minX": 419.5, "minY": 398.5, "maxX": 438.0, "maxY": 444.0}, "class_id": 0, "box_caption": "person 0.003", "scores": {"class_score": 0.0033512115478515625}, "domain": "pixel"}, {"position": {"minX": 391.25, "minY": 60.0625, "maxX": 445.75, "maxY": 189.0}, "class_id": 0, "box_caption": "person 0.003", "scores": {"class_score": 0.003337860107421875}, "domain": "pixel"}, {"position": {"minX": 467.75, "minY": 370.5, "maxX": 496.75, "maxY": 415.5}, "class_id": 0, "box_caption": "person 0.003", "scores": {"class_score": 0.0033245086669921875}, "domain": "pixel"}, {"position": {"minX": 457.75, "minY": 345.75, "maxX": 529.0, "maxY": 455.75}, "class_id": 0, "box_caption": "person 0.003", "scores": {"class_score": 0.0033245086669921875}, "domain": "pixel"}, {"position": {"minX": 280.25, "minY": 396.75, "maxX": 321.25, "maxY": 473.75}, "class_id": 0, "box_caption": "person 0.003", "scores": {"class_score": 0.0032978057861328125}, "domain": "pixel"}, {"position": {"minX": 436.5, "minY": 322.75, "maxX": 570.5, "maxY": 562.0}, "class_id": 0, "box_caption": "person 0.003", "scores": {"class_score": 0.0032863616943359375}, "domain": "pixel"}, {"position": {"minX": 75.75, "minY": 357.75, "maxX": 112.0, "maxY": 465.75}, "class_id": 0, "box_caption": "person 0.003", "scores": {"class_score": 0.00327301025390625}, "domain": "pixel"}, {"position": {"minX": 83.875, "minY": 340.25, "maxX": 114.375, "maxY": 447.25}, "class_id": 0, "box_caption": "person 0.003", "scores": {"class_score": 0.003223419189453125}, "domain": "pixel"}, {"position": {"minX": 458.75, "minY": 350.25, "maxX": 483.75, "maxY": 410.25}, "class_id": 0, "box_caption": "person 0.003", "scores": {"class_score": 0.00319671630859375}, "domain": "pixel"}, {"position": {"minX": 392.5, "minY": 117.8125, "maxX": 444.0, "maxY": 273.75}, "class_id": 0, "box_caption": "person 0.003", "scores": {"class_score": 0.0031719207763671875}, "domain": "pixel"}, {"position": {"minX": 308.5, "minY": 539.5, "maxX": 374.5, "maxY": 610.5}, "class_id": 0, "box_caption": "person 0.003", "scores": {"class_score": 0.0031604766845703125}, "domain": "pixel"}, {"position": {"minX": 379.0, "minY": 171.875, "maxX": 418.5, "maxY": 264.0}, "class_id": 0, "box_caption": "person 0.003", "scores": {"class_score": 0.0031604766845703125}, "domain": "pixel"}, {"position": {"minX": 348.5, "minY": 369.0, "maxX": 382.0, "maxY": 441.0}, "class_id": 0, "box_caption": "person 0.003", "scores": {"class_score": 0.0031108856201171875}, "domain": "pixel"}, {"position": {"minX": 341.75, "minY": 321.5, "maxX": 455.25, "maxY": 485.5}, "class_id": 0, "box_caption": "person 0.003", "scores": {"class_score": 0.0031108856201171875}, "domain": "pixel"}, {"position": {"minX": 322.75, "minY": 532.0, "maxX": 371.25, "maxY": 595.0}, "class_id": 0, "box_caption": "person 0.003", "scores": {"class_score": 0.0030994415283203125}, "domain": "pixel"}, {"position": {"minX": 71.875, "minY": 385.5, "maxX": 131.5, "maxY": 588.5}, "class_id": 0, "box_caption": "person 0.003", "scores": {"class_score": 0.0030994415283203125}, "domain": "pixel"}, {"position": {"minX": 28.453125, "minY": 367.5, "maxX": 47.4375, "maxY": 412.5}, "class_id": 0, "box_caption": "person 0.003", "scores": {"class_score": 0.00307464599609375}, "domain": "pixel"}, {"position": {"minX": 48.90625, "minY": 381.5, "maxX": 82.25, "maxY": 461.5}, "class_id": 0, "box_caption": "person 0.003", "scores": {"class_score": 0.00307464599609375}, "domain": "pixel"}, {"position": {"minX": 90.25, "minY": 337.25, "maxX": 118.5, "maxY": 416.25}, "class_id": 0, "box_caption": "person 0.003", "scores": {"class_score": 0.00307464599609375}, "domain": "pixel"}, {"position": {"minX": 446.75, "minY": 332.5, "maxX": 485.25, "maxY": 405.5}, "class_id": 0, "box_caption": "person 0.003", "scores": {"class_score": 0.003040313720703125}, "domain": "pixel"}, {"position": {"minX": 603.0, "minY": 138.75, "maxX": 652.0, "maxY": 263.25}, "class_id": 0, "box_caption": "person 0.003", "scores": {"class_score": 0.0030269622802734375}, "domain": "pixel"}, {"position": {"minX": 578.5, "minY": 178.0, "maxX": 612.5, "maxY": 264.5}, "class_id": 0, "box_caption": "person 0.003", "scores": {"class_score": 0.0030155181884765625}, "domain": "pixel"}, {"position": {"minX": 515.5, "minY": 23.234375, "maxX": 556.5, "maxY": 84.5625}, "class_id": 0, "box_caption": "person 0.003", "scores": {"class_score": 0.0030155181884765625}, "domain": "pixel"}, {"position": {"minX": 489.25, "minY": 28.40625, "maxX": 511.75, "maxY": 72.25}, "class_id": 0, "box_caption": "person 0.003", "scores": {"class_score": 0.0030040740966796875}, "domain": "pixel"}, {"position": {"minX": 394.5, "minY": 387.5, "maxX": 414.0, "maxY": 438.0}, "class_id": 0, "box_caption": "person 0.003", "scores": {"class_score": 0.0029811859130859375}, "domain": "pixel"}, {"position": {"minX": 168.5, "minY": 299.25, "maxX": 217.5, "maxY": 408.25}, "class_id": 0, "box_caption": "person 0.003", "scores": {"class_score": 0.0029582977294921875}, "domain": "pixel"}, {"position": {"minX": 67.5, "minY": 294.0, "maxX": 127.625, "maxY": 383.5}, "class_id": 0, "box_caption": "person 0.003", "scores": {"class_score": 0.0029582977294921875}, "domain": "pixel"}, {"position": {"minX": 560.5, "minY": 333.0, "maxX": 585.5, "maxY": 397.0}, "class_id": 0, "box_caption": "person 0.003", "scores": {"class_score": 0.0029354095458984375}, "domain": "pixel"}, {"position": {"minX": 351.0, "minY": 376.5, "maxX": 386.0, "maxY": 567.0}, "class_id": 0, "box_caption": "person 0.003", "scores": {"class_score": 0.0029354095458984375}, "domain": "pixel"}, {"position": {"minX": 379.5, "minY": 300.5, "maxX": 413.5, "maxY": 361.5}, "class_id": 0, "box_caption": "person 0.003", "scores": {"class_score": 0.0029239654541015625}, "domain": "pixel"}, {"position": {"minX": 587.0, "minY": 279.5, "maxX": 654.0, "maxY": 408.5}, "class_id": 0, "box_caption": "person 0.003", "scores": {"class_score": 0.0029125213623046875}, "domain": "pixel"}, {"position": {"minX": 430.75, "minY": 117.75, "maxX": 464.75, "maxY": 221.5}, "class_id": 0, "box_caption": "person 0.003", "scores": {"class_score": 0.0029010772705078125}, "domain": "pixel"}, {"position": {"minX": 465.0, "minY": 15.453125, "maxX": 500.5, "maxY": 71.0}, "class_id": 0, "box_caption": "person 0.003", "scores": {"class_score": 0.00284576416015625}, "domain": "pixel"}, {"position": {"minX": 507.0, "minY": 14.84375, "maxX": 565.0, "maxY": 79.375}, "class_id": 0, "box_caption": "person 0.003", "scores": {"class_score": 0.002834320068359375}, "domain": "pixel"}, {"position": {"minX": 438.25, "minY": 313.5, "maxX": 552.0, "maxY": 494.5}, "class_id": 0, "box_caption": "person 0.003", "scores": {"class_score": 0.002834320068359375}, "domain": "pixel"}, {"position": {"minX": 200.125, "minY": 263.75, "maxX": 254.375, "maxY": 346.75}, "class_id": 0, "box_caption": "person 0.003", "scores": {"class_score": 0.002811431884765625}, "domain": "pixel"}, {"position": {"minX": 298.0, "minY": 124.1875, "maxX": 307.5, "maxY": 157.25}, "class_id": 0, "box_caption": "person 0.003", "scores": {"class_score": 0.00279998779296875}, "domain": "pixel"}, {"position": {"minX": 268.75, "minY": 264.75, "maxX": 321.75, "maxY": 393.75}, "class_id": 0, "box_caption": "person 0.003", "scores": {"class_score": 0.00279998779296875}, "domain": "pixel"}, {"position": {"minX": 41.0, "minY": 372.5, "maxX": 61.4375, "maxY": 417.0}, "class_id": 0, "box_caption": "person 0.003", "scores": {"class_score": 0.0027904510498046875}, "domain": "pixel"}, {"position": {"minX": 433.25, "minY": 329.25, "maxX": 456.75, "maxY": 385.25}, "class_id": 0, "box_caption": "person 0.003", "scores": {"class_score": 0.0027790069580078125}, "domain": "pixel"}, {"position": {"minX": 352.25, "minY": 307.25, "maxX": 402.75, "maxY": 378.75}, "class_id": 0, "box_caption": "person 0.003", "scores": {"class_score": 0.0027790069580078125}, "domain": "pixel"}, {"position": {"minX": 444.75, "minY": 160.75, "maxX": 457.25, "maxY": 195.0}, "class_id": 0, "box_caption": "person 0.003", "scores": {"class_score": 0.002758026123046875}, "domain": "pixel"}, {"position": {"minX": 466.0, "minY": 363.25, "maxX": 488.0, "maxY": 412.25}, "class_id": 0, "box_caption": "person 0.003", "scores": {"class_score": 0.002758026123046875}, "domain": "pixel"}, {"position": {"minX": 521.0, "minY": 17.875, "maxX": 577.0, "maxY": 86.125}, "class_id": 0, "box_caption": "person 0.003", "scores": {"class_score": 0.00274658203125}, "domain": "pixel"}, {"position": {"minX": 28.296875, "minY": 378.0, "maxX": 54.5, "maxY": 425.0}, "class_id": 0, "box_caption": "person 0.003", "scores": {"class_score": 0.0027370452880859375}, "domain": "pixel"}, {"position": {"minX": 258.0, "minY": 418.0, "maxX": 293.0, "maxY": 516.5}, "class_id": 0, "box_caption": "person 0.003", "scores": {"class_score": 0.0026721954345703125}, "domain": "pixel"}, {"position": {"minX": 151.75, "minY": 230.625, "maxX": 239.0, "maxY": 372.0}, "class_id": 0, "box_caption": "person 0.003", "scores": {"class_score": 0.0026721954345703125}, "domain": "pixel"}, {"position": {"minX": 290.75, "minY": 108.125, "maxX": 301.25, "maxY": 141.25}, "class_id": 0, "box_caption": "person 0.003", "scores": {"class_score": 0.00266265869140625}, "domain": "pixel"}, {"position": {"minX": 418.25, "minY": 392.5, "maxX": 435.25, "maxY": 435.0}, "class_id": 0, "box_caption": "person 0.003", "scores": {"class_score": 0.0026531219482421875}, "domain": "pixel"}, {"position": {"minX": 308.0, "minY": 392.75, "maxX": 378.0, "maxY": 561.0}, "class_id": 0, "box_caption": "person 0.003", "scores": {"class_score": 0.0026531219482421875}, "domain": "pixel"}, {"position": {"minX": 90.3125, "minY": 496.5, "maxX": 158.75, "maxY": 619.5}, "class_id": 0, "box_caption": "person 0.003", "scores": {"class_score": 0.002620697021484375}, "domain": "pixel"}, {"position": {"minX": 322.25, "minY": 422.0, "maxX": 383.25, "maxY": 587.0}, "class_id": 0, "box_caption": "person 0.003", "scores": {"class_score": 0.00260162353515625}, "domain": "pixel"}, {"position": {"minX": 381.75, "minY": 350.0, "maxX": 479.25, "maxY": 563.5}, "class_id": 0, "box_caption": "person 0.003", "scores": {"class_score": 0.00260162353515625}, "domain": "pixel"}, {"position": {"minX": 573.5, "minY": 408.5, "maxX": 657.5, "maxY": 650.5}, "class_id": 0, "box_caption": "person 0.003", "scores": {"class_score": 0.00260162353515625}, "domain": "pixel"}, {"position": {"minX": 199.0, "minY": 212.375, "maxX": 319.5, "maxY": 361.5}, "class_id": 0, "box_caption": "person 0.003", "scores": {"class_score": 0.002590179443359375}, "domain": "pixel"}, {"position": {"minX": 390.0, "minY": 349.0, "maxX": 560.5, "maxY": 627.5}, "class_id": 0, "box_caption": "person 0.003", "scores": {"class_score": 0.00257110595703125}, "domain": "pixel"}, {"position": {"minX": 452.25, "minY": 23.03125, "maxX": 497.75, "maxY": 78.25}, "class_id": 0, "box_caption": "person 0.003", "scores": {"class_score": 0.0025501251220703125}, "domain": "pixel"}, {"position": {"minX": 330.5, "minY": 527.0, "maxX": 374.0, "maxY": 582.0}, "class_id": 0, "box_caption": "person 0.003", "scores": {"class_score": 0.00254058837890625}, "domain": "pixel"}, {"position": {"minX": 186.625, "minY": 244.5, "maxX": 235.625, "maxY": 320.0}, "class_id": 0, "box_caption": "person 0.003", "scores": {"class_score": 0.0025310516357421875}, "domain": "pixel"}, {"position": {"minX": 118.6875, "minY": 341.25, "maxX": 147.5, "maxY": 390.75}, "class_id": 0, "box_caption": "person 0.003", "scores": {"class_score": 0.002521514892578125}, "domain": "pixel"}, {"position": {"minX": 261.75, "minY": 499.25, "maxX": 277.75, "maxY": 544.5}, "class_id": 0, "box_caption": "person 0.003", "scores": {"class_score": 0.0025119781494140625}, "domain": "pixel"}, {"position": {"minX": 197.75, "minY": 209.25, "maxX": 258.25, "maxY": 315.75}, "class_id": 0, "box_caption": "person 0.003", "scores": {"class_score": 0.00250244140625}, "domain": "pixel"}, {"position": {"minX": 607.5, "minY": 334.25, "maxX": 632.5, "maxY": 375.75}, "class_id": 0, "box_caption": "person 0.002", "scores": {"class_score": 0.0024929046630859375}, "domain": "pixel"}, {"position": {"minX": 450.75, "minY": 358.5, "maxX": 532.5, "maxY": 492.0}, "class_id": 0, "box_caption": "person 0.002", "scores": {"class_score": 0.0024929046630859375}, "domain": "pixel"}, {"position": {"minX": 580.0, "minY": 149.0, "maxX": 620.0, "maxY": 257.5}, "class_id": 0, "box_caption": "person 0.002", "scores": {"class_score": 0.002471923828125}, "domain": "pixel"}, {"position": {"minX": 256.5, "minY": 275.5, "maxX": 389.5, "maxY": 523.5}, "class_id": 0, "box_caption": "person 0.002", "scores": {"class_score": 0.002471923828125}, "domain": "pixel"}, {"position": {"minX": 355.75, "minY": 398.0, "maxX": 383.25, "maxY": 519.0}, "class_id": 0, "box_caption": "person 0.002", "scores": {"class_score": 0.0024623870849609375}, "domain": "pixel"}, {"position": {"minX": 292.5, "minY": 127.875, "maxX": 301.0, "maxY": 154.375}, "class_id": 0, "box_caption": "person 0.002", "scores": {"class_score": 0.002452850341796875}, "domain": "pixel"}, {"position": {"minX": 550.0, "minY": 322.5, "maxX": 580.0, "maxY": 386.5}, "class_id": 0, "box_caption": "person 0.002", "scores": {"class_score": 0.002452850341796875}, "domain": "pixel"}, {"position": {"minX": 451.75, "minY": 11.875, "maxX": 497.75, "maxY": 59.8125}, "class_id": 0, "box_caption": "person 0.002", "scores": {"class_score": 0.002452850341796875}, "domain": "pixel"}, {"position": {"minX": 243.5, "minY": 254.125, "maxX": 322.0, "maxY": 402.5}, "class_id": 0, "box_caption": "person 0.002", "scores": {"class_score": 0.0024433135986328125}, "domain": "pixel"}, {"position": {"minX": 388.75, "minY": 305.0, "maxX": 421.25, "maxY": 359.0}, "class_id": 0, "box_caption": "person 0.002", "scores": {"class_score": 0.0024433135986328125}, "domain": "pixel"}, {"position": {"minX": 302.25, "minY": 550.5, "maxX": 332.75, "maxY": 603.5}, "class_id": 0, "box_caption": "person 0.002", "scores": {"class_score": 0.00243377685546875}, "domain": "pixel"}, {"position": {"minX": 540.5, "minY": 9.9375, "maxX": 639.5, "maxY": 200.5}, "class_id": 0, "box_caption": "person 0.002", "scores": {"class_score": 0.00243377685546875}, "domain": "pixel"}, {"position": {"minX": 118.75, "minY": 251.25, "maxX": 258.5, "maxY": 567.0}, "class_id": 0, "box_caption": "person 0.002", "scores": {"class_score": 0.00243377685546875}, "domain": "pixel"}, {"position": {"minX": 16.09375, "minY": 346.75, "maxX": 61.40625, "maxY": 453.75}, "class_id": 0, "box_caption": "person 0.002", "scores": {"class_score": 0.00243377685546875}, "domain": "pixel"}, {"position": {"minX": 508.0, "minY": 322.5, "maxX": 542.0, "maxY": 391.0}, "class_id": 0, "box_caption": "person 0.002", "scores": {"class_score": 0.002414703369140625}, "domain": "pixel"}, {"position": {"minX": 231.5, "minY": 291.75, "maxX": 310.0, "maxY": 426.75}, "class_id": 0, "box_caption": "person 0.002", "scores": {"class_score": 0.0023975372314453125}, "domain": "pixel"}, {"position": {"minX": 344.5, "minY": 441.0, "maxX": 390.5, "maxY": 598.0}, "class_id": 0, "box_caption": "person 0.002", "scores": {"class_score": 0.00238800048828125}, "domain": "pixel"}, {"position": {"minX": 572.0, "minY": 311.75, "maxX": 601.0, "maxY": 386.75}, "class_id": 0, "box_caption": "person 0.002", "scores": {"class_score": 0.0023784637451171875}, "domain": "pixel"}, {"position": {"minX": 463.0, "minY": 384.5, "maxX": 487.5, "maxY": 420.5}, "class_id": 0, "box_caption": "person 0.002", "scores": {"class_score": 0.0023784637451171875}, "domain": "pixel"}, {"position": {"minX": 351.25, "minY": 340.75, "maxX": 432.75, "maxY": 564.0}, "class_id": 0, "box_caption": "person 0.002", "scores": {"class_score": 0.0023784637451171875}, "domain": "pixel"}, {"position": {"minX": 292.75, "minY": 290.0, "maxX": 429.75, "maxY": 575.5}, "class_id": 0, "box_caption": "person 0.002", "scores": {"class_score": 0.0023784637451171875}, "domain": "pixel"}, {"position": {"minX": 505.25, "minY": 303.25, "maxX": 540.5, "maxY": 376.25}, "class_id": 0, "box_caption": "person 0.002", "scores": {"class_score": 0.002368927001953125}, "domain": "pixel"}], "class_labels": {"0": "person"}}