{"box_data": [{"position": {"minX": 392.0, "minY": 335.25, "maxX": 482.0, "maxY": 563.0}, "class_id": 0, "box_caption": "person 0.327", "scores": {"class_score": 0.326904296875}, "domain": "pixel"}, {"position": {"minX": 194.75, "minY": 410.5, "maxX": 269.75, "maxY": 547.0}, "class_id": 0, "box_caption": "person 0.300", "scores": {"class_score": 0.2998046875}, "domain": "pixel"}, {"position": {"minX": 183.125, "minY": 400.75, "maxX": 244.625, "maxY": 542.0}, "class_id": 0, "box_caption": "person 0.256", "scores": {"class_score": 0.256103515625}, "domain": "pixel"}, {"position": {"minX": 230.5, "minY": 432.75, "maxX": 293.5, "maxY": 555.0}, "class_id": 0, "box_caption": "person 0.169", "scores": {"class_score": 0.16943359375}, "domain": "pixel"}, {"position": {"minX": 306.5, "minY": 294.75, "maxX": 354.0, "maxY": 407.25}, "class_id": 0, "box_caption": "person 0.153", "scores": {"class_score": 0.15283203125}, "domain": "pixel"}, {"position": {"minX": 15.25, "minY": 383.25, "maxX": 92.75, "maxY": 619.0}, "class_id": 0, "box_caption": "person 0.138", "scores": {"class_score": 0.137939453125}, "domain": "pixel"}, {"position": {"minX": 510.25, "minY": 387.0, "maxX": 576.0, "maxY": 542.5}, "class_id": 0, "box_caption": "person 0.092", "scores": {"class_score": 0.09173583984375}, "domain": "pixel"}, {"position": {"minX": 515.5, "minY": 452.25, "maxX": 546.5, "maxY": 529.0}, "class_id": 0, "box_caption": "person 0.085", "scores": {"class_score": 0.0850830078125}, "domain": "pixel"}, {"position": {"minX": 179.875, "minY": 402.75, "maxX": 224.375, "maxY": 529.0}, "class_id": 0, "box_caption": "person 0.081", "scores": {"class_score": 0.0810546875}, "domain": "pixel"}, {"position": {"minX": 16.8125, "minY": 30.0625, "maxX": 86.625, "maxY": 180.0}, "class_id": 0, "box_caption": "person 0.067", "scores": {"class_score": 0.06683349609375}, "domain": "pixel"}, {"position": {"minX": 253.5, "minY": 437.5, "maxX": 315.0, "maxY": 555.5}, "class_id": 0, "box_caption": "person 0.062", "scores": {"class_score": 0.0615234375}, "domain": "pixel"}, {"position": {"minX": 505.5, "minY": 337.0, "maxX": 601.5, "maxY": 555.0}, "class_id": 0, "box_caption": "person 0.059", "scores": {"class_score": 0.059326171875}, "domain": "pixel"}, {"position": {"minX": 407.0, "minY": 382.0, "maxX": 474.5, "maxY": 567.0}, "class_id": 0, "box_caption": "person 0.055", "scores": {"class_score": 0.0548095703125}, "domain": "pixel"}, {"position": {"minX": 27.421875, "minY": 365.5, "maxX": 81.0625, "maxY": 505.5}, "class_id": 0, "box_caption": "person 0.054", "scores": {"class_score": 0.054412841796875}, "domain": "pixel"}, {"position": {"minX": 514.5, "minY": 426.75, "maxX": 562.5, "maxY": 537.5}, "class_id": 0, "box_caption": "person 0.049", "scores": {"class_score": 0.04913330078125}, "domain": "pixel"}, {"position": {"minX": 514.5, "minY": 406.75, "maxX": 596.5, "maxY": 556.0}, "class_id": 0, "box_caption": "person 0.048", "scores": {"class_score": 0.047882080078125}, "domain": "pixel"}, {"position": {"minX": 422.0, "minY": 408.0, "maxX": 481.5, "maxY": 563.0}, "class_id": 0, "box_caption": "person 0.039", "scores": {"class_score": 0.0391845703125}, "domain": "pixel"}, {"position": {"minX": 208.25, "minY": 269.0, "maxX": 274.75, "maxY": 442.5}, "class_id": 0, "box_caption": "person 0.037", "scores": {"class_score": 0.036773681640625}, "domain": "pixel"}, {"position": {"minX": 251.75, "minY": 435.5, "maxX": 297.25, "maxY": 524.0}, "class_id": 0, "box_caption": "person 0.036", "scores": {"class_score": 0.03643798828125}, "domain": "pixel"}, {"position": {"minX": 9.09375, "minY": 17.4375, "maxX": 89.625, "maxY": 256.0}, "class_id": 0, "box_caption": "person 0.035", "scores": {"class_score": 0.034759521484375}, "domain": "pixel"}, {"position": {"minX": 203.125, "minY": 439.25, "maxX": 282.25, "maxY": 565.0}, "class_id": 0, "box_caption": "person 0.028", "scores": {"class_score": 0.0283355712890625}, "domain": "pixel"}, {"position": {"minX": 26.34375, "minY": 384.0, "maxX": 84.75, "maxY": 561.5}, "class_id": 0, "box_caption": "person 0.027", "scores": {"class_score": 0.0271148681640625}, "domain": "pixel"}, {"position": {"minX": 219.625, "minY": 266.0, "maxX": 292.0, "maxY": 409.0}, "class_id": 0, "box_caption": "person 0.024", "scores": {"class_score": 0.023773193359375}, "domain": "pixel"}, {"position": {"minX": 263.5, "minY": 439.0, "maxX": 318.5, "maxY": 526.0}, "class_id": 0, "box_caption": "person 0.023", "scores": {"class_score": 0.0230712890625}, "domain": "pixel"}, {"position": {"minX": 203.125, "minY": 423.0, "maxX": 318.0, "maxY": 559.0}, "class_id": 0, "box_caption": "person 0.023", "scores": {"class_score": 0.0229339599609375}, "domain": "pixel"}, {"position": {"minX": 185.875, "minY": 266.0, "maxX": 283.5, "maxY": 539.5}, "class_id": 0, "box_caption": "person 0.022", "scores": {"class_score": 0.0222015380859375}, "domain": "pixel"}, {"position": {"minX": 528.5, "minY": 370.75, "maxX": 617.5, "maxY": 563.0}, "class_id": 0, "box_caption": "person 0.021", "scores": {"class_score": 0.0211181640625}, "domain": "pixel"}, {"position": {"minX": 165.25, "minY": 403.5, "maxX": 277.5, "maxY": 556.0}, "class_id": 0, "box_caption": "person 0.020", "scores": {"class_score": 0.020416259765625}, "domain": "pixel"}, {"position": {"minX": 292.25, "minY": 439.25, "maxX": 324.25, "maxY": 528.0}, "class_id": 0, "box_caption": "person 0.020", "scores": {"class_score": 0.019989013671875}, "domain": "pixel"}, {"position": {"minX": 506.25, "minY": 186.625, "maxX": 612.0, "maxY": 549.0}, "class_id": 0, "box_caption": "person 0.020", "scores": {"class_score": 0.019866943359375}, "domain": "pixel"}, {"position": {"minX": 14.0, "minY": 341.0, "maxX": 128.75, "maxY": 611.0}, "class_id": 0, "box_caption": "person 0.018", "scores": {"class_score": 0.017852783203125}, "domain": "pixel"}, {"position": {"minX": 398.5, "minY": 346.0, "maxX": 469.5, "maxY": 516.0}, "class_id": 0, "box_caption": "person 0.018", "scores": {"class_score": 0.017578125}, "domain": "pixel"}, {"position": {"minX": 274.5, "minY": 414.75, "maxX": 403.5, "maxY": 581.0}, "class_id": 0, "box_caption": "person 0.017", "scores": {"class_score": 0.0173797607421875}, "domain": "pixel"}, {"position": {"minX": 165.0, "minY": 405.0, "maxX": 231.5, "maxY": 558.0}, "class_id": 0, "box_caption": "person 0.017", "scores": {"class_score": 0.0169219970703125}, "domain": "pixel"}, {"position": {"minX": 73.375, "minY": 9.4375, "maxX": 343.5, "maxY": 190.25}, "class_id": 0, "box_caption": "person 0.017", "scores": {"class_score": 0.01678466796875}, "domain": "pixel"}, {"position": {"minX": 450.5, "minY": 374.0, "maxX": 534.5, "maxY": 551.0}, "class_id": 0, "box_caption": "person 0.016", "scores": {"class_score": 0.016021728515625}, "domain": "pixel"}, {"position": {"minX": 250.0, "minY": 440.0, "maxX": 335.5, "maxY": 590.0}, "class_id": 0, "box_caption": "person 0.016", "scores": {"class_score": 0.016021728515625}, "domain": "pixel"}, {"position": {"minX": 466.5, "minY": 87.625, "maxX": 607.5, "maxY": 592.0}, "class_id": 0, "box_caption": "person 0.016", "scores": {"class_score": 0.015716552734375}, "domain": "pixel"}, {"position": {"minX": 19.6875, "minY": 292.0, "maxX": 84.875, "maxY": 529.0}, "class_id": 0, "box_caption": "person 0.016", "scores": {"class_score": 0.01554107666015625}, "domain": "pixel"}, {"position": {"minX": 371.0, "minY": 311.25, "maxX": 467.0, "maxY": 514.5}, "class_id": 0, "box_caption": "person 0.015", "scores": {"class_score": 0.0154876708984375}, "domain": "pixel"}, {"position": {"minX": 195.375, "minY": 440.75, "maxX": 244.625, "maxY": 548.0}, "class_id": 0, "box_caption": "person 0.014", "scores": {"class_score": 0.01433563232421875}, "domain": "pixel"}, {"position": {"minX": 30.765625, "minY": 378.0, "maxX": 73.1875, "maxY": 479.5}, "class_id": 0, "box_caption": "person 0.014", "scores": {"class_score": 0.014007568359375}, "domain": "pixel"}, {"position": {"minX": 173.75, "minY": 346.25, "maxX": 293.25, "maxY": 545.0}, "class_id": 0, "box_caption": "person 0.014", "scores": {"class_score": 0.01384735107421875}, "domain": "pixel"}, {"position": {"minX": 36.0, "minY": 23.625, "maxX": 98.75, "maxY": 163.5}, "class_id": 0, "box_caption": "person 0.013", "scores": {"class_score": 0.013275146484375}, "domain": "pixel"}, {"position": {"minX": 177.25, "minY": 293.25, "maxX": 259.0, "maxY": 518.5}, "class_id": 0, "box_caption": "person 0.013", "scores": {"class_score": 0.0131683349609375}, "domain": "pixel"}, {"position": {"minX": 508.25, "minY": 77.75, "maxX": 578.5, "maxY": 262.0}, "class_id": 0, "box_caption": "person 0.013", "scores": {"class_score": 0.01306915283203125}, "domain": "pixel"}, {"position": {"minX": 244.75, "minY": 450.5, "maxX": 305.75, "maxY": 572.5}, "class_id": 0, "box_caption": "person 0.013", "scores": {"class_score": 0.0129241943359375}, "domain": "pixel"}, {"position": {"minX": 447.0, "minY": 457.5, "maxX": 487.0, "maxY": 555.0}, "class_id": 0, "box_caption": "person 0.013", "scores": {"class_score": 0.0129241943359375}, "domain": "pixel"}, {"position": {"minX": 215.25, "minY": 350.0, "maxX": 307.25, "maxY": 538.0}, "class_id": 0, "box_caption": "person 0.013", "scores": {"class_score": 0.0127716064453125}, "domain": "pixel"}, {"position": {"minX": 529.0, "minY": 94.125, "maxX": 637.0, "maxY": 587.0}, "class_id": 0, "box_caption": "person 0.013", "scores": {"class_score": 0.0127716064453125}, "domain": "pixel"}, {"position": {"minX": 428.25, "minY": 348.25, "maxX": 502.75, "maxY": 566.0}, "class_id": 0, "box_caption": "person 0.013", "scores": {"class_score": 0.01262664794921875}, "domain": "pixel"}, {"position": {"minX": 297.25, "minY": 395.0, "maxX": 431.75, "maxY": 587.0}, "class_id": 0, "box_caption": "person 0.012", "scores": {"class_score": 0.012481689453125}, "domain": "pixel"}, {"position": {"minX": 521.5, "minY": 306.75, "maxX": 636.5, "maxY": 569.0}, "class_id": 0, "box_caption": "person 0.012", "scores": {"class_score": 0.012237548828125}, "domain": "pixel"}, {"position": {"minX": 44.25, "minY": 17.1875, "maxX": 252.75, "maxY": 192.25}, "class_id": 0, "box_caption": "person 0.012", "scores": {"class_score": 0.0121002197265625}, "domain": "pixel"}, {"position": {"minX": 9.90625, "minY": 101.875, "maxX": 94.0, "maxY": 573.5}, "class_id": 0, "box_caption": "person 0.012", "scores": {"class_score": 0.012054443359375}, "domain": "pixel"}, {"position": {"minX": 489.5, "minY": 275.0, "maxX": 593.5, "maxY": 531.0}, "class_id": 0, "box_caption": "person 0.012", "scores": {"class_score": 0.0119171142578125}, "domain": "pixel"}, {"position": {"minX": 500.0, "minY": 20.25, "maxX": 623.0, "maxY": 528.0}, "class_id": 0, "box_caption": "person 0.012", "scores": {"class_score": 0.011871337890625}, "domain": "pixel"}, {"position": {"minX": 185.0, "minY": 363.5, "maxX": 241.0, "maxY": 494.0}, "class_id": 0, "box_caption": "person 0.012", "scores": {"class_score": 0.0118255615234375}, "domain": "pixel"}, {"position": {"minX": 347.5, "minY": 379.25, "maxX": 466.5, "maxY": 583.0}, "class_id": 0, "box_caption": "person 0.012", "scores": {"class_score": 0.011688232421875}, "domain": "pixel"}, {"position": {"minX": 185.25, "minY": 390.5, "maxX": 216.0, "maxY": 468.0}, "class_id": 0, "box_caption": "person 0.012", "scores": {"class_score": 0.0116424560546875}, "domain": "pixel"}, {"position": {"minX": 11.21875, "minY": 49.625, "maxX": 86.75, "maxY": 430.0}, "class_id": 0, "box_caption": "person 0.012", "scores": {"class_score": 0.0116424560546875}, "domain": "pixel"}, {"position": {"minX": 21.0625, "minY": 364.0, "maxX": 182.25, "maxY": 624.0}, "class_id": 0, "box_caption": "person 0.012", "scores": {"class_score": 0.011505126953125}, "domain": "pixel"}, {"position": {"minX": 481.25, "minY": 366.75, "maxX": 569.5, "maxY": 545.0}, "class_id": 0, "box_caption": "person 0.011", "scores": {"class_score": 0.011199951171875}, "domain": "pixel"}, {"position": {"minX": 195.25, "minY": 370.5, "maxX": 265.0, "maxY": 520.0}, "class_id": 0, "box_caption": "person 0.010", "scores": {"class_score": 0.01029205322265625}, "domain": "pixel"}, {"position": {"minX": 381.5, "minY": 330.5, "maxX": 439.5, "maxY": 409.5}, "class_id": 0, "box_caption": "person 0.010", "scores": {"class_score": 0.01029205322265625}, "domain": "pixel"}, {"position": {"minX": 236.0, "minY": 6.1875, "maxX": 290.5, "maxY": 66.4375}, "class_id": 0, "box_caption": "person 0.010", "scores": {"class_score": 0.010009765625}, "domain": "pixel"}, {"position": {"minX": 276.5, "minY": 351.75, "maxX": 467.5, "maxY": 584.0}, "class_id": 0, "box_caption": "person 0.010", "scores": {"class_score": 0.00997161865234375}, "domain": "pixel"}, {"position": {"minX": 504.75, "minY": 298.5, "maxX": 579.5, "maxY": 508.5}, "class_id": 0, "box_caption": "person 0.010", "scores": {"class_score": 0.00989532470703125}, "domain": "pixel"}, {"position": {"minX": 192.375, "minY": 273.0, "maxX": 263.0, "maxY": 467.0}, "class_id": 0, "box_caption": "person 0.010", "scores": {"class_score": 0.009674072265625}, "domain": "pixel"}, {"position": {"minX": 21.3125, "minY": 27.625, "maxX": 193.5, "maxY": 186.875}, "class_id": 0, "box_caption": "person 0.010", "scores": {"class_score": 0.00963592529296875}, "domain": "pixel"}, {"position": {"minX": 193.125, "minY": 442.25, "maxX": 228.375, "maxY": 540.5}, "class_id": 0, "box_caption": "person 0.010", "scores": {"class_score": 0.00955963134765625}, "domain": "pixel"}, {"position": {"minX": 238.5, "minY": 432.5, "maxX": 281.5, "maxY": 536.5}, "class_id": 0, "box_caption": "person 0.010", "scores": {"class_score": 0.009521484375}, "domain": "pixel"}, {"position": {"minX": 188.875, "minY": 381.75, "maxX": 234.375, "maxY": 474.25}, "class_id": 0, "box_caption": "person 0.009", "scores": {"class_score": 0.00948333740234375}, "domain": "pixel"}, {"position": {"minX": 6.0, "minY": 13.25, "maxX": 106.4375, "maxY": 335.75}, "class_id": 0, "box_caption": "person 0.009", "scores": {"class_score": 0.00948333740234375}, "domain": "pixel"}, {"position": {"minX": 223.5, "minY": 259.5, "maxX": 276.0, "maxY": 384.0}, "class_id": 0, "box_caption": "person 0.009", "scores": {"class_score": 0.0094146728515625}, "domain": "pixel"}, {"position": {"minX": 393.5, "minY": 340.5, "maxX": 458.5, "maxY": 413.0}, "class_id": 0, "box_caption": "person 0.009", "scores": {"class_score": 0.0092315673828125}, "domain": "pixel"}, {"position": {"minX": 508.0, "minY": 65.875, "maxX": 604.0, "maxY": 355.5}, "class_id": 0, "box_caption": "person 0.009", "scores": {"class_score": 0.00919342041015625}, "domain": "pixel"}, {"position": {"minX": 161.25, "minY": 372.5, "maxX": 230.5, "maxY": 518.5}, "class_id": 0, "box_caption": "person 0.009", "scores": {"class_score": 0.00864410400390625}, "domain": "pixel"}, {"position": {"minX": 188.0, "minY": 254.0, "maxX": 302.0, "maxY": 432.0}, "class_id": 0, "box_caption": "person 0.009", "scores": {"class_score": 0.008514404296875}, "domain": "pixel"}, {"position": {"minX": 458.25, "minY": 436.75, "maxX": 515.5, "maxY": 548.0}, "class_id": 0, "box_caption": "person 0.008", "scores": {"class_score": 0.00844573974609375}, "domain": "pixel"}, {"position": {"minX": 221.75, "minY": 424.75, "maxX": 355.25, "maxY": 570.5}, "class_id": 0, "box_caption": "person 0.008", "scores": {"class_score": 0.0083465576171875}, "domain": "pixel"}, {"position": {"minX": 515.5, "minY": 248.0, "maxX": 586.5, "maxY": 470.5}, "class_id": 0, "box_caption": "person 0.008", "scores": {"class_score": 0.00812530517578125}, "domain": "pixel"}, {"position": {"minX": 310.25, "minY": 268.75, "maxX": 350.75, "maxY": 387.75}, "class_id": 0, "box_caption": "person 0.008", "scores": {"class_score": 0.00812530517578125}, "domain": "pixel"}, {"position": {"minX": 434.5, "minY": -12.75, "maxX": 631.5, "maxY": 629.0}, "class_id": 0, "box_caption": "person 0.008", "scores": {"class_score": 0.00806427001953125}, "domain": "pixel"}, {"position": {"minX": 423.0, "minY": 344.75, "maxX": 556.0, "maxY": 546.0}, "class_id": 0, "box_caption": "person 0.008", "scores": {"class_score": 0.00800323486328125}, "domain": "pixel"}, {"position": {"minX": 13.546875, "minY": 26.9375, "maxX": 62.8125, "maxY": 153.0}, "class_id": 0, "box_caption": "person 0.008", "scores": {"class_score": 0.007843017578125}, "domain": "pixel"}, {"position": {"minX": 379.75, "minY": 299.5, "maxX": 519.5, "maxY": 535.5}, "class_id": 0, "box_caption": "person 0.008", "scores": {"class_score": 0.007785797119140625}, "domain": "pixel"}, {"position": {"minX": 506.0, "minY": 43.6875, "maxX": 595.0, "maxY": 231.25}, "class_id": 0, "box_caption": "person 0.008", "scores": {"class_score": 0.007755279541015625}, "domain": "pixel"}, {"position": {"minX": 8.171875, "minY": 410.5, "maxX": 66.4375, "maxY": 635.5}, "class_id": 0, "box_caption": "person 0.008", "scores": {"class_score": 0.00763702392578125}, "domain": "pixel"}, {"position": {"minX": 183.75, "minY": 4.40625, "maxX": 309.75, "maxY": 91.5}, "class_id": 0, "box_caption": "person 0.007", "scores": {"class_score": 0.0074310302734375}, "domain": "pixel"}, {"position": {"minX": 510.5, "minY": 354.0, "maxX": 568.5, "maxY": 500.5}, "class_id": 0, "box_caption": "person 0.007", "scores": {"class_score": 0.007404327392578125}, "domain": "pixel"}, {"position": {"minX": 417.25, "minY": 358.25, "maxX": 477.75, "maxY": 530.0}, "class_id": 0, "box_caption": "person 0.007", "scores": {"class_score": 0.007404327392578125}, "domain": "pixel"}, {"position": {"minX": 33.03125, "minY": 329.25, "maxX": 86.875, "maxY": 490.25}, "class_id": 0, "box_caption": "person 0.007", "scores": {"class_score": 0.007373809814453125}, "domain": "pixel"}, {"position": {"minX": 328.75, "minY": 316.75, "maxX": 374.75, "maxY": 402.25}, "class_id": 0, "box_caption": "person 0.007", "scores": {"class_score": 0.00734710693359375}, "domain": "pixel"}, {"position": {"minX": 302.0, "minY": 285.5, "maxX": 361.5, "maxY": 481.5}, "class_id": 0, "box_caption": "person 0.007", "scores": {"class_score": 0.007232666015625}, "domain": "pixel"}, {"position": {"minX": 4.8125, "minY": 91.5, "maxX": 150.0, "maxY": 579.0}, "class_id": 0, "box_caption": "person 0.007", "scores": {"class_score": 0.007232666015625}, "domain": "pixel"}, {"position": {"minX": 180.625, "minY": 385.75, "maxX": 204.625, "maxY": 466.75}, "class_id": 0, "box_caption": "person 0.007", "scores": {"class_score": 0.0070648193359375}, "domain": "pixel"}, {"position": {"minX": 3.71875, "minY": 14.875, "maxX": 107.75, "maxY": 175.625}, "class_id": 0, "box_caption": "person 0.007", "scores": {"class_score": 0.007038116455078125}, "domain": "pixel"}, {"position": {"minX": 511.0, "minY": 419.75, "maxX": 552.0, "maxY": 519.5}, "class_id": 0, "box_caption": "person 0.007", "scores": {"class_score": 0.006824493408203125}, "domain": "pixel"}, {"position": {"minX": 258.5, "minY": 435.75, "maxX": 292.5, "maxY": 504.25}, "class_id": 0, "box_caption": "person 0.007", "scores": {"class_score": 0.00679779052734375}, "domain": "pixel"}, {"position": {"minX": 225.0, "minY": 3.21875, "maxX": 307.0, "maxY": 50.90625}, "class_id": 0, "box_caption": "person 0.007", "scores": {"class_score": 0.00679779052734375}, "domain": "pixel"}, {"position": {"minX": 412.0, "minY": 448.75, "maxX": 470.5, "maxY": 566.5}, "class_id": 0, "box_caption": "person 0.007", "scores": {"class_score": 0.00679779052734375}, "domain": "pixel"}, {"position": {"minX": 185.75, "minY": 432.75, "maxX": 254.25, "maxY": 575.5}, "class_id": 0, "box_caption": "person 0.007", "scores": {"class_score": 0.006717681884765625}, "domain": "pixel"}, {"position": {"minX": 511.25, "minY": 223.0, "maxX": 655.5, "maxY": 579.5}, "class_id": 0, "box_caption": "person 0.007", "scores": {"class_score": 0.006717681884765625}, "domain": "pixel"}, {"position": {"minX": 589.5, "minY": 126.25, "maxX": 670.5, "maxY": 610.0}, "class_id": 0, "box_caption": "person 0.007", "scores": {"class_score": 0.00661468505859375}, "domain": "pixel"}, {"position": {"minX": 34.3125, "minY": 411.5, "maxX": 70.5625, "maxY": 495.0}, "class_id": 0, "box_caption": "person 0.006", "scores": {"class_score": 0.00646209716796875}, "domain": "pixel"}, {"position": {"minX": 177.875, "minY": 388.5, "maxX": 209.375, "maxY": 494.5}, "class_id": 0, "box_caption": "person 0.006", "scores": {"class_score": 0.00646209716796875}, "domain": "pixel"}, {"position": {"minX": 386.0, "minY": 326.75, "maxX": 466.5, "maxY": 426.25}, "class_id": 0, "box_caption": "person 0.006", "scores": {"class_score": 0.00626373291015625}, "domain": "pixel"}, {"position": {"minX": 245.75, "minY": 283.0, "maxX": 308.75, "maxY": 408.5}, "class_id": 0, "box_caption": "person 0.006", "scores": {"class_score": 0.00609588623046875}, "domain": "pixel"}, {"position": {"minX": 151.0, "minY": -1.75, "maxX": 382.5, "maxY": 171.0}, "class_id": 0, "box_caption": "person 0.006", "scores": {"class_score": 0.0060272216796875}, "domain": "pixel"}, {"position": {"minX": 14.0, "minY": 5.875, "maxX": 115.0, "maxY": 473.0}, "class_id": 0, "box_caption": "person 0.006", "scores": {"class_score": 0.0060272216796875}, "domain": "pixel"}, {"position": {"minX": 506.0, "minY": 64.75, "maxX": 666.0, "maxY": 621.0}, "class_id": 0, "box_caption": "person 0.006", "scores": {"class_score": 0.0059814453125}, "domain": "pixel"}, {"position": {"minX": 297.75, "minY": 320.0, "maxX": 340.75, "maxY": 414.0}, "class_id": 0, "box_caption": "person 0.006", "scores": {"class_score": 0.00591278076171875}, "domain": "pixel"}, {"position": {"minX": 229.125, "minY": 445.5, "maxX": 272.25, "maxY": 555.5}, "class_id": 0, "box_caption": "person 0.006", "scores": {"class_score": 0.00582122802734375}, "domain": "pixel"}, {"position": {"minX": 275.75, "minY": 279.0, "maxX": 385.75, "maxY": 427.5}, "class_id": 0, "box_caption": "person 0.006", "scores": {"class_score": 0.00572967529296875}, "domain": "pixel"}, {"position": {"minX": 438.25, "minY": 385.5, "maxX": 494.25, "maxY": 558.0}, "class_id": 0, "box_caption": "person 0.006", "scores": {"class_score": 0.005687713623046875}, "domain": "pixel"}, {"position": {"minX": 240.625, "minY": 7.765625, "maxX": 281.5, "maxY": 48.3125}, "class_id": 0, "box_caption": "person 0.006", "scores": {"class_score": 0.005619049072265625}, "domain": "pixel"}, {"position": {"minX": 248.25, "minY": 8.59375, "maxX": 285.25, "maxY": 61.03125}, "class_id": 0, "box_caption": "person 0.006", "scores": {"class_score": 0.0055999755859375}, "domain": "pixel"}, {"position": {"minX": 21.078125, "minY": 433.25, "maxX": 84.0625, "maxY": 605.0}, "class_id": 0, "box_caption": "person 0.006", "scores": {"class_score": 0.0055999755859375}, "domain": "pixel"}, {"position": {"minX": 432.25, "minY": 448.5, "maxX": 483.75, "maxY": 565.0}, "class_id": 0, "box_caption": "person 0.005", "scores": {"class_score": 0.005405426025390625}, "domain": "pixel"}, {"position": {"minX": 291.5, "minY": 282.0, "maxX": 344.0, "maxY": 390.0}, "class_id": 0, "box_caption": "person 0.005", "scores": {"class_score": 0.0053863525390625}, "domain": "pixel"}, {"position": {"minX": 333.5, "minY": 12.34375, "maxX": 408.5, "maxY": 79.375}, "class_id": 0, "box_caption": "person 0.005", "scores": {"class_score": 0.0053863525390625}, "domain": "pixel"}, {"position": {"minX": 307.25, "minY": 298.25, "maxX": 343.75, "maxY": 384.75}, "class_id": 0, "box_caption": "person 0.005", "scores": {"class_score": 0.005344390869140625}, "domain": "pixel"}, {"position": {"minX": 317.75, "minY": 312.0, "maxX": 354.25, "maxY": 421.0}, "class_id": 0, "box_caption": "person 0.005", "scores": {"class_score": 0.005344390869140625}, "domain": "pixel"}, {"position": {"minX": 268.5, "minY": 277.5, "maxX": 355.5, "maxY": 500.5}, "class_id": 0, "box_caption": "person 0.005", "scores": {"class_score": 0.005260467529296875}, "domain": "pixel"}, {"position": {"minX": 212.0, "minY": 301.5, "maxX": 257.5, "maxY": 445.5}, "class_id": 0, "box_caption": "person 0.005", "scores": {"class_score": 0.00524139404296875}, "domain": "pixel"}, {"position": {"minX": 205.625, "minY": 357.75, "maxX": 257.5, "maxY": 497.75}, "class_id": 0, "box_caption": "person 0.005", "scores": {"class_score": 0.005218505859375}, "domain": "pixel"}, {"position": {"minX": 16.671875, "minY": 22.375, "maxX": 74.8125, "maxY": 111.875}, "class_id": 0, "box_caption": "person 0.005", "scores": {"class_score": 0.005161285400390625}, "domain": "pixel"}, {"position": {"minX": 231.375, "minY": 421.0, "maxX": 295.25, "maxY": 507.0}, "class_id": 0, "box_caption": "person 0.005", "scores": {"class_score": 0.0050201416015625}, "domain": "pixel"}, {"position": {"minX": 193.25, "minY": 396.5, "maxX": 223.25, "maxY": 473.5}, "class_id": 0, "box_caption": "person 0.005", "scores": {"class_score": 0.005001068115234375}, "domain": "pixel"}, {"position": {"minX": 234.0, "minY": 314.5, "maxX": 368.5, "maxY": 560.5}, "class_id": 0, "box_caption": "person 0.005", "scores": {"class_score": 0.00498199462890625}, "domain": "pixel"}, {"position": {"minX": 371.75, "minY": 150.5, "maxX": 620.5, "maxY": 588.0}, "class_id": 0, "box_caption": "person 0.005", "scores": {"class_score": 0.004848480224609375}, "domain": "pixel"}, {"position": {"minX": 5.75, "minY": 314.0, "maxX": 109.8125, "maxY": 552.0}, "class_id": 0, "box_caption": "person 0.005", "scores": {"class_score": 0.004791259765625}, "domain": "pixel"}, {"position": {"minX": 519.5, "minY": 285.75, "maxX": 580.5, "maxY": 430.25}, "class_id": 0, "box_caption": "person 0.005", "scores": {"class_score": 0.004772186279296875}, "domain": "pixel"}, {"position": {"minX": 175.25, "minY": 340.75, "maxX": 222.0, "maxY": 489.25}, "class_id": 0, "box_caption": "person 0.005", "scores": {"class_score": 0.00473785400390625}, "domain": "pixel"}, {"position": {"minX": 117.75, "minY": 7.28125, "maxX": 292.0, "maxY": 93.875}, "class_id": 0, "box_caption": "person 0.005", "scores": {"class_score": 0.004680633544921875}, "domain": "pixel"}, {"position": {"minX": 507.25, "minY": 111.5, "maxX": 563.5, "maxY": 250.75}, "class_id": 0, "box_caption": "person 0.005", "scores": {"class_score": 0.00464630126953125}, "domain": "pixel"}, {"position": {"minX": 283.25, "minY": 432.0, "maxX": 336.25, "maxY": 564.5}, "class_id": 0, "box_caption": "person 0.005", "scores": {"class_score": 0.00464630126953125}, "domain": "pixel"}, {"position": {"minX": 13.765625, "minY": 358.0, "maxX": 65.375, "maxY": 589.0}, "class_id": 0, "box_caption": "person 0.005", "scores": {"class_score": 0.00464630126953125}, "domain": "pixel"}, {"position": {"minX": 243.0, "minY": 463.75, "maxX": 292.5, "maxY": 550.0}, "class_id": 0, "box_caption": "person 0.005", "scores": {"class_score": 0.004608154296875}, "domain": "pixel"}, {"position": {"minX": 341.75, "minY": 10.71875, "maxX": 388.25, "maxY": 77.75}, "class_id": 0, "box_caption": "person 0.005", "scores": {"class_score": 0.00455474853515625}, "domain": "pixel"}, {"position": {"minX": 617.0, "minY": 158.125, "maxX": 675.0, "maxY": 582.5}, "class_id": 0, "box_caption": "person 0.004", "scores": {"class_score": 0.004451751708984375}, "domain": "pixel"}, {"position": {"minX": 13.5625, "minY": 127.75, "maxX": 73.4375, "maxY": 347.5}, "class_id": 0, "box_caption": "person 0.004", "scores": {"class_score": 0.00441741943359375}, "domain": "pixel"}, {"position": {"minX": 516.0, "minY": 426.5, "maxX": 613.0, "maxY": 587.5}, "class_id": 0, "box_caption": "person 0.004", "scores": {"class_score": 0.004364013671875}, "domain": "pixel"}, {"position": {"minX": 179.0, "minY": 251.625, "maxX": 344.0, "maxY": 558.0}, "class_id": 0, "box_caption": "person 0.004", "scores": {"class_score": 0.004329681396484375}, "domain": "pixel"}, {"position": {"minX": 395.25, "minY": 394.25, "maxX": 507.75, "maxY": 572.0}, "class_id": 0, "box_caption": "person 0.004", "scores": {"class_score": 0.004299163818359375}, "domain": "pixel"}, {"position": {"minX": 504.5, "minY": 444.5, "maxX": 566.5, "maxY": 567.5}, "class_id": 0, "box_caption": "person 0.004", "scores": {"class_score": 0.00428009033203125}, "domain": "pixel"}, {"position": {"minX": 212.375, "minY": 435.75, "maxX": 261.25, "maxY": 546.0}, "class_id": 0, "box_caption": "person 0.004", "scores": {"class_score": 0.00426483154296875}, "domain": "pixel"}, {"position": {"minX": 338.0, "minY": 101.75, "maxX": 394.5, "maxY": 191.0}, "class_id": 0, "box_caption": "person 0.004", "scores": {"class_score": 0.004199981689453125}, "domain": "pixel"}, {"position": {"minX": 297.0, "minY": 438.75, "maxX": 320.5, "maxY": 512.0}, "class_id": 0, "box_caption": "person 0.004", "scores": {"class_score": 0.0041351318359375}, "domain": "pixel"}, {"position": {"minX": 268.5, "minY": 291.0, "maxX": 323.5, "maxY": 403.5}, "class_id": 0, "box_caption": "person 0.004", "scores": {"class_score": 0.0041351318359375}, "domain": "pixel"}, {"position": {"minX": 316.5, "minY": 286.0, "maxX": 378.5, "maxY": 399.5}, "class_id": 0, "box_caption": "person 0.004", "scores": {"class_score": 0.004100799560546875}, "domain": "pixel"}, {"position": {"minX": 257.0, "minY": 293.0, "maxX": 421.5, "maxY": 574.5}, "class_id": 0, "box_caption": "person 0.004", "scores": {"class_score": 0.004085540771484375}, "domain": "pixel"}, {"position": {"minX": 406.5, "minY": 284.5, "maxX": 581.5, "maxY": 537.0}, "class_id": 0, "box_caption": "person 0.004", "scores": {"class_score": 0.00397491455078125}, "domain": "pixel"}, {"position": {"minX": 547.5, "minY": 446.75, "maxX": 619.5, "maxY": 579.5}, "class_id": 0, "box_caption": "person 0.004", "scores": {"class_score": 0.0038700103759765625}, "domain": "pixel"}, {"position": {"minX": 515.5, "minY": 472.0, "maxX": 542.5, "maxY": 538.5}, "class_id": 0, "box_caption": "person 0.004", "scores": {"class_score": 0.003795623779296875}, "domain": "pixel"}, {"position": {"minX": 119.9375, "minY": 10.078125, "maxX": 244.5, "maxY": 69.625}, "class_id": 0, "box_caption": "person 0.004", "scores": {"class_score": 0.003780364990234375}, "domain": "pixel"}, {"position": {"minX": 389.5, "minY": 19.34375, "maxX": 484.5, "maxY": 87.625}, "class_id": 0, "box_caption": "person 0.004", "scores": {"class_score": 0.003780364990234375}, "domain": "pixel"}, {"position": {"minX": 9.328125, "minY": 37.25, "maxX": 62.625, "maxY": 315.25}, "class_id": 0, "box_caption": "person 0.004", "scores": {"class_score": 0.003780364990234375}, "domain": "pixel"}, {"position": {"minX": 287.75, "minY": 421.5, "maxX": 360.25, "maxY": 555.0}, "class_id": 0, "box_caption": "person 0.004", "scores": {"class_score": 0.003749847412109375}, "domain": "pixel"}, {"position": {"minX": 46.21875, "minY": 41.75, "maxX": 115.5, "maxY": 195.25}, "class_id": 0, "box_caption": "person 0.004", "scores": {"class_score": 0.0037212371826171875}, "domain": "pixel"}, {"position": {"minX": 467.5, "minY": 396.25, "maxX": 604.5, "maxY": 565.0}, "class_id": 0, "box_caption": "person 0.004", "scores": {"class_score": 0.003692626953125}, "domain": "pixel"}, {"position": {"minX": 371.25, "minY": 296.5, "maxX": 427.75, "maxY": 397.5}, "class_id": 0, "box_caption": "person 0.004", "scores": {"class_score": 0.003650665283203125}, "domain": "pixel"}, {"position": {"minX": 426.0, "minY": 28.71875, "maxX": 474.0, "maxY": 99.875}, "class_id": 0, "box_caption": "person 0.004", "scores": {"class_score": 0.0036067962646484375}, "domain": "pixel"}, {"position": {"minX": 511.75, "minY": 291.0, "maxX": 564.0, "maxY": 463.5}, "class_id": 0, "box_caption": "person 0.004", "scores": {"class_score": 0.0035800933837890625}, "domain": "pixel"}, {"position": {"minX": 255.0, "minY": 18.8125, "maxX": 431.5, "maxY": 203.0}, "class_id": 0, "box_caption": "person 0.004", "scores": {"class_score": 0.0035648345947265625}, "domain": "pixel"}, {"position": {"minX": 310.0, "minY": 538.5, "maxX": 333.0, "maxY": 592.5}, "class_id": 0, "box_caption": "person 0.004", "scores": {"class_score": 0.0035114288330078125}, "domain": "pixel"}, {"position": {"minX": 528.0, "minY": 247.5, "maxX": 602.0, "maxY": 436.0}, "class_id": 0, "box_caption": "person 0.004", "scores": {"class_score": 0.0035114288330078125}, "domain": "pixel"}, {"position": {"minX": 522.0, "minY": 330.75, "maxX": 574.0, "maxY": 450.75}, "class_id": 0, "box_caption": "person 0.003", "scores": {"class_score": 0.0034961700439453125}, "domain": "pixel"}, {"position": {"minX": 36.375, "minY": 395.75, "maxX": 87.1875, "maxY": 515.0}, "class_id": 0, "box_caption": "person 0.003", "scores": {"class_score": 0.0034961700439453125}, "domain": "pixel"}, {"position": {"minX": 334.75, "minY": 11.34375, "maxX": 456.75, "maxY": 80.5}, "class_id": 0, "box_caption": "person 0.003", "scores": {"class_score": 0.0034961700439453125}, "domain": "pixel"}, {"position": {"minX": 131.75, "minY": 390.25, "maxX": 252.25, "maxY": 550.0}, "class_id": 0, "box_caption": "person 0.003", "scores": {"class_score": 0.003429412841796875}, "domain": "pixel"}, {"position": {"minX": -0.625, "minY": 22.5, "maxX": 219.25, "maxY": 596.0}, "class_id": 0, "box_caption": "person 0.003", "scores": {"class_score": 0.0034027099609375}, "domain": "pixel"}, {"position": {"minX": 9.1875, "minY": 167.5, "maxX": 75.4375, "maxY": 519.5}, "class_id": 0, "box_caption": "person 0.003", "scores": {"class_score": 0.003376007080078125}, "domain": "pixel"}, {"position": {"minX": 23.328125, "minY": 329.0, "maxX": 70.4375, "maxY": 494.5}, "class_id": 0, "box_caption": "person 0.003", "scores": {"class_score": 0.0032978057861328125}, "domain": "pixel"}, {"position": {"minX": 207.5, "minY": 339.25, "maxX": 276.5, "maxY": 510.75}, "class_id": 0, "box_caption": "person 0.003", "scores": {"class_score": 0.00327301025390625}, "domain": "pixel"}, {"position": {"minX": 128.25, "minY": 9.1875, "maxX": 474.75, "maxY": 193.0}, "class_id": 0, "box_caption": "person 0.003", "scores": {"class_score": 0.00327301025390625}, "domain": "pixel"}, {"position": {"minX": 518.5, "minY": 465.75, "maxX": 543.5, "maxY": 515.5}, "class_id": 0, "box_caption": "person 0.003", "scores": {"class_score": 0.0032482147216796875}, "domain": "pixel"}, {"position": {"minX": 535.5, "minY": 262.0, "maxX": 592.5, "maxY": 391.0}, "class_id": 0, "box_caption": "person 0.003", "scores": {"class_score": 0.00323486328125}, "domain": "pixel"}, {"position": {"minX": 526.5, "minY": 451.75, "maxX": 562.5, "maxY": 529.0}, "class_id": 0, "box_caption": "person 0.003", "scores": {"class_score": 0.00319671630859375}, "domain": "pixel"}, {"position": {"minX": 457.75, "minY": 454.5, "maxX": 497.25, "maxY": 559.0}, "class_id": 0, "box_caption": "person 0.003", "scores": {"class_score": 0.00319671630859375}, "domain": "pixel"}, {"position": {"minX": 514.5, "minY": 345.25, "maxX": 560.5, "maxY": 435.75}, "class_id": 0, "box_caption": "person 0.003", "scores": {"class_score": 0.00313568115234375}, "domain": "pixel"}, {"position": {"minX": 22.328125, "minY": 405.75, "maxX": 73.9375, "maxY": 537.5}, "class_id": 0, "box_caption": "person 0.003", "scores": {"class_score": 0.0031108856201171875}, "domain": "pixel"}, {"position": {"minX": 633.5, "minY": 245.25, "maxX": 664.5, "maxY": 475.75}, "class_id": 0, "box_caption": "person 0.003", "scores": {"class_score": 0.0030994415283203125}, "domain": "pixel"}, {"position": {"minX": 9.6875, "minY": 45.1875, "maxX": 73.9375, "maxY": 216.0}, "class_id": 0, "box_caption": "person 0.003", "scores": {"class_score": 0.00307464599609375}, "domain": "pixel"}, {"position": {"minX": 29.28125, "minY": 418.25, "maxX": 101.25, "maxY": 592.0}, "class_id": 0, "box_caption": "person 0.003", "scores": {"class_score": 0.00307464599609375}, "domain": "pixel"}, {"position": {"minX": 202.5, "minY": 422.5, "maxX": 252.5, "maxY": 531.0}, "class_id": 0, "box_caption": "person 0.003", "scores": {"class_score": 0.0030269622802734375}, "domain": "pixel"}, {"position": {"minX": 394.0, "minY": 46.625, "maxX": 599.0, "maxY": 517.0}, "class_id": 0, "box_caption": "person 0.003", "scores": {"class_score": 0.0030040740966796875}, "domain": "pixel"}, {"position": {"minX": 302.0, "minY": 3.3125, "maxX": 427.5, "maxY": 152.25}, "class_id": 0, "box_caption": "person 0.003", "scores": {"class_score": 0.0029926300048828125}, "domain": "pixel"}, {"position": {"minX": 154.0, "minY": 253.25, "maxX": 289.5, "maxY": 490.25}, "class_id": 0, "box_caption": "person 0.003", "scores": {"class_score": 0.0029926300048828125}, "domain": "pixel"}, {"position": {"minX": 255.75, "minY": 307.0, "maxX": 302.75, "maxY": 406.5}, "class_id": 0, "box_caption": "person 0.003", "scores": {"class_score": 0.0029811859130859375}, "domain": "pixel"}, {"position": {"minX": 19.5625, "minY": 407.25, "maxX": 114.0625, "maxY": 657.5}, "class_id": 0, "box_caption": "person 0.003", "scores": {"class_score": 0.0029811859130859375}, "domain": "pixel"}, {"position": {"minX": 238.75, "minY": 253.875, "maxX": 282.75, "maxY": 330.75}, "class_id": 0, "box_caption": "person 0.003", "scores": {"class_score": 0.0029468536376953125}, "domain": "pixel"}, {"position": {"minX": 127.5, "minY": 1.640625, "maxX": 285.25, "maxY": 54.125}, "class_id": 0, "box_caption": "person 0.003", "scores": {"class_score": 0.0029239654541015625}, "domain": "pixel"}, {"position": {"minX": 398.0, "minY": 335.75, "maxX": 473.0, "maxY": 451.25}, "class_id": 0, "box_caption": "person 0.003", "scores": {"class_score": 0.0029125213623046875}, "domain": "pixel"}, {"position": {"minX": 268.75, "minY": 248.5, "maxX": 348.25, "maxY": 400.5}, "class_id": 0, "box_caption": "person 0.003", "scores": {"class_score": 0.0029125213623046875}, "domain": "pixel"}, {"position": {"minX": 9.328125, "minY": 47.375, "maxX": 57.25, "maxY": 185.875}, "class_id": 0, "box_caption": "person 0.003", "scores": {"class_score": 0.0029010772705078125}, "domain": "pixel"}, {"position": {"minX": 219.0, "minY": 317.75, "maxX": 264.0, "maxY": 430.25}, "class_id": 0, "box_caption": "person 0.003", "scores": {"class_score": 0.0029010772705078125}, "domain": "pixel"}, {"position": {"minX": 564.0, "minY": 48.75, "maxX": 676.0, "maxY": 638.0}, "class_id": 0, "box_caption": "person 0.003", "scores": {"class_score": 0.0029010772705078125}, "domain": "pixel"}, {"position": {"minX": 575.0, "minY": 442.0, "maxX": 624.0, "maxY": 571.0}, "class_id": 0, "box_caption": "person 0.003", "scores": {"class_score": 0.0028781890869140625}, "domain": "pixel"}, {"position": {"minX": 476.0, "minY": 67.3125, "maxX": 605.0, "maxY": 279.25}, "class_id": 0, "box_caption": "person 0.003", "scores": {"class_score": 0.0028781890869140625}, "domain": "pixel"}, {"position": {"minX": 205.75, "minY": 3.875, "maxX": 386.25, "maxY": 91.125}, "class_id": 0, "box_caption": "person 0.003", "scores": {"class_score": 0.0028667449951171875}, "domain": "pixel"}, {"position": {"minX": 176.875, "minY": 372.75, "maxX": 199.625, "maxY": 447.75}, "class_id": 0, "box_caption": "person 0.003", "scores": {"class_score": 0.0028553009033203125}, "domain": "pixel"}, {"position": {"minX": 295.5, "minY": 433.75, "maxX": 349.5, "maxY": 541.0}, "class_id": 0, "box_caption": "person 0.003", "scores": {"class_score": 0.002834320068359375}, "domain": "pixel"}, {"position": {"minX": 300.0, "minY": 286.25, "maxX": 433.0, "maxY": 514.5}, "class_id": 0, "box_caption": "person 0.003", "scores": {"class_score": 0.002834320068359375}, "domain": "pixel"}, {"position": {"minX": 273.0, "minY": 433.75, "maxX": 307.5, "maxY": 517.0}, "class_id": 0, "box_caption": "person 0.003", "scores": {"class_score": 0.0028228759765625}, "domain": "pixel"}, {"position": {"minX": 5.15625, "minY": 79.75, "maxX": 66.625, "maxY": 404.25}, "class_id": 0, "box_caption": "person 0.003", "scores": {"class_score": 0.0027904510498046875}, "domain": "pixel"}, {"position": {"minX": 190.125, "minY": 401.0, "maxX": 230.625, "maxY": 504.5}, "class_id": 0, "box_caption": "person 0.003", "scores": {"class_score": 0.002758026123046875}, "domain": "pixel"}, {"position": {"minX": 90.5, "minY": 38.9375, "maxX": 212.75, "maxY": 194.5}, "class_id": 0, "box_caption": "person 0.003", "scores": {"class_score": 0.0027370452880859375}, "domain": "pixel"}, {"position": {"minX": 270.75, "minY": 6.65625, "maxX": 419.25, "maxY": 88.5}, "class_id": 0, "box_caption": "person 0.003", "scores": {"class_score": 0.0027141571044921875}, "domain": "pixel"}, {"position": {"minX": 576.5, "minY": 322.5, "maxX": 668.5, "maxY": 599.5}, "class_id": 0, "box_caption": "person 0.003", "scores": {"class_score": 0.002704620361328125}, "domain": "pixel"}, {"position": {"minX": 285.5, "minY": 433.5, "maxX": 316.5, "maxY": 519.0}, "class_id": 0, "box_caption": "person 0.003", "scores": {"class_score": 0.0026836395263671875}, "domain": "pixel"}, {"position": {"minX": 537.0, "minY": 284.25, "maxX": 589.0, "maxY": 366.25}, "class_id": 0, "box_caption": "person 0.003", "scores": {"class_score": 0.0026836395263671875}, "domain": "pixel"}, {"position": {"minX": 127.5, "minY": 395.0, "maxX": 139.75, "maxY": 431.5}, "class_id": 0, "box_caption": "person 0.003", "scores": {"class_score": 0.0026721954345703125}, "domain": "pixel"}, {"position": {"minX": 78.5625, "minY": 11.4375, "maxX": 233.5, "maxY": 92.875}, "class_id": 0, "box_caption": "person 0.003", "scores": {"class_score": 0.00266265869140625}, "domain": "pixel"}, {"position": {"minX": 409.75, "minY": 293.75, "maxX": 497.25, "maxY": 462.75}, "class_id": 0, "box_caption": "person 0.003", "scores": {"class_score": 0.0026531219482421875}, "domain": "pixel"}, {"position": {"minX": 417.0, "minY": 459.75, "maxX": 455.5, "maxY": 557.0}, "class_id": 0, "box_caption": "person 0.003", "scores": {"class_score": 0.0026416778564453125}, "domain": "pixel"}, {"position": {"minX": 248.375, "minY": 273.5, "maxX": 486.5, "maxY": 536.0}, "class_id": 0, "box_caption": "person 0.003", "scores": {"class_score": 0.00263214111328125}, "domain": "pixel"}, {"position": {"minX": 149.0, "minY": 2.25, "maxX": 327.0, "maxY": 107.0}, "class_id": 0, "box_caption": "person 0.003", "scores": {"class_score": 0.002620697021484375}, "domain": "pixel"}, {"position": {"minX": 246.5, "minY": 6.421875, "maxX": 273.0, "maxY": 39.3125}, "class_id": 0, "box_caption": "person 0.003", "scores": {"class_score": 0.0026111602783203125}, "domain": "pixel"}, {"position": {"minX": 142.25, "minY": 375.0, "maxX": 165.0, "maxY": 419.0}, "class_id": 0, "box_caption": "person 0.003", "scores": {"class_score": 0.0025806427001953125}, "domain": "pixel"}, {"position": {"minX": 459.5, "minY": 369.5, "maxX": 508.0, "maxY": 514.0}, "class_id": 0, "box_caption": "person 0.003", "scores": {"class_score": 0.00257110595703125}, "domain": "pixel"}, {"position": {"minX": 101.5625, "minY": 386.5, "maxX": 270.5, "maxY": 587.0}, "class_id": 0, "box_caption": "person 0.003", "scores": {"class_score": 0.00257110595703125}, "domain": "pixel"}, {"position": {"minX": 32.8125, "minY": 14.5, "maxX": 128.0, "maxY": 168.875}, "class_id": 0, "box_caption": "person 0.003", "scores": {"class_score": 0.00254058837890625}, "domain": "pixel"}, {"position": {"minX": 308.25, "minY": 96.8125, "maxX": 385.25, "maxY": 186.5}, "class_id": 0, "box_caption": "person 0.003", "scores": {"class_score": 0.0025310516357421875}, "domain": "pixel"}, {"position": {"minX": 386.0, "minY": 126.875, "maxX": 544.5, "maxY": 477.0}, "class_id": 0, "box_caption": "person 0.003", "scores": {"class_score": 0.0025310516357421875}, "domain": "pixel"}, {"position": {"minX": 597.0, "minY": 254.875, "maxX": 666.0, "maxY": 546.5}, "class_id": 0, "box_caption": "person 0.003", "scores": {"class_score": 0.0025119781494140625}, "domain": "pixel"}, {"position": {"minX": 253.625, "minY": 475.75, "maxX": 361.5, "maxY": 613.0}, "class_id": 0, "box_caption": "person 0.002", "scores": {"class_score": 0.002471923828125}, "domain": "pixel"}, {"position": {"minX": 345.25, "minY": 117.25, "maxX": 380.25, "maxY": 191.75}, "class_id": 0, "box_caption": "person 0.002", "scores": {"class_score": 0.00243377685546875}, "domain": "pixel"}, {"position": {"minX": 298.0, "minY": 433.0, "maxX": 338.5, "maxY": 517.0}, "class_id": 0, "box_caption": "person 0.002", "scores": {"class_score": 0.0024242401123046875}, "domain": "pixel"}, {"position": {"minX": 301.5, "minY": 517.0, "maxX": 345.5, "maxY": 594.0}, "class_id": 0, "box_caption": "person 0.002", "scores": {"class_score": 0.002414703369140625}, "domain": "pixel"}, {"position": {"minX": 383.5, "minY": 17.9375, "maxX": 492.0, "maxY": 125.8125}, "class_id": 0, "box_caption": "person 0.002", "scores": {"class_score": 0.002414703369140625}, "domain": "pixel"}, {"position": {"minX": 493.5, "minY": 409.0, "maxX": 628.5, "maxY": 609.5}, "class_id": 0, "box_caption": "person 0.002", "scores": {"class_score": 0.002414703369140625}, "domain": "pixel"}, {"position": {"minX": 253.25, "minY": 11.234375, "maxX": 279.25, "maxY": 47.375}, "class_id": 0, "box_caption": "person 0.002", "scores": {"class_score": 0.0024051666259765625}, "domain": "pixel"}, {"position": {"minX": 314.5, "minY": 4.421875, "maxX": 425.0, "maxY": 59.25}, "class_id": 0, "box_caption": "person 0.002", "scores": {"class_score": 0.0023593902587890625}, "domain": "pixel"}, {"position": {"minX": 269.75, "minY": 434.0, "maxX": 351.25, "maxY": 603.0}, "class_id": 0, "box_caption": "person 0.002", "scores": {"class_score": 0.002349853515625}, "domain": "pixel"}, {"position": {"minX": 219.0, "minY": 347.5, "maxX": 265.0, "maxY": 462.5}, "class_id": 0, "box_caption": "person 0.002", "scores": {"class_score": 0.00234222412109375}, "domain": "pixel"}, {"position": {"minX": 224.0, "minY": 347.75, "maxX": 250.25, "maxY": 429.75}, "class_id": 0, "box_caption": "person 0.002", "scores": {"class_score": 0.002323150634765625}, "domain": "pixel"}, {"position": {"minX": 209.25, "minY": 408.0, "maxX": 260.25, "maxY": 509.5}, "class_id": 0, "box_caption": "person 0.002", "scores": {"class_score": 0.0023059844970703125}, "domain": "pixel"}, {"position": {"minX": 13.1875, "minY": 285.5, "maxX": 198.5, "maxY": 587.5}, "class_id": 0, "box_caption": "person 0.002", "scores": {"class_score": 0.0022869110107421875}, "domain": "pixel"}, {"position": {"minX": 221.375, "minY": 8.28125, "maxX": 303.0, "maxY": 97.5}, "class_id": 0, "box_caption": "person 0.002", "scores": {"class_score": 0.002269744873046875}, "domain": "pixel"}, {"position": {"minX": 403.0, "minY": 321.75, "maxX": 492.5, "maxY": 505.25}, "class_id": 0, "box_caption": "person 0.002", "scores": {"class_score": 0.002269744873046875}, "domain": "pixel"}, {"position": {"minX": 244.125, "minY": 254.125, "maxX": 281.0, "maxY": 307.75}, "class_id": 0, "box_caption": "person 0.002", "scores": {"class_score": 0.0022602081298828125}, "domain": "pixel"}, {"position": {"minX": 369.0, "minY": 216.0, "maxX": 554.5, "maxY": 534.0}, "class_id": 0, "box_caption": "person 0.002", "scores": {"class_score": 0.0022602081298828125}, "domain": "pixel"}, {"position": {"minX": 543.5, "minY": 238.5, "maxX": 618.5, "maxY": 501.0}, "class_id": 0, "box_caption": "person 0.002", "scores": {"class_score": 0.0022335052490234375}, "domain": "pixel"}, {"position": {"minX": 137.625, "minY": 40.5625, "maxX": 295.0, "maxY": 196.5}, "class_id": 0, "box_caption": "person 0.002", "scores": {"class_score": 0.0022258758544921875}, "domain": "pixel"}, {"position": {"minX": 527.5, "minY": 47.0, "maxX": 626.5, "maxY": 374.0}, "class_id": 0, "box_caption": "person 0.002", "scores": {"class_score": 0.0022258758544921875}, "domain": "pixel"}, {"position": {"minX": 371.5, "minY": 240.75, "maxX": 483.0, "maxY": 455.75}, "class_id": 0, "box_caption": "person 0.002", "scores": {"class_score": 0.0022258758544921875}, "domain": "pixel"}, {"position": {"minX": 149.75, "minY": 369.75, "maxX": 176.75, "maxY": 418.75}, "class_id": 0, "box_caption": "person 0.002", "scores": {"class_score": 0.002208709716796875}, "domain": "pixel"}, {"position": {"minX": 582.0, "minY": 424.5, "maxX": 647.0, "maxY": 568.5}, "class_id": 0, "box_caption": "person 0.002", "scores": {"class_score": 0.0021915435791015625}, "domain": "pixel"}, {"position": {"minX": 476.5, "minY": 374.0, "maxX": 506.0, "maxY": 446.0}, "class_id": 0, "box_caption": "person 0.002", "scores": {"class_score": 0.0021820068359375}, "domain": "pixel"}, {"position": {"minX": 514.5, "minY": 361.5, "maxX": 535.5, "maxY": 433.5}, "class_id": 0, "box_caption": "person 0.002", "scores": {"class_score": 0.0021648406982421875}, "domain": "pixel"}, {"position": {"minX": 246.5, "minY": 430.75, "maxX": 293.5, "maxY": 490.25}, "class_id": 0, "box_caption": "person 0.002", "scores": {"class_score": 0.0021648406982421875}, "domain": "pixel"}, {"position": {"minX": 17.296875, "minY": 29.71875, "maxX": 55.1875, "maxY": 120.875}, "class_id": 0, "box_caption": "person 0.002", "scores": {"class_score": 0.002132415771484375}, "domain": "pixel"}, {"position": {"minX": 257.0, "minY": 372.5, "maxX": 280.0, "maxY": 417.5}, "class_id": 0, "box_caption": "person 0.002", "scores": {"class_score": 0.002132415771484375}, "domain": "pixel"}, {"position": {"minX": 327.5, "minY": 296.5, "maxX": 467.5, "maxY": 551.0}, "class_id": 0, "box_caption": "person 0.002", "scores": {"class_score": 0.0021076202392578125}, "domain": "pixel"}, {"position": {"minX": 217.375, "minY": -0.546875, "maxX": 376.5, "maxY": 49.3125}, "class_id": 0, "box_caption": "person 0.002", "scores": {"class_score": 0.0020999908447265625}, "domain": "pixel"}, {"position": {"minX": 625.5, "minY": 260.0, "maxX": 671.5, "maxY": 537.5}, "class_id": 0, "box_caption": "person 0.002", "scores": {"class_score": 0.00208282470703125}, "domain": "pixel"}, {"position": {"minX": 202.0, "minY": 231.125, "maxX": 325.5, "maxY": 408.0}, "class_id": 0, "box_caption": "person 0.002", "scores": {"class_score": 0.0020751953125}, "domain": "pixel"}, {"position": {"minX": 444.75, "minY": 356.5, "maxX": 497.75, "maxY": 492.5}, "class_id": 0, "box_caption": "person 0.002", "scores": {"class_score": 0.00206756591796875}, "domain": "pixel"}, {"position": {"minX": 536.5, "minY": 293.75, "maxX": 593.5, "maxY": 424.25}, "class_id": 0, "box_caption": "person 0.002", "scores": {"class_score": 0.0020580291748046875}, "domain": "pixel"}, {"position": {"minX": 113.75, "minY": 344.5, "maxX": 264.25, "maxY": 541.5}, "class_id": 0, "box_caption": "person 0.002", "scores": {"class_score": 0.0020580291748046875}, "domain": "pixel"}, {"position": {"minX": 137.375, "minY": 373.25, "maxX": 159.375, "maxY": 420.25}, "class_id": 0, "box_caption": "person 0.002", "scores": {"class_score": 0.0020503997802734375}, "domain": "pixel"}, {"position": {"minX": 574.5, "minY": 397.0, "maxX": 654.5, "maxY": 592.0}, "class_id": 0, "box_caption": "person 0.002", "scores": {"class_score": 0.0020503997802734375}, "domain": "pixel"}, {"position": {"minX": 291.75, "minY": 304.0, "maxX": 330.75, "maxY": 410.0}, "class_id": 0, "box_caption": "person 0.002", "scores": {"class_score": 0.0020351409912109375}, "domain": "pixel"}, {"position": {"minX": 161.25, "minY": 289.5, "maxX": 235.25, "maxY": 497.0}, "class_id": 0, "box_caption": "person 0.002", "scores": {"class_score": 0.0020351409912109375}, "domain": "pixel"}, {"position": {"minX": 514.0, "minY": 469.5, "maxX": 555.0, "maxY": 550.5}, "class_id": 0, "box_caption": "person 0.002", "scores": {"class_score": 0.0020198822021484375}, "domain": "pixel"}, {"position": {"minX": 195.125, "minY": 422.5, "maxX": 242.875, "maxY": 510.5}, "class_id": 0, "box_caption": "person 0.002", "scores": {"class_score": 0.002010345458984375}, "domain": "pixel"}, {"position": {"minX": 171.125, "minY": 359.75, "maxX": 194.375, "maxY": 429.25}, "class_id": 0, "box_caption": "person 0.002", "scores": {"class_score": 0.001979827880859375}, "domain": "pixel"}, {"position": {"minX": 454.25, "minY": 412.0, "maxX": 502.75, "maxY": 571.5}, "class_id": 0, "box_caption": "person 0.002", "scores": {"class_score": 0.001979827880859375}, "domain": "pixel"}, {"position": {"minX": 14.296875, "minY": 187.0, "maxX": 64.6875, "maxY": 366.5}, "class_id": 0, "box_caption": "person 0.002", "scores": {"class_score": 0.001972198486328125}, "domain": "pixel"}, {"position": {"minX": 354.25, "minY": 16.0625, "maxX": 517.0, "maxY": 204.25}, "class_id": 0, "box_caption": "person 0.002", "scores": {"class_score": 0.001964569091796875}, "domain": "pixel"}, {"position": {"minX": 45.5625, "minY": 346.0, "maxX": 232.0, "maxY": 586.0}, "class_id": 0, "box_caption": "person 0.002", "scores": {"class_score": 0.001964569091796875}, "domain": "pixel"}, {"position": {"minX": 223.625, "minY": 253.0, "maxX": 272.75, "maxY": 338.5}, "class_id": 0, "box_caption": "person 0.002", "scores": {"class_score": 0.001949310302734375}, "domain": "pixel"}, {"position": {"minX": 3.53125, "minY": 257.5, "maxX": 67.0, "maxY": 554.5}, "class_id": 0, "box_caption": "person 0.002", "scores": {"class_score": 0.001926422119140625}, "domain": "pixel"}, {"position": {"minX": 367.75, "minY": 329.5, "maxX": 450.25, "maxY": 453.5}, "class_id": 0, "box_caption": "person 0.002", "scores": {"class_score": 0.001918792724609375}, "domain": "pixel"}, {"position": {"minX": 17.15625, "minY": 77.1875, "maxX": 92.5, "maxY": 289.75}, "class_id": 0, "box_caption": "person 0.002", "scores": {"class_score": 0.0018672943115234375}, "domain": "pixel"}, {"position": {"minX": 90.625, "minY": 16.078125, "maxX": 219.125, "maxY": 72.875}, "class_id": 0, "box_caption": "person 0.002", "scores": {"class_score": 0.0018672943115234375}, "domain": "pixel"}, {"position": {"minX": 259.25, "minY": 386.25, "maxX": 277.25, "maxY": 418.25}, "class_id": 0, "box_caption": "person 0.002", "scores": {"class_score": 0.0018606185913085938}, "domain": "pixel"}, {"position": {"minX": 188.875, "minY": 432.75, "maxX": 220.125, "maxY": 518.5}, "class_id": 0, "box_caption": "person 0.002", "scores": {"class_score": 0.0018529891967773438}, "domain": "pixel"}, {"position": {"minX": 498.5, "minY": 364.0, "maxX": 549.5, "maxY": 485.5}, "class_id": 0, "box_caption": "person 0.002", "scores": {"class_score": 0.0018529891967773438}, "domain": "pixel"}, {"position": {"minX": 46.0625, "minY": 60.0, "maxX": 93.4375, "maxY": 198.0}, "class_id": 0, "box_caption": "person 0.002", "scores": {"class_score": 0.0018463134765625}, "domain": "pixel"}, {"position": {"minX": 528.0, "minY": 258.0, "maxX": 577.0, "maxY": 369.0}, "class_id": 0, "box_caption": "person 0.002", "scores": {"class_score": 0.0018463134765625}, "domain": "pixel"}, {"position": {"minX": 192.5, "minY": 391.25, "maxX": 213.0, "maxY": 456.25}, "class_id": 0, "box_caption": "person 0.002", "scores": {"class_score": 0.0018243789672851562}, "domain": "pixel"}, {"position": {"minX": 505.5, "minY": 325.0, "maxX": 546.5, "maxY": 462.0}, "class_id": 0, "box_caption": "person 0.002", "scores": {"class_score": 0.0018243789672851562}, "domain": "pixel"}, {"position": {"minX": 558.5, "minY": 366.75, "maxX": 633.5, "maxY": 581.0}, "class_id": 0, "box_caption": "person 0.002", "scores": {"class_score": 0.0018100738525390625}, "domain": "pixel"}, {"position": {"minX": 148.375, "minY": 337.5, "maxX": 217.125, "maxY": 470.5}, "class_id": 0, "box_caption": "person 0.002", "scores": {"class_score": 0.0018033981323242188}, "domain": "pixel"}, {"position": {"minX": 163.0, "minY": 14.0625, "maxX": 326.5, "maxY": 190.5}, "class_id": 0, "box_caption": "person 0.002", "scores": {"class_score": 0.0017747879028320312}, "domain": "pixel"}, {"position": {"minX": 33.84375, "minY": 17.3125, "maxX": 107.25, "maxY": 106.0625}, "class_id": 0, "box_caption": "person 0.002", "scores": {"class_score": 0.0017747879028320312}, "domain": "pixel"}, {"position": {"minX": 172.375, "minY": 424.25, "maxX": 218.125, "maxY": 539.5}, "class_id": 0, "box_caption": "person 0.002", "scores": {"class_score": 0.0017614364624023438}, "domain": "pixel"}, {"position": {"minX": 341.75, "minY": 97.0, "maxX": 445.25, "maxY": 195.0}, "class_id": 0, "box_caption": "person 0.002", "scores": {"class_score": 0.0017337799072265625}, "domain": "pixel"}, {"position": {"minX": 35.1875, "minY": 337.0, "maxX": 176.0, "maxY": 535.0}, "class_id": 0, "box_caption": "person 0.002", "scores": {"class_score": 0.0017337799072265625}, "domain": "pixel"}, {"position": {"minX": 213.375, "minY": 342.0, "maxX": 253.625, "maxY": 474.5}, "class_id": 0, "box_caption": "person 0.002", "scores": {"class_score": 0.0017271041870117188}, "domain": "pixel"}, {"position": {"minX": 188.25, "minY": 438.0, "maxX": 355.25, "maxY": 647.0}, "class_id": 0, "box_caption": "person 0.002", "scores": {"class_score": 0.0017271041870117188}, "domain": "pixel"}, {"position": {"minX": 536.5, "minY": 55.375, "maxX": 611.5, "maxY": 237.125}, "class_id": 0, "box_caption": "person 0.002", "scores": {"class_score": 0.001720428466796875}, "domain": "pixel"}, {"position": {"minX": 279.25, "minY": 485.25, "maxX": 375.75, "maxY": 605.0}, "class_id": 0, "box_caption": "person 0.002", "scores": {"class_score": 0.0017137527465820312}, "domain": "pixel"}, {"position": {"minX": 467.5, "minY": 355.0, "maxX": 534.5, "maxY": 487.5}, "class_id": 0, "box_caption": "person 0.002", "scores": {"class_score": 0.0017070770263671875}, "domain": "pixel"}, {"position": {"minX": 470.25, "minY": 412.5, "maxX": 546.0, "maxY": 564.0}, "class_id": 0, "box_caption": "person 0.002", "scores": {"class_score": 0.0016870498657226562}, "domain": "pixel"}, {"position": {"minX": 31.375, "minY": 354.0, "maxX": 69.5625, "maxY": 454.5}, "class_id": 0, "box_caption": "person 0.002", "scores": {"class_score": 0.0016813278198242188}, "domain": "pixel"}, {"position": {"minX": 636.0, "minY": 299.5, "maxX": 661.0, "maxY": 421.0}, "class_id": 0, "box_caption": "person 0.002", "scores": {"class_score": 0.0016813278198242188}, "domain": "pixel"}], "class_labels": {"0": "person"}}