{"box_data": [{"position": {"minX": 224.5, "minY": 325.75, "maxX": 346.5, "maxY": 597.0}, "class_id": 0, "box_caption": "person 0.149", "scores": {"class_score": 0.1490478515625}, "domain": "pixel"}, {"position": {"minX": 83.6875, "minY": 163.0, "maxX": 152.5, "maxY": 383.0}, "class_id": 0, "box_caption": "person 0.140", "scores": {"class_score": 0.140380859375}, "domain": "pixel"}, {"position": {"minX": 129.625, "minY": 473.0, "maxX": 178.125, "maxY": 559.0}, "class_id": 0, "box_caption": "person 0.133", "scores": {"class_score": 0.132568359375}, "domain": "pixel"}, {"position": {"minX": 511.75, "minY": 198.75, "maxX": 609.0, "maxY": 408.75}, "class_id": 0, "box_caption": "person 0.115", "scores": {"class_score": 0.1153564453125}, "domain": "pixel"}, {"position": {"minX": 538.5, "minY": 206.5, "maxX": 647.5, "maxY": 405.5}, "class_id": 0, "box_caption": "person 0.096", "scores": {"class_score": 0.09588623046875}, "domain": "pixel"}, {"position": {"minX": 499.75, "minY": 203.0, "maxX": 570.0, "maxY": 400.5}, "class_id": 0, "box_caption": "person 0.090", "scores": {"class_score": 0.09039306640625}, "domain": "pixel"}, {"position": {"minX": 551.0, "minY": 206.5, "maxX": 642.0, "maxY": 335.0}, "class_id": 0, "box_caption": "person 0.087", "scores": {"class_score": 0.08660888671875}, "domain": "pixel"}, {"position": {"minX": 66.375, "minY": 311.5, "maxX": 97.25, "maxY": 376.5}, "class_id": 0, "box_caption": "person 0.075", "scores": {"class_score": 0.0753173828125}, "domain": "pixel"}, {"position": {"minX": 556.0, "minY": 421.75, "maxX": 585.0, "maxY": 483.25}, "class_id": 0, "box_caption": "person 0.062", "scores": {"class_score": 0.062103271484375}, "domain": "pixel"}, {"position": {"minX": 93.5, "minY": 136.75, "maxX": 171.5, "maxY": 351.0}, "class_id": 0, "box_caption": "person 0.061", "scores": {"class_score": 0.060760498046875}, "domain": "pixel"}, {"position": {"minX": 576.0, "minY": 218.0, "maxX": 645.0, "maxY": 325.5}, "class_id": 0, "box_caption": "person 0.060", "scores": {"class_score": 0.059539794921875}, "domain": "pixel"}, {"position": {"minX": 237.375, "minY": 309.75, "maxX": 321.75, "maxY": 490.25}, "class_id": 0, "box_caption": "person 0.060", "scores": {"class_score": 0.059539794921875}, "domain": "pixel"}, {"position": {"minX": 413.5, "minY": 314.0, "maxX": 459.0, "maxY": 413.0}, "class_id": 0, "box_caption": "person 0.058", "scores": {"class_score": 0.058441162109375}, "domain": "pixel"}, {"position": {"minX": 255.5, "minY": 307.25, "maxX": 313.5, "maxY": 451.75}, "class_id": 0, "box_caption": "person 0.048", "scores": {"class_score": 0.04779052734375}, "domain": "pixel"}, {"position": {"minX": 71.625, "minY": 213.0, "maxX": 158.375, "maxY": 442.5}, "class_id": 0, "box_caption": "person 0.045", "scores": {"class_score": 0.04534912109375}, "domain": "pixel"}, {"position": {"minX": 529.0, "minY": 204.75, "maxX": 606.0, "maxY": 333.25}, "class_id": 0, "box_caption": "person 0.043", "scores": {"class_score": 0.043121337890625}, "domain": "pixel"}, {"position": {"minX": 518.5, "minY": 201.625, "maxX": 586.5, "maxY": 358.0}, "class_id": 0, "box_caption": "person 0.042", "scores": {"class_score": 0.042236328125}, "domain": "pixel"}, {"position": {"minX": 193.75, "minY": 303.0, "maxX": 306.5, "maxY": 550.5}, "class_id": 0, "box_caption": "person 0.041", "scores": {"class_score": 0.041229248046875}, "domain": "pixel"}, {"position": {"minX": 164.875, "minY": 174.25, "maxX": 243.875, "maxY": 431.75}, "class_id": 0, "box_caption": "person 0.039", "scores": {"class_score": 0.038970947265625}, "domain": "pixel"}, {"position": {"minX": 517.5, "minY": 377.75, "maxX": 543.5, "maxY": 430.75}, "class_id": 0, "box_caption": "person 0.038", "scores": {"class_score": 0.0384521484375}, "domain": "pixel"}, {"position": {"minX": 100.75, "minY": 160.25, "maxX": 156.5, "maxY": 336.5}, "class_id": 0, "box_caption": "person 0.038", "scores": {"class_score": 0.03790283203125}, "domain": "pixel"}, {"position": {"minX": 82.25, "minY": 147.625, "maxX": 195.75, "maxY": 583.5}, "class_id": 0, "box_caption": "person 0.038", "scores": {"class_score": 0.037811279296875}, "domain": "pixel"}, {"position": {"minX": 216.0, "minY": 71.625, "maxX": 343.0, "maxY": 484.5}, "class_id": 0, "box_caption": "person 0.037", "scores": {"class_score": 0.037322998046875}, "domain": "pixel"}, {"position": {"minX": 572.0, "minY": 211.75, "maxX": 652.0, "maxY": 382.25}, "class_id": 0, "box_caption": "person 0.036", "scores": {"class_score": 0.03594970703125}, "domain": "pixel"}, {"position": {"minX": 509.75, "minY": 356.5, "maxX": 550.0, "maxY": 426.5}, "class_id": 0, "box_caption": "person 0.034", "scores": {"class_score": 0.034088134765625}, "domain": "pixel"}, {"position": {"minX": 520.0, "minY": 393.0, "maxX": 541.0, "maxY": 430.5}, "class_id": 0, "box_caption": "person 0.032", "scores": {"class_score": 0.0323486328125}, "domain": "pixel"}, {"position": {"minX": 61.4375, "minY": 301.25, "maxX": 106.3125, "maxY": 374.25}, "class_id": 0, "box_caption": "person 0.032", "scores": {"class_score": 0.03228759765625}, "domain": "pixel"}, {"position": {"minX": 250.75, "minY": 424.0, "maxX": 334.75, "maxY": 608.0}, "class_id": 0, "box_caption": "person 0.032", "scores": {"class_score": 0.03155517578125}, "domain": "pixel"}, {"position": {"minX": 57.8125, "minY": 181.125, "maxX": 174.5, "maxY": 553.5}, "class_id": 0, "box_caption": "person 0.031", "scores": {"class_score": 0.031494140625}, "domain": "pixel"}, {"position": {"minX": 142.0, "minY": 200.0, "maxX": 221.0, "maxY": 531.0}, "class_id": 0, "box_caption": "person 0.030", "scores": {"class_score": 0.029754638671875}, "domain": "pixel"}, {"position": {"minX": 142.875, "minY": 139.125, "maxX": 222.125, "maxY": 408.5}, "class_id": 0, "box_caption": "person 0.028", "scores": {"class_score": 0.0276947021484375}, "domain": "pixel"}, {"position": {"minX": 513.5, "minY": 390.0, "maxX": 535.5, "maxY": 432.0}, "class_id": 0, "box_caption": "person 0.028", "scores": {"class_score": 0.027587890625}, "domain": "pixel"}, {"position": {"minX": 201.0, "minY": 316.5, "maxX": 284.5, "maxY": 492.0}, "class_id": 0, "box_caption": "person 0.026", "scores": {"class_score": 0.0257568359375}, "domain": "pixel"}, {"position": {"minX": 518.5, "minY": 334.5, "maxX": 554.5, "maxY": 416.0}, "class_id": 0, "box_caption": "person 0.025", "scores": {"class_score": 0.025177001953125}, "domain": "pixel"}, {"position": {"minX": 238.0, "minY": 317.5, "maxX": 297.5, "maxY": 468.5}, "class_id": 0, "box_caption": "person 0.025", "scores": {"class_score": 0.0248870849609375}, "domain": "pixel"}, {"position": {"minX": 347.0, "minY": 321.0, "maxX": 391.5, "maxY": 399.0}, "class_id": 0, "box_caption": "person 0.025", "scores": {"class_score": 0.0248870849609375}, "domain": "pixel"}, {"position": {"minX": 612.0, "minY": 389.5, "maxX": 634.0, "maxY": 424.5}, "class_id": 0, "box_caption": "person 0.025", "scores": {"class_score": 0.0247955322265625}, "domain": "pixel"}, {"position": {"minX": 157.25, "minY": 225.125, "maxX": 259.25, "maxY": 516.0}, "class_id": 0, "box_caption": "person 0.025", "scores": {"class_score": 0.0247039794921875}, "domain": "pixel"}, {"position": {"minX": 188.0, "minY": 217.75, "maxX": 223.0, "maxY": 308.25}, "class_id": 0, "box_caption": "person 0.025", "scores": {"class_score": 0.0245208740234375}, "domain": "pixel"}, {"position": {"minX": 467.25, "minY": 200.75, "maxX": 555.0, "maxY": 403.25}, "class_id": 0, "box_caption": "person 0.025", "scores": {"class_score": 0.0245208740234375}, "domain": "pixel"}, {"position": {"minX": 172.125, "minY": 128.125, "maxX": 297.5, "maxY": 544.0}, "class_id": 0, "box_caption": "person 0.024", "scores": {"class_score": 0.023956298828125}, "domain": "pixel"}, {"position": {"minX": 218.375, "minY": 357.0, "maxX": 278.25, "maxY": 487.0}, "class_id": 0, "box_caption": "person 0.024", "scores": {"class_score": 0.0238189697265625}, "domain": "pixel"}, {"position": {"minX": 97.375, "minY": 188.0, "maxX": 161.625, "maxY": 402.0}, "class_id": 0, "box_caption": "person 0.024", "scores": {"class_score": 0.0235137939453125}, "domain": "pixel"}, {"position": {"minX": 53.53125, "minY": 158.875, "maxX": 143.75, "maxY": 383.0}, "class_id": 0, "box_caption": "person 0.023", "scores": {"class_score": 0.0225830078125}, "domain": "pixel"}, {"position": {"minX": 228.5, "minY": 89.8125, "maxX": 328.5, "maxY": 326.5}, "class_id": 0, "box_caption": "person 0.023", "scores": {"class_score": 0.0225372314453125}, "domain": "pixel"}, {"position": {"minX": 177.125, "minY": 191.75, "maxX": 226.875, "maxY": 366.25}, "class_id": 0, "box_caption": "person 0.022", "scores": {"class_score": 0.0220794677734375}, "domain": "pixel"}, {"position": {"minX": 381.75, "minY": 319.5, "maxX": 431.75, "maxY": 398.5}, "class_id": 0, "box_caption": "person 0.022", "scores": {"class_score": 0.0215301513671875}, "domain": "pixel"}, {"position": {"minX": 65.125, "minY": 325.75, "maxX": 91.5, "maxY": 382.25}, "class_id": 0, "box_caption": "person 0.021", "scores": {"class_score": 0.0212860107421875}, "domain": "pixel"}, {"position": {"minX": 211.875, "minY": 267.0, "maxX": 339.5, "maxY": 534.5}, "class_id": 0, "box_caption": "person 0.021", "scores": {"class_score": 0.0207672119140625}, "domain": "pixel"}, {"position": {"minX": 606.5, "minY": 221.5, "maxX": 646.5, "maxY": 329.0}, "class_id": 0, "box_caption": "person 0.020", "scores": {"class_score": 0.020172119140625}, "domain": "pixel"}, {"position": {"minX": 422.0, "minY": 293.25, "maxX": 467.5, "maxY": 392.25}, "class_id": 0, "box_caption": "person 0.020", "scores": {"class_score": 0.019561767578125}, "domain": "pixel"}, {"position": {"minX": 420.75, "minY": 312.0, "maxX": 456.75, "maxY": 384.5}, "class_id": 0, "box_caption": "person 0.020", "scores": {"class_score": 0.019500732421875}, "domain": "pixel"}, {"position": {"minX": 156.25, "minY": 226.25, "maxX": 211.75, "maxY": 434.25}, "class_id": 0, "box_caption": "person 0.019", "scores": {"class_score": 0.0193023681640625}, "domain": "pixel"}, {"position": {"minX": 91.0, "minY": 196.0, "maxX": 173.5, "maxY": 461.0}, "class_id": 0, "box_caption": "person 0.018", "scores": {"class_score": 0.0184783935546875}, "domain": "pixel"}, {"position": {"minX": 560.5, "minY": 443.0, "maxX": 586.5, "maxY": 490.5}, "class_id": 0, "box_caption": "person 0.018", "scores": {"class_score": 0.01812744140625}, "domain": "pixel"}, {"position": {"minX": 161.5, "minY": 276.25, "maxX": 334.75, "maxY": 579.0}, "class_id": 0, "box_caption": "person 0.018", "scores": {"class_score": 0.01812744140625}, "domain": "pixel"}, {"position": {"minX": 128.375, "minY": 121.875, "maxX": 214.625, "maxY": 309.5}, "class_id": 0, "box_caption": "person 0.018", "scores": {"class_score": 0.0180511474609375}, "domain": "pixel"}, {"position": {"minX": 514.0, "minY": 200.25, "maxX": 558.0, "maxY": 332.75}, "class_id": 0, "box_caption": "person 0.018", "scores": {"class_score": 0.0180206298828125}, "domain": "pixel"}, {"position": {"minX": 170.0, "minY": 156.125, "maxX": 239.25, "maxY": 323.5}, "class_id": 0, "box_caption": "person 0.018", "scores": {"class_score": 0.01763916015625}, "domain": "pixel"}, {"position": {"minX": 74.0625, "minY": 319.5, "maxX": 103.3125, "maxY": 374.5}, "class_id": 0, "box_caption": "person 0.018", "scores": {"class_score": 0.017578125}, "domain": "pixel"}, {"position": {"minX": 408.5, "minY": 331.0, "maxX": 445.5, "maxY": 421.5}, "class_id": 0, "box_caption": "person 0.017", "scores": {"class_score": 0.017242431640625}, "domain": "pixel"}, {"position": {"minX": 75.625, "minY": 144.5, "maxX": 185.375, "maxY": 402.0}, "class_id": 0, "box_caption": "person 0.017", "scores": {"class_score": 0.017181396484375}, "domain": "pixel"}, {"position": {"minX": 525.0, "minY": 325.0, "maxX": 579.0, "maxY": 414.0}, "class_id": 0, "box_caption": "person 0.017", "scores": {"class_score": 0.0169830322265625}, "domain": "pixel"}, {"position": {"minX": 411.25, "minY": 229.5, "maxX": 457.75, "maxY": 304.5}, "class_id": 0, "box_caption": "person 0.016", "scores": {"class_score": 0.0160980224609375}, "domain": "pixel"}, {"position": {"minX": 220.75, "minY": 374.75, "maxX": 262.25, "maxY": 466.75}, "class_id": 0, "box_caption": "person 0.015", "scores": {"class_score": 0.0154266357421875}, "domain": "pixel"}, {"position": {"minX": 546.0, "minY": 400.0, "maxX": 589.0, "maxY": 489.0}, "class_id": 0, "box_caption": "person 0.015", "scores": {"class_score": 0.0153656005859375}, "domain": "pixel"}, {"position": {"minX": 410.75, "minY": 230.125, "maxX": 441.75, "maxY": 293.25}, "class_id": 0, "box_caption": "person 0.015", "scores": {"class_score": 0.01495361328125}, "domain": "pixel"}, {"position": {"minX": 535.0, "minY": 361.5, "maxX": 564.0, "maxY": 415.5}, "class_id": 0, "box_caption": "person 0.015", "scores": {"class_score": 0.014556884765625}, "domain": "pixel"}, {"position": {"minX": 228.25, "minY": 395.0, "maxX": 260.75, "maxY": 475.5}, "class_id": 0, "box_caption": "person 0.014", "scores": {"class_score": 0.0141754150390625}, "domain": "pixel"}, {"position": {"minX": 411.0, "minY": 231.375, "maxX": 462.5, "maxY": 373.5}, "class_id": 0, "box_caption": "person 0.014", "scores": {"class_score": 0.0141754150390625}, "domain": "pixel"}, {"position": {"minX": 508.25, "minY": 322.5, "maxX": 559.5, "maxY": 425.0}, "class_id": 0, "box_caption": "person 0.014", "scores": {"class_score": 0.0141143798828125}, "domain": "pixel"}, {"position": {"minX": 516.0, "minY": 202.375, "maxX": 545.0, "maxY": 300.5}, "class_id": 0, "box_caption": "person 0.014", "scores": {"class_score": 0.0137939453125}, "domain": "pixel"}, {"position": {"minX": 118.5625, "minY": 127.5625, "maxX": 185.0, "maxY": 304.0}, "class_id": 0, "box_caption": "person 0.014", "scores": {"class_score": 0.01358795166015625}, "domain": "pixel"}, {"position": {"minX": 522.5, "minY": 359.25, "maxX": 574.5, "maxY": 424.75}, "class_id": 0, "box_caption": "person 0.013", "scores": {"class_score": 0.013427734375}, "domain": "pixel"}, {"position": {"minX": 58.625, "minY": 278.25, "maxX": 114.375, "maxY": 401.25}, "class_id": 0, "box_caption": "person 0.013", "scores": {"class_score": 0.01332855224609375}, "domain": "pixel"}, {"position": {"minX": 374.5, "minY": 317.5, "maxX": 413.5, "maxY": 372.0}, "class_id": 0, "box_caption": "person 0.013", "scores": {"class_score": 0.01322174072265625}, "domain": "pixel"}, {"position": {"minX": 508.5, "minY": 335.75, "maxX": 542.5, "maxY": 421.75}, "class_id": 0, "box_caption": "person 0.013", "scores": {"class_score": 0.01322174072265625}, "domain": "pixel"}, {"position": {"minX": 119.5, "minY": 180.0, "maxX": 179.75, "maxY": 409.5}, "class_id": 0, "box_caption": "person 0.013", "scores": {"class_score": 0.01322174072265625}, "domain": "pixel"}, {"position": {"minX": 369.25, "minY": 382.5, "maxX": 415.25, "maxY": 555.5}, "class_id": 0, "box_caption": "person 0.013", "scores": {"class_score": 0.01312255859375}, "domain": "pixel"}, {"position": {"minX": 244.0, "minY": 161.0, "maxX": 341.5, "maxY": 519.0}, "class_id": 0, "box_caption": "person 0.013", "scores": {"class_score": 0.012725830078125}, "domain": "pixel"}, {"position": {"minX": 76.25, "minY": 299.5, "maxX": 115.5, "maxY": 380.5}, "class_id": 0, "box_caption": "person 0.013", "scores": {"class_score": 0.01262664794921875}, "domain": "pixel"}, {"position": {"minX": 469.5, "minY": 185.5, "maxX": 602.5, "maxY": 388.5}, "class_id": 0, "box_caption": "person 0.012", "scores": {"class_score": 0.01238250732421875}, "domain": "pixel"}, {"position": {"minX": 418.0, "minY": 210.25, "maxX": 482.5, "maxY": 323.25}, "class_id": 0, "box_caption": "person 0.012", "scores": {"class_score": 0.01214599609375}, "domain": "pixel"}, {"position": {"minX": 487.25, "minY": 365.5, "maxX": 539.5, "maxY": 421.5}, "class_id": 0, "box_caption": "person 0.012", "scores": {"class_score": 0.0121002197265625}, "domain": "pixel"}, {"position": {"minX": 79.0625, "minY": 228.75, "maxX": 141.75, "maxY": 393.25}, "class_id": 0, "box_caption": "person 0.012", "scores": {"class_score": 0.012054443359375}, "domain": "pixel"}, {"position": {"minX": 149.5, "minY": 296.25, "maxX": 210.5, "maxY": 498.75}, "class_id": 0, "box_caption": "person 0.012", "scores": {"class_score": 0.012054443359375}, "domain": "pixel"}, {"position": {"minX": 76.625, "minY": 302.75, "maxX": 104.75, "maxY": 367.75}, "class_id": 0, "box_caption": "person 0.012", "scores": {"class_score": 0.0119171142578125}, "domain": "pixel"}, {"position": {"minX": 606.5, "minY": 393.0, "maxX": 623.5, "maxY": 433.5}, "class_id": 0, "box_caption": "person 0.011", "scores": {"class_score": 0.01142120361328125}, "domain": "pixel"}, {"position": {"minX": 435.0, "minY": 216.25, "maxX": 473.0, "maxY": 284.0}, "class_id": 0, "box_caption": "person 0.011", "scores": {"class_score": 0.01142120361328125}, "domain": "pixel"}, {"position": {"minX": 205.625, "minY": 338.25, "maxX": 266.5, "maxY": 472.75}, "class_id": 0, "box_caption": "person 0.011", "scores": {"class_score": 0.0112457275390625}, "domain": "pixel"}, {"position": {"minX": 551.5, "minY": 291.0, "maxX": 643.5, "maxY": 431.5}, "class_id": 0, "box_caption": "person 0.011", "scores": {"class_score": 0.011199951171875}, "domain": "pixel"}, {"position": {"minX": 210.0, "minY": 180.75, "maxX": 255.75, "maxY": 314.5}, "class_id": 0, "box_caption": "person 0.011", "scores": {"class_score": 0.0108184814453125}, "domain": "pixel"}, {"position": {"minX": 347.5, "minY": 328.75, "maxX": 379.5, "maxY": 391.75}, "class_id": 0, "box_caption": "person 0.011", "scores": {"class_score": 0.010650634765625}, "domain": "pixel"}, {"position": {"minX": 355.5, "minY": 327.0, "maxX": 384.5, "maxY": 386.5}, "class_id": 0, "box_caption": "person 0.010", "scores": {"class_score": 0.01049041748046875}, "domain": "pixel"}, {"position": {"minX": 547.5, "minY": 354.25, "maxX": 581.5, "maxY": 410.75}, "class_id": 0, "box_caption": "person 0.010", "scores": {"class_score": 0.01049041748046875}, "domain": "pixel"}, {"position": {"minX": 500.0, "minY": 192.25, "maxX": 571.0, "maxY": 325.25}, "class_id": 0, "box_caption": "person 0.010", "scores": {"class_score": 0.010406494140625}, "domain": "pixel"}, {"position": {"minX": 186.0, "minY": 219.375, "maxX": 230.5, "maxY": 334.75}, "class_id": 0, "box_caption": "person 0.010", "scores": {"class_score": 0.0103302001953125}, "domain": "pixel"}, {"position": {"minX": 147.25, "minY": 145.875, "maxX": 269.5, "maxY": 461.0}, "class_id": 0, "box_caption": "person 0.010", "scores": {"class_score": 0.0103302001953125}, "domain": "pixel"}, {"position": {"minX": 7.34375, "minY": 594.5, "maxX": 23.15625, "maxY": 659.5}, "class_id": 0, "box_caption": "person 0.010", "scores": {"class_score": 0.00997161865234375}, "domain": "pixel"}, {"position": {"minX": 568.0, "minY": 362.25, "maxX": 631.0, "maxY": 429.25}, "class_id": 0, "box_caption": "person 0.010", "scores": {"class_score": 0.00989532470703125}, "domain": "pixel"}, {"position": {"minX": 84.75, "minY": 285.75, "maxX": 124.5, "maxY": 372.25}, "class_id": 0, "box_caption": "person 0.010", "scores": {"class_score": 0.009857177734375}, "domain": "pixel"}, {"position": {"minX": 150.625, "minY": 297.25, "maxX": 276.75, "maxY": 546.0}, "class_id": 0, "box_caption": "person 0.010", "scores": {"class_score": 0.009857177734375}, "domain": "pixel"}, {"position": {"minX": 533.5, "minY": 378.75, "maxX": 555.5, "maxY": 422.25}, "class_id": 0, "box_caption": "person 0.010", "scores": {"class_score": 0.00971221923828125}, "domain": "pixel"}, {"position": {"minX": 403.75, "minY": 121.25, "maxX": 478.75, "maxY": 185.0}, "class_id": 0, "box_caption": "person 0.010", "scores": {"class_score": 0.00971221923828125}, "domain": "pixel"}, {"position": {"minX": 143.5, "minY": 144.5, "maxX": 193.5, "maxY": 316.0}, "class_id": 0, "box_caption": "person 0.010", "scores": {"class_score": 0.0095977783203125}, "domain": "pixel"}, {"position": {"minX": 215.125, "minY": 203.125, "maxX": 249.125, "maxY": 291.75}, "class_id": 0, "box_caption": "person 0.009", "scores": {"class_score": 0.0094146728515625}, "domain": "pixel"}, {"position": {"minX": 357.25, "minY": 316.5, "maxX": 394.25, "maxY": 379.5}, "class_id": 0, "box_caption": "person 0.009", "scores": {"class_score": 0.0094146728515625}, "domain": "pixel"}, {"position": {"minX": 175.625, "minY": 218.875, "maxX": 248.625, "maxY": 400.0}, "class_id": 0, "box_caption": "person 0.009", "scores": {"class_score": 0.00926971435546875}, "domain": "pixel"}, {"position": {"minX": 342.75, "minY": 313.75, "maxX": 388.75, "maxY": 465.25}, "class_id": 0, "box_caption": "person 0.009", "scores": {"class_score": 0.00926971435546875}, "domain": "pixel"}, {"position": {"minX": 189.875, "minY": 94.75, "maxX": 312.75, "maxY": 324.5}, "class_id": 0, "box_caption": "person 0.009", "scores": {"class_score": 0.00926971435546875}, "domain": "pixel"}, {"position": {"minX": 532.5, "minY": 335.0, "maxX": 563.5, "maxY": 410.0}, "class_id": 0, "box_caption": "person 0.009", "scores": {"class_score": 0.0092315673828125}, "domain": "pixel"}, {"position": {"minX": 385.0, "minY": 320.0, "maxX": 420.5, "maxY": 371.5}, "class_id": 0, "box_caption": "person 0.009", "scores": {"class_score": 0.00905609130859375}, "domain": "pixel"}, {"position": {"minX": 388.5, "minY": 121.125, "maxX": 459.5, "maxY": 187.375}, "class_id": 0, "box_caption": "person 0.009", "scores": {"class_score": 0.00881195068359375}, "domain": "pixel"}, {"position": {"minX": 261.5, "minY": 311.25, "maxX": 305.0, "maxY": 417.75}, "class_id": 0, "box_caption": "person 0.009", "scores": {"class_score": 0.00881195068359375}, "domain": "pixel"}, {"position": {"minX": 510.25, "minY": 366.0, "maxX": 537.0, "maxY": 429.5}, "class_id": 0, "box_caption": "person 0.009", "scores": {"class_score": 0.00878143310546875}, "domain": "pixel"}, {"position": {"minX": 426.5, "minY": 163.75, "maxX": 579.0, "maxY": 403.25}, "class_id": 0, "box_caption": "person 0.009", "scores": {"class_score": 0.0087432861328125}, "domain": "pixel"}, {"position": {"minX": 70.75, "minY": 331.0, "maxX": 94.25, "maxY": 374.5}, "class_id": 0, "box_caption": "person 0.009", "scores": {"class_score": 0.00864410400390625}, "domain": "pixel"}, {"position": {"minX": 497.0, "minY": 215.875, "maxX": 551.0, "maxY": 376.0}, "class_id": 0, "box_caption": "person 0.009", "scores": {"class_score": 0.008575439453125}, "domain": "pixel"}, {"position": {"minX": 79.9375, "minY": 270.5, "maxX": 130.75, "maxY": 387.0}, "class_id": 0, "box_caption": "person 0.008", "scores": {"class_score": 0.00844573974609375}, "domain": "pixel"}, {"position": {"minX": 149.75, "minY": 115.875, "maxX": 250.5, "maxY": 313.0}, "class_id": 0, "box_caption": "person 0.008", "scores": {"class_score": 0.00841522216796875}, "domain": "pixel"}, {"position": {"minX": 408.75, "minY": 198.0, "maxX": 504.75, "maxY": 404.0}, "class_id": 0, "box_caption": "person 0.008", "scores": {"class_score": 0.00841522216796875}, "domain": "pixel"}, {"position": {"minX": 553.5, "minY": 396.0, "maxX": 602.5, "maxY": 483.0}, "class_id": 0, "box_caption": "person 0.008", "scores": {"class_score": 0.0083770751953125}, "domain": "pixel"}, {"position": {"minX": 87.0625, "minY": 117.875, "maxX": 204.5, "maxY": 324.0}, "class_id": 0, "box_caption": "person 0.008", "scores": {"class_score": 0.00821685791015625}, "domain": "pixel"}, {"position": {"minX": 109.25, "minY": 110.1875, "maxX": 234.0, "maxY": 362.25}, "class_id": 0, "box_caption": "person 0.008", "scores": {"class_score": 0.00818634033203125}, "domain": "pixel"}, {"position": {"minX": 196.375, "minY": 134.25, "maxX": 288.25, "maxY": 341.5}, "class_id": 0, "box_caption": "person 0.008", "scores": {"class_score": 0.00812530517578125}, "domain": "pixel"}, {"position": {"minX": 156.5, "minY": 382.75, "maxX": 183.0, "maxY": 461.75}, "class_id": 0, "box_caption": "person 0.008", "scores": {"class_score": 0.00806427001953125}, "domain": "pixel"}, {"position": {"minX": 429.75, "minY": 210.0, "maxX": 483.25, "maxY": 293.5}, "class_id": 0, "box_caption": "person 0.008", "scores": {"class_score": 0.00806427001953125}, "domain": "pixel"}, {"position": {"minX": 570.0, "minY": 266.0, "maxX": 657.0, "maxY": 453.0}, "class_id": 0, "box_caption": "person 0.008", "scores": {"class_score": 0.00800323486328125}, "domain": "pixel"}, {"position": {"minX": 617.5, "minY": 395.75, "maxX": 633.5, "maxY": 424.25}, "class_id": 0, "box_caption": "person 0.008", "scores": {"class_score": 0.007965087890625}, "domain": "pixel"}, {"position": {"minX": 174.75, "minY": 304.75, "maxX": 259.75, "maxY": 478.75}, "class_id": 0, "box_caption": "person 0.008", "scores": {"class_score": 0.00787353515625}, "domain": "pixel"}, {"position": {"minX": 484.5, "minY": 327.25, "maxX": 539.0, "maxY": 423.25}, "class_id": 0, "box_caption": "person 0.008", "scores": {"class_score": 0.00787353515625}, "domain": "pixel"}, {"position": {"minX": 184.5, "minY": 180.75, "maxX": 278.25, "maxY": 425.25}, "class_id": 0, "box_caption": "person 0.008", "scores": {"class_score": 0.007843017578125}, "domain": "pixel"}, {"position": {"minX": 413.25, "minY": 313.25, "maxX": 447.75, "maxY": 381.75}, "class_id": 0, "box_caption": "person 0.008", "scores": {"class_score": 0.007785797119140625}, "domain": "pixel"}, {"position": {"minX": 390.0, "minY": 323.0, "maxX": 425.5, "maxY": 386.0}, "class_id": 0, "box_caption": "person 0.008", "scores": {"class_score": 0.007755279541015625}, "domain": "pixel"}, {"position": {"minX": 408.0, "minY": 235.0, "maxX": 445.5, "maxY": 311.5}, "class_id": 0, "box_caption": "person 0.008", "scores": {"class_score": 0.007694244384765625}, "domain": "pixel"}, {"position": {"minX": 45.34375, "minY": 249.5, "maxX": 128.625, "maxY": 463.5}, "class_id": 0, "box_caption": "person 0.008", "scores": {"class_score": 0.007694244384765625}, "domain": "pixel"}, {"position": {"minX": 138.75, "minY": 176.25, "maxX": 200.5, "maxY": 417.75}, "class_id": 0, "box_caption": "person 0.008", "scores": {"class_score": 0.00763702392578125}, "domain": "pixel"}, {"position": {"minX": 418.25, "minY": 222.125, "maxX": 462.75, "maxY": 286.5}, "class_id": 0, "box_caption": "person 0.008", "scores": {"class_score": 0.007549285888671875}, "domain": "pixel"}, {"position": {"minX": 595.5, "minY": 367.75, "maxX": 640.5, "maxY": 430.25}, "class_id": 0, "box_caption": "person 0.007", "scores": {"class_score": 0.0074615478515625}, "domain": "pixel"}, {"position": {"minX": 233.875, "minY": 363.5, "maxX": 286.0, "maxY": 479.0}, "class_id": 0, "box_caption": "person 0.007", "scores": {"class_score": 0.0074310302734375}, "domain": "pixel"}, {"position": {"minX": 393.25, "minY": 106.1875, "maxX": 502.25, "maxY": 191.0}, "class_id": 0, "box_caption": "person 0.007", "scores": {"class_score": 0.007259368896484375}, "domain": "pixel"}, {"position": {"minX": 402.5, "minY": 316.25, "maxX": 466.5, "maxY": 439.25}, "class_id": 0, "box_caption": "person 0.007", "scores": {"class_score": 0.007259368896484375}, "domain": "pixel"}, {"position": {"minX": 193.625, "minY": 216.875, "maxX": 219.125, "maxY": 291.75}, "class_id": 0, "box_caption": "person 0.007", "scores": {"class_score": 0.007122039794921875}, "domain": "pixel"}, {"position": {"minX": 243.625, "minY": 123.75, "maxX": 332.75, "maxY": 417.75}, "class_id": 0, "box_caption": "person 0.007", "scores": {"class_score": 0.0070953369140625}, "domain": "pixel"}, {"position": {"minX": 397.5, "minY": 337.5, "maxX": 433.0, "maxY": 414.5}, "class_id": 0, "box_caption": "person 0.007", "scores": {"class_score": 0.0070648193359375}, "domain": "pixel"}, {"position": {"minX": 564.0, "minY": 361.0, "maxX": 594.0, "maxY": 411.0}, "class_id": 0, "box_caption": "person 0.007", "scores": {"class_score": 0.00701141357421875}, "domain": "pixel"}, {"position": {"minX": 337.25, "minY": 320.25, "maxX": 374.75, "maxY": 410.25}, "class_id": 0, "box_caption": "person 0.007", "scores": {"class_score": 0.00701141357421875}, "domain": "pixel"}, {"position": {"minX": 103.1875, "minY": 161.0, "maxX": 247.75, "maxY": 570.0}, "class_id": 0, "box_caption": "person 0.007", "scores": {"class_score": 0.00701141357421875}, "domain": "pixel"}, {"position": {"minX": 127.75, "minY": 122.6875, "maxX": 210.75, "maxY": 229.0}, "class_id": 0, "box_caption": "person 0.007", "scores": {"class_score": 0.006984710693359375}, "domain": "pixel"}, {"position": {"minX": 107.25, "minY": 123.5, "maxX": 192.75, "maxY": 243.25}, "class_id": 0, "box_caption": "person 0.007", "scores": {"class_score": 0.0069580078125}, "domain": "pixel"}, {"position": {"minX": 159.75, "minY": 318.25, "maxX": 238.25, "maxY": 490.25}, "class_id": 0, "box_caption": "person 0.007", "scores": {"class_score": 0.006931304931640625}, "domain": "pixel"}, {"position": {"minX": 178.375, "minY": 310.5, "maxX": 212.125, "maxY": 400.0}, "class_id": 0, "box_caption": "person 0.007", "scores": {"class_score": 0.006771087646484375}, "domain": "pixel"}, {"position": {"minX": 55.0, "minY": 312.25, "maxX": 89.625, "maxY": 371.75}, "class_id": 0, "box_caption": "person 0.007", "scores": {"class_score": 0.006744384765625}, "domain": "pixel"}, {"position": {"minX": 12.9609375, "minY": 346.0, "maxX": 25.6875, "maxY": 380.0}, "class_id": 0, "box_caption": "person 0.007", "scores": {"class_score": 0.006587982177734375}, "domain": "pixel"}, {"position": {"minX": 254.5, "minY": 318.75, "maxX": 373.5, "maxY": 602.0}, "class_id": 0, "box_caption": "person 0.007", "scores": {"class_score": 0.006587982177734375}, "domain": "pixel"}, {"position": {"minX": 540.0, "minY": 350.25, "maxX": 572.0, "maxY": 409.75}, "class_id": 0, "box_caption": "person 0.007", "scores": {"class_score": 0.00653839111328125}, "domain": "pixel"}, {"position": {"minX": 126.1875, "minY": 162.375, "maxX": 176.75, "maxY": 328.5}, "class_id": 0, "box_caption": "person 0.007", "scores": {"class_score": 0.00653839111328125}, "domain": "pixel"}, {"position": {"minX": 548.0, "minY": 429.5, "maxX": 581.0, "maxY": 482.0}, "class_id": 0, "box_caption": "person 0.007", "scores": {"class_score": 0.006511688232421875}, "domain": "pixel"}, {"position": {"minX": 70.8125, "minY": 317.5, "maxX": 95.3125, "maxY": 364.0}, "class_id": 0, "box_caption": "person 0.006", "scores": {"class_score": 0.006488800048828125}, "domain": "pixel"}, {"position": {"minX": 520.0, "minY": 343.5, "maxX": 544.0, "maxY": 415.0}, "class_id": 0, "box_caption": "person 0.006", "scores": {"class_score": 0.006488800048828125}, "domain": "pixel"}, {"position": {"minX": 250.625, "minY": 334.5, "maxX": 339.5, "maxY": 547.0}, "class_id": 0, "box_caption": "person 0.006", "scores": {"class_score": 0.006488800048828125}, "domain": "pixel"}, {"position": {"minX": 243.875, "minY": 78.8125, "maxX": 320.5, "maxY": 281.25}, "class_id": 0, "box_caption": "person 0.006", "scores": {"class_score": 0.006488800048828125}, "domain": "pixel"}, {"position": {"minX": 407.75, "minY": 326.0, "maxX": 432.75, "maxY": 386.0}, "class_id": 0, "box_caption": "person 0.006", "scores": {"class_score": 0.00646209716796875}, "domain": "pixel"}, {"position": {"minX": 528.5, "minY": 345.75, "maxX": 553.5, "maxY": 414.25}, "class_id": 0, "box_caption": "person 0.006", "scores": {"class_score": 0.006439208984375}, "domain": "pixel"}, {"position": {"minX": 162.375, "minY": 197.625, "maxX": 215.125, "maxY": 368.0}, "class_id": 0, "box_caption": "person 0.006", "scores": {"class_score": 0.00605010986328125}, "domain": "pixel"}, {"position": {"minX": 497.25, "minY": 175.75, "maxX": 632.5, "maxY": 346.25}, "class_id": 0, "box_caption": "person 0.006", "scores": {"class_score": 0.00605010986328125}, "domain": "pixel"}, {"position": {"minX": 161.25, "minY": 309.0, "maxX": 207.25, "maxY": 438.0}, "class_id": 0, "box_caption": "person 0.006", "scores": {"class_score": 0.0060272216796875}, "domain": "pixel"}, {"position": {"minX": 70.5, "minY": 129.75, "maxX": 152.125, "maxY": 337.5}, "class_id": 0, "box_caption": "person 0.006", "scores": {"class_score": 0.0060272216796875}, "domain": "pixel"}, {"position": {"minX": 214.125, "minY": 175.0, "maxX": 251.375, "maxY": 266.25}, "class_id": 0, "box_caption": "person 0.006", "scores": {"class_score": 0.00595855712890625}, "domain": "pixel"}, {"position": {"minX": 21.8125, "minY": 133.625, "maxX": 87.0625, "maxY": 221.875}, "class_id": 0, "box_caption": "person 0.006", "scores": {"class_score": 0.00595855712890625}, "domain": "pixel"}, {"position": {"minX": 242.875, "minY": 238.75, "maxX": 318.5, "maxY": 444.25}, "class_id": 0, "box_caption": "person 0.006", "scores": {"class_score": 0.00595855712890625}, "domain": "pixel"}, {"position": {"minX": 336.75, "minY": 293.5, "maxX": 399.25, "maxY": 489.5}, "class_id": 0, "box_caption": "person 0.006", "scores": {"class_score": 0.00595855712890625}, "domain": "pixel"}, {"position": {"minX": 368.5, "minY": 304.5, "maxX": 426.5, "maxY": 385.5}, "class_id": 0, "box_caption": "person 0.006", "scores": {"class_score": 0.0059356689453125}, "domain": "pixel"}, {"position": {"minX": 557.0, "minY": 429.75, "maxX": 578.0, "maxY": 475.75}, "class_id": 0, "box_caption": "person 0.006", "scores": {"class_score": 0.00586700439453125}, "domain": "pixel"}, {"position": {"minX": 104.5, "minY": 138.125, "maxX": 165.0, "maxY": 296.0}, "class_id": 0, "box_caption": "person 0.006", "scores": {"class_score": 0.0058441162109375}, "domain": "pixel"}, {"position": {"minX": 152.5, "minY": 336.75, "maxX": 190.25, "maxY": 485.75}, "class_id": 0, "box_caption": "person 0.006", "scores": {"class_score": 0.00579833984375}, "domain": "pixel"}, {"position": {"minX": 527.0, "minY": 394.5, "maxX": 545.0, "maxY": 430.0}, "class_id": 0, "box_caption": "person 0.006", "scores": {"class_score": 0.00577545166015625}, "domain": "pixel"}, {"position": {"minX": 525.0, "minY": 327.5, "maxX": 551.0, "maxY": 400.5}, "class_id": 0, "box_caption": "person 0.006", "scores": {"class_score": 0.00572967529296875}, "domain": "pixel"}, {"position": {"minX": 562.0, "minY": 341.5, "maxX": 638.0, "maxY": 448.5}, "class_id": 0, "box_caption": "person 0.006", "scores": {"class_score": 0.00572967529296875}, "domain": "pixel"}, {"position": {"minX": 152.5, "minY": 360.75, "maxX": 350.5, "maxY": 607.5}, "class_id": 0, "box_caption": "person 0.006", "scores": {"class_score": 0.00572967529296875}, "domain": "pixel"}, {"position": {"minX": 176.5, "minY": 168.5, "maxX": 227.0, "maxY": 300.75}, "class_id": 0, "box_caption": "person 0.006", "scores": {"class_score": 0.005687713623046875}, "domain": "pixel"}, {"position": {"minX": 349.5, "minY": 300.75, "maxX": 401.5, "maxY": 395.75}, "class_id": 0, "box_caption": "person 0.006", "scores": {"class_score": 0.005641937255859375}, "domain": "pixel"}, {"position": {"minX": 156.25, "minY": 344.0, "maxX": 205.75, "maxY": 473.0}, "class_id": 0, "box_caption": "person 0.006", "scores": {"class_score": 0.005619049072265625}, "domain": "pixel"}, {"position": {"minX": 116.5, "minY": 141.375, "maxX": 237.5, "maxY": 461.5}, "class_id": 0, "box_caption": "person 0.006", "scores": {"class_score": 0.005619049072265625}, "domain": "pixel"}, {"position": {"minX": 522.0, "minY": 202.75, "maxX": 582.0, "maxY": 304.25}, "class_id": 0, "box_caption": "person 0.006", "scores": {"class_score": 0.0055999755859375}, "domain": "pixel"}, {"position": {"minX": 604.5, "minY": 389.75, "maxX": 629.5, "maxY": 437.75}, "class_id": 0, "box_caption": "person 0.006", "scores": {"class_score": 0.00557708740234375}, "domain": "pixel"}, {"position": {"minX": 9.34375, "minY": 145.125, "maxX": 75.5, "maxY": 256.25}, "class_id": 0, "box_caption": "person 0.006", "scores": {"class_score": 0.005535125732421875}, "domain": "pixel"}, {"position": {"minX": 355.5, "minY": 334.75, "maxX": 429.5, "maxY": 547.5}, "class_id": 0, "box_caption": "person 0.006", "scores": {"class_score": 0.005535125732421875}, "domain": "pixel"}, {"position": {"minX": 91.8125, "minY": 304.5, "maxX": 121.4375, "maxY": 363.0}, "class_id": 0, "box_caption": "person 0.006", "scores": {"class_score": 0.005512237548828125}, "domain": "pixel"}, {"position": {"minX": 78.5625, "minY": 333.0, "maxX": 99.3125, "maxY": 374.0}, "class_id": 0, "box_caption": "person 0.005", "scores": {"class_score": 0.005428314208984375}, "domain": "pixel"}, {"position": {"minX": 12.09375, "minY": 598.0, "maxX": 25.4375, "maxY": 658.0}, "class_id": 0, "box_caption": "person 0.005", "scores": {"class_score": 0.00530242919921875}, "domain": "pixel"}, {"position": {"minX": 32.59375, "minY": 177.25, "maxX": 154.125, "maxY": 424.25}, "class_id": 0, "box_caption": "person 0.005", "scores": {"class_score": 0.005279541015625}, "domain": "pixel"}, {"position": {"minX": 611.0, "minY": 376.25, "maxX": 644.0, "maxY": 423.75}, "class_id": 0, "box_caption": "person 0.005", "scores": {"class_score": 0.00524139404296875}, "domain": "pixel"}, {"position": {"minX": 210.25, "minY": 407.5, "maxX": 229.75, "maxY": 465.0}, "class_id": 0, "box_caption": "person 0.005", "scores": {"class_score": 0.005161285400390625}, "domain": "pixel"}, {"position": {"minX": 205.25, "minY": 158.375, "maxX": 260.25, "maxY": 283.25}, "class_id": 0, "box_caption": "person 0.005", "scores": {"class_score": 0.005161285400390625}, "domain": "pixel"}, {"position": {"minX": 163.5, "minY": 290.25, "maxX": 204.25, "maxY": 399.25}, "class_id": 0, "box_caption": "person 0.005", "scores": {"class_score": 0.005138397216796875}, "domain": "pixel"}, {"position": {"minX": 191.125, "minY": 173.875, "maxX": 244.375, "maxY": 293.0}, "class_id": 0, "box_caption": "person 0.005", "scores": {"class_score": 0.005100250244140625}, "domain": "pixel"}, {"position": {"minX": 158.5, "minY": 73.625, "maxX": 340.0, "maxY": 411.0}, "class_id": 0, "box_caption": "person 0.005", "scores": {"class_score": 0.00498199462890625}, "domain": "pixel"}, {"position": {"minX": 511.5, "minY": 378.25, "maxX": 551.5, "maxY": 453.25}, "class_id": 0, "box_caption": "person 0.005", "scores": {"class_score": 0.004962921142578125}, "domain": "pixel"}, {"position": {"minX": 528.0, "minY": 382.75, "maxX": 550.0, "maxY": 424.25}, "class_id": 0, "box_caption": "person 0.005", "scores": {"class_score": 0.004924774169921875}, "domain": "pixel"}, {"position": {"minX": 99.25, "minY": 282.25, "maxX": 139.125, "maxY": 400.75}, "class_id": 0, "box_caption": "person 0.005", "scores": {"class_score": 0.004848480224609375}, "domain": "pixel"}, {"position": {"minX": 369.5, "minY": 321.25, "maxX": 431.5, "maxY": 459.75}, "class_id": 0, "box_caption": "person 0.005", "scores": {"class_score": 0.004848480224609375}, "domain": "pixel"}, {"position": {"minX": 98.0, "minY": 243.5, "maxX": 151.5, "maxY": 476.5}, "class_id": 0, "box_caption": "person 0.005", "scores": {"class_score": 0.00482940673828125}, "domain": "pixel"}, {"position": {"minX": 548.0, "minY": 376.0, "maxX": 611.0, "maxY": 499.0}, "class_id": 0, "box_caption": "person 0.005", "scores": {"class_score": 0.00469970703125}, "domain": "pixel"}, {"position": {"minX": 366.25, "minY": 327.25, "maxX": 391.75, "maxY": 382.75}, "class_id": 0, "box_caption": "person 0.005", "scores": {"class_score": 0.004627227783203125}, "domain": "pixel"}, {"position": {"minX": 170.0, "minY": 247.0, "maxX": 227.0, "maxY": 403.5}, "class_id": 0, "box_caption": "person 0.005", "scores": {"class_score": 0.004608154296875}, "domain": "pixel"}, {"position": {"minX": 134.75, "minY": 129.75, "maxX": 200.25, "maxY": 276.25}, "class_id": 0, "box_caption": "person 0.005", "scores": {"class_score": 0.004573822021484375}, "domain": "pixel"}, {"position": {"minX": 103.5, "minY": 197.5, "maxX": 147.5, "maxY": 303.75}, "class_id": 0, "box_caption": "person 0.005", "scores": {"class_score": 0.00455474853515625}, "domain": "pixel"}, {"position": {"minX": 587.5, "minY": 402.25, "maxX": 599.5, "maxY": 432.75}, "class_id": 0, "box_caption": "person 0.005", "scores": {"class_score": 0.00453948974609375}, "domain": "pixel"}, {"position": {"minX": 133.75, "minY": 467.5, "maxX": 170.5, "maxY": 539.0}, "class_id": 0, "box_caption": "person 0.005", "scores": {"class_score": 0.00453948974609375}, "domain": "pixel"}, {"position": {"minX": 224.875, "minY": 367.5, "maxX": 317.25, "maxY": 577.0}, "class_id": 0, "box_caption": "person 0.005", "scores": {"class_score": 0.004520416259765625}, "domain": "pixel"}, {"position": {"minX": 357.0, "minY": 96.5, "maxX": 477.0, "maxY": 195.25}, "class_id": 0, "box_caption": "person 0.005", "scores": {"class_score": 0.004520416259765625}, "domain": "pixel"}, {"position": {"minX": 105.25, "minY": 256.0, "maxX": 186.25, "maxY": 544.0}, "class_id": 0, "box_caption": "person 0.005", "scores": {"class_score": 0.004520416259765625}, "domain": "pixel"}, {"position": {"minX": 136.625, "minY": 328.0, "maxX": 186.125, "maxY": 518.0}, "class_id": 0, "box_caption": "person 0.004", "scores": {"class_score": 0.004467010498046875}, "domain": "pixel"}, {"position": {"minX": 158.0, "minY": 376.0, "maxX": 194.5, "maxY": 465.5}, "class_id": 0, "box_caption": "person 0.004", "scores": {"class_score": 0.00443267822265625}, "domain": "pixel"}, {"position": {"minX": 173.0, "minY": 297.75, "maxX": 222.0, "maxY": 419.75}, "class_id": 0, "box_caption": "person 0.004", "scores": {"class_score": 0.00443267822265625}, "domain": "pixel"}, {"position": {"minX": 264.5, "minY": 254.0, "maxX": 329.0, "maxY": 425.5}, "class_id": 0, "box_caption": "person 0.004", "scores": {"class_score": 0.004383087158203125}, "domain": "pixel"}, {"position": {"minX": 81.375, "minY": 311.0, "maxX": 114.625, "maxY": 367.0}, "class_id": 0, "box_caption": "person 0.004", "scores": {"class_score": 0.004364013671875}, "domain": "pixel"}, {"position": {"minX": 406.25, "minY": 234.75, "maxX": 450.75, "maxY": 351.75}, "class_id": 0, "box_caption": "person 0.004", "scores": {"class_score": 0.004364013671875}, "domain": "pixel"}, {"position": {"minX": 223.0, "minY": 313.75, "maxX": 274.0, "maxY": 439.75}, "class_id": 0, "box_caption": "person 0.004", "scores": {"class_score": 0.004364013671875}, "domain": "pixel"}, {"position": {"minX": 127.625, "minY": 97.8125, "maxX": 278.0, "maxY": 334.0}, "class_id": 0, "box_caption": "person 0.004", "scores": {"class_score": 0.004364013671875}, "domain": "pixel"}, {"position": {"minX": 146.5, "minY": 206.25, "maxX": 192.0, "maxY": 385.75}, "class_id": 0, "box_caption": "person 0.004", "scores": {"class_score": 0.004329681396484375}, "domain": "pixel"}, {"position": {"minX": 372.25, "minY": 400.75, "maxX": 411.75, "maxY": 515.0}, "class_id": 0, "box_caption": "person 0.004", "scores": {"class_score": 0.004329681396484375}, "domain": "pixel"}, {"position": {"minX": 370.5, "minY": 328.25, "maxX": 403.0, "maxY": 379.25}, "class_id": 0, "box_caption": "person 0.004", "scores": {"class_score": 0.00424957275390625}, "domain": "pixel"}, {"position": {"minX": 412.75, "minY": 351.0, "maxX": 439.75, "maxY": 417.5}, "class_id": 0, "box_caption": "person 0.004", "scores": {"class_score": 0.00424957275390625}, "domain": "pixel"}, {"position": {"minX": 33.28125, "minY": 127.125, "maxX": 133.5, "maxY": 293.5}, "class_id": 0, "box_caption": "person 0.004", "scores": {"class_score": 0.004215240478515625}, "domain": "pixel"}, {"position": {"minX": 633.0, "minY": 113.125, "maxX": 651.0, "maxY": 150.875}, "class_id": 0, "box_caption": "person 0.004", "scores": {"class_score": 0.004150390625}, "domain": "pixel"}, {"position": {"minX": 154.5, "minY": 180.125, "maxX": 210.25, "maxY": 312.5}, "class_id": 0, "box_caption": "person 0.004", "scores": {"class_score": 0.004116058349609375}, "domain": "pixel"}, {"position": {"minX": 248.875, "minY": 312.5, "maxX": 289.0, "maxY": 415.0}, "class_id": 0, "box_caption": "person 0.004", "scores": {"class_score": 0.004116058349609375}, "domain": "pixel"}, {"position": {"minX": 201.0, "minY": 385.5, "maxX": 238.25, "maxY": 465.5}, "class_id": 0, "box_caption": "person 0.004", "scores": {"class_score": 0.004100799560546875}, "domain": "pixel"}, {"position": {"minX": 353.0, "minY": 299.75, "maxX": 446.0, "maxY": 481.25}, "class_id": 0, "box_caption": "person 0.004", "scores": {"class_score": 0.004085540771484375}, "domain": "pixel"}, {"position": {"minX": 189.25, "minY": 278.5, "maxX": 275.5, "maxY": 445.0}, "class_id": 0, "box_caption": "person 0.004", "scores": {"class_score": 0.004070281982421875}, "domain": "pixel"}, {"position": {"minX": 189.75, "minY": 359.0, "maxX": 250.5, "maxY": 489.0}, "class_id": 0, "box_caption": "person 0.004", "scores": {"class_score": 0.004070281982421875}, "domain": "pixel"}, {"position": {"minX": 153.5, "minY": 277.5, "maxX": 196.0, "maxY": 469.0}, "class_id": 0, "box_caption": "person 0.004", "scores": {"class_score": 0.004039764404296875}, "domain": "pixel"}, {"position": {"minX": 33.0, "minY": 130.625, "maxX": 106.625, "maxY": 216.375}, "class_id": 0, "box_caption": "person 0.004", "scores": {"class_score": 0.004039764404296875}, "domain": "pixel"}, {"position": {"minX": 126.4375, "minY": 368.5, "maxX": 185.0, "maxY": 574.5}, "class_id": 0, "box_caption": "person 0.004", "scores": {"class_score": 0.004039764404296875}, "domain": "pixel"}, {"position": {"minX": 397.0, "minY": 234.0, "maxX": 437.0, "maxY": 294.5}, "class_id": 0, "box_caption": "person 0.004", "scores": {"class_score": 0.00397491455078125}, "domain": "pixel"}, {"position": {"minX": 403.0, "minY": 214.5, "maxX": 474.0, "maxY": 297.5}, "class_id": 0, "box_caption": "person 0.004", "scores": {"class_score": 0.00397491455078125}, "domain": "pixel"}, {"position": {"minX": 105.125, "minY": 226.0, "maxX": 154.875, "maxY": 388.5}, "class_id": 0, "box_caption": "person 0.004", "scores": {"class_score": 0.00391387939453125}, "domain": "pixel"}, {"position": {"minX": 182.625, "minY": 145.25, "maxX": 254.375, "maxY": 291.5}, "class_id": 0, "box_caption": "person 0.004", "scores": {"class_score": 0.00391387939453125}, "domain": "pixel"}, {"position": {"minX": 419.75, "minY": 345.0, "maxX": 499.75, "maxY": 423.5}, "class_id": 0, "box_caption": "person 0.004", "scores": {"class_score": 0.0038700103759765625}, "domain": "pixel"}, {"position": {"minX": 151.125, "minY": 200.875, "maxX": 182.625, "maxY": 326.5}, "class_id": 0, "box_caption": "person 0.004", "scores": {"class_score": 0.0038547515869140625}, "domain": "pixel"}, {"position": {"minX": 571.5, "minY": 221.5, "maxX": 622.5, "maxY": 330.5}, "class_id": 0, "box_caption": "person 0.004", "scores": {"class_score": 0.0038394927978515625}, "domain": "pixel"}, {"position": {"minX": 476.75, "minY": 351.0, "maxX": 546.5, "maxY": 431.5}, "class_id": 0, "box_caption": "person 0.004", "scores": {"class_score": 0.0038394927978515625}, "domain": "pixel"}, {"position": {"minX": 400.25, "minY": 139.5, "maxX": 435.25, "maxY": 188.75}, "class_id": 0, "box_caption": "person 0.004", "scores": {"class_score": 0.0038242340087890625}, "domain": "pixel"}, {"position": {"minX": 111.375, "minY": 318.5, "maxX": 135.125, "maxY": 399.5}, "class_id": 0, "box_caption": "person 0.004", "scores": {"class_score": 0.003795623779296875}, "domain": "pixel"}, {"position": {"minX": 560.5, "minY": 424.25, "maxX": 580.5, "maxY": 469.25}, "class_id": 0, "box_caption": "person 0.004", "scores": {"class_score": 0.003765106201171875}, "domain": "pixel"}, {"position": {"minX": 600.5, "minY": 238.0, "maxX": 638.5, "maxY": 325.5}, "class_id": 0, "box_caption": "person 0.004", "scores": {"class_score": 0.003765106201171875}, "domain": "pixel"}, {"position": {"minX": 430.75, "minY": 307.5, "maxX": 466.75, "maxY": 373.5}, "class_id": 0, "box_caption": "person 0.004", "scores": {"class_score": 0.003765106201171875}, "domain": "pixel"}, {"position": {"minX": 264.5, "minY": 389.75, "maxX": 359.5, "maxY": 601.5}, "class_id": 0, "box_caption": "person 0.004", "scores": {"class_score": 0.003765106201171875}, "domain": "pixel"}, {"position": {"minX": 221.375, "minY": 222.25, "maxX": 252.125, "maxY": 298.25}, "class_id": 0, "box_caption": "person 0.004", "scores": {"class_score": 0.0037078857421875}, "domain": "pixel"}, {"position": {"minX": 494.5, "minY": 381.25, "maxX": 534.5, "maxY": 431.25}, "class_id": 0, "box_caption": "person 0.004", "scores": {"class_score": 0.0037078857421875}, "domain": "pixel"}, {"position": {"minX": 310.0, "minY": 306.0, "maxX": 371.5, "maxY": 485.5}, "class_id": 0, "box_caption": "person 0.004", "scores": {"class_score": 0.0036640167236328125}, "domain": "pixel"}, {"position": {"minX": 557.0, "minY": 363.25, "maxX": 586.0, "maxY": 412.75}, "class_id": 0, "box_caption": "person 0.004", "scores": {"class_score": 0.003650665283203125}, "domain": "pixel"}, {"position": {"minX": 539.5, "minY": 366.75, "maxX": 557.5, "maxY": 410.25}, "class_id": 0, "box_caption": "person 0.004", "scores": {"class_score": 0.0036067962646484375}, "domain": "pixel"}, {"position": {"minX": 93.25, "minY": 133.5, "maxX": 153.5, "maxY": 274.0}, "class_id": 0, "box_caption": "person 0.004", "scores": {"class_score": 0.0036067962646484375}, "domain": "pixel"}, {"position": {"minX": 443.0, "minY": 176.75, "maxX": 552.5, "maxY": 319.5}, "class_id": 0, "box_caption": "person 0.004", "scores": {"class_score": 0.00359344482421875}, "domain": "pixel"}, {"position": {"minX": 342.75, "minY": 304.0, "maxX": 415.25, "maxY": 564.5}, "class_id": 0, "box_caption": "person 0.004", "scores": {"class_score": 0.0035381317138671875}, "domain": "pixel"}, {"position": {"minX": 150.125, "minY": 122.1875, "maxX": 240.625, "maxY": 234.25}, "class_id": 0, "box_caption": "person 0.004", "scores": {"class_score": 0.0035114288330078125}, "domain": "pixel"}, {"position": {"minX": 405.75, "minY": 223.75, "maxX": 437.25, "maxY": 283.75}, "class_id": 0, "box_caption": "person 0.003", "scores": {"class_score": 0.0034961700439453125}, "domain": "pixel"}, {"position": {"minX": 145.875, "minY": 375.0, "maxX": 177.875, "maxY": 473.0}, "class_id": 0, "box_caption": "person 0.003", "scores": {"class_score": 0.0034427642822265625}, "domain": "pixel"}, {"position": {"minX": 10.8125, "minY": 166.0, "maxX": 157.0, "maxY": 625.5}, "class_id": 0, "box_caption": "person 0.003", "scores": {"class_score": 0.0034027099609375}, "domain": "pixel"}, {"position": {"minX": 148.875, "minY": 134.625, "maxX": 214.125, "maxY": 197.625}, "class_id": 0, "box_caption": "person 0.003", "scores": {"class_score": 0.003376007080078125}, "domain": "pixel"}, {"position": {"minX": 282.0, "minY": 258.5, "maxX": 390.0, "maxY": 531.5}, "class_id": 0, "box_caption": "person 0.003", "scores": {"class_score": 0.0033626556396484375}, "domain": "pixel"}, {"position": {"minX": 316.5, "minY": 279.0, "maxX": 387.5, "maxY": 447.0}, "class_id": 0, "box_caption": "person 0.003", "scores": {"class_score": 0.0033512115478515625}, "domain": "pixel"}, {"position": {"minX": 294.75, "minY": 273.5, "maxX": 332.25, "maxY": 378.5}, "class_id": 0, "box_caption": "person 0.003", "scores": {"class_score": 0.0033245086669921875}, "domain": "pixel"}, {"position": {"minX": 241.0, "minY": 67.875, "maxX": 317.5, "maxY": 211.625}, "class_id": 0, "box_caption": "person 0.003", "scores": {"class_score": 0.00327301025390625}, "domain": "pixel"}, {"position": {"minX": 111.125, "minY": 313.5, "maxX": 317.0, "maxY": 607.5}, "class_id": 0, "box_caption": "person 0.003", "scores": {"class_score": 0.00327301025390625}, "domain": "pixel"}, {"position": {"minX": 621.5, "minY": 229.375, "maxX": 657.5, "maxY": 330.0}, "class_id": 0, "box_caption": "person 0.003", "scores": {"class_score": 0.0032596588134765625}, "domain": "pixel"}, {"position": {"minX": 127.9375, "minY": 216.875, "maxX": 171.25, "maxY": 372.0}, "class_id": 0, "box_caption": "person 0.003", "scores": {"class_score": 0.0032596588134765625}, "domain": "pixel"}, {"position": {"minX": 216.375, "minY": 404.25, "maxX": 239.625, "maxY": 469.25}, "class_id": 0, "box_caption": "person 0.003", "scores": {"class_score": 0.00319671630859375}, "domain": "pixel"}, {"position": {"minX": 549.0, "minY": 218.25, "maxX": 593.0, "maxY": 331.75}, "class_id": 0, "box_caption": "person 0.003", "scores": {"class_score": 0.003147125244140625}, "domain": "pixel"}, {"position": {"minX": 613.0, "minY": 245.125, "maxX": 640.0, "maxY": 339.0}, "class_id": 0, "box_caption": "person 0.003", "scores": {"class_score": 0.003147125244140625}, "domain": "pixel"}, {"position": {"minX": 642.0, "minY": 294.25, "maxX": 659.0, "maxY": 379.25}, "class_id": 0, "box_caption": "person 0.003", "scores": {"class_score": 0.00313568115234375}, "domain": "pixel"}, {"position": {"minX": 426.5, "minY": 305.5, "maxX": 457.0, "maxY": 360.5}, "class_id": 0, "box_caption": "person 0.003", "scores": {"class_score": 0.003124237060546875}, "domain": "pixel"}, {"position": {"minX": 414.5, "minY": 366.5, "maxX": 434.0, "maxY": 422.5}, "class_id": 0, "box_caption": "person 0.003", "scores": {"class_score": 0.003124237060546875}, "domain": "pixel"}, {"position": {"minX": 563.0, "minY": 430.0, "maxX": 587.0, "maxY": 476.0}, "class_id": 0, "box_caption": "person 0.003", "scores": {"class_score": 0.00307464599609375}, "domain": "pixel"}, {"position": {"minX": 405.75, "minY": 245.125, "maxX": 436.75, "maxY": 302.75}, "class_id": 0, "box_caption": "person 0.003", "scores": {"class_score": 0.00307464599609375}, "domain": "pixel"}, {"position": {"minX": 372.0, "minY": 290.5, "maxX": 496.0, "maxY": 437.5}, "class_id": 0, "box_caption": "person 0.003", "scores": {"class_score": 0.003063201904296875}, "domain": "pixel"}, {"position": {"minX": 650.0, "minY": 319.0, "maxX": 660.0, "maxY": 356.5}, "class_id": 0, "box_caption": "person 0.003", "scores": {"class_score": 0.003040313720703125}, "domain": "pixel"}, {"position": {"minX": 538.5, "minY": 384.5, "maxX": 552.5, "maxY": 417.0}, "class_id": 0, "box_caption": "person 0.003", "scores": {"class_score": 0.0030269622802734375}, "domain": "pixel"}, {"position": {"minX": 76.375, "minY": 127.75, "maxX": 154.375, "maxY": 235.75}, "class_id": 0, "box_caption": "person 0.003", "scores": {"class_score": 0.0030269622802734375}, "domain": "pixel"}, {"position": {"minX": 385.75, "minY": 177.75, "maxX": 540.0, "maxY": 366.25}, "class_id": 0, "box_caption": "person 0.003", "scores": {"class_score": 0.0030269622802734375}, "domain": "pixel"}, {"position": {"minX": 558.5, "minY": 374.75, "maxX": 579.5, "maxY": 420.25}, "class_id": 0, "box_caption": "person 0.003", "scores": {"class_score": 0.0030155181884765625}, "domain": "pixel"}, {"position": {"minX": 133.875, "minY": 126.6875, "maxX": 201.125, "maxY": 204.25}, "class_id": 0, "box_caption": "person 0.003", "scores": {"class_score": 0.0030040740966796875}, "domain": "pixel"}, {"position": {"minX": 383.25, "minY": 318.0, "maxX": 408.75, "maxY": 362.0}, "class_id": 0, "box_caption": "person 0.003", "scores": {"class_score": 0.0029926300048828125}, "domain": "pixel"}, {"position": {"minX": 395.0, "minY": 311.75, "maxX": 425.5, "maxY": 368.75}, "class_id": 0, "box_caption": "person 0.003", "scores": {"class_score": 0.0029926300048828125}, "domain": "pixel"}, {"position": {"minX": 271.5, "minY": 271.75, "maxX": 318.0, "maxY": 382.25}, "class_id": 0, "box_caption": "person 0.003", "scores": {"class_score": 0.0029582977294921875}, "domain": "pixel"}, {"position": {"minX": 228.5, "minY": 363.25, "maxX": 296.5, "maxY": 518.5}, "class_id": 0, "box_caption": "person 0.003", "scores": {"class_score": 0.0029582977294921875}, "domain": "pixel"}, {"position": {"minX": 541.5, "minY": 374.25, "maxX": 568.5, "maxY": 414.25}, "class_id": 0, "box_caption": "person 0.003", "scores": {"class_score": 0.0028667449951171875}, "domain": "pixel"}, {"position": {"minX": 200.0, "minY": 306.0, "maxX": 264.0, "maxY": 416.0}, "class_id": 0, "box_caption": "person 0.003", "scores": {"class_score": 0.0028667449951171875}, "domain": "pixel"}, {"position": {"minX": 155.5, "minY": 227.75, "maxX": 181.0, "maxY": 307.25}, "class_id": 0, "box_caption": "person 0.003", "scores": {"class_score": 0.0028553009033203125}, "domain": "pixel"}, {"position": {"minX": 287.5, "minY": 236.125, "maxX": 335.5, "maxY": 394.5}, "class_id": 0, "box_caption": "person 0.003", "scores": {"class_score": 0.0028553009033203125}, "domain": "pixel"}, {"position": {"minX": 161.625, "minY": 303.75, "maxX": 190.625, "maxY": 416.75}, "class_id": 0, "box_caption": "person 0.003", "scores": {"class_score": 0.002834320068359375}, "domain": "pixel"}, {"position": {"minX": 8.375, "minY": 143.25, "maxX": 85.875, "maxY": 332.75}, "class_id": 0, "box_caption": "person 0.003", "scores": {"class_score": 0.002834320068359375}, "domain": "pixel"}, {"position": {"minX": 568.0, "minY": 343.5, "maxX": 624.0, "maxY": 418.0}, "class_id": 0, "box_caption": "person 0.003", "scores": {"class_score": 0.0027904510498046875}, "domain": "pixel"}, {"position": {"minX": 250.625, "minY": 348.5, "maxX": 312.5, "maxY": 499.0}, "class_id": 0, "box_caption": "person 0.003", "scores": {"class_score": 0.00274658203125}, "domain": "pixel"}, {"position": {"minX": 517.0, "minY": 260.75, "maxX": 579.0, "maxY": 434.25}, "class_id": 0, "box_caption": "person 0.003", "scores": {"class_score": 0.00274658203125}, "domain": "pixel"}, {"position": {"minX": 519.0, "minY": 301.5, "maxX": 556.0, "maxY": 403.5}, "class_id": 0, "box_caption": "person 0.003", "scores": {"class_score": 0.00269317626953125}, "domain": "pixel"}, {"position": {"minX": 391.25, "minY": 127.375, "maxX": 432.75, "maxY": 188.625}, "class_id": 0, "box_caption": "person 0.003", "scores": {"class_score": 0.0026721954345703125}, "domain": "pixel"}], "class_labels": {"0": "person"}}